-4.5 -4.5 181853.61328125
-4.5 -4.41 161697.208710307
-4.5 -4.32 143454.117583907
-4.5 -4.23 126975.137526274
-4.5 -4.14 112120.025507559
-4.5 -4.05 98757.1297943789
-4.5 -3.96 86763.0296487565
-4.5 -3.87 76022.1827754806
-4.5 -3.78 66426.5805178679
-4.5 -3.69 57875.4108019384
-4.5 -3.6 50274.728829
-4.5 -3.51 43537.1355166419
-4.5 -3.42 37581.4636881392
-4.5 -3.33 32332.4720102662
-4.5 -3.24 27720.5466795201
-4.5 -3.15 23681.4108567539
-4.5 -3.06 20155.84185022
-4.5 -2.97 17089.3960470224
-4.5 -2.88 14432.1415929798
-4.5 -2.79 12138.3988208975
-4.5 -2.7 10166.48842725
-4.5 -2.61 8478.48739727262
-4.5 -2.52 7039.9926784633
-4.5 -2.43 5819.89260249414
-4.5 -2.34 4790.14605553262
-4.5 -2.25 3925.56939697266
-4.5 -2.16 3203.63112657543
-4.5 -2.07 2604.25430001999
-4.5 -1.98 2109.6266928637
-4.5 -1.89 1704.01871291231
-4.5 -1.8 1373.609061
-4.5 -1.71 1106.31814017905
-4.5 -1.62 891.649213319376
-4.5 -1.53 720.537309117812
-4.5 -1.44 585.205876517184
-4.5 -1.35 479.031187535156
-4.5 -1.26 396.414488502864
-4.5 -1.17 332.661899713322
-4.5 -1.08 283.872063479616
-4.5 -0.99 246.83154060287
-4.5 -0.9 218.91795525
-4.5 -0.81 198.01088824124
-4.5 -0.72 182.410518747456
-4.5 -0.63 170.764014397232
-4.5 -0.54 161.999669793744
-4.5 -0.45 155.268793441406
-4.5 -0.36 149.895343082304
-4.5 -0.27 145.333309442402
-4.5 -0.18 141.131848387536
-4.5 -0.0899999999999999 136.90816148918
-4.5 0 132.328125
-4.5 0.0899999999999999 127.09466723918
-4.5 0.18 120.943894387536
-4.5 0.27 113.648964692402
-4.5 0.36 105.031711082304
-4.5 0.45 94.9820121914062
-4.5 0.54 83.484911793744
-4.5 0.63 70.6554866472323
-4.5 0.72 56.781462747456
-4.5 0.81 42.3735799912403
-4.5 0.9 28.2237052499999
-4.5 0.99 15.4706938528702
-4.5 1.08 5.67399947961599
-4.5 1.17 0.895032463322251
-4.5 1.26 3.78626650286399
-4.5 1.35 17.6880937851562
-4.5 1.44 46.7334285171842
-4.5 1.53 95.9600588678125
-4.5 1.62 171.430747319376
-4.5 1.71 280.36107942905
-4.5 1.8 431.255061
-4.5 1.89 634.048463662309
-4.5 1.98 900.259918863698
-4.5 2.07 1243.14976026999
-4.5 2.16 1677.88661457543
-4.5 2.25 2221.72174072266
-4.5 2.34 2894.17111753262
-4.5 2.43 3717.20527974414
-4.5 2.52 4715.44690246329
-4.5 2.61 5916.37613402262
-4.5 2.7 7350.54367725
-4.5 2.79 9051.7916191475
-4.5 2.88 11057.4820089798
-4.5 2.97 13408.7331847724
-4.5 3.06 16150.66384822
-4.5 3.15 19332.6448880039
-4.5 3.24 23008.5589515201
-4.5 3.33 27237.0677650162
-4.5 3.42 32081.8872021392
-4.5 3.51 37612.0701008919
-4.5 3.6 43902.296829
-4.5 3.69 51033.1735976884
-4.5 3.78 59091.5385238678
-4.5 3.87 68170.7754407305
-4.5 3.96 78371.1354567567
-4.5 4.05 89800.066263129
-4.5 4.14 102572.54918956
-4.5 4.23 116811.444008524
-4.5 4.32 132647.841487907
-4.5 4.41 150221.423692057
-4.5 4.5 169680.83203125

-4.41 -4.5 174689.246095312
-4.41 -4.41 155328.848176568
-4.41 -4.32 137806.089303837
-4.41 -4.23 121977.673490043
-4.41 -4.14 107708.909303939
-4.41 -4.05 94873.3563954027
-4.41 -3.96 83352.4794623006
-4.41 -3.87 73035.3096589307
-4.41 -3.78 63818.1134460339
-4.41 -3.69 55604.0688823791
-4.41 -3.6 48302.9493579216
-4.41 -3.51 41830.8147685334
-4.41 -3.42 36109.7101323073
-4.41 -3.33 31067.3716474325
-4.41 -3.24 26636.9401916443
-4.41 -3.15 22756.6822632452
-4.41 -3.06 19369.7183637001
-4.41 -2.97 16423.758821803
-4.41 -2.88 13870.8470594174
-4.41 -2.79 11667.1102987889
-4.41 -2.7 9772.5177114309
-4.41 -2.61 8150.64600858267
-4.41 -2.52 6768.45247324055
-4.41 -2.43 5596.05543376173
-4.41 -2.34 4606.52217904073
-4.41 -2.25 3775.66431525879
-4.41 -2.16 3081.84056420584
-4.41 -2.07 2505.76700317535
-4.41 -1.98 2030.33474643189
-4.41 -1.89 1640.43506825143
-4.41 -1.8 1322.7919675344
-4.41 -1.71 1065.80217399151
-4.41 -1.62 859.382595902329
-4.41 -1.53 694.825209446597
-4.41 -1.44 564.659389608303
-4.41 -1.35 462.521682652514
-4.41 -1.26 383.03302017495
-4.41 -1.17 321.683374724325
-4.41 -1.08 274.723856997423
-4.41 -0.99 239.066254606947
-4.41 -0.9 212.1900124221
-4.41 -0.81 192.056654481937
-4.41 -0.72 177.031647481457
-4.41 -0.63 165.813705830452
-4.41 -0.54 157.371538285112
-4.41 -0.45 150.888036152377
-4.41 -0.36 145.711903067045
-4.41 -0.27 141.316726341633
-4.41 -0.18 137.26748988899
-4.41 -0.0899999999999999 133.194528717659
-4.41 0 128.774925
-4.41 0.0899999999999999 123.721345713059
-4.41 0.18 117.77832185219
-4.41 0.27 110.725969217433
-4.41 0.36 102.391150772645
-4.41 0.45 92.6660805773765
-4.41 0.54 81.5343692915117
-4.41 0.63 69.1045112526519
-4.41 0.72 55.6508131262568
-4.41 0.81 41.6617641285372
-4.41 0.9 27.8958478220999
-4.41 0.99 15.4447954843466
-4.41 1.08 5.8042810486232
-4.41 1.17 0.95205761812469
-4.41 1.26 3.43353555255057
-4.41 1.35 16.454802127514
-4.41 1.44 43.9830827667037
-4.41 1.53 90.854643846797
-4.41 1.62 162.890137075129
-4.41 1.71 267.01738544011
-4.41 1.8 411.4016107344
-4.41 1.89 605.583102650832
-4.41 1.98 860.622329451095
-4.41 2.07 1189.25249020715
-4.41 2.16 1606.03950861544
-4.41 2.25 2127.54946838379
-4.41 2.34 2772.52349019113
-4.41 2.43 3562.06005021992
-4.41 2.52 4519.80474026135
-4.41 2.61 5672.14746939327
-4.41 2.7 7048.4271072309
-4.41 2.79 8681.14356875031
-4.41 2.88 10606.1773406846
-4.41 2.97 12863.0164494928
-4.41 3.06 15494.9908709017
-4.41 3.15 18549.5143810202
-4.41 3.24 22078.3338490267
-4.41 3.33 26137.7859714287
-4.41 3.42 30789.0614478961
-4.41 3.51 36098.476598666
-4.41 3.6 42137.7524235216
-4.41 3.69 48984.3011023425
-4.41 3.78 56721.519937229
-4.41 3.87 65439.0927361984
-4.41 3.96 75233.2986384543
-4.41 4.05 86207.3283812278
-4.41 4.14 98471.6080081938
-4.41 4.23 112144.130019457
-4.41 4.32 127350.791963114
-4.41 4.41 144225.742468382
-4.41 4.5 162911.734720312

-4.32 -4.5 167668.861725
-4.32 -4.41 149088.43459883
-4.32 -4.32 132271.498982578
-4.32 -4.23 117080.545998637
-4.32 -4.14 103386.323702604
-4.32 -4.05 91067.4978888996
-4.32 -3.96 80010.3200373133
-4.32 -3.87 70108.3024004846
-4.32 -3.78 61261.9002323214
-4.32 -3.69 53378.2011573513
-4.32 -3.6 46370.6216810064
-4.32 -3.51 40158.6108408444
-4.32 -3.42 34667.3609987027
-4.32 -3.33 29827.5257737878
-4.32 -3.24 25574.9451166985
-4.32 -3.15 21850.3775243844
-4.32 -3.06 18599.2393960379
-4.32 -2.97 15771.3515299214
-4.32 -2.88 13320.6927611286
-4.32 -2.79 11205.1607402799
-4.32 -2.7 9386.33985315361
-4.32 -2.61 7829.27628124964
-4.32 -2.52 6502.26020328937
-4.32 -2.43 5376.615137649
-4.32 -2.34 4426.49442572767
-4.32 -2.25 3628.68485625
-4.32 -2.16 2962.41743050311
-4.32 -2.07 2409.18526850802
-4.32 -1.98 1952.56865612558
-4.32 -1.89 1578.06723309679
-4.32 -1.8 1272.9393220176
-4.32 -1.71 1026.04839824821
-4.32 -1.62 827.716700756737
-4.32 -1.53 669.585983897376
-4.32 -1.44 544.485410123037
-4.32 -1.35 446.3065836324
-4.32 -1.26 369.885724951439
-4.32 -1.17 310.892986449398
-4.32 -1.08 265.728908789214
-4.32 -0.99 231.428018312405
-4.32 -0.9 205.5695653584
-4.32 -0.81 186.195403518327
-4.32 -0.72 171.735009823256
-4.32 -0.63 160.937645866889
-4.32 -0.54 152.811659862714
-4.32 -0.45 146.5709296356
-4.32 -0.36 141.588446547851
-4.32 -0.27 137.357040359718
-4.32 -0.18 133.457245024353
-4.32 -0.0899999999999999 129.532305417229
-4.32 0 125.270325
-4.32 0.0899999999999999 120.393554418829
-4.32 0.18 114.654821037153
-4.32 0.27 107.841099402918
-4.32 0.36 99.7842226502513
-4.32 0.45 90.3787348356
-4.32 0.54 79.6068842083145
-4.32 0.63 67.5707574156893
-4.32 0.72 54.5315546424555
-4.32 0.81 40.9560056847271
-4.32 0.9 27.5699269584
-4.32 0.99 15.4189194420052
-4.32 1.08 5.9362075540141
-4.32 1.17 1.01761896459779
-4.32 1.26 3.10370534183945
-4.32 1.35 15.2690040323999
-4.32 1.44 41.3184406766369
-4.32 1.53 85.8908727581759
-4.32 1.62 154.569774087937
-4.32 1.71 254.001060222613
-4.32 1.8 392.0180548176
-4.32 1.89 577.773596914384
-4.32 1.98 821.879289162384
-4.32 2.07 1136.55188697523
-4.32 2.16 1535.76682862151
-4.32 2.25 2035.41890625
-4.32 2.34 2653.49007784927
-4.32 2.43 3410.2244201418
-4.32 2.52 4328.31022241257
-4.32 2.61 5433.06922127204
-4.32 2.7 6752.6529763536
-4.32 2.79 8318.24638694554
-4.32 2.88 10164.2783495574
-4.32 2.97 12328.6395564206
-4.32 3.06 14852.9074349243
-4.32 3.15 17782.5782279844
-4.32 3.24 21167.3062153481
-4.32 3.33 25061.1500758326
-4.32 3.42 29522.8263904979
-4.32 3.51 34615.9702867548
-4.32 3.6 40409.4032234064
-4.32 3.69 46977.4079166248
-4.32 3.78 54400.0104068622
-4.32 3.87 62763.2692666957
-4.32 3.96 72159.5719496078
-4.32 4.05 82687.9382796997
-4.32 4.14 94454.3310823413
-4.32 4.23 107571.973955753
-4.32 4.32 122161.676183526
-4.32 4.41 138352.164788069
-4.32 4.5 156280.423725

-4.23 -4.5 160792.460170313
-4.23 -4.41 142975.967977094
-4.23 -4.32 126850.346620132
-4.23 -4.23 112283.755052055
-4.23 -4.14 99152.2687035523
-4.23 -4.05 87339.5542748695
-4.23 -3.96 76736.5513737945
-4.23 -3.87 67241.161000142
-4.23 -3.78 58757.9408767305
-4.23 -3.69 51197.8076268548
-4.23 -3.6 44477.7457982544
-4.23 -3.51 38520.5237335747
-4.23 -3.42 33254.4162873254
-4.23 -3.33 28612.9343893319
-4.23 -3.24 24534.5614546827
-4.23 -3.15 20962.4966401715
-4.23 -3.06 17844.4049472336
-4.23 -2.97 15132.1741713779
-4.23 -2.88 12781.6786981133
-4.23 -2.79 10752.5501453706
-4.23 -2.7 9007.9548524181
-4.23 -2.61 7514.37821527353
-4.23 -2.52 6241.41586860977
-4.23 -2.43 5161.57171415598
-4.23 -2.34 4250.06279559343
-4.23 -2.25 3484.63101994629
-4.23 -2.16 2845.36172546725
-4.23 -2.07 2314.50909601801
-4.23 -1.98 1876.32842194476
-4.23 -1.89 1516.91520744837
-4.23 -1.8 1224.0511244496
-4.23 -1.71 987.056812949159
-4.23 -1.62 796.651527882601
-4.23 -1.53 644.819632470149
-4.23 -1.44 524.683938061384
-4.23 -1.35 430.385890474814
-4.23 -1.26 356.97260283233
-4.23 -1.17 300.290734888542
-4.23 -1.08 256.887218854989
-4.23 -0.99 223.916831719246
-4.23 -0.9 199.0566140589
-4.23 -0.81 180.42713535041
-4.23 -0.72 166.520605772852
-4.23 -0.63 156.135834506544
-4.23 -0.54 148.320034526552
-4.23 -0.45 142.317473891077
-4.23 -0.36 137.524973524724
-4.23 -0.27 133.454251496657
-4.23 -0.18 129.701113793627
-4.23 -0.0899999999999999 125.92149158789
-4.23 0 121.814325
-4.23 0.0899999999999999 117.11129335649
-4.23 0.18 111.573391942427
-4.23 0.27 104.994355248857
-4.23 0.36 97.2109267151238
-4.23 0.45 88.1199749660765
-4.23 0.54 77.7024565441522
-4.23 0.63 66.0542251363444
-4.23 0.72 53.4236872960522
-4.23 0.81 40.2563046598099
-4.23 0.9 27.2459426588999
-4.23 0.99 15.3930657258461
-4.23 1.08 6.06977899578869
-4.23 1.17 1.09171650274154
-4.23 1.26 2.79677587073062
-4.23 1.35 14.130699499814
-4.23 1.44 38.7395022469839
-4.23 1.53 81.0687456019491
-4.23 1.62 146.469658357801
-4.23 1.71 241.312103776559
-4.23 1.8 373.1043932496
-4.23 1.89 550.619946452967
-4.23 1.98 784.030797997563
-4.23 2.07 1085.04795057422
-4.23 2.16 1467.06857459365
-4.23 2.25 1945.33005432129
-4.23 2.34 2537.07088050703
-4.23 2.43 3261.69838950977
-4.23 2.52 4140.96334891696
-4.23 2.61 5199.14138965893
-4.23 2.7 6463.2212846181
-4.23 2.79 7963.10007373319
-4.23 2.88 9731.78503559813
-4.23 2.97 11805.602505556
-4.23 3.06 14224.413540288
-4.23 3.15 17031.8364288965
-4.23 3.24 20275.4760504844
-4.23 3.33 24007.1600782277
-4.23 3.42 28283.1820299446
-4.23 3.51 33164.5511651581
-4.23 3.6 38717.2492286544
-4.23 3.69 45012.4940405354
-4.23 3.78 52127.0099327672
-4.23 3.87 60143.3050322221
-4.23 3.96 69149.955390217
-4.23 4.05 79241.8959585445
-4.23 4.14 90520.7184120021
-4.23 4.23 103094.975817413
-4.23 4.32 117080.494149143
-4.23 4.41 132600.690651115
-4.23 4.5 149786.899045313

-4.14 -4.5 154060.04143125
-4.14 -4.41 136991.448311359
-4.14 -4.32 121542.632216497
-4.14 -4.23 107587.300650298
-4.14 -4.14 95006.7443067855
-4.14 -4.05 83689.5255533123
-4.14 -3.96 73531.1734717443
-4.14 -3.87 64433.8854579032
-4.14 -3.78 56306.235379261
-4.14 -3.69 49062.8882908899
-4.14 -3.6 42624.3217096656
-4.14 -3.51 36916.5534467245
-4.14 -3.42 31870.8759981754
-4.14 -3.33 27423.5974940649
-4.14 -3.24 23515.789205597
-4.14 -3.15 20093.0396106065
-4.14 -3.06 17105.215017287
-4.14 -2.97 14506.2267461722
-4.14 -2.88 12253.8048703717
-4.14 -2.79 10309.2785140608
-4.14 -2.7 8637.3627092244
-4.14 -2.61 7205.95181065434
-4.14 -2.52 5985.91946920173
-4.14 -2.43 4950.92516328264
-4.14 -2.34 4077.22728863801
-4.14 -2.25 3343.50280634766
-4.14 -2.16 2730.67344909824
-4.14 -2.07 2221.73848570532
-4.14 -1.98 1801.61404388943
-4.14 -1.89 1456.97899130618
-4.14 -1.8 1176.1273748304
-4.14 -1.71 948.827418094348
-4.14 -1.62 766.18707727992
-4.14 -1.53 620.526155164916
-4.14 -1.44 505.254973423344
-4.14 -1.35 414.759603179756
-4.14 -1.26 344.293653817624
-4.14 -1.17 289.876620041756
-4.14 -1.08 248.198787194747
-4.14 -0.99 216.532694827469
-4.14 -0.9 192.6511585236
-4.14 -0.81 174.751849978186
-4.14 -0.72 161.388435330247
-4.14 -0.63 151.408271749417
-4.14 -0.54 143.896662276625
-4.14 -0.45 138.127668918806
-4.14 -0.36 133.521483997662
-4.14 -0.27 129.608359752449
-4.14 -0.18 125.99909619681
-4.14 -0.0899999999999999 122.362087229642
-4.14 0 118.406925
-4.14 0.0899999999999999 113.874562526042
-4.14 0.18 108.53403456801
-4.14 0.27 102.185736755249
-4.14 0.36 94.6712629672621
-4.14 0.45 85.8898009688062
-4.14 0.54 75.8210862990249
-4.14 0.63 64.5549144146174
-4.14 0.72 52.3272110870468
-4.14 0.81 39.5626610537858
-4.14 0.9 26.9238949235999
-4.14 0.99 15.3672343358694
-4.14 1.08 6.20499537394698
-4.14 1.17 1.17435023255596
-4.14 1.26 2.51274713922407
-4.14 1.35 13.0398885297562
-4.14 1.44 36.2462674777447
-4.14 1.53 76.3882623781164
-4.14 1.62 138.58978988472
-4.14 1.71 228.950516101948
-4.14 1.8 354.6606260304
-4.14 1.89 524.122151266579
-4.14 1.98 747.076855956633
-4.14 2.07 1034.74068100412
-4.14 2.16 1399.94474653184
-4.14 2.25 1857.28291259766
-4.14 2.34 2423.26589816441
-4.14 2.43 3116.48195832384
-4.14 2.52 3957.76411977453
-4.14 2.61 4970.36397455394
-4.14 2.7 6180.1320320244
-4.14 2.79 7615.70462911324
-4.14 2.88 9308.69739880688
-4.14 2.97 11293.905296899
-4.14 3.06 13609.5091869926
-4.14 3.15 16297.2889837565
-4.14 3.24 19402.8433544354
-4.14 3.33 22975.8159786141
-4.14 3.42 27070.1283662362
-4.14 3.51 31744.2192338761
-4.14 3.6 37061.2904392656
-4.14 3.69 43089.5594740743
-4.14 3.78 49902.5185149441
-4.14 3.87 57579.2000327779
-4.14 3.96 66204.448960282
-4.14 4.05 75869.2014177624
-4.14 4.14 86670.769997176
-4.14 4.23 98713.1356044352
-4.14 4.32 112107.245859966
-4.14 4.41 126971.320057522
-4.14 4.5 143431.16068125

-4.05 -4.5 147471.605507812
-4.05 -4.41 131134.875601625
-4.05 -4.32 116348.355771675
-4.05 -4.23 102991.182793366
-4.05 -4.14 90949.7505123032
-4.05 -4.05 80117.4117242281
-4.05 -3.96 70394.1863311628
-4.05 -3.87 61686.475773768
-4.05 -3.78 53906.783739913
-4.05 -3.69 46973.4431494564
-4.05 -3.6 40810.34941524
-4.05 -3.51 35346.6999802937
-4.05 -3.42 30516.7401312528
-4.05 -3.33 26259.5150879869
-4.05 -3.24 22518.6283694413
-4.05 -3.15 19242.0064356894
-4.05 -3.06 16381.6696061982
-4.05 -2.97 13893.5092543044
-4.05 -2.88 11737.0712779036
-4.05 -2.79 9875.34584635073
-4.05 -2.7 8274.5634235725
-4.05 -2.61 6903.99706739207
-4.05 -2.52 5735.77100506527
-4.05 -2.43 4744.67548502901
-4.05 -2.34 3907.98790486142
-4.05 -2.25 3205.3002154541
-4.05 -2.16 2618.35260139609
-4.05 -2.07 2130.87343756994
-4.05 -1.98 1728.42552195959
-4.05 -1.89 1398.25858467022
-4.05 -1.8 1129.16807316
-4.05 -1.71 911.360213683781
-4.05 -1.62 736.323348948695
-4.05 -1.53 596.705551981678
-4.05 -1.44 486.198516208919
-4.05 -1.35 399.427721747227
-4.05 -1.26 331.84887790732
-4.05 -1.17 279.650641909041
-4.05 -1.08 239.663613808489
-4.05 -0.99 209.275607637075
-4.05 -0.9 186.3531987525
-4.05 -0.81 169.169547401655
-4.05 -0.72 156.338498495439
-4.05 -0.63 146.754957595508
-4.05 -0.54 139.541543112933
-4.05 -0.45 134.001514718789
-4.05 -0.36 129.577977966666
-4.05 -0.27 125.819365127096
-4.05 -0.18 122.351192233904
-4.05 -0.0899999999999999 118.854092342486
-4.05 0 115.048125
-4.05 0.0899999999999999 110.683361927486
-4.05 0.18 105.536748913904
-4.05 0.27 99.4152439220959
-4.05 0.36 92.1652314066662
-4.05 0.45 83.688212843789
-4.05 0.54 73.9627734729326
-4.05 0.63 63.0728252505081
-4.05 0.72 51.2421260154394
-4.05 0.81 38.8750748666547
-4.05 0.9 26.6037837525
-4.05 0.99 15.3414252720749
-4.05 1.08 6.34185668848896
-4.05 1.17 1.26552015404103
-4.05 1.26 2.25161914731983
-4.05 1.35 11.9965711222265
-4.05 1.44 33.8387363689192
-4.05 1.53 71.849423086678
-4.05 1.62 130.930168668695
-4.05 1.71 216.916297198781
-4.05 1.8 336.68675316
-4.05 1.89 498.280211355221
-4.05 1.98 711.017463039595
-4.05 2.07 985.630078264945
-4.05 2.16 1334.39534443609
-4.05 2.25 1771.2774810791
-4.05 2.34 2312.07513082142
-4.05 2.43 2974.575126584
-4.05 2.52 3778.71253498527
-4.05 2.61 4746.73697595707
-4.05 2.7 5903.3852185725
-4.05 2.79 7276.06005308573
-4.05 2.88 8895.01543918362
-4.05 2.97 10793.5479304494
-4.05 3.06 13008.1943750382
-4.05 3.15 15578.9358925644
-4.05 3.24 18549.4081272013
-4.05 3.33 21967.1177769919
-4.05 3.42 25883.6653993727
-4.05 3.51 30354.9744929087
-4.05 3.6 35441.52685524
-4.05 3.69 41208.6042172413
-4.05 3.78 47726.5361533929
-4.05 3.87 55070.9542683629
-4.05 3.96 63323.0526598029
-4.05 4.05 72569.8546573533
-4.05 4.14 82904.4858378633
-4.05 4.23 94426.4533168208
-4.05 4.32 107241.931315995
-4.05 4.41 121464.05300729
-4.05 4.5 137213.208632812

-3.96 -4.5 141027.1524
-3.96 -4.41 125406.249847893
-3.96 -4.32 111267.517285664
-3.96 -4.23 98495.4014812583
-3.96 -4.14 86981.2873201052
-3.96 -4.05 76623.212787617
-3.96 -3.96 67325.5899520499
-3.96 -3.87 58998.9319477366
-3.96 -3.78 51559.5859586865
-3.96 -3.69 44929.4722025543
-3.96 -3.6 39035.8289149776
-3.96 -3.51 33810.9633342823
-3.96 -3.42 29192.0086865574
-3.96 -3.33 25120.6871710978
-3.96 -3.24 21543.0789462155
-3.96 -3.15 18409.3971154202
-3.96 -3.06 15673.7687139672
-3.96 -2.97 13294.0216957746
-3.96 -2.88 11231.4779207091
-3.96 -2.79 9450.75214224023
-3.96 -2.7 7919.5569954624
-3.96 -2.61 6608.51398548671
-3.96 -2.52 5490.97047620038
-3.96 -2.43 4542.82267939507
-3.96 -2.34 3742.34464426366
-3.96 -2.25 3070.02324726563
-3.96 -2.16 2508.39918236081
-3.96 -2.07 2041.91395161188
-3.96 -1.98 1656.76285615525
-3.96 -1.89 1340.75398754049
-3.96 -1.8 1083.1732194384
-3.96 -1.71 874.655199717457
-3.96 -1.62 707.060342888925
-3.96 -1.53 573.357822920434
-3.96 -1.44 467.514566418107
-3.96 -1.35 384.390246177225
-3.96 -1.26 319.638275101418
-3.96 -1.17 269.612800490397
-3.96 -1.08 231.281698696215
-3.96 -0.99 202.145570148063
-3.96 -0.9 180.1627347456
-3.96 -0.81 163.680227620816
-3.96 -0.72 151.37079526843
-3.96 -0.63 142.175892044817
-3.96 -0.54 135.254677035475
-3.96 -0.45 129.939011291025
-3.96 -0.36 125.694455431736
-3.96 -0.27 122.087267620596
-3.96 -0.18 118.757401904908
-3.96 -0.0899999999999999 115.397506926421
-3.96 0 111.737925
-3.96 0.0899999999999999 107.537691560821
-3.96 0.18 102.581534980108
-3.96 0.27 96.6828767493963
-3.96 0.36 89.6928320333362
-3.96 0.45 81.515210591025
-3.96 0.54 72.1275180658753
-3.96 0.63 61.6079576440167
-3.96 0.72 50.16843208123
-3.96 0.81 38.1935460984165
-3.96 0.9 26.2856091456
-3.96 0.99 15.3156385344627
-3.96 1.08 6.48036293941462
-3.96 1.17 1.36522626719675
-3.96 1.26 2.01339189501787
-3.96 1.35 11.0007472772249
-3.96 1.44 31.5169089205074
-3.96 1.53 67.4522277276339
-3.96 1.62 123.490794709725
-3.96 1.71 205.209447067056
-3.96 1.8 319.1827746384
-3.96 1.89 473.094126718892
-3.96 1.98 675.852619246447
-3.96 2.07 937.716142356683
-3.96 2.16 1270.42036830641
-3.96 2.25 1687.31375976563
-3.96 2.34 2203.49857847806
-3.96 2.43 2835.97789429026
-3.96 2.52 3603.80859454917
-3.96 2.61 4528.26039386831
-3.96 2.7 5632.9808442624
-3.96 2.79 6944.16634565063
-3.96 2.88 8490.73915672834
-3.96 2.97 10304.5304062074
-3.96 3.06 12420.4691044247
-3.96 3.15 14876.7771553202
-3.96 3.24 17715.1703687819
-3.96 3.33 20981.065473361
-3.96 3.42 24723.7931293542
-3.96 3.51 28996.8169422559
-3.96 3.6 33857.9584765776
-3.96 3.69 39369.6282700367
-3.96 3.78 45599.0628481136
-3.96 3.87 52618.5677389773
-3.96 3.96 60505.7664887795
-3.96 4.05 69343.8556773171
-3.96 4.14 79221.8659340638
-3.96 4.23 90234.9289545695
-3.96 4.32 102484.550517229
-3.96 4.41 116078.889500418
-3.96 4.5 131133.0429

-3.87 -4.5 134726.682107812
-3.87 -4.41 119805.571050162
-3.87 -4.32 106300.116758465
-3.87 -4.23 94099.9567139755
-3.87 -4.14 83101.3547301918
-3.87 -4.05 73206.9287434789
-3.87 -3.96 64325.3843344055
-3.87 -3.87 56371.2539798088
-3.87 -3.78 49264.6420355815
-3.87 -3.69 42930.9754501837
-3.87 -3.6 37300.7602088784
-3.87 -3.51 32309.3435086903
-3.87 -3.42 27896.6816640894
-3.87 -3.33 24007.1137433976
-3.87 -3.24 20589.1409359198
-3.87 -3.15 17595.2116497989
-3.87 -3.06 14981.5123405939
-3.87 -2.97 12707.7640705826
-3.87 -2.88 10737.0247987882
-3.87 -2.79 9035.49740172934
-3.87 -2.7 7572.34342489411
-3.87 -2.61 6319.50256493828
-3.87 -2.52 5251.51788260705
-3.87 -2.43 4345.36674638082
-3.87 -2.34 3580.29750684473
-3.87 -2.25 2937.67190178223
-3.87 -2.16 2400.81319199238
-3.87 -2.07 1954.86002783114
-3.87 -1.98 1586.62604647639
-3.87 -1.89 1284.46519991699
-3.87 -1.8 1038.1428136656
-3.87 -1.71 838.712376195376
-3.87 -1.62 678.398059100611
-3.87 -1.53 550.482967981184
-3.87 -1.44 449.203124050909
-3.87 -1.35 369.647176469752
-3.87 -1.26 307.661845399918
-3.87 -1.17 259.763095785823
-3.87 -1.08 223.053041857924
-3.87 -0.99 195.142582360433
-3.87 -0.9 174.0797665029
-3.87 -0.81 158.283890635671
-3.87 -0.72 146.485325649218
-3.87 -0.63 137.671075097343
-3.87 -0.54 131.036064044253
-3.87 -0.45 125.940158635514
-3.87 -0.36 121.870916392872
-3.87 -0.27 118.412067232951
-3.87 -0.18 115.217725209822
-3.87 -0.0899999999999999 111.992330981448
-3.87 0 108.476325
-3.87 0.0899999999999999 104.437551426048
-3.87 0.18 99.6683927666216
-3.87 0.27 93.9886352371507
-3.87 0.36 87.254064847272
-3.87 0.45 79.370794210514
-3.87 0.54 70.3153200778531
-3.87 0.63 60.160311595143
-3.87 0.72 49.1061292844185
-3.87 0.81 37.5180747490713
-3.87 0.9 25.9693711029
-3.87 0.99 15.2898741230328
-3.87 1.08 6.62051412672399
-3.87 1.17 1.47346857202314
-3.87 1.26 1.7980653823182
-3.87 1.35 10.0524169947515
-3.87 1.44 29.2807851325094
-3.87 1.53 63.196676300984
-3.87 1.62 116.271668007811
-3.87 1.71 193.829965706776
-3.87 1.8 302.1486904656
-3.87 1.89 448.563897357594
-3.87 1.98 641.582324577191
-3.87 2.07 890.998873279337
-3.87 2.16 1208.01981814278
-3.87 2.25 1605.39174865723
-3.87 2.34 2097.53624113433
-3.87 2.43 2700.69026144262
-3.87 2.52 3433.05229846625
-3.87 2.61 4314.93422828768
-3.87 2.7 5368.9189090941
-3.87 2.79 6620.02350680794
-3.87 2.88 8095.86855144104
-3.87 2.97 9826.85272417282
-3.87 3.06 11846.3333751523
-3.87 3.15 14190.8127720239
-3.87 3.24 16900.1300791774
-3.87 3.33 20017.6590677213
-3.87 3.42 23590.5115561806
-3.87 3.51 27669.7465819177
-3.87 3.6 32310.5853032784
-3.87 3.69 37572.6316324603
-3.87 3.78 43520.0985991062
-3.87 3.87 50222.0404446209
-3.87 3.96 57752.590447212
-3.87 4.05 66191.204477654
-3.87 4.14 75622.9102857775
-3.87 4.23 86138.5625176813
-3.87 4.32 97835.1034636686
-3.87 4.41 110815.829536907
-3.87 4.5 125190.663482812

-3.78 -4.5 128570.19463125
-3.78 -4.41 114332.839208432
-3.78 -4.32 101446.154190079
-3.78 -4.23 89804.8484915174
-3.78 -4.14 79309.9527425628
-3.78 -4.05 69868.5595918137
-3.78 -3.96 61393.5694782298
-3.78 -3.87 53803.4418699847
-3.78 -3.78 47021.951970598
-3.78 -3.69 40977.9528923446
-3.78 -3.6 35605.1432969424
-3.78 -3.51 30841.8405035177
-3.78 -3.42 26630.7590638486
-3.78 -3.33 22918.7948048862
-3.78 -3.24 19656.8143385542
-3.78 -3.15 16799.4500388256
-3.78 -3.06 14304.9004860784
-3.78 -2.97 12134.7363787286
-3.78 -2.88 10253.7119121409
-3.78 -2.79 8629.58162481808
-3.78 -2.7 7232.9227118676
-3.78 -2.61 6036.96280574676
-3.78 -2.52 5017.4132242853
-3.78 -2.43 4152.30768598627
-3.78 -2.34 3421.84649260462
-3.78 -2.25 2808.24617900391
-3.78 -2.16 2295.59463029082
-3.78 -2.07 1869.71166622771
-3.78 -1.98 1518.01509292302
-3.78 -1.89 1229.39222179973
-3.78 -1.8 994.0768558416
-3.78 -1.71 803.531743117538
-3.78 -1.62 650.336497583752
-3.78 -1.53 528.080987163928
-3.78 -1.44 431.264189107325
-3.78 -1.35 355.198512624806
-3.78 -1.26 295.919588802821
-3.78 -1.17 250.10152779532
-3.78 -1.08 214.977643293617
-3.78 -0.99 188.266644274185
-3.78 -0.9 168.1042940244
-3.78 -0.81 152.980536446219
-3.78 -0.72 141.682089637805
-3.78 -0.63 133.240506753087
-3.78 -0.54 126.885704139266
-3.78 -0.45 122.004956752256
-3.78 -0.36 118.107360850074
-3.78 -0.27 114.793763964159
-3.78 -0.18 111.732162148645
-3.78 -0.0899999999999999 108.638564507566
-3.78 0 105.263325
-3.78 0.0899999999999999 101.382941523166
-3.78 0.18 96.7973222734454
-3.78 0.27 91.3325193853591
-3.78 0.36 84.8489298484737
-3.78 0.45 77.2549637022562
-3.78 0.54 68.5261795088658
-3.78 0.63 58.7298871038871
-3.78 0.72 48.055217625005
-3.78 0.81 36.8486608186192
-3.78 0.9 25.6550696244
-3.78 0.99 15.2641320377852
-3.78 1.08 6.76231025041704
-3.78 1.17 1.59024706852018
-3.78 1.26 1.60563960922083
-3.78 1.35 9.1515802748062
-3.78 1.44 27.1303650049251
-3.78 1.53 59.0827688067284
-3.78 1.62 109.272788562952
-3.78 1.71 182.777853117938
-3.78 1.8 285.5845006416
-3.78 1.89 424.689523271326
-3.78 1.98 608.206579031825
-3.78 2.07 845.478271032908
-3.78 2.16 1147.19369394522
-3.78 2.25 1525.51144775391
-3.78 2.34 1994.18811879022
-3.78 2.43 2568.71222804106
-3.78 2.52 3266.4436467365
-3.78 2.61 4106.75847921516
-3.78 2.7 5111.1994130676
-3.78 2.79 6303.63153655768
-3.78 2.88 7710.40362332173
-3.78 2.97 9360.51488434581
-3.78 3.06 11285.7871872208
-3.78 3.15 13521.0427426756
-3.78 3.24 16104.2872583878
-3.78 3.33 19076.898560073
-3.78 3.42 22483.8206798518
-3.78 3.51 26373.7634118941
-3.78 3.6 30799.4073353424
-3.78 3.69 35817.6143045121
-3.78 3.78 41489.6434063707
-3.78 3.87 47881.3723852939
-3.78 3.96 55063.5245351003
-3.78 4.05 63111.9010583638
-3.78 4.14 72107.6188930045
-3.78 4.23 82137.3540061563
-3.78 4.32 93293.5901553137
-3.78 4.41 105674.873116756
-3.78 4.5 119386.07038125

-3.69 -4.5 122557.689970312
-3.69 -4.41 108988.054322704
-3.69 -4.32 96705.6295805036
-3.69 -4.23 85610.0768138841
-3.69 -4.14 75607.0813572182
-3.69 -4.05 66608.1053326216
-3.69 -3.96 58530.1453835227
-3.69 -3.87 51295.4956182643
-3.69 -3.78 44831.515763736
-3.69 -3.69 39070.4045290369
-3.69 -3.6 33948.9781791696
-3.69 -3.51 29408.4543187646
-3.69 -3.42 25394.2408858352
-3.69 -3.33 21855.7303555639
-3.69 -3.24 18746.0991541185
-3.69 -3.15 16022.1122825001
-3.69 -3.06 13643.9331504207
-3.69 -2.97 11574.9386202125
-3.69 -2.88 9781.5392607672
-3.69 -2.79 8233.00481150643
-3.69 -2.7 6901.2948563829
-3.69 -2.61 5760.89470791216
-3.69 -2.52 4788.65650123512
-3.69 -2.43 3963.64549821141
-3.69 -2.34 3266.99160154334
-3.69 -2.25 2681.74607893066
-3.69 -2.16 2192.74349725612
-3.69 -2.07 1786.46886680159
-3.69 -1.98 1450.92999549515
-3.69 -1.89 1175.53505318869
-3.69 -1.8 950.9753459664
-3.69 -1.71 769.113300483943
-3.69 -1.62 622.875658338349
-3.69 -1.53 506.151880468667
-3.69 -1.44 413.697761587354
-3.69 -1.35 341.044254642389
-3.69 -1.26 284.411505310126
-3.69 -1.17 240.628096518888
-3.69 -1.08 207.055503003294
-3.69 -0.99 181.51775588932
-3.69 -0.9 162.2363173101
-3.69 -0.81 147.77016505246
-3.69 -0.72 136.961087234189
-3.69 -0.63 128.884187012049
-3.69 -0.54 122.803597320513
-3.69 -0.45 118.133405641252
-3.69 -0.36 114.403788803341
-3.69 -0.27 111.232357814221
-3.69 -0.18 108.300712721379
-3.69 -0.0899999999999999 105.336207504775
-3.69 0 102.098925
-3.69 0.0899999999999999 98.3738618521748
-3.69 0.18 93.9683235005792
-3.69 0.27 88.7145291940213
-3.69 0.36 82.4774270369412
-3.69 0.45 75.1677190662515
-3.69 0.54 66.7600963589134
-3.69 0.63 57.316684170249
-3.69 0.72 47.0156971029894
-3.69 0.81 36.18530430706
-3.69 0.9 25.3427047101
-3.69 0.99 15.2384122787199
-3.69 1.08 6.90575131049379
-3.69 1.17 1.71556175668788
-3.69 1.26 1.43611457572575
-3.69 1.35 8.29823711738903
-3.69 1.44 25.0656485377546
-3.69 1.53 55.110505244867
-3.69 1.62 102.494156375148
-3.69 1.71 172.053109300543
-3.69 1.8 269.4902051664
-3.69 1.89 401.471004460087
-3.69 1.98 575.72538261035
-3.69 2.07 801.154335617394
-3.69 2.16 1087.94199571372
-3.69 2.25 1447.67285705566
-3.69 2.34 1893.45421144574
-3.69 2.43 2440.04379408561
-3.69 2.52 3103.98263935992
-3.69 2.61 3903.73314665076
-3.69 2.7 4859.8223561829
-3.69 2.79 5994.99043489983
-3.69 2.88 7334.3443723704
-3.69 2.97 8905.51688672631
-3.69 3.06 10738.8305406303
-3.69 3.15 12867.4670672751
-3.69 3.24 15327.6419064129
-3.69 3.33 18158.7839504161
-3.69 3.42 21403.720500368
-3.69 3.51 25108.8674321852
-3.69 3.6 29324.4245727696
-3.69 3.69 34104.5762861922
-3.69 3.78 39507.6972699071
-3.69 3.87 45596.563560996
-3.69 3.96 52438.5687524444
-3.69 4.05 60105.9454194467
-3.69 4.14 68675.9917557447
-3.69 4.23 78231.3034199943
-3.69 4.32 88860.0105921644
-3.69 4.41 100656.020239966
-3.69 4.5 113719.263595312

-3.6 -4.5 116689.168125
-3.6 -4.41 103771.216392977
-3.6 -4.32 92078.5429297406
-3.6 -4.23 81515.6416810755
-3.6 -4.14 71992.7405741581
-3.6 -4.05 63425.5659659025
-3.6 -3.96 55735.1120502842
-3.6 -3.87 48847.4152246476
-3.6 -3.78 42693.3334149954
-3.6 -3.69 37208.3303602606
-3.6 -3.6 32332.26485556
-3.6 -3.51 28009.1849544308
-3.6 -3.42 24187.1271300491
-3.6 -3.33 20817.9203954304
-3.6 -3.24 17856.9953826129
-3.6 -3.15 15263.1983808225
-3.6 -3.06 12998.6103336208
-3.6 -2.97 11028.3707950343
-3.6 -2.88 9320.50684466706
-3.6 -2.79 7845.7669617944
-3.6 -2.7 6577.45985844
-3.6 -2.61 5491.29827143447
-3.6 -2.52 4565.24771345651
-3.6 -2.43 3779.38018305625
-3.6 -2.34 3115.73283366088
-3.6 -2.25 2558.1716015625
-3.6 -2.16 2092.25979288827
-3.6 -2.07 1705.13162955279
-3.6 -1.98 1385.37075419277
-3.6 -1.89 1122.89369408388
-3.6 -1.8 908.83828404
-3.6 -1.71 735.457048294592
-3.6 -1.62 596.015541364401
-3.6 -1.53 484.6956478954
-3.6 -1.44 396.503841490998
-3.6 -1.35 327.1844025225
-3.6 -1.26 273.137594921833
-3.6 -1.17 231.342801956526
-3.6 -1.08 199.286620986954
-3.6 -0.99 174.895917205837
-3.6 -0.9 156.47583636
-3.6 -0.81 142.652776454394
-3.6 -0.72 132.322318438372
-3.6 -0.63 124.602115874229
-3.6 -0.54 118.789743587996
-3.6 -0.45 114.3255053025
-3.6 -0.36 110.760200252675
-3.6 -0.27 107.727848783137
-3.6 -0.18 104.923376928023
-3.6 -0.0899999999999999 102.085259973075
-3.6 0 98.983125
-3.6 0.0899999999999999 95.4103124130753
-3.6 0.18 91.1813964480231
-3.6 0.27 86.1346646631374
-3.6 0.36 80.1395564126745
-3.6 0.45 73.1090603025
-3.6 0.54 65.0170706279961
-3.6 0.63 55.9207027942286
-3.6 0.72 45.9875677183719
-3.6 0.81 35.5280052143938
-3.6 0.9 25.03227636
-3.6 0.99 15.2127148458369
-3.6 1.08 7.05083730695423
-3.6 1.17 1.84941263652624
-3.6 1.26 1.28949028183296
-3.6 1.35 7.49238752249996
-3.6 1.44 23.0866357309979
-3.6 1.53 51.2798856153999
-3.6 1.62 95.9357714444007
-3.6 1.71 161.655734254592
-3.6 1.8 253.86580404
-3.6 1.89 378.908340923878
-3.6 1.98 544.138735312766
-3.6 2.07 758.027067032796
-3.6 2.16 1030.26472344827
-3.6 2.25 1371.8759765625
-3.6 2.34 1795.33451910088
-3.6 2.43 2314.68495957625
-3.6 2.52 2945.66927633651
-3.6 2.61 3705.85823059447
-3.6 2.7 4614.78773844
-3.6 2.79 5694.1002018344
-3.6 2.88 6967.69079858706
-3.6 2.97 8461.85873131434
-3.6 3.06 10205.4634353808
-3.6 3.15 12230.0857458225
-3.6 3.24 14570.1940232528
-3.6 3.33 17263.3152387504
-3.6 3.42 20350.2110177291
-3.6 3.51 23875.0586427908
-3.6 3.6 27885.63701556
-3.6 3.69 32433.5175775006
-3.6 3.78 37574.2601897154
-3.6 3.87 43367.6139717275
-3.6 3.96 49877.7230992443
-3.6 4.05 57173.3375609026
-3.6 4.14 65328.0288739981
-3.6 4.23 74420.4107591954
-3.6 4.32 84534.3647742206
-3.6 4.41 95759.2709065365
-3.6 4.5 108190.243125

-3.51 -4.5 110964.629095312
-3.51 -4.41 98682.3254192508
-3.51 -4.32 87564.8942377895
-3.51 -4.23 77521.5430930915
-3.51 -4.14 68466.9303933824
-3.51 -4.05 60320.9414916564
-3.51 -3.96 53008.4694785143
-3.51 -3.87 46459.2006891345
-3.51 -3.78 40607.4049243764
-3.51 -3.69 35391.7303860158
-3.51 -3.6 30755.0033261136
-3.51 -3.51 26644.0324105165
-3.51 -3.42 23009.4177964903
-3.51 -3.33 19805.3649244858
-3.51 -3.24 16989.5030240372
-3.51 -3.15 14522.7083337928
-3.51 -3.06 12368.9320356786
-3.51 -2.97 10495.0329031941
-3.51 -2.88 8870.61466384049
-3.51 -2.79 7467.86807568199
-3.51 -2.7 6261.4177180389
-3.51 -2.61 5228.17349631371
-3.51 -2.52 4347.18686094947
-3.51 -2.43 3599.51174052079
-3.51 -2.34 2968.07018895725
-3.51 -2.25 2437.52274689941
-3.51 -2.16 1994.14351718729
-3.51 -2.07 1625.69995448131
-3.51 -1.98 1321.33736901587
-3.51 -1.89 1071.4681444853
-3.51 -1.8 867.665670062399
-3.51 -1.71 702.562986549484
-3.51 -1.62 569.756146661908
-3.51 -1.53 463.712289444127
-3.51 -1.44 379.682428818255
-3.51 -1.35 313.618956265139
-3.51 -1.26 262.097857637942
-3.51 -1.17 222.245644108235
-3.51 -1.08 191.670997244598
-3.51 -0.99 168.401128223736
-3.51 -0.9 150.8228511741
-3.51 -0.81 137.628370652021
-3.51 -0.72 127.765783250352
-3.51 -0.63 120.394293339626
-3.51 -0.54 114.844142941714
-3.51 -0.45 110.581255736002
-3.51 -0.36 107.176595198074
-3.51 -0.27 104.280236870908
-3.51 -0.18 101.600154768577
-3.51 -0.0899999999999999 98.8857219124672
-3.51 0 95.915925
-3.51 0.0899999999999999 92.4922932058673
-3.51 0.18 88.4365411157769
-3.51 0.27 83.5929257927075
-3.51 0.36 77.8353179756737
-3.51 0.45 71.0789874110015
-3.51 0.54 63.2971023161139
-3.51 0.63 54.5419429758261
-3.51 0.72 44.9708294711523
-3.51 0.81 34.8767635406206
-3.51 0.9 24.7237845741
-3.51 0.99 15.1870397391362
-3.51 1.08 7.19756823979837
-3.51 1.17 1.99179970803526
-3.51 1.26 1.16576672754245
-3.51 1.35 6.73403149013902
-3.51 1.44 21.1933265846548
-3.51 1.53 47.5909099183271
-3.51 1.62 89.5976337707084
-3.51 1.71 151.585727980084
-3.51 1.8 238.7112972624
-3.51 1.89 357.001532662699
-3.51 1.98 513.446637139073
-3.51 2.07 716.096465279114
-3.51 2.16 974.161877148889
-3.51 2.25 1298.12080627441
-3.51 2.34 1699.82904175565
-3.51 2.43 2192.63572451298
-3.51 2.52 2791.50355766627
-3.51 2.61 3513.13373104631
-3.51 2.7 4376.0955598389
-3.51 2.79 5400.96083736139
-3.51 2.88 6610.44290197169
-3.51 2.97 8029.54041810988
-3.51 3.06 9685.68587147223
-3.51 3.15 11608.8987783178
-3.51 3.24 13831.9436089076
-3.51 3.33 16390.492425076
-3.51 3.42 19323.2922319351
-3.51 3.51 22672.3370437111
-3.51 3.6 26483.0446637136
-3.51 3.69 30804.4381784372
-3.51 3.78 35689.3321657956
-3.51 3.87 41194.5236174883
-3.51 3.96 47380.9875754999
-3.51 4.05 54314.0774827314
-3.51 4.14 62063.7302477649
-3.51 4.23 70704.6760237597
-3.51 4.32 80316.6527014823
-3.51 4.41 90984.6251164674
-3.51 4.5 102799.008970312

-3.42 -4.5 105384.07288125
-3.42 -4.41 93721.3814015265
-3.42 -4.32 83164.6835046504
-3.42 -4.23 73627.7810499323
-3.42 -4.14 65029.6508148911
-3.42 -4.05 57294.2319098832
-3.42 -3.96 50350.217668213
-3.42 -3.87 44130.8520117252
-3.42 -3.78 38573.7302918789
-3.42 -3.69 33620.6046063024
-3.42 -3.6 29217.1935908304
-3.42 -3.51 25312.9966870216
-3.42 -3.42 21861.1128851588
-3.42 -3.33 18818.0639427302
-3.42 -3.24 16143.6220783916
-3.42 -3.15 13800.6421414111
-3.42 -3.06 11754.8982565943
-3.42 -2.97 9974.92494469174
-3.42 -2.88 8431.86271828752
-3.42 -2.79 7099.3081531692
-3.42 -2.7 5953.1684351796
-3.42 -2.61 4971.52038254986
-3.42 -2.52 4134.473943714
-3.42 -2.43 3424.04017060502
-3.42 -2.34 2824.00366743244
-3.42 -2.25 2319.79951494141
-3.42 -2.16 1898.39467015317
-3.42 -2.07 1548.17384158715
-3.42 -1.98 1258.82983996447
-3.42 -1.89 1021.25840439295
-3.42 -1.8 827.4575040336
-3.42 -1.71 670.431115248619
-3.42 -1.62 544.097474230872
-3.42 -1.53 443.201805114848
-3.42 -1.44 363.233523569125
-3.42 -1.35 300.347915870306
-3.42 -1.26 251.292293458454
-3.42 -1.17 213.336622974015
-3.42 -1.08 184.208631776226
-3.42 -0.99 162.033388943018
-3.42 -0.9 145.2773617524
-3.42 -0.81 132.69694764534
-3.42 -0.72 123.291481670131
-3.42 -0.63 116.260719408241
-3.42 -0.54 110.966795381667
-3.42 -0.45 106.900656941756
-3.42 -0.36 103.652973639539
-3.42 -0.27 100.889522077532
-3.42 -0.18 98.3310462430408
-3.42 -0.0899999999999999 95.7375933229505
-3.42 0 92.897325
-3.42 0.0899999999999999 89.6198042305505
-3.42 0.18 85.7337575038408
-3.42 0.27 81.0893125827316
-3.42 0.36 75.5647117259388
-3.42 0.45 69.0775003917562
-3.42 0.54 61.6001914232665
-3.42 0.63 53.1804047150414
-3.42 0.72 43.9654823613306
-3.42 0.81 34.2315792857404
-3.42 0.9 24.4172293524
-3.42 0.99 15.1613869586178
-3.42 1.08 7.3459441090262
-3.42 1.17 2.14272297121494
-3.42 1.26 1.06494391285424
-3.42 1.35 6.02316902030622
-3.42 1.44 19.3857210987256
-3.42 1.53 44.0435781536484
-3.42 1.62 83.4797433540716
-3.42 1.71 141.843090477019
-3.42 1.8 224.0266848336
-3.42 1.89 335.75057967655
-3.42 1.98 483.649088089271
-3.42 2.07 675.362530356348
-3.42 2.16 919.633456815565
-3.42 2.25 1226.40734619141
-3.42 2.34 1606.93777941004
-3.42 2.43 2073.89608889582
-3.42 2.52 2641.4854833492
-3.42 2.61 3325.55964800626
-3.42 2.7 4143.7458203796
-3.42 2.79 5115.5723414808
-3.42 2.88 6262.60068252431
-3.42 2.97 7608.56194711294
-3.42 3.06 9179.49784890465
-3.42 3.15 11003.9061647611
-3.42 3.24 13112.8906633772
-3.42 3.33 15540.315509393
-3.42 3.42 18322.964142986
-3.42 3.51 21500.702634946
-3.42 3.6 25116.6475172304
-3.42 3.69 29217.338089002
-3.42 3.78 33852.9131981476
-3.42 3.87 39077.2924982783
-3.42 3.96 44948.3621812114
-3.42 4.05 51528.1651849333
-3.42 4.14 58883.0958770448
-3.42 4.23 67084.0992136871
-3.42 4.32 76206.8743739496
-3.42 4.41 86332.0828697589
-3.42 4.5 97545.56113125

-3.33 -4.5 99947.4994828125
-3.33 -4.41 88888.3843398036
-3.33 -4.32 78877.9107303232
-3.33 -4.23 69834.3555515979
-3.33 -4.14 61680.9018386844
-3.33 -4.05 54345.4372205831
-3.33 -3.96 47760.3566193803
-3.33 -3.87 41862.3691924195
-3.33 -3.78 36592.3095175029
-3.33 -3.69 31894.9530211205
-3.33 -3.6 27718.8356497104
-3.33 -3.51 24016.0777839461
-3.33 -3.42 20742.2123960546
-3.33 -3.33 17856.0174501634
-3.33 -3.24 15319.352545676
-3.33 -3.15 13096.9998036772
-3.33 -3.06 11156.5089963677
-3.33 -2.97 9468.04691952732
-3.33 -2.88 8004.25100800812
-3.33 -2.79 6740.08719425602
-3.33 -2.7 5652.7120098621
-3.33 -2.61 4721.33893014294
-3.33 -2.52 3927.1089617501
-3.33 -2.43 3252.96547330894
-3.33 -2.34 2683.53326908646
-3.33 -2.25 2205.00190568848
-3.33 -2.16 1805.0132517859
-3.33 -2.07 1472.5532908703
-3.33 -1.98 1197.84816703856
-3.33 -1.89 972.264473806831
-3.33 -1.8 788.2137859536
-3.33 -1.71 639.061434391998
-3.33 -1.62 519.039524071291
-3.33 -1.53 423.164194907564
-3.33 -1.44 347.15712574361
-3.33 -1.35 287.371281338002
-3.33 -1.26 240.720902383368
-3.33 -1.17 204.615738553865
-3.33 -1.08 176.899524581838
-3.33 -0.99 155.792699363682
-3.33 -0.9 139.8393680949
-3.33 -0.81 127.858507434353
-3.33 -0.72 118.899413697707
-3.33 -0.63 112.201394080074
-3.33 -0.54 107.157700907854
-3.33 -0.45 103.283708919764
-3.33 -0.36 100.18933557707
-3.33 -0.27 97.5557044030095
-3.33 -0.18 95.1160513514147
-3.33 -0.0899999999999999 92.6408742045251
-3.33 0 89.927325
-3.33 0.0899999999999999 86.7928454871251
-3.33 0.18 83.0730456122147
-3.33 0.27 78.6238250332095
-3.33 0.36 73.3277376634697
-3.33 0.45 67.104599244764
-3.33 0.54 59.9263379494542
-3.33 0.63 51.8360880118744
-3.33 0.72 42.9715263889069
-3.33 0.81 33.5924524497532
-3.33 0.9 24.1126106949
-3.33 0.99 15.1357565042817
-3.33 1.08 7.49596491463771
-3.33 1.17 2.30218242606527
-3.33 1.26 0.987021837768324
-3.33 1.35 5.35980011300153
-3.33 1.44 17.66381927321
-3.33 1.53 40.6378903213641
-3.33 1.62 77.5821001944904
-3.33 1.71 132.427821745398
-3.33 1.8 209.8119667536
-3.33 1.89 315.155481965431
-3.33 1.98 454.746088163361
-3.33 2.07 635.825262264498
-3.33 2.16 866.679462448303
-3.33 2.25 1156.73559631348
-3.33 2.34 1516.66073206406
-3.33 2.43 1958.46605272474
-3.33 2.52 2495.6150533853
-3.33 2.61 3143.13598147433
-3.33 2.7 3917.7385200621
-3.33 2.79 4837.93471419262
-3.33 2.88 5924.16414024492
-3.33 2.97 7198.92331832352
-3.33 3.06 8686.89936767806
-3.33 3.15 10415.1079051522
-3.33 3.24 12413.0351866616
-3.33 3.33 14712.7844917012
-3.33 3.42 17349.2267508818
-3.33 3.51 20360.1554164955
-3.33 3.6 23786.4455761104
-3.33 3.69 27672.2173091951
-3.33 3.78 32065.0032867716
-3.33 3.87 37015.9206140977
-3.33 3.96 42579.8469163787
-3.33 4.05 48815.6006675082
-3.33 4.14 55786.125761838
-3.33 4.23 63558.6803289777
-3.33 4.32 72205.0297916224
-3.33 4.41 81801.644166411
-3.33 4.5 92429.8996078125

-3.24 -4.5 94654.9089
-3.24 -4.41 84183.334234082
-3.24 -4.32 74704.5759148079
-3.24 -4.23 66141.2665980881
-3.24 -4.14 58420.683464762
-3.24 -4.05 51474.557423756
-3.24 -3.96 45238.8863320162
-3.24 -3.87 39653.7522312176
-3.24 -3.78 34663.1426012483
-3.24 -3.69 30214.7756304701
-3.24 -3.6 26259.9295027536
-3.24 -3.51 22753.27570129
-3.24 -3.42 19652.7163291778
-3.24 -3.33 16919.2254467856
-3.24 -3.24 14516.6944258904
-3.24 -3.15 12411.7813205912
-3.24 -3.06 10573.7642549988
-3.24 -2.97 8974.39882770081
-3.24 -2.88 7587.77953300231
-3.24 -2.79 6390.20519894246
-3.24 -2.7 5360.0484420864
-3.24 -2.61 4477.62913909293
-3.24 -2.52 3725.09191505777
-3.24 -2.43 3086.28764863256
-3.24 -2.34 2546.65899391931
-3.24 -2.25 2093.12991914063
-3.24 -2.16 1713.9992620855
-3.24 -2.07 1398.83830233076
-3.24 -1.98 1138.39235023814
-3.24 -1.89 924.486352726942
-3.24 -1.8 749.9345158224
-3.24 -1.71 608.453943979619
-3.24 -1.62 494.582296183165
-3.24 -1.53 403.599458822274
-3.24 -1.44 331.453235341708
-3.24 -1.35 274.689052668225
-3.24 -1.26 230.383684412685
-3.24 -1.17 196.082990847786
-3.24 -1.08 169.743675661433
-3.24 -0.99 149.679059485728
-3.24 -0.9 134.5088702016
-3.24 -0.81 123.113050019059
-3.24 -0.72 114.589579333081
-3.24 -0.63 108.216317355125
-3.24 -0.54 103.416859520277
-3.24 -0.45 99.730411670025
-3.24 -0.36 96.7856810106664
-3.24 -0.27 94.2787838473413
-3.24 -0.18 91.9551700936987
-3.24 -0.0899999999999999 89.595564557191
-3.24 0 87.005925
-3.24 0.0899999999999999 84.011416975591
-3.24 0.18 80.4544054408987
-3.24 0.27 76.1964631441413
-3.24 0.36 71.1243957882664
-3.24 0.45 65.160283970025
-3.24 0.54 58.2755418946769
-3.24 0.63 50.5089928663252
-3.24 0.72 41.9889615538812
-3.24 0.81 32.959383032659
-3.24 0.9 23.8099286016
-3.24 0.99 15.1101483761279
-3.24 1.08 7.64763065663293
-3.24 1.17 2.47017807258626
-3.24 1.26 0.932000502284695
-3.24 1.35 4.74392476822497
-3.24 1.44 16.0276211081083
-3.24 1.53 37.373846421474
-3.24 1.62 71.9047042919646
-3.24 1.71 123.33992178522
-3.24 1.8 196.0671430224
-3.24 1.89 295.216239529341
-3.24 1.98 426.737637361341
-3.24 2.07 597.484661003565
-3.24 2.16 815.2998940471
-3.24 2.25 1089.10555664063
-3.24 2.34 1428.99789971771
-3.24 2.43 1846.34561599976
-3.24 2.52 2353.89226777457
-3.24 2.61 2965.86273145052
-3.24 2.7 3698.0736588864
-3.24 2.79 4568.04795549686
-3.24 2.88 5595.13327513351
-3.24 2.97 6800.62453174162
-3.24 3.06 8207.89042779243
-3.24 3.15 9842.50399949123
-3.24 3.24 11732.3771787608
-3.24 3.33 13907.8993720008
-3.24 3.42 16402.0800556226
-3.24 3.51 19250.6953883596
-3.24 3.6 22492.4388403536
-3.24 3.69 26169.0758390165
-3.24 3.78 30325.6024316675
-3.24 3.87 35010.4079649463
-3.24 3.96 40275.4417810018
-3.24 4.05 46176.3839304561
-3.24 4.14 52772.8199021445
-3.24 4.23 60128.4193696313
-3.24 4.32 68311.1189545007
-3.24 4.41 77393.3090064235
-3.24 4.5 87452.0244

-3.15 -4.5 89506.3011328125
-3.15 -4.41 79606.2310843617
-3.15 -4.32 70644.6790581045
-3.15 -4.23 62548.5141894031
-3.15 -4.14 55248.9956931241
-3.15 -4.05 48681.5925194019
-3.15 -3.96 42785.8068061207
-3.15 -3.87 37505.0011281192
-3.15 -3.78 32786.2295431153
-3.15 -3.69 28580.0724343511
-3.15 -3.6 24840.47514996
-3.15 -3.51 21524.5904390533
-3.15 -3.42 18592.6246845282
-3.15 -3.33 16007.6879325967
-3.15 -3.24 13735.6477190348
-3.15 -3.15 11744.9866921532
-3.15 -3.06 10006.6640324878
-3.15 -2.97 8493.98066921223
-3.15 -2.88 7182.44829327009
-3.15 -2.79 6049.66216722852
-3.15 -2.7 5075.1777318525
-3.15 -2.61 4240.39100939983
-3.15 -2.52 3528.42280363702
-3.15 -2.43 2924.00669657588
-3.15 -2.34 2413.38084193098
-3.15 -2.25 1984.18355529785
-3.15 -2.16 1625.35270105196
-3.15 -2.07 1327.02887596855
-3.15 -1.98 1080.46238956321
-3.15 -1.89 877.924041153282
-3.15 -1.8 712.61969364
-3.15 -1.71 578.608644011485
-3.15 -1.62 470.725790566494
-3.15 -1.53 384.507596858978
-3.15 -1.44 316.12185236342
-3.15 -1.35 262.301229860977
-3.15 -1.26 220.280639546403
-3.15 -1.17 187.738379855778
-3.15 -1.08 162.741085015012
-3.15 -0.99 143.692469309156
-3.15 -0.9 129.2858680725
-3.15 -0.81 118.460575399458
-3.15 -0.72 110.361978576253
-3.15 -0.63 104.305489233394
-3.15 -0.54 99.7442712189346
-3.15 -0.45 96.2407651925391
-3.15 -0.36 93.442009940329
-3.15 -0.27 91.0587604105271
-3.15 -0.18 88.8484024698926
-3.15 -0.0899999999999999 86.6016643809483
-3.15 0 84.133125
-3.15 0.0899999999999999 81.2755186959483
-3.15 0.18 77.8778369898927
-3.15 0.27 73.8072269155271
-3.15 0.36 68.954686100329
-3.15 0.45 63.2445545675391
-3.15 0.54 56.6478032589346
-3.15 0.63 49.1991192783938
-3.15 0.72 41.0177878562535
-3.15 0.81 32.3323710344578
-3.15 0.9 23.5091830725
-3.15 0.99 15.0845625741564
-3.15 1.08 7.80094133501184
-3.15 1.17 2.64670991077791
-3.15 1.26 0.899879906403359
-3.15 1.35 4.17554298597653
-3.15 1.44 14.4771266034202
-3.15 1.53 34.2514464539781
-3.15 1.62 66.4475556464942
-3.15 1.71 114.579390596485
-3.15 1.8 182.79221364
-3.15 1.89 275.932852368282
-3.15 1.98 399.623735683212
-3.15 2.07 560.340726573547
-3.15 2.16 765.494751611958
-3.15 2.25 1023.51722717285
-3.15 2.34 1343.94928237099
-3.15 2.43 1737.53477872088
-3.15 2.52 2216.31712651701
-3.15 2.61 2793.73989793483
-3.15 2.7 3484.7512368525
-3.15 2.79 4305.91206539352
-3.15 2.88 5275.50808719009
-3.15 2.97 6413.66558736723
-3.15 3.06 7742.47102924779
-3.15 3.15 9286.09444777817
-3.15 3.24 11070.9166396748
-3.15 3.33 13125.6601502917
-3.15 3.42 15481.5240572082
-3.15 3.51 18172.3225505383
-3.15 3.6 21234.62730996
-3.15 3.69 24707.9136784661
-3.15 3.78 28634.7106328352
-3.15 3.87 33060.7545508242
-3.15 3.96 38035.1467750808
-3.15 4.05 43610.514973777
-3.15 4.14 49843.1782979642
-3.15 4.23 56793.3163356481
-3.15 4.32 64525.1418625845
-3.15 4.41 73107.0773897967
-3.15 4.5 82611.9355078125

-3.06 -4.5 84501.67618125
-3.06 -4.41 75157.0748906428
-3.06 -4.32 66698.2201602131
-3.06 -4.23 59056.0983255428
-3.06 -4.14 52165.8385237707
-3.06 -4.05 45966.5425075208
-3.06 -3.96 40401.1180416938
-3.06 -3.87 35416.1158831246
-3.06 -3.78 30961.5703431037
-3.06 -3.69 26990.8434327635
-3.06 -3.6 23460.4725913296
-3.06 -3.51 20330.021997236
-3.06 -3.42 17561.937462106
-3.06 -3.33 15121.4049075967
-3.06 -3.24 12976.2124251093
-3.06 -3.15 11096.615918363
-3.06 -3.06 9455.20832883452
-3.06 -2.97 8026.79244406156
-3.06 -2.88 6788.25728881145
-3.06 -2.79 5718.4580991142
-3.06 -2.7 4798.0998791604
-3.06 -2.61 4009.62454106366
-3.06 -2.52 3337.10162748783
-3.06 -2.43 2766.12261713889
-3.06 -2.34 2283.69881312149
-3.06 -2.25 1878.16281416016
-3.06 -2.16 1539.07356868528
-3.06 -2.07 1257.12501178364
-3.06 -1.98 1024.05828501377
-3.06 -1.89 832.577539085853
-3.06 -1.8 676.2693194064
-3.06 -1.71 549.525534487593
-3.06 -1.62 447.47000722128
-3.06 -1.53 365.888609017676
-3.06 -1.44 301.162976808746
-3.06 -1.35 250.207812916256
-3.06 -1.26 210.411767784524
-3.06 -1.17 179.58190557784
-3.06 -1.08 155.891752642574
-3.06 -0.99 137.832928833967
-3.06 -0.9 124.1703617076
-3.06 -0.81 113.90108357555
-3.06 -0.72 106.216611427224
-3.06 -0.63 100.46890971488
-3.06 -0.54 96.1399360038272
-3.06 -0.45 92.8147694873063
-3.06 -0.36 90.1583223660574
-3.06 -0.27 87.8956340925668
-3.06 -0.18 85.7957484799967
-3.06 -0.0899999999999999 83.6591736757969
-3.06 0 81.308925
-3.06 0.0899999999999999 78.585150648197
-3.06 0.18 75.3433402591967
-3.06 0.27 71.4561163473668
-3.06 0.36 66.8186085996574
-3.06 0.45 61.3574110373062
-3.06 0.54 55.0431220422272
-3.06 0.63 47.9064672480802
-3.06 0.72 40.0580052960237
-3.06 0.81 31.7114164551495
-3.06 0.9 23.2103741076
-3.06 0.99 15.0589990983672
-3.06 1.08 7.95589694977444
-3.06 1.17 2.83177794064021
-3.06 1.26 0.890660050124314
-3.06 1.35 3.65465476625623
-3.06 1.44 13.0123357591459
-3.06 1.53 31.2706904188764
-3.06 1.62 61.2106542580795
-3.06 1.71 106.146228179193
-3.06 1.8 169.9871786064
-3.06 1.89 257.305320482252
-3.06 1.98 373.404383128974
-3.06 2.07 524.393458974445
-3.06 2.16 717.264035142876
-3.06 2.25 959.970607910156
-3.06 2.34 1261.51488002388
-3.06 2.43 1632.03354088809
-3.06 2.52 2082.88962961263
-3.06 2.61 2626.76748092726
-3.06 2.7 3277.7712539604
-3.06 2.79 4051.5270438826
-3.06 2.88 4965.28857641465
-3.06 2.97 6038.04648520036
-3.06 3.06 7290.64117204411
-3.06 3.15 8745.87925001301
-3.06 3.24 10428.6535694037
-3.06 3.33 12366.0668265739
-3.06 3.42 14587.5587556388
-3.06 3.51 17125.0369030316
-3.06 3.6 20013.0109849296
-3.06 3.69 23288.7308275439
-3.06 3.78 26992.3278902749
-3.06 3.87 31166.9603717314
-3.06 3.96 35858.9618986155
-3.06 4.05 41117.9937974709
-3.06 4.14 46997.2009492971
-3.06 4.23 53553.371227028
-3.06 4.32 60847.0985158739
-3.06 4.41 68942.9493165304
-3.06 4.5 77909.63293125

-2.97 -4.5 79641.0340453125
-2.97 -4.41 70835.8656529252
-2.97 -4.32 62865.1992211336
-2.97 -4.23 55664.0190065072
-2.97 -4.14 49171.2119567017
-2.97 -4.05 43329.4073881127
-2.97 -3.96 38084.8200387355
-2.97 -3.87 33387.0964962337
-2.97 -3.78 29189.1650012136
-2.97 -3.69 25447.0886257074
-2.97 -3.6 22119.9218268624
-2.97 -3.51 19169.5703758382
-2.97 -3.42 16560.654661911
-2.97 -3.33 14260.3763717856
-2.97 -3.24 12238.3885441137
-2.97 -3.15 10466.6689992207
-2.97 -3.06 8919.39714403902
-2.97 -2.97 7572.83415224881
-2.97 -2.88 6405.20651962639
-2.97 -2.79 5396.5929945995
-2.97 -2.7 4528.8148840101
-2.97 -2.61 3785.3297340844
-2.97 -2.52 3151.12838661021
-2.97 -2.43 2612.6354103216
-2.97 -2.34 2157.61290749081
-2.97 -2.25 1775.06769572754
-2.97 -2.16 1455.16186498545
-2.97 -2.07 1189.12670977606
-2.97 -1.98 969.180036589826
-2.97 -1.89 788.446846524652
-2.97 -1.8 640.8833931216
-2.97 -1.71 521.204615407944
-2.97 -1.62 424.81494614752
-2.97 -1.53 347.742495298369
-2.97 -1.44 286.576608677685
-2.97 -1.35 238.408801834064
-2.97 -1.26 200.777069127047
-2.97 -1.17 171.613568013973
-2.97 -1.08 149.195678544121
-2.97 -0.99 132.10043806016
-2.97 -0.9 119.1623511069
-2.97 -0.81 109.434574547334
-2.97 -0.72 102.153477885992
-2.97 -0.63 96.7065787995843
-2.97 -0.54 92.6038538749549
-2.97 -0.45 89.4524245543266
-2.97 -0.36 86.9346182878516
-2.97 -0.27 84.7894048934604
-2.97 -0.18 82.7972081240107
-2.97 -0.0899999999999999 80.7680924417369
-2.97 0 78.533325
-2.97 0.0899999999999999 75.9403128323369
-2.97 0.18 72.8509152488107
-2.97 0.27 69.1431314396604
-2.97 0.36 64.7161632862516
-2.97 0.45 59.4988533793265
-2.97 0.54 53.4614982445549
-2.97 0.63 46.6310367753844
-2.97 0.72 39.1096138731919
-2.97 0.81 31.0965192947343
-2.97 0.9 22.9135017069
-2.97 0.99 15.0334579487603
-2.97 1.08 8.11249750092073
-2.97 1.17 3.02538216217318
-2.97 1.26 0.904340933447559
-2.97 1.35 3.18126010906404
-2.97 1.44 11.6332485752854
-2.97 1.53 28.4315783161691
-2.97 1.62 56.1940001267202
-2.97 1.71 98.0404345333442
-2.97 1.8 157.6520379216
-2.97 1.89 239.333643871252
-2.97 1.98 348.079579698627
-2.97 2.07 489.642858206259
-2.97 2.16 670.607744639855
-2.97 2.25 898.465698852539
-2.97 2.34 1181.69469267641
-2.97 2.43 1529.8419025014
-2.97 2.52 1953.60977706141
-2.97 2.61 2464.9454804278
-2.97 2.7 3077.1337102101
-2.97 2.79 3804.8928909641
-2.97 2.88 4664.47474280719
-2.97 2.97 5673.76722524101
-2.97 3.06 6852.40085618142
-2.97 3.15 8221.85840619576
-2.97 3.24 9805.58796794734
-2.97 3.33 11629.1194008474
-2.97 3.42 13720.1841509142
-2.97 3.51 16108.8384458396
-2.97 3.6 18827.5898652624
-2.97 3.69 21911.52728625
-2.97 3.78 25398.4542039864
-2.97 3.87 29329.0254276678
-2.97 3.96 33746.887151606
-2.97 4.05 38698.8204015377
-2.97 4.14 44234.8878561433
-2.97 4.23 50408.584043771
-2.97 4.32 57276.9889143688
-2.97 4.41 64900.9247866246
-2.97 4.5 73345.1166703125

-2.88 -4.5 74924.374725
-2.88 -4.41 66642.6033712089
-2.88 -4.32 59145.616240866
-2.88 -4.23 52372.2762322963
-2.88 -4.14 46265.1159919171
-2.88 -4.05 40770.1871611776
-2.88 -3.96 35836.9127972459
-2.88 -3.87 31417.9429674464
-2.88 -3.78 27469.0135174451
-2.88 -3.69 23948.8080131828
-2.88 -3.6 20818.8228565584
-2.88 -3.51 18043.2355748597
-2.88 -3.42 15588.7762839434
-2.88 -3.33 13424.6023251634
-2.88 -3.24 11522.1760760482
-2.88 -3.15 9855.1459347264
-2.88 -3.06 8399.2304781013
-2.88 -2.97 7132.10579377398
-2.88 -2.88 6033.29598571491
-2.88 -2.79 5084.06685368442
-2.88 -2.7 4267.3227464016
-2.88 -2.61 3567.50658846206
-2.88 -2.52 2970.50308100417
-2.88 -2.43 2463.545076124
-2.88 -2.34 2035.12312503896
-2.88 -2.25 1674.8982
-2.88 -2.16 1373.61758995249
-2.88 -2.07 1123.03396994579
-2.88 -1.98 915.82764429137
-2.88 -1.89 745.531963469682
-2.88 -1.8 606.4619147856
-2.88 -1.71 493.645886772539
-2.88 -1.62 402.760607345217
-2.88 -1.53 330.069255701056
-2.88 -1.44 272.362747970239
-2.88 -1.35 226.9041966144
-2.88 -1.26 191.376543573973
-2.88 -1.17 163.833367164177
-2.88 -1.08 142.652862719651
-2.88 -0.99 126.494996987736
-2.88 -0.9 114.2618362704
-2.88 -0.81 105.061048314812
-2.88 -0.72 98.172577952558
-2.88 -0.63 93.0184964875063
-2.88 -0.54 89.1360248323175
-2.88 -0.45 86.1537303936
-2.88 -0.36 83.7708977057117
-2.88 -0.27 81.7400728132079
-2.88 -0.18 79.8527814019347
-2.88 -0.0899999999999999 77.9284206787682
-2.88 0 75.806325
-2.88 0.0899999999999999 73.3410052483682
-2.88 0.18 70.4005619587348
-2.88 0.27 66.868272192408
-2.88 0.36 62.6473501601117
-2.88 0.45 57.6688815936
-2.88 0.54 51.9029318659175
-2.88 0.63 45.3728278603063
-2.88 0.72 38.172613587758
-2.88 0.81 30.487679553212
-2.88 0.9 22.6185658704
-2.88 0.99 15.0079391253356
-2.88 1.08 8.27074298845071
-2.88 1.17 3.2275225753768
-2.88 1.26 0.940922556373096
-2.88 1.35 2.75535901439998
-2.88 1.44 10.3398650518386
-2.88 1.53 25.734110145856
-2.88 1.62 51.3975932524165
-2.88 1.71 90.262009658939
-2.88 1.8 145.7867915856
-2.88 1.89 222.017822535282
-2.88 1.98 323.64932539217
-2.88 2.07 456.088924268989
-2.88 2.16 625.525880102894
-2.88 2.25 839.0025
-2.88 2.34 1104.48872032856
-2.88 2.43 1430.9598635608
-2.88 2.52 1828.47756886336
-2.88 2.61 2308.27389643646
-2.88 2.7 2882.8386056016
-2.88 2.79 3566.00960663802
-2.88 2.88 4373.06658636771
-2.88 2.97 5320.82780748918
-2.88 3.06 6427.7500816597
-2.88 3.15 7714.03191632641
-2.88 3.24 9201.71983530582
-2.88 3.33 10914.8178731122
-2.88 3.42 12879.4002430346
-2.88 3.51 15123.7271789621
-2.88 3.6 17678.3639509584
-2.88 3.69 20576.3030545844
-2.88 3.78 23853.0895739699
-2.88 3.87 27546.9497186336
-2.88 3.96 31698.9225340523
-2.88 4.05 36352.9947859776
-2.88 4.14 41556.2390185028
-2.88 4.23 47358.9547858771
-2.88 4.32 53814.8130580692
-2.88 4.41 60981.0038000793
-2.88 4.5 68918.386725

-2.79 -4.5 70351.6982203125
-2.79 -4.41 62577.2880454941
-2.79 -4.32 55539.4712194103
-2.79 -4.23 49180.8700029101
-2.79 -4.14 43447.550629417
-2.79 -4.05 38288.8818267155
-2.79 -3.96 33657.3963172248
-2.79 -3.87 29508.6552967629
-2.79 -3.78 25801.115891798
-2.79 -3.69 22496.0015951896
-2.79 -3.6 19557.1756804176
-2.79 -3.51 16951.0175943007
-2.79 -3.42 14646.3023282031
-2.79 -3.33 12614.0827677302
-2.79 -3.24 10827.5750209127
-2.79 -3.15 9262.04672487995
-2.79 -3.06 7894.70833102136
-2.79 -2.97 6704.60736863706
-2.79 -2.88 5672.52568707703
-2.79 -2.79 4780.87967636895
-2.79 -2.7 4013.6234663349
-2.79 -2.61 3356.15510419664
-2.79 -2.52 2795.22571066969
-2.79 -2.43 2318.8516145461
-2.79 -2.34 1916.22946576594
-2.79 -2.25 1577.65432697754
-2.79 -2.16 1294.44074358639
-2.79 -2.07 1058.84679229283
-2.79 -1.98 864.001108118405
-2.79 -1.89 703.832889920942
-2.79 -1.8 573.0048843984
-2.79 -1.71 466.849348581377
-2.79 -1.62 381.306990814368
-2.79 -1.53 312.868890225737
-2.79 -1.44 258.521394686406
-2.79 -1.35 215.693997257264
-2.79 -1.26 182.210191125301
-2.79 -1.17 156.241303028451
-2.79 -1.08 136.263305169164
-2.79 -0.99 121.016605616693
-2.79 -0.9 109.4688171981
-2.79 -0.81 100.780504877983
-2.79 -0.72 94.2739116269221
-2.79 -0.63 89.4046627786461
-2.79 -0.54 85.7364488759152
-2.79 -0.45 82.9186870051266
-2.79 -0.36 80.6671606196377
-2.79 -0.27 78.7476378518094
-2.79 -0.18 76.9624683137688
-2.79 -0.0899999999999999 75.1401583868909
-2.79 0 73.127925
-2.79 0.0899999999999999 70.7872278962909
-2.79 0.18 67.9922803889689
-2.79 0.27 64.6315386056094
-2.79 0.36 60.6121692212377
-2.79 0.45 55.8674956801266
-2.79 0.54 50.3674229063152
-2.79 0.63 44.1318405028461
-2.79 0.72 37.2470044397221
-2.79 0.81 29.8848972305828
-2.79 0.9 22.3255665981
-2.79 0.99 14.9824426280933
-2.79 1.08 8.43063341236438
-2.79 1.17 3.43819918025107
-2.79 1.26 1.00040491890092
-2.79 1.35 2.37695148226405
-2.79 1.44 9.13218518880557
-2.79 1.53 23.1782859079371
-2.79 1.62 46.8214336351682
-2.79 1.71 82.8109535559769
-2.79 1.8 134.3914395984
-2.79 1.89 205.357856474342
-2.79 1.98 300.113620209605
-2.79 2.07 423.731657162635
-2.79 2.16 582.018441531993
-2.79 2.25 781.581011352539
-2.79 2.34 1029.89696298034
-2.79 2.43 1335.3874240663
-2.79 2.52 1707.49300501849
-2.79 2.61 2156.75272895324
-2.79 2.7 2694.8859401349
-2.79 2.79 3334.87719090435
-2.79 2.88 4091.06410709623
-2.79 2.97 4979.22823194486
-2.79 3.06 6016.68884847896
-2.79 3.15 7222.39978040496
-2.79 3.24 8617.04917147912
-2.79 3.33 10223.1622433684
-2.79 3.42 12065.2070319999
-2.79 3.51 14169.7031023993
-2.79 3.6 16565.3332420176
-2.79 3.69 19283.058132547
-2.79 3.78 22356.2340002252
-2.79 3.87 25820.7332446287
-2.79 3.96 29715.0680459545
-2.79 4.05 34080.5169507905
-2.79 4.14 38961.2544363755
-2.79 4.23 44404.4834533463
-2.79 4.32 50460.5709469751
-2.79 4.41 57183.1863568947
-2.79 4.5 64629.4430953125

-2.7 -4.5 65923.00453125
-2.7 -4.41 58639.9196757805
-2.7 -4.32 52046.7641567666
-2.7 -4.23 46089.8003183487
-2.7 -4.14 40718.5158692014
-2.7 -4.05 35885.4913847264
-2.7 -3.96 31546.2705986723
-2.7 -3.87 27659.233484183
-2.7 -3.78 24185.4721242724
-2.7 -3.69 21088.6693717278
-2.7 -3.6 18334.98029844
-2.7 -3.51 15892.9164341611
-2.7 -3.42 13733.2327946901
-2.7 -3.33 11828.8176994858
-2.7 -3.24 10154.5853787072
-2.7 -3.15 8687.37136968141
-2.7 -3.06 7405.8307027992
-2.7 -2.97 6290.33887683807
-2.7 -2.88 5322.89562371272
-2.7 -2.79 4487.0314626531
-2.7 -2.7 3767.71704381
-2.7 -2.61 3151.27528128814
-2.7 -2.52 2625.29627560679
-2.7 -2.43 2178.55502558789
-2.7 -2.34 1800.93192967174
-2.7 -2.25 1483.33607666016
-2.7 -2.16 1217.63132588715
-2.7 -2.07 996.565176817197
-2.7 -1.98 813.70042807093
-2.7 -1.89 663.349625878432
-2.7 -1.8 540.51230196
-2.7 -1.71 440.815000834458
-2.7 -1.62 360.454096554975
-2.7 -1.53 296.141398872412
-2.7 -1.44 245.052548826186
-2.7 -1.35 204.778203762656
-2.7 -1.26 173.278011781031
-2.7 -1.17 148.837375606796
-2.7 -1.08 130.027005892662
-2.7 -0.99 115.665263947033
-2.7 -0.9 104.78329389
-2.7 -0.81 96.5929442368465
-2.7 -0.72 90.4574789090842
-2.7 -0.63 85.8650776730036
-2.7 -0.54 82.4051260057479
-2.7 -0.45 79.7472943889063
-2.7 -0.36 77.6234070296295
-2.7 -0.27 75.8121000092648
-2.7 -0.18 74.126268859513
-2.7 -0.0899999999999999 72.4033055661049
-2.7 0 70.498125
-2.7 0.0899999999999999 68.2789807761049
-2.7 0.18 65.626070539513
-2.7 0.27 62.4329306792648
-2.7 0.36 58.6106204696294
-2.7 0.45 54.0946956389062
-2.7 0.54 48.8549713657478
-2.7 0.63 42.9080747030036
-2.7 0.72 36.3327864290842
-2.7 0.81 29.2881723268465
-2.7 0.9 22.03450389
-2.7 0.99 14.9569684570333
-2.7 1.08 8.59216877266175
-2.7 1.17 3.65741197679601
-2.7 1.26 1.08278802103104
-2.7 1.35 2.04603751265624
-2.7 1.44 8.01020898618628
-2.7 1.53 20.7641056024125
-2.7 1.62 42.4655212749754
-2.7 1.71 75.6872662244581
-2.7 1.8 123.46598196
-2.7 1.89 189.353745688431
-2.7 1.98 277.472464150931
-2.7 2.07 392.571056887198
-2.7 2.16 540.085428927153
-2.7 2.25 726.201232910156
-2.7 2.34 957.919420631744
-2.7 2.43 1243.12458401789
-2.7 2.52 1590.65608552678
-2.7 2.61 2010.38197797814
-2.7 2.7 2513.27571381
-2.7 2.79 3111.4956437631
-2.7 2.88 3818.46730499272
-2.7 2.97 4648.96849860806
-2.7 3.06 5619.21715663919
-2.7 3.15 6746.96199843141
-2.7 3.24 8051.57597646723
-2.7 3.33 9554.15251161584
-2.7 3.42 11277.6045178101
-2.7 3.51 13246.7662161511
-2.7 3.6 15488.49773844
-2.7 3.69 18031.7925201378
-2.7 3.78 20907.8874827524
-2.7 3.87 24150.376005653
-2.7 3.96 27795.3236873124
-2.7 4.05 31881.3868959764
-2.7 4.14 36449.9341097615
-2.7 4.23 41545.1700461787
-2.7 4.32 47214.2625810866
-2.7 4.41 53507.4724570705
-2.7 4.5 60478.28578125

-2.61 -4.5 61638.2936578125
-2.61 -4.41 54830.4982620683
-2.61 -4.32 48667.4950529348
-2.61 -4.23 43099.067178612
-2.61 -4.14 38078.0117112702
-2.61 -4.05 33560.0158352103
-2.61 -3.96 29503.5356415885
-2.61 -3.87 25869.6775297068
-2.61 -3.78 22622.0822148684
-2.61 -3.69 19726.8113427975
-2.61 -3.6 17152.2367106256
-2.61 -3.51 14868.9320944409
-2.61 -3.42 12849.5676834044
-2.61 -3.33 11068.8071204304
-2.61 -3.24 9503.20714943176
-2.61 -3.15 8131.11986913076
-2.61 -3.06 6932.5975934348
-2.61 -2.97 5889.30031837699
-2.61 -2.88 4984.405795622
-2.61 -2.79 4202.52221253687
-2.61 -2.7 3529.6034788269
-2.61 -2.61 2952.86711973656
-2.61 -2.52 2460.71477581545
-2.61 -2.43 2042.65530924938
-2.61 -2.34 1689.23051675637
-2.61 -2.25 1391.94344904785
-2.61 -2.16 1143.18933685477
-2.61 -2.07 936.189123518875
-2.61 -1.98 764.925604148947
-2.61 -1.89 624.082171342151
-2.61 -1.8 508.9841674704
-2.61 -1.71 415.542843531783
-2.61 -1.62 340.201924567038
-2.61 -1.53 279.886781641082
-2.61 -1.44 231.956210389581
-2.61 -1.35 194.156816130577
-2.61 -1.26 164.580005541163
-2.61 -1.17 141.621584899212
-2.61 -1.08 123.943964890143
-2.61 -0.99 110.440971978756
-2.61 -0.9 100.2052663461
-2.61 -0.81 92.4983663914032
-2.61 -0.72 86.7232797990442
-2.61 -0.63 82.3997411705789
-2.61 -0.54 79.1420562218155
-2.61 -0.45 76.6395525449391
-2.61 -0.36 74.6396369356871
-2.61 -0.27 72.9334592855741
-2.61 -0.18 71.3441830391671
-2.61 -0.0899999999999999 69.7178622164102
-2.61 0 67.916925
-2.61 0.0899999999999999 65.8162638878103
-2.61 0.18 63.3019324103671
-2.61 0.27 60.2724484133741
-2.61 0.36 56.6427039052871
-2.61 0.45 52.3504814699391
-2.61 0.54 47.3655772442155
-2.61 0.63 41.7015304607789
-2.61 0.72 35.4299595558442
-2.61 0.81 28.6975048420033
-2.61 0.9 21.7453777461
-2.61 0.99 14.9315166121555
-2.61 1.08 8.75534906934282
-2.61 1.17 3.88516096501161
-2.61 1.26 1.18807186276345
-2.61 1.35 1.76261710557655
-2.61 1.44 6.97393644398074
-2.61 1.53 18.4915692292821
-2.61 1.62 38.3298561718382
-2.61 1.71 68.8909476643825
-2.61 1.8 113.0104186704
-2.61 1.89 174.005490177551
-2.61 1.98 255.725857216148
-2.61 2.07 362.607123442676
-2.61 2.16 499.726842288373
-2.61 2.25 672.863164672852
-2.61 2.34 888.556093282775
-2.61 2.43 1154.17134341558
-2.61 2.52 1477.96681038825
-2.61 2.61 1869.16164351116
-2.61 2.7 2338.0079266269
-2.61 2.79 2895.86496521427
-2.61 2.88 3555.2761800572
-2.61 2.97 4330.04860747879
-2.61 3.06 5235.3350061404
-2.61 3.15 6287.71857040577
-2.61 3.24 7505.30025027016
-2.61 3.33 8907.78867785461
-2.61 3.42 10516.5927004652
-2.61 3.51 12354.9165202175
-2.61 3.6 14447.8574402256
-2.61 3.69 16822.5062173569
-2.61 3.78 19508.0500215515
-2.61 3.87 22535.8780017066
-2.61 3.96 25939.6894581261
-2.61 4.05 29755.6046215353
-2.61 4.14 34022.2780386606
-2.61 4.23 38781.0145643742
-2.61 4.32 44075.8879604036
-2.61 4.41 49953.8621006069
-2.61 4.5 56464.9147828125

-2.52 -4.5 57497.5656
-2.52 -4.41 51149.0238043575
-2.52 -4.32 45401.6639079149
-2.52 -4.23 40208.6705837
-2.52 -4.14 35526.0381556234
-2.52 -4.05 31312.4551781672
-2.52 -3.96 27529.1914459733
-2.52 -3.87 24139.9874333343
-2.52 -3.78 21110.9461635858
-2.52 -3.69 18410.4275083987
-2.52 -3.6 16008.9449169744
-2.52 -3.51 13879.0645751401
-2.52 -3.42 11995.3069943461
-2.52 -3.33 10334.0510305639
-2.52 -3.24 8873.4403330863
-2.52 -3.15 7593.29222322802
-2.52 -3.06 6475.00900292819
-2.52 -2.97 5501.49169325382
-2.52 -2.88 4657.05620280486
-2.52 -2.79 3927.35192602026
-2.52 -2.7 3299.2827713856
-2.52 -2.61 2760.93061954189
-2.52 -2.52 2301.48121129569
-2.52 -2.43 1911.15246553056
-2.52 -2.34 1581.12522701983
-2.52 -2.25 1303.47644414062
-2.52 -2.16 1071.11477648925
-2.52 -2.07 877.718632397869
-2.52 -1.98 717.676636352455
-2.52 -1.89 586.030526312101
-2.52 -1.8 478.4204809296
-2.52 -1.71 391.03287667335
-2.52 -1.62 320.550474850556
-2.52 -1.53 264.105038531746
-2.52 -1.44 219.232379376589
-2.52 -1.35 183.829834361025
-2.52 -1.26 156.116172405698
-2.52 -1.17 134.593930905698
-2.52 -1.08 118.014182161608
-2.52 -0.99 105.34372971186
-2.52 -0.9 95.7347345664
-2.52 -0.81 88.4967713416529
-2.52 -0.72 83.0713142968022
-2.52 -0.63 79.008653271372
-2.52 -0.54 75.9472395241181
-2.52 -0.45 73.595461473225
-2.52 -0.36 71.7158503378105
-2.52 -0.27 70.1117156807373
-2.52 -0.18 68.6162108527313
-2.52 -0.0899999999999999 67.0838283378069
-2.52 0 65.384325
-2.52 0.0899999999999999 63.3990772314069
-2.52 0.18 61.0198660015313
-2.52 0.27 58.1500918079374
-2.52 0.36 54.7084195282105
-2.52 0.45 50.634853173225
-2.52 0.54 45.8992405417181
-2.52 0.63 40.512207776172
-2.52 0.72 34.5385238200022
-2.52 0.81 28.112894776053
-2.52 0.9 21.4581881664
-2.52 0.99 14.9060870934601
-2.52 1.08 8.92017430240757
-2.52 1.17 4.12144614489786
-2.52 1.26 1.31625644409815
-2.52 1.35 1.52669026102499
-2.52 1.44 6.02336756218893
-2.52 1.53 16.360676788546
-2.52 1.62 34.4144383257564
-2.52 1.71 62.4219978757502
-2.52 1.8 103.0247497296
-2.52 1.89 159.3130899417
-2.52 1.98 234.873799405256
-2.52 2.07 333.83985682907
-2.52 2.16 460.942681615653
-2.52 2.25 621.566806640625
-2.52 2.34 821.806980933431
-2.52 2.43 1068.52770225936
-2.52 2.52 1369.42517960289
-2.52 2.61 1733.09172555229
-2.52 2.7 2169.0825785856
-2.52 2.79 2687.98515525786
-2.52 2.88 3301.49073228966
-2.52 2.97 4022.46855855703
-2.52 3.06 4865.04239698258
-2.52 3.15 5844.66949632803
-2.52 3.24 6978.2219928879
-2.52 3.33 8284.07074208469
-2.52 3.42 9782.17157996526
-2.52 3.51 11494.1540145985
-2.52 3.6 13443.4123473744
-2.52 3.69 15655.1992242043
-2.52 3.78 18156.7216166225
-2.52 3.87 20977.2392327895
-2.52 3.96 24148.1653583957
-2.52 4.05 27703.1701274672
-2.52 4.14 31678.2862230731
-2.52 4.23 36112.0170079328
-2.52 4.32 41045.4470849261
-2.52 4.41 46522.3552875039
-2.52 4.5 52589.3301

-2.43 -4.5 53500.8203578125
-2.43 -4.41 47595.496302648
-2.43 -4.32 42249.2707217069
-2.43 -4.23 37418.6105336127
-2.43 -4.14 33062.5952022611
-2.43 -4.05 29142.8094135971
-2.43 -3.96 25623.2380118266
-2.43 -3.87 22470.1631950655
-2.43 -3.78 19652.0639704247
-2.43 -3.69 17139.5178685313
-2.43 -3.6 14905.1049174864
-2.43 -3.51 12923.3138762587
-2.43 -3.42 11170.450727515
-2.43 -3.33 9624.54942988628
-2.43 -3.24 8265.28492967085
-2.43 -3.15 7073.88843197319
-2.43 -3.06 6033.06493127935
-2.43 -2.97 5126.91300146859
-2.43 -2.88 4340.8468452613
-2.43 -2.79 3661.52060310326
-2.43 -2.7 3076.7549214861
-2.43 -2.61 2575.46578070415
-2.43 -2.52 2147.5955820475
-2.43 -2.43 1784.04649443144
-2.43 -2.34 1476.61606046211
-2.43 -2.25 1217.93506193848
-2.43 -2.16 1001.40764479059
-2.43 -2.07 821.15370345418
-2.43 -1.98 671.953524681454
-2.43 -1.89 549.19469078828
-2.43 -1.8 448.8212423376
-2.43 -1.71 367.285100259161
-2.43 -1.62 301.49974740553
-2.43 -1.53 248.796169544404
-2.43 -1.44 206.881055787211
-2.43 -1.35 173.797258454002
-2.43 -1.26 147.886512374635
-2.43 -1.17 127.754413626255
-2.43 -1.08 112.237657707056
-2.43 -0.99 100.373537146347
-2.43 -0.9 91.3716985509
-2.43 -0.81 84.5881590875957
-2.43 -0.72 79.5015824023582
-2.43 -0.63 75.6918139753829
-2.43 -0.54 72.8206759126558
-2.43 -0.45 70.615021173764
-2.43 -0.36 68.8520472359999
-2.43 -0.27 67.3468691947545
-2.43 -0.18 65.9423523002055
-2.43 -0.0899999999999999 64.5012039302949
-2.43 0 62.900325
-2.43 0.0899999999999999 61.027420806895
-2.43 0.18 58.7798713130055
-2.43 0.27 56.0658608629545
-2.43 0.36 52.8077673383998
-2.43 0.45 48.947810748764
-2.43 0.54 44.4559612582557
-2.43 0.63 39.3401066491829
-2.43 0.72 33.6584792215582
-2.43 0.81 27.5343421289957
-2.43 0.9 21.1729351509
-2.43 0.99 14.8806799009469
-2.43 1.08 9.08664447185602
-2.43 1.17 4.36626751645477
-2.43 1.26 1.46734176503514
-2.43 1.35 1.33825697900156
-2.43 1.44 5.15850234081088
-2.43 1.53 14.3714282802041
-2.43 1.62 30.7192677367301
-2.43 1.71 56.2804168585611
-2.43 1.8 93.5089751375999
-2.43 1.89 145.27654498088
-2.43 1.98 214.916290718254
-2.43 2.07 306.26925704638
-2.43 2.16 423.732946908994
-2.43 2.25 572.312158813477
-2.43 2.34 757.672083583713
-2.43 2.43 986.193660549241
-2.43 2.52 1265.0311931707
-2.43 2.61 1602.17222410154
-2.43 2.7 2006.4996696861
-2.43 2.79 2487.85621389386
-2.43 2.88 3057.1109616901
-2.43 2.97 3726.22835184278
-2.43 3.06 4508.33932916574
-2.43 3.15 5417.8147761982
-2.43 3.24 6470.34120432045
-2.43 3.33 7682.99870430608
-2.43 3.42 9074.3411563102
-2.43 3.51 10664.4786992941
-2.43 3.6 12475.1624598864
-2.43 3.69 14529.8715406799
-2.43 3.78 16853.9022679655
-2.43 3.87 19474.4596989017
-2.43 3.96 22420.751388121
-2.43 4.05 25724.0834137722
-2.43 4.14 29417.9586629988
-2.43 4.23 33538.1773768545
-2.43 4.32 38122.9399546541
-2.43 4.41 43212.9520177614
-2.43 4.5 48851.5317328125

-2.34 -4.5 49648.05793125
-2.34 -4.41 44169.9157569398
-2.34 -4.32 39210.3154943109
-2.34 -4.23 34728.8870283501
-2.34 -4.14 30687.6828511833
-2.34 -4.05 27051.0785415001
-2.34 -3.96 23785.6753391486
-2.34 -3.87 20860.2048149003
-2.34 -3.78 18245.4356353851
-2.34 -3.69 15914.0824231954
-2.34 -3.6 13840.7167121616
-2.34 -3.51 12001.6799977968
-2.34 -3.42 10374.9988829112
-2.34 -3.33 8940.30231839759
-2.34 -3.24 7678.74093918543
-2.34 -3.15 6572.90849536626
-2.34 -3.06 5606.76537848829
-2.34 -2.97 4765.56424302126
-2.34 -2.88 4035.77772299133
-2.34 -2.79 3405.02824378588
-2.34 -2.7 2862.0199291284
-2.34 -2.61 2396.47260322331
-2.34 -2.52 1999.05788807088
-2.34 -2.43 1661.33739595202
-2.34 -2.34 1375.70301708322
-2.34 -2.25 1135.31930244141
-2.34 -2.16 934.067941758795
-2.34 -2.07 766.494336687805
-2.34 -1.98 627.756269135943
-2.34 -1.89 513.574664770689
-2.34 -1.8 420.1864516944
-2.34 -1.71 344.299514289215
-2.34 -1.62 283.049742231959
-2.34 -1.53 233.960174679056
-2.34 -1.44 194.902239621447
-2.34 -1.35 164.059088409506
-2.34 -1.26 139.891025447974
-2.34 -1.17 121.103033060882
-2.34 -1.08 106.614391526488
-2.34 -0.99 95.5303942822161
-2.34 -0.9 87.1161582996
-2.34 -0.81 80.7725296292314
-2.34 -0.72 76.0140841157121
-2.34 -0.63 72.4492232826116
-2.34 -0.54 69.7623653874284
-2.34 -0.45 67.6982316465563
-2.34 -0.36 66.048227630255
-2.34 -0.27 64.6389198276256
-2.34 -0.18 63.3226073815897
-2.34 -0.0899999999999999 61.9699889938743
-2.34 0 60.464925
-2.34 0.0899999999999999 58.7012946142743
-2.34 0.18 56.5819483447897
-2.34 0.27 54.0197555784256
-2.34 0.36 50.940747335855
-2.34 0.45 47.2893541965562
-2.34 0.54 43.0357393938284
-2.34 0.63 38.1852270798116
-2.34 0.72 32.7898257605121
-2.34 0.81 26.9618469008314
-2.34 0.9 20.8896186996
-2.34 0.99 14.8552950346161
-2.34 1.08 9.25475957768816
-2.34 1.17 4.61962507968234
-2.34 1.26 1.64132782557443
-2.34 1.35 1.19731725950625
-2.34 1.44 4.37934077984658
-2.34 1.53 12.5238237042565
-2.34 1.62 27.2443444047593
-2.34 1.71 50.4662046128151
-2.34 1.8 84.4630948943999
-2.34 1.89 131.895855295088
-2.34 1.98 195.853331155144
-2.34 2.07 279.895324094606
-2.34 2.16 388.097638168395
-2.34 2.25 525.099221191406
-2.34 2.34 696.151401233621
-2.34 2.43 907.169218285215
-2.34 2.52 1164.78485109167
-2.34 2.61 1476.40313915891
-2.34 2.7 1850.2591999284
-2.34 2.79 2295.47814112228
-2.34 2.88 2822.13686825853
-2.34 2.97 3441.32798733606
-2.34 3.06 4165.22580268988
-2.34 3.15 5007.15441001626
-2.34 3.24 5981.65788456783
-2.34 3.33 7104.57256451879
-2.34 3.42 8393.10142950004
-2.34 3.51 9865.89057430437
-2.34 3.6 11543.1077777616
-2.34 3.69 13446.5231667837
-2.34 3.78 15599.5919755803
-2.34 3.87 18027.5394000431
-2.34 3.96 20757.4475473022
-2.34 4.05 23818.3444804501
-2.34 4.14 27241.2953584377
-2.34 4.23 31059.4956711393
-2.34 4.32 35308.3665695877
-2.34 4.41 40025.6522913794
-2.34 4.5 45251.51968125

-2.25 -4.5 45939.2783203125
-2.25 -4.41 40872.282167233
-2.25 -4.32 36284.7982257268
-2.25 -4.23 32139.5000679123
-2.25 -4.14 28401.3011023899
-2.25 -4.05 25037.262561876
-2.25 -3.96 22016.5034279391
-2.25 -3.87 19310.1122928389
-2.25 -3.78 16891.061158467
-2.25 -3.69 14734.1211723909
-2.25 -3.6 12815.780301
-2.25 -3.51 11114.1629397542
-2.25 -3.42 9608.9514605348
-2.25 -3.33 8281.30969609781
-2.25 -3.24 7113.80836163002
-2.25 -3.15 6090.35241340723
-2.25 -3.06 5196.110344555
-2.25 -2.97 4417.44541791185
-2.25 -2.88 3741.84883599494
-2.25 -2.79 3157.87484806813
-2.25 -2.7 2655.0777943125
-2.25 -2.61 2223.9510870994
-2.25 -2.52 1855.86812936582
-2.25 -2.43 1543.02517009229
-2.25 -2.34 1278.38609688316
-2.25 -2.25 1055.62916564941
-2.25 -2.16 869.095667393856
-2.25 -2.07 713.740532098748
-2.25 -1.98 585.084869715924
-2.25 -1.89 479.170448259328
-2.25 -1.8 392.516109
-2.25 -1.71 322.076118763513
-2.25 -1.62 265.200459329844
-2.25 -1.53 219.597053935703
-2.25 -1.44 183.295930879296
-2.25 -1.35 154.615324227539
-2.25 -1.26 132.129711625716
-2.25 -1.17 114.639789209581
-2.25 -1.08 101.144383619904
-2.25 -0.99 90.8143011194676
-2.25 -0.9 82.9681138125
-2.25 -0.81 77.0498829665601
-2.25 -0.72 72.608819436864
-2.25 -0.63 69.2808811930581
-2.25 -0.54 66.772307948436
-2.25 -0.45 64.8450928916016
-2.25 -0.36 63.304391520576
-2.25 -0.27 61.9878675793505
-2.25 -0.18 60.756976096884
-2.25 -0.0899999999999999 59.4901835285451
-2.25 0 58.078125
-2.25 0.0899999999999999 56.4206986535451
-2.25 0.18 54.426097096884
-2.25 0.27 52.0117759543506
-2.25 0.36 49.107359520576
-2.25 0.45 45.6594835166016
-2.25 0.54 41.638574948436
-2.25 0.63 37.0475690680581
-2.25 0.72 31.932563436864
-2.25 0.81 26.3954090915601
-2.25 0.9 20.6082388125
-2.25 0.99 14.8299324944675
-2.25 1.08 9.42451961990399
-2.25 1.17 4.88151883458057
-2.25 1.26 1.838214625716
-2.25 1.35 1.10387110253906
-2.25 1.44 3.68588287929602
-2.25 1.53 10.8178630607031
-2.25 1.62 23.989668329844
-2.25 1.71 44.9793611385126
-2.25 1.8 75.8871089999999
-2.25 1.89 119.171020884327
-2.25 1.98 177.684920715924
-2.25 2.07 254.718057973748
-2.25 2.16 354.036755393856
-2.25 2.25 479.927993774414
-2.25 2.34 637.244933883156
-2.25 2.43 831.454375467285
-2.25 2.52 1068.68615336582
-2.25 2.61 1355.7844707244
-2.25 2.7 1700.3611693125
-2.25 2.79 2110.85093694312
-2.25 2.88 2596.56845199494
-2.25 2.97 3167.76746503685
-2.25 3.06 3835.70181755499
-2.25 3.15 4612.68839778223
-2.25 3.24 5512.17203363002
-2.25 3.33 6548.79232272281
-2.25 3.42 7738.4523995348
-2.25 3.51 9098.38963962923
-2.25 3.6 10647.248301
-2.25 3.69 12405.1541025158
-2.25 3.78 14393.7907394669
-2.25 3.87 16636.4783362139
-2.25 3.96 19158.2538359392
-2.25 4.05 21985.953327501
-2.25 4.14 25148.2963093899
-2.25 4.23 28675.9718907873
-2.25 4.32 32601.7269297268
-2.25 4.41 36960.456108358
-2.25 4.5 41789.2939453125

-2.16 -4.5 42374.481525
-2.16 -4.41 37702.5955335275
-2.16 -4.32 33472.7189159546
-2.16 -4.23 29650.4496522992
-2.16 -4.14 26203.4499558809
-2.16 -4.05 23101.3614747249
-2.16 -3.96 20315.7222781983
-2.16 -3.87 17819.8856288811
-2.16 -3.78 15588.9405396704
-2.16 -3.69 13599.6341161178
-2.16 -3.6 11830.2956840016
-2.16 -3.51 10260.7627021311
-2.16 -3.42 8872.30846038567
-2.16 -3.33 7647.57156298694
-2.16 -3.24 6570.48719700462
-2.16 -3.15 5626.2201860961
-2.16 -3.06 4801.09982947948
-2.16 -2.97 4082.55652614036
-2.16 -2.88 3459.06018427214
-2.16 -2.79 2920.06041594998
-2.16 -2.7 2455.9285170384
-2.16 -2.61 2057.90123233241
-2.16 -2.52 1718.02630593234
-2.16 -2.43 1429.10981685225
-2.16 -2.34 1184.66529986192
-2.16 -2.25 978.8646515625
-2.16 -2.16 806.490821695778
-2.16 -2.07 662.892289687006
-2.16 -1.98 543.939326421396
-2.16 -1.89 445.982041254197
-2.16 -1.8 365.8102142544
-2.16 -1.71 300.614913682053
-2.16 -1.62 247.951898699184
-2.16 -1.53 205.706807314344
-2.16 -1.44 172.062129560759
-2.16 -1.35 145.4659659081
-2.16 -1.26 124.60257090786
-2.16 -1.17 108.364682072349
-2.16 -1.08 95.8276339873036
-2.16 -0.99 86.2252576581013
-2.16 -0.9 78.9275650896
-2.16 -0.81 73.4202190995818
-2.16 -0.72 69.2857883658139
-2.16 -0.63 66.1867877067223
-2.16 -0.54 63.8505035956786
-2.16 -0.45 62.0556049089
-2.16 -0.36 60.6205389069628
-2.16 -0.27 59.3937124499295
-2.16 -0.18 58.2454584460883
-2.16 -0.0899999999999999 57.0617875343071
-2.16 0 55.739925
-2.16 0.0899999999999999 54.1856329247071
-2.16 0.18 52.3123175692883
-2.16 0.27 50.0419219907295
-2.16 0.36 47.3076038925628
-2.16 0.45 44.0581987089
-2.16 0.54 40.2644679220786
-2.16 0.63 35.9271326139223
-2.16 0.72 31.0866922506139
-2.16 0.81 25.8350287011818
-2.16 0.9 20.3287954896
-2.16 0.99 14.8045922805013
-2.16 1.08 9.59592459850352
-2.16 1.17 5.15194878114945
-2.16 1.26 2.05800216545987
-2.16 1.35 1.0579185081
-2.16 1.44 3.07812863915921
-2.16 1.53 9.25354634954397
-2.16 1.62 20.9552395119842
-2.16 1.71 39.8198864356532
-2.16 1.8 67.7810174543999
-2.16 1.89 107.102041748596
-2.16 1.98 160.411059400596
-2.16 2.07 230.737458683806
-2.16 2.16 321.550298585378
-2.16 2.25 436.7984765625
-2.16 2.34 580.952681532316
-2.16 2.43 759.04913209545
-2.16 2.52 976.735099993143
-2.16 2.61 1240.31621879801
-2.16 2.7 1556.8055778384
-2.16 2.79 1933.97460135638
-2.16 2.88 2380.40571289934
-2.16 2.97 2905.54678494516
-2.16 3.06 3519.76737376108
-2.16 3.15 4234.4167394961
-2.16 3.24 5061.88365150703
-2.16 3.33 6015.65797891814
-2.16 3.42 7110.39406641447
-2.16 3.51 8361.9758952687
-2.16 3.6 9787.58402960159
-2.16 3.69 11405.7643478762
-2.16 3.78 13236.4985596255
-2.16 3.87 15301.2765074139
-2.16 3.96 17623.1702540319
-2.16 4.05 20226.9099549249
-2.16 4.14 23138.9615158553
-2.16 4.23 26387.6060357984
-2.16 4.32 30003.0210350714
-2.16 4.41 34017.3634686971
-2.16 4.5 38464.854525

-2.07 -4.5 38953.6675453125
-2.07 -4.41 34660.8558558234
-2.07 -4.32 30774.0775649944
-2.07 -4.23 27261.7357815107
-2.07 -4.14 24094.1294116564
-2.07 -4.05 21243.3752800468
-2.07 -3.96 18683.3318899261
-2.07 -3.87 16389.524823027
-2.07 -3.78 14339.0737789952
-2.07 -3.69 12510.6212543762
-2.07 -3.6 10884.2628611664
-2.07 -3.51 9441.47928492737
-2.07 -3.42 8165.06988246385
-2.07 -3.33 7039.08791906498
-2.07 -3.24 6048.77744530924
-2.07 -3.15 5180.51181343287
-2.07 -3.06 4421.73383326175
-2.07 -2.97 3760.89756770679
-2.07 -2.88 3187.41176782292
-2.07 -2.79 2691.58494743146
-2.07 -2.7 2264.5720973061
-2.07 -2.61 1898.32303892234
-2.07 -2.52 1585.53241777043
-2.07 -2.43 1319.59133623191
-2.07 -2.34 1094.5406260195
-2.07 -2.25 905.025760180664
-2.07 -2.16 746.25340466456
-2.07 -2.07 613.94960945258
-2.07 -1.98 504.319639252358
-2.07 -1.89 414.009443755295
-2.07 -1.8 340.0687674576
-2.07 -1.71 279.915899044837
-2.07 -1.62 231.30406033998
-2.07 -1.53 192.289434814979
-2.07 -1.44 161.200835665836
-2.07 -1.35 136.611013451189
-2.07 -1.26 117.309603294406
-2.07 -1.17 102.277711649189
-2.07 -1.08 90.6641426286868
-2.07 -0.99 81.7632638981174
-2.07 -0.9 74.9945121309
-2.07 -0.81 69.8835380282964
-2.07 -0.72 66.0449909025617
-2.07 -0.63 63.1669428236043
-2.07 -0.54 60.9969523291562
-2.07 -0.45 59.3297676984516
-2.07 -0.36 57.9966697894155
-2.07 -0.27 56.8564544393623
-2.07 -0.18 55.7880544292026
-2.07 -0.0899999999999999 54.6848010111605
-2.07 0 53.450325
-2.07 0.0899999999999999 51.9960974277605
-2.07 0.18 50.2406097620026
-2.07 0.27 48.1101936875623
-2.07 0.36 45.5414804518155
-2.07 0.45 42.4854997734516
-2.07 0.54 38.9134183147562
-2.07 0.63 34.8239177174044
-2.07 0.72 30.2522122017617
-2.07 0.81 25.2807057296965
-2.07 0.9 20.0512887309
-2.07 0.99 14.7792743927173
-2.07 1.08 9.76897451348675
-2.07 1.17 5.43091491938899
-2.07 1.26 2.30069044480603
-2.07 1.35 1.05945947618906
-2.07 1.44 2.55607805943615
-2.07 1.53 7.83087357077909
-2.07 1.62 18.14105795118
-2.07 1.71 34.987780504237
-2.07 1.8 60.1448202575999
-2.07 1.89 95.6889178878947
-2.07 1.98 144.031747209158
-2.07 2.07 207.95352622478
-2.07 2.16 290.63826774296
-2.07 2.25 395.710669555664
-2.07 2.34 527.274644181103
-2.07 2.43 689.95348816971
-2.07 2.52 888.931690973632
-2.07 2.61 1129.99838337974
-2.07 2.7 1419.5924255061
-2.07 2.79 1764.84913436206
-2.07 2.88 2173.64865097172
-2.07 2.97 2654.66594706099
-2.07 3.06 3217.42247130814
-2.07 3.15 3872.33943515788
-2.07 3.24 4630.79273819885
-2.07 3.33 5505.16953310478
-2.07 3.42 6508.92643013906
-2.07 3.51 7656.64934122278
-2.07 3.6 8964.11496356639
-2.07 3.69 10448.3539028648
-2.07 3.78 12127.715436056
-2.07 3.87 14021.9339136432
-2.07 3.96 16152.1968015805
-2.07 4.05 18541.2143627218
-2.07 4.14 21213.290977834
-2.07 4.23 24194.3981061726
-2.07 4.32 27512.2488856216
-2.07 4.41 31196.3743723968
-2.07 4.5 35278.2014203125

-1.98 -4.5 35676.83638125
-1.98 -4.41 31747.0631341206
-1.98 -4.32 28188.874172846
-1.98 -4.23 24973.3584555471
-1.98 -4.14 22073.3394697163
-1.98 -4.05 19463.3039778418
-1.98 -3.96 17119.3322631225
-1.98 -3.87 15019.0298752766
-1.98 -3.78 13141.4608764416
-1.98 -3.69 11467.0825871661
-1.98 -3.6 9977.6818324944
-1.98 -3.51 8656.31268814307
-1.98 -3.42 7487.23572676935
-1.98 -3.33 6455.85876433194
-1.98 -3.24 5548.67910654389
-1.98 -3.15 4753.22729541756
-1.98 -3.06 4058.01235590179
-1.98 -2.97 3452.46854261114
-1.98 -2.88 2926.90358664728
-1.98 -2.79 2472.44844251256
-1.98 -2.7 2081.0085351156
-1.98 -2.61 1745.21650686918
-1.98 -2.52 1458.38646488009
-1.98 -2.43 1214.46972823127
-1.98 -2.34 1008.01207535592
-1.98 -2.25 834.112491503906
-1.98 -2.16 688.383416300202
-1.98 -2.07 566.91249139547
-1.98 -1.98 466.225808208811
-1.98 -1.89 383.252655762623
-1.98 -1.8 315.2917686096
-1.98 -1.71 259.979074851864
-1.98 -1.62 215.256944252231
-1.98 -1.53 179.344936437608
-1.98 -1.44 150.712049194527
-1.98 -1.35 128.050466856806
-1.98 -1.26 110.250808785354
-1.98 -1.17 96.3788779400992
-1.98 -1.08 85.6539095440537
-1.98 -0.99 77.4283198395157
-1.98 -0.9 71.1689549364
-1.98 -0.81 66.4398397527041
-1.98 -0.72 62.8864270471075
-1.98 -0.63 60.2213465437042
-1.98 -0.54 58.2116541488688
-1.98 -0.45 56.6675812602563
-1.98 -0.36 55.4327841679341
-1.98 -0.27 54.3760935476491
-1.98 -0.18 53.384764046227
-1.98 -0.0899999999999999 52.3592239591053
-1.98 0 51.209325
-1.98 0.0899999999999999 49.8520921627053
-1.98 0.18 48.210973675027
-1.98 0.27 46.2165910448491
-1.98 0.36 43.8089891983341
-1.98 0.45 40.9413867102562
-1.98 0.54 37.5854261264688
-1.98 0.63 33.7379243785042
-1.98 0.72 29.4291232903075
-1.98 0.81 24.7324401771041
-1.98 0.9 19.7757185364
-1.98 0.99 14.7539788311157
-1.98 1.08 9.94366936485366
-1.98 1.17 5.7184172492992
-1.98 1.26 2.56627946375448
-1.98 1.35 1.10849400680625
-1.98 1.44 2.11973114012683
-1.98 1.53 6.54984472440846
-1.98 1.62 15.5471236474312
-1.98 1.71 30.4830433442641
-1.98 1.8 52.9785174095999
-1.98 1.89 84.9316493022231
-1.98 1.98 128.546984141612
-1.98 2.07 186.366260596671
-1.98 2.16 261.300662866602
-1.98 2.25 356.664572753906
-1.98 2.34 476.210821829516
-1.98 2.43 624.167443690065
-1.98 2.52 805.275926307293
-1.98 2.61 1024.83096446958
-1.98 2.7 1288.7217123156
-1.98 2.79 1603.47453596016
-1.98 2.88 1976.29726621208
-1.98 2.97 2415.12495138434
-1.98 3.06 2928.66711019619
-1.98 3.15 3526.45648476756
-1.98 3.24 4218.89929370548
-1.98 3.33 5017.32698528274
-1.98 3.42 5934.04949070855
-1.98 3.51 6982.40997749147
-1.98 3.6 8176.84110289439
-1.98 3.69 9532.92276748167
-1.98 3.78 11067.4413687584
-1.98 3.87 12798.4505549018
-1.98 3.96 14745.3334785849
-1.98 4.05 16928.8665508918
-1.98 4.14 19371.2846953259
-1.98 4.23 22096.3481019099
-1.98 4.32 25129.4104813772
-1.98 4.41 28497.488819457
-1.98 4.5 32229.33463125

-1.89 -4.5 32543.9880328125
-1.89 -4.41 28961.2173684192
-1.89 -4.32 25717.1087395096
-1.89 -4.23 22785.3176744081
-1.89 -4.14 20141.0801300607
-1.89 -4.05 17761.1475681097
-1.89 -3.96 15623.7233977875
-1.89 -3.87 13708.4007856299
-1.89 -3.78 11996.1018320095
-1.89 -3.69 10469.0181144874
-1.89 -3.6 9110.5525979856
-1.89 -3.51 7905.26291177818
-1.89 -3.42 6838.80599330216
-1.89 -3.33 5897.88409878781
-1.89 -3.24 5070.19218070854
-1.89 -3.15 4344.36663205014
-1.89 -3.06 3709.93539739961
-1.89 -2.97 3157.2694508534
-1.89 -2.88 2677.53564074523
-1.89 -2.79 2262.65090119327
-1.89 -2.7 1905.2378304669
-1.89 -2.61 1598.58163617294
-1.89 -2.52 1336.58844726133
-1.89 -2.43 1113.74499285032
-1.89 -2.34 925.079647871155
-1.89 -2.25 766.124845532226
-1.89 -2.16 632.880856602705
-1.89 -2.07 521.780935515677
-1.89 -1.98 429.657833290756
-1.89 -1.89 353.711677276182
-1.89 -1.8 291.4792177104
-1.89 -1.71 240.804441103134
-1.89 -1.62 199.810550435938
-1.89 -1.53 166.873312182232
-1.89 -1.44 140.595770146831
-1.89 -1.35 119.784326124952
-1.89 -1.26 103.426187380705
-1.89 -1.17 90.6681809450801
-1.89 -1.08 80.7969347334043
-1.89 -0.99 73.2204254822963
-1.89 -0.9 67.4508935061
-1.89 -0.81 63.0891242728048
-1.89 -0.72 59.8100967994513
-1.89 -0.63 57.3499988670218
-1.89 -0.54 55.4946090548165
-1.89 -0.45 54.0690455943141
-1.89 -0.36 52.9288820425184
-1.89 -0.27 51.9526297747898
-1.89 -0.18 51.0355872971614
-1.89 -0.0899999999999999 50.0850563781414
-1.89 0 49.016925
-1.89 0.0899999999999999 47.7536171295414
-1.89 0.18 46.2234093083614
-1.89 0.27 44.3611140625898
-1.89 0.36 42.1101301321184
-1.89 0.45 39.4258595193141
-1.89 0.54 36.2804913572164
-1.89 0.63 32.6691525972218
-1.89 0.72 28.6174255162513
-1.89 0.81 24.1902320434048
-1.89 0.9 19.5020849061
-1.89 0.99 14.7287055956963
-1.89 1.08 10.1200091526043
-1.89 1.17 6.01445577088005
-1.89 1.26 2.85476922230522
-1.89 1.35 1.20502209995157
-1.89 1.44 1.76908788123127
-1.89 1.53 5.41045981043209
-1.89 1.62 13.1734366007379
-1.89 1.71 26.3056749557345
-1.89 1.8 46.2821089103999
-1.89 1.89 74.8302359915814
-1.89 1.98 113.956770197956
-1.89 2.07 165.975661799477
-1.89 2.16 233.537483956305
-1.89 2.25 319.660186157227
-1.89 2.34 427.761214477555
-1.89 2.43 561.690998656516
-1.89 2.52 725.767805994125
-1.89 2.61 924.813962067539
-1.89 2.7 1164.1934382669
-1.89 2.79 1449.85080615067
-1.89 2.88 1788.35155862043
-1.89 2.97 2186.9237979152
-1.89 3.06 2653.5012904252
-1.89 3.15 3196.76788832514
-1.89 3.24 3826.20331802694
-1.89 3.33 4552.13033545201
-1.89 3.42 5385.76324812296
-1.89 3.51 6339.25780407478
-1.89 3.6 7425.76244758559
-1.89 3.69 8659.47094172678
-1.89 3.78 10055.6763577327
-1.89 3.87 11630.8264311897
-1.89 3.96 13402.5802850451
-1.89 4.05 15389.8665194347
-1.89 4.14 17612.9426683311
-1.89 4.23 20093.4560230103
-1.89 4.32 22854.5058223384
-1.89 4.41 25920.7068098778
-1.89 4.5 29318.2541578125

-1.8 -4.5 29555.1225
-1.8 -4.41 26303.3185587191
-1.8 -4.32 23358.7812649851
-1.8 -4.23 20697.6134380939
-1.8 -4.14 18297.3513926895
-1.8 -4.05 16136.9060508506
-1.8 -3.96 14196.505293921
-1.8 -3.87 12457.6375540869
-1.8 -3.78 10902.9966456989
-1.8 -3.69 9516.42783634015
-1.8 -3.6 8282.87515764
-1.8 -3.51 7188.3299558327
-1.8 -3.42 6219.78068206227
-1.8 -3.33 5365.1639224326
-1.8 -3.24 4613.31666780321
-1.8 -3.15 3953.92982333062
-1.8 -3.06 3377.5029577552
-1.8 -2.97 2875.30029243358
-1.8 -2.88 2439.30793011676
-1.8 -2.79 2062.1923234736
-1.8 -2.7 1737.25998336
-1.8 -2.61 1458.41842683362
-1.8 -2.52 1220.13836491413
-1.8 -2.43 1017.41713008906
-1.8 -2.34 845.74334356522
-1.8 -2.25 701.062822265625
-1.8 -2.16 579.745725572068
-1.8 -2.07 478.554941813199
-1.8 -1.98 394.615714498191
-1.8 -1.89 325.38650829597
-1.8 -1.8 268.63111476
-1.8 -1.71 222.391997798648
-1.8 -1.62 184.9648788911
-1.8 -1.53 154.87456204885
-1.8 -1.44 130.851998522749
-1.8 -1.35 111.812591255625
-1.8 -1.26 96.8357390804582
-1.8 -1.17 85.1456206641315
-1.8 -1.08 76.0932181967385
-1.8 -0.99 69.1395808264593
-1.8 -0.9 63.84032784
-1.8 -0.81 59.8313915885984
-1.8 -0.72 56.816000159593
-1.8 -0.63 54.5528997935571
-1.8 -0.54 52.845817046999
-1.8 -0.45 51.534160700625
-1.8 -0.36 50.4849634131686
-1.8 -0.27 49.5860631207844
-1.8 -0.18 48.7405241820058
-1.8 -0.0899999999999999 47.8622982682688
-1.8 0 46.873125
-1.8 0.0899999999999999 45.7006723282688
-1.8 0.18 44.2779166620058
-1.8 0.27 42.5437627407844
-1.8 0.36 40.4449032531686
-1.8 0.45 37.938918200625
-1.8 0.54 34.998614006999
-1.8 0.63 31.6176023735572
-1.8 0.72 27.817118879593
-1.8 0.81 23.6540813285985
-1.8 0.9 19.23038784
-1.8 0.99 14.7034546864592
-1.8 1.08 10.2979938767386
-1.8 1.17 6.31903048413156
-1.8 1.26 3.16615972045825
-1.8 1.35 1.349043755625
-1.8 1.44 1.50414828274945
-1.8 1.53 4.41271882884997
-1.8 1.62 11.0199968111002
-1.8 1.71 22.455675338648
-1.8 1.8 40.0555947599999
-1.8 1.89 65.3846779559695
-1.8 1.98 100.261105378192
-1.8 2.07 146.781729833199
-1.8 2.16 207.348731012068
-1.8 2.25 284.697509765625
-1.8 2.34 381.92582212522
-1.8 2.43 502.524153069062
-1.8 2.52 650.407330034126
-1.8 2.61 829.947376173618
-1.8 2.7 1046.00760336
-1.8 2.79 1303.9779449336
-1.8 2.88 1609.81152819676
-1.8 2.97 1970.06248665358
-1.8 3.06 2391.9250119952
-1.8 3.15 2883.27364583063
-1.8 3.24 3452.70481116321
-1.8 3.33 4109.5795836126
-1.8 3.42 4864.06770238227
-1.8 3.51 5727.1928209727
-1.8 3.6 6710.87899763999
-1.8 3.69 7827.99842560014
-1.8 3.78 9092.42040297885
-1.8 3.87 10519.0615425069
-1.8 3.96 12123.9372209611
-1.8 4.05 13924.2142683506
-1.8 4.14 15938.2648968495
-1.8 4.23 18185.7218694739
-1.8 4.32 20687.5349085051
-1.8 4.41 23466.0283436591
-1.8 4.5 26544.96

-1.71 -4.5 26710.2397828125
-1.71 -4.41 23773.3667050204
-1.71 -4.32 21113.8917492726
-1.71 -4.23 18710.2457466043
-1.71 -4.14 16542.1532576028
-1.71 -4.05 14590.5794260646
-1.71 -3.96 12837.6779515232
-1.71 -3.87 11266.7401806475
-1.71 -3.78 9862.14531750972
-1.71 -3.69 8609.31175272436
-1.71 -3.6 7494.6495114576
-1.71 -3.51 6505.51382030664
-1.71 -3.42 5630.1597930497
-1.71 -3.33 4857.69823526629
-1.71 -3.24 4178.0525678279
-1.71 -3.15 3581.91686925901
-1.71 -3.06 3060.71503696857
-1.71 -2.97 2606.56106735169
-1.71 -2.88 2212.22045476188
-1.71 -2.79 1871.07270935355
-1.71 -2.7 1577.0749937949
-1.71 -2.61 1324.72687885122
-1.71 -2.52 1109.0362178385
-1.71 -2.43 925.486139947505
-1.71 -2.34 770.00316243811
-1.71 -2.25 638.926421704101
-1.71 -2.16 528.978023208291
-1.71 -2.07 437.234510288037
-1.71 -1.98 361.099451831118
-1.71 -1.89 298.277148821988
-1.71 -1.8 246.7474597584
-1.71 -1.71 204.741744938405
-1.71 -1.62 170.719929617718
-1.71 -1.53 143.348686037462
-1.71 -1.44 121.480734322281
-1.71 -1.35 104.135262248827
-1.71 -1.26 90.4794638846135
-1.71 -1.17 79.8111970972537
-1.71 -1.08 71.5427599340565
-1.71 -0.99 65.1857858720045
-1.71 -0.9 60.3372579381
-1.71 -0.81 56.6666417000851
-1.71 -0.72 53.9041371275326
-1.71 -0.63 51.8300493233103
-1.71 -0.54 50.2652781254166
-1.71 -0.45 49.0629265791891
-1.71 -0.36 48.1010282798847
-1.71 -0.27 47.2763935856329
-1.71 -0.18 46.4995747007602
-1.71 -0.0899999999999999 45.6909496294876
-1.71 0 44.777925
-1.71 0.0899999999999999 43.6932577588876
-1.71 0.18 42.3744957359602
-1.71 0.27 40.7645370794329
-1.71 0.36 38.8133085614847
-1.71 0.45 36.4805627541891
-1.71 0.54 33.7397940758166
-1.71 0.63 30.5832737075103
-1.71 0.72 27.0282033803327
-1.71 0.81 23.1239880326851
-1.71 0.9 18.9606273381
-1.71 0.99 14.6782261034045
-1.71 1.08 10.4776235372565
-1.71 1.17 6.63214138905374
-1.71 1.26 3.50045095821357
-1.71 1.35 1.54055897382657
-1.71 1.44 1.32491234468137
-1.71 1.53 3.5566217796621
-1.71 1.62 9.08680427851789
-1.71 1.71 18.9330444930048
-1.71 1.8 34.2989749584
-1.71 1.89 56.5949751953875
-1.71 1.98 87.4599896823178
-1.71 2.07 128.784464697837
-1.71 2.16 182.734404033891
-1.71 2.25 251.776543579101
-1.71 2.34 338.704644772511
-1.71 2.43 446.666906927704
-1.71 2.52 579.194498427299
-1.71 2.61 740.231206787816
-1.71 2.7 934.1642075949
-1.71 2.79 1165.85595230895
-1.71 2.88 1440.67717494108
-1.71 2.97 1764.54101759949
-1.71 3.06 2143.93827490616
-1.71 3.15 2585.97375728402
-1.71 3.24 3098.4037731143
-1.71 3.33 3689.67472976449
-1.71 3.42 4368.9628534865
-1.71 3.51 5146.21502818524
-1.71 3.6 6032.1907530576
-1.71 3.69 7038.50521910175
-1.71 3.78 8177.67350449691
-1.71 3.87 9463.15588885333
-1.71 3.96 10909.4042863329
-1.71 4.05 12531.9097976396
-1.71 4.14 14347.2513808812
-1.71 4.23 16373.1456413005
-1.71 4.32 18628.4977398774
-1.71 4.41 21133.453420801
-1.71 4.5 23909.4521578125

-1.62 -4.5 24009.33988125
-1.62 -4.41 21371.361807323
-1.62 -4.32 18982.440192372
-1.62 -4.23 16823.2145999395
-1.62 -4.14 14875.4857248005
-1.62 -4.05 13122.1676937515
-1.62 -3.96 11547.2413705941
-1.62 -3.87 10135.7086653119
-1.62 -3.78 8873.54784744208
-1.62 -3.69 7747.66986364002
-1.62 -3.6 6745.8756594384
-1.62 -3.51 5856.81450519999
-1.62 -3.42 5069.94332626444
-1.62 -3.33 4375.4870372889
-1.62 -3.24 3764.3998807826
-1.62 -3.15 3228.3277698353
-1.62 -3.06 2759.57163503971
-1.62 -2.97 2351.0517756077
-1.62 -2.88 1996.27321468058
-1.62 -2.79 1689.29205883312
-1.62 -2.7 1424.6828617716
-1.62 -2.61 1197.50699222573
-1.62 -2.52 1003.28200603444
-1.62 -2.43 837.952022425641
-1.62 -2.34 697.859104489828
-1.62 -2.25 579.715643847657
-1.62 -2.16 480.577749511375
-1.62 -2.07 397.819640940191
-1.62 -1.98 329.109045289535
-1.62 -1.89 272.383598854236
-1.62 -1.8 225.8282527056
-1.62 -1.71 187.853682522405
-1.62 -1.62 157.075702615791
-1.62 -1.53 132.295684148068
-1.62 -1.44 112.481977545427
-1.62 -1.35 96.7523391045563
-1.62 -1.26 84.3573617931712
-1.62 -1.17 74.6649102444466
-1.62 -1.08 67.1455599453582
-1.62 -0.99 61.359040618932
-1.62 -0.9 56.9416838004
-1.62 -0.81 53.5948746072647
-1.62 -0.72 51.0745077032703
-1.62 -0.63 49.1814474562813
-1.62 -0.54 47.7529922900692
-1.62 -0.45 46.6553432300063
-1.62 -0.36 45.7770766426666
-1.62 -0.27 45.0236211693353
-1.62 -0.18 44.3127388534247
-1.62 -0.0899999999999999 43.5710104617978
-1.62 0 42.731325
-1.62 0.0899999999999999 41.7313734213978
-1.62 0.18 40.5131465302247
-1.62 0.27 39.0234370785353
-1.62 0.36 37.2153460570666
-1.62 0.45 35.0507931800063
-1.62 0.54 32.5040315636692
-1.62 0.63 29.5661665990813
-1.62 0.72 26.2506790184703
-1.62 0.81 22.5999521556648
-1.62 0.9 18.6928034004
-1.62 0.99 14.653019846532
-1.62 1.08 10.6588981341582
-1.62 1.17 6.95378848564657
-1.62 1.26 3.85764293557118
-1.62 1.35 1.77956775455626
-1.62 1.44 1.23138006702705
-1.62 1.53 2.84216866286848
-1.62 1.62 7.37385900299114
-1.62 1.71 15.7377824188049
-1.62 1.8 29.0122495056
-1.62 1.89 48.4611277098353
-1.62 1.98 75.5534231103351
-1.62 2.07 111.983866393391
-1.62 2.16 159.694503021775
-1.62 2.25 220.897287597656
-1.62 2.34 298.097682419428
-1.62 2.43 394.119260232441
-1.62 2.52 512.129311173643
-1.62 2.61 655.665453910131
-1.62 2.7 828.663250971601
-1.62 2.79 1035.48482827672
-1.62 2.88 1280.94849885338
-1.62 2.97 1570.3593907529
-1.62 3.06 1909.54107915811
-1.62 3.15 2304.86822268531
-1.62 3.24 2763.3002038802
-1.62 3.33 3292.4157739077
-1.62 3.42 3900.44870143564
-1.62 3.51 4596.32442571239
-1.62 3.6 5389.6977138384
-1.62 3.69 6290.99132223162
-1.62 3.78 7311.43566228687
-1.62 3.87 8463.10947022907
-1.62 3.96 9758.98148116046
-1.62 4.05 11212.9531073015
-1.62 4.14 12839.9021204261
-1.62 4.23 14655.7273384903
-1.62 4.32 16677.3943164552
-1.62 4.41 18922.9820413034
-1.62 4.5 21411.73063125

-1.53 -4.5 21452.4227953125
-1.53 -4.41 19097.3038656269
-1.53 -4.32 16964.4265942833
-1.53 -4.23 15036.5199980994
-1.53 -4.14 13297.3487942827
-1.53 -4.05 11731.6708539114
-1.53 -3.96 10325.1955511335
-1.53 -3.87 9064.54300807991
-1.53 -3.78 7937.20423549592
-1.53 -3.69 6931.50216908713
-1.53 -3.6 6036.5536015824
-1.53 -3.51 5242.23201051275
-1.53 -3.42 4539.13128170649
-1.53 -3.33 3918.53032850042
-1.53 -3.24 3372.35860666732
-1.53 -3.15 2893.1625250595
-1.53 -3.06 2474.07275196863
-1.53 -2.97 2108.77241720164
-1.53 -2.88 1791.46620987286
-1.53 -2.79 1516.8503719123
-1.53 -2.7 1280.0835872901
-1.53 -2.61 1076.75876695716
-1.53 -2.52 902.875729501957
-1.53 -2.43 754.814777523473
-1.53 -2.34 629.311169720371
-1.53 -2.25 523.430488696289
-1.53 -2.16 434.544904481319
-1.53 -2.07 360.310333769661
-1.53 -1.98 298.644494873443
-1.53 -1.89 247.705858392713
-1.53 -1.8 205.8734936016
-1.53 -1.71 171.727810550648
-1.53 -1.62 144.03219788532
-1.53 -1.53 121.715556380669
-1.53 -1.44 103.855728192186
-1.53 -1.35 89.663821822814
-1.53 -1.26 78.469432806131
-1.53 -1.17 69.70676010571
-1.53 -1.08 62.9016182306436
-1.53 -0.99 57.6593450672418
-1.53 -0.9 53.6536054269
-1.53 -0.81 50.6160903101374
-1.53 -0.72 48.3271118868059
-1.53 -0.63 46.60709419247
-1.53 -0.54 45.3089595409568
-1.53 -0.45 44.3114106530765
-1.53 -0.36 43.5131085015143
-1.53 -0.27 42.8277458718917
-1.53 -0.18 42.1800166399991
-1.53 -0.0899999999999999 41.5024807651992
-1.53 0 40.733325
-1.53 0.0899999999999999 39.8150193157992
-1.53 0.18 38.6938690447992
-1.53 0.27 37.3204627380917
-1.53 0.36 35.6510157399143
-1.53 0.45 33.6496094780766
-1.53 0.54 31.2913264705568
-1.53 0.63 28.56628104827
-1.53 0.72 25.4845457940059
-1.53 0.81 22.0819736975374
-1.53 0.9 18.4269160269
-1.53 0.99 14.6278359158418
-1.53 1.08 10.8418176674436
-1.53 1.17 7.28397177391005
-1.53 1.26 4.23773565253108
-1.53 1.35 2.06607009781407
-1.53 1.44 1.22355144978647
-1.53 1.53 2.2693594784691
-1.53 1.62 5.88116098451987
-1.53 1.71 12.8698891160482
-1.53 1.8 24.1954184016
-1.53 1.89 40.983135499313
-1.53 1.98 64.5414056622434
-1.53 2.07 96.3799349198612
-1.53 2.16 138.229027975719
-1.53 2.25 192.059741821289
-1.53 2.34 260.104935065971
-1.53 2.43 344.881212983273
-1.53 2.52 449.211768273156
-1.53 2.61 576.250117540564
-1.53 2.7 729.5047334901
-1.53 2.79 912.864572836901
-1.53 2.88 1130.62549993366
-1.53 2.97 1387.51760611384
-1.53 3.06 1688.73342475103
-1.53 3.15 2039.9570420345
-1.53 3.24 2447.39410346092
-1.53 3.33 2917.80271604222
-1.53 3.42 3458.52524622969
-1.53 3.51 4077.52101355415
-1.53 3.6 4783.3998799824
-1.53 3.69 5585.45673498973
-1.53 3.78 6493.70687634872
-1.53 3.87 7518.92228663409
-1.53 3.96 8672.66880544387
-1.53 4.05 9967.34419733646
-1.53 4.14 11416.2171154843
-1.53 4.23 13033.4669610432
-1.53 4.32 14834.2246382385
-1.53 4.41 16834.6142051663
-1.53 4.5 19051.7954203125

-1.44 -4.5 19039.488525
-1.44 -4.41 16951.1928799322
-1.44 -4.32 15059.8509550065
-1.44 -4.23 13350.1619410841
-1.44 -4.14 11807.7424660493
-1.44 -4.05 10419.0889065444
-1.44 -3.96 9171.54049314147
-1.44 -3.87 8053.24320895161
-1.44 -3.78 7053.11448167127
-1.44 -3.69 6160.8086690657
-1.44 -3.6 5366.6833378896
-1.44 -3.51 4661.76633624493
-1.44 -3.42 4037.72365937585
-1.44 -3.33 3486.82810890086
-1.44 -3.24 3001.92874548206
-1.44 -3.15 2576.4211349316
-1.44 -3.06 2204.21838775533
-1.44 -2.97 1879.72299213349
-1.44 -2.88 1597.79944033873
-1.44 -2.79 1353.7476485911
-1.44 -2.7 1143.2771703504
-1.44 -2.61 962.482203045516
-1.44 -2.52 807.817388241042
-1.44 -2.43 676.074405241
-1.44 -2.34 564.35935812974
-1.44 -2.25 470.07095625
-1.44 -2.16 390.879488118124
-1.44 -2.07 324.706588776447
-1.44 -1.98 269.705800582842
-1.44 -1.89 224.243927437421
-1.44 -1.8 186.8831824464
-1.44 -1.71 156.364129023135
-1.44 -1.62 131.589415426304
-1.44 -1.53 111.608302735264
-1.44 -1.44 95.6019862625596
-1.44 -1.35 82.8697104036
-1.44 -1.26 72.8156769234932
-1.44 -1.17 64.9367466810442
-1.44 -1.08 58.8109347899127
-1.44 -0.99 54.0866992169339
-1.44 -0.9 50.4730228176
-1.44 -0.81 47.730288808703
-1.44 -0.72 45.6619496781395
-1.44 -0.63 44.1069895318766
-1.44 -0.54 42.9331798780794
-1.44 -0.45 42.0311288484
-1.44 -0.36 41.3091238564279
-1.44 -0.27 40.688767693302
-1.44 -0.18 40.1014080604837
-1.44 -0.0899999999999999 39.4853605396921
-1.44 0 38.783925
-1.44 0.0899999999999999 37.9441954420921
-1.44 0.18 36.9166632796837
-1.44 0.27 35.655614058102
-1.44 0.36 34.1203176100279
-1.44 0.45 32.2770116484
-1.44 0.54 30.1016787964794
-1.44 0.63 27.5836170550766
-1.44 0.72 24.7298037069395
-1.44 0.81 21.570052658303
-1.44 0.9 18.1629652176
-1.44 0.99 14.6026743113339
-1.44 1.08 11.0263821371127
-1.44 1.17 7.6226912538442
-1.44 1.26 4.64072910909328
-1.44 1.35 2.40006600360001
-1.44 1.44 1.30142649295964
-1.44 1.53 1.83819422646398
-1.44 1.62 4.60871022310411
-1.44 1.71 10.3293645847347
-1.44 1.8 19.8484816464
-1.44 1.89 34.1609985638205
-1.44 1.98 54.4239373380426
-1.44 2.07 81.9726702772473
-1.44 2.16 118.337978895723
-1.44 2.25 165.26390625
-1.44 2.34 224.726402712141
-1.44 2.43 298.9527651802
-1.44 2.52 390.441869725841
-1.44 2.61 501.985197679116
-1.44 2.7 636.6886551504
-1.44 2.79 797.995185989504
-1.44 2.88 989.708178181929
-1.44 2.97 1216.01566368229
-1.44 3.06 1481.51531168493
-1.44 3.15 1791.2402153316
-1.44 3.24 2150.68547185646
-1.44 3.33 2565.83555616806
-1.44 3.42 3043.19248786866
-1.44 3.51 3589.80479171053
-1.44 3.6 4213.2972514896
-1.44 3.69 4921.90145737609
-1.44 3.78 5724.48714668246
-1.44 3.87 6630.5943380684
-1.44 3.96 7650.46625918308
-1.44 4.05 8795.08306774441
-1.44 4.14 10076.1963660557
-1.44 4.23 11506.3645089593
-1.44 4.32 13098.9887052273
-1.44 4.41 14868.3499123898
-1.44 4.5 16829.646525

-1.35 -4.5 16770.5370703125
-1.35 -4.41 14933.0288502389
-1.35 -4.32 13268.7132745416
-1.35 -4.23 11764.1404288934
-1.35 -4.14 10406.6667401003
-1.35 -4.05 9184.42185165035
-1.35 -3.96 8086.27619661809
-1.35 -3.87 7101.809267927
-1.35 -3.78 6221.27858596811
-1.35 -3.69 5435.58936357571
-1.35 -3.6 4736.26486836
-1.35 -3.51 4115.41748239652
-1.35 -3.42 3565.72045927253
-1.35 -3.33 3080.38037849021
-1.35 -3.24 2653.11029722681
-1.35 -3.15 2278.1035994516
-1.35 -3.06 1950.0085423998
-1.35 -2.97 1663.90350040327
-1.35 -2.88 1415.27290607818
-1.35 -2.79 1199.98388886953
-1.35 -2.7 1014.2636109525
-1.35 -2.61 854.677300490786
-1.35 -2.52 718.106982251697
-1.35 -2.43 601.730905578223
-1.35 -2.34 503.003669717936
-1.35 -2.25 419.637046508789
-1.35 -2.16 349.581500421788
-1.35 -2.07 291.008405960549
-1.35 -1.98 242.292962417733
-1.35 -1.89 201.997805988358
-1.35 -1.8 168.85731924
-1.35 -1.71 141.762637939865
-1.35 -1.62 119.747355238744
-1.35 -1.53 101.973923211853
-1.35 -1.44 87.7207517565466
-1.35 -1.35 76.3700048469141
-1.35 -1.26 67.3960941452577
-1.35 -1.17 60.354869970449
-1.35 -1.08 54.8735096231654
-1.35 -0.99 50.6411030680083
-1.35 -0.9 47.3999359725
-1.35 -0.81 44.9374701029616
-1.35 -0.72 43.079021077271
-1.35 -0.63 41.6811334745009
-1.35 -0.54 40.625653301437
-1.35 -0.45 39.8144978159766
-1.35 -0.36 39.1651227074074
-1.35 -0.27 38.6066866335662
-1.35 -0.18 38.0769131148782
-1.35 -0.0899999999999999 37.5196497852762
-1.35 0 36.883125
-1.35 0.0899999999999999 36.1189018002762
-1.35 0.18 35.1815292348782
-1.35 0.27 34.0288910385662
-1.35 0.36 32.6232516674074
-1.35 0.45 30.9329996909766
-1.35 0.54 28.935088541437
-1.35 0.63 26.6181746195009
-1.35 0.72 23.986452757271
-1.35 0.81 21.0641890379616
-1.35 0.9 17.9009509725
-1.35 0.99 14.5775350330083
-1.35 1.08 11.2125915431654
-1.35 1.17 7.96994692544901
-1.35 1.26 5.06662330525777
-1.35 1.35 2.78155547191407
-1.35 1.44 1.46500519654656
-1.35 1.53 1.54867290685311
-1.35 1.62 3.55650671874385
-1.35 1.71 8.11620882486452
-1.35 1.8 15.97143924
-1.35 1.89 27.9947169033579
-1.35 1.98 45.2010181377328
-1.35 2.07 68.7620724655494
-1.35 2.16 100.021355781788
-1.35 2.25 140.509780883789
-1.35 2.34 191.962085357936
-1.35 2.43 256.333916823223
-1.35 2.52 335.819615531696
-1.35 2.61 432.870694325785
-1.35 2.7 550.2150159525
-1.35 2.79 690.876667734525
-1.35 2.88 858.196533598179
-1.35 2.97 1055.85356345827
-1.35 3.06 1287.8867399598
-1.35 3.15 1558.7177425766
-1.35 3.24 1873.17430906681
-1.35 3.33 2236.51429428521
-1.35 3.42 2654.45042635253
-1.35 3.51 3133.17576018152
-1.35 3.6 3679.38982836
-1.35 3.69 4300.32548939071
-1.35 3.78 5003.7764732881
-1.35 3.87 5798.125624532
-1.35 3.96 6692.3738423781
-1.35 4.05 7696.16971852536
-1.35 4.14 8819.83987214037
-1.35 4.23 10074.4199822384
-1.35 4.32 11471.6865174216
-1.35 4.41 13024.1891629739
-1.35 4.5 14745.2839453125

-1.26 -4.5 14645.56843125
-1.26 -4.41 13042.8117765469
-1.26 -4.32 11591.0135528887
-1.26 -4.23 10278.4554615275
-1.26 -4.14 9094.12161643586
-1.26 -4.05 8027.6696892293
-1.26 -3.96 7069.40266156331
-1.26 -3.87 6210.24118500608
-1.26 -3.78 5441.69654838644
-1.26 -3.69 4755.84425261717
-1.26 -3.6 4145.2981929936
-1.26 -3.51 3603.18544896752
-1.26 -3.42 3123.12168139651
-1.26 -3.33 2699.18713726847
-1.26 -3.24 2325.90326190157
-1.26 -3.15 1998.20991861951
-1.26 -3.06 1711.44321590205
-1.26 -2.97 1461.31394201096
-1.26 -2.88 1243.88660709121
-1.26 -2.79 1055.55909274756
-1.26 -2.7 893.0429090964
-1.26 -2.61 753.344059292973
-1.26 -2.52 633.744511533922
-1.26 -2.43 531.784278535141
-1.26 -2.34 445.244104484957
-1.26 -2.25 372.128759472656
-1.26 -2.16 310.650941392313
-1.26 -2.07 259.215785321967
-1.26 -1.98 216.405980378114
-1.26 -1.89 180.967494045525
-1.26 -1.8 151.7959039824
-1.26 -1.71 127.923337300837
-1.26 -1.62 108.506017322639
-1.26 -1.53 92.8124178104364
-1.26 -1.44 80.2120246741472
-1.26 -1.35 70.1647051527562
-1.26 -1.26 62.2106844714245
-1.26 -1.17 55.9611299739245
-1.26 -1.08 51.0893427304019
-1.26 -0.99 47.322556620465
-1.26 -0.9 44.4343448916
-1.26 -0.81 42.2376341929132
-1.26 -0.72 40.5783260842005
-1.26 -0.63 39.329526020343
-1.26 -0.54 38.3863798110295
-1.26 -0.45 37.6615175558062
-1.26 -0.36 37.0811050544526
-1.26 -0.27 36.5815026926843
-1.26 -0.18 36.1065318031828
-1.26 -0.0899999999999999 35.6053485019517
-1.26 0 35.030925
-1.26 0.0899999999999999 34.3391383903517
-1.26 0.18 33.4884669103828
-1.26 0.27 32.4402936794843
-1.26 0.36 31.1598179120526
-1.26 0.45 29.6175736058062
-1.26 0.54 27.7915557054295
-1.26 0.63 25.669953741543
-1.26 0.72 23.2544929450006
-1.26 0.81 20.5643828365132
-1.26 0.9 17.6408732916
-1.26 0.99 14.552418080865
-1.26 1.08 11.4004458856019
-1.26 1.17 8.32573878872447
-1.26 1.26 5.51541824102455
-1.26 1.35 3.21053850275626
-1.26 1.44 1.71428756054722
-1.26 1.53 1.40079551963648
-1.26 1.62 2.72455047143908
-1.26 1.71 6.23042183643753
-1.26 1.8 12.5642911824
-1.26 1.89 22.4842905179251
-1.26 1.98 36.8726480613138
-1.26 2.07 56.7481414847674
-1.26 2.16 83.2791586339132
-1.26 2.25 117.797365722656
-1.26 2.34 161.811983003358
-1.26 2.43 217.02466791234
-1.26 2.52 285.345005690722
-1.26 2.61 368.906607480573
-1.26 2.7 470.0838158964
-1.26 2.79 591.509018071964
-1.26 2.88 736.090566182414
-1.26 2.97 907.031305441756
-1.26 3.06 1107.84770957565
-1.26 3.15 1342.38962376951
-1.26 3.24 1614.86061509197
-1.26 3.33 1929.83893039367
-1.26 3.42 2292.29906168131
-1.26 3.51 2707.63391896712
-1.26 3.6 3181.6776105936
-1.26 3.69 3720.72883103357
-1.26 3.78 4331.57485616563
-1.26 3.87 5021.51614602487
-1.26 3.96 5798.39155502892
-1.26 4.05 6670.60414967931
-1.26 4.14 7647.14763373827
-1.26 4.23 8737.63338088069
-1.26 4.32 9952.31807482152
-1.26 4.41 11302.1319569185
-1.26 4.5 12798.70768125

-1.17 -4.5 12664.5826078125
-1.17 -4.41 11280.5416588562
-1.17 -4.32 10026.7517900477
-1.17 -4.23 8893.10703898628
-1.17 -4.14 7870.10709505582
-1.17 -4.05 6948.83241928126
-1.17 -3.96 6120.91988797714
-1.17 -3.87 5378.53896018884
-1.17 -3.78 4714.36836892627
-1.17 -3.69 4121.57333619009
-1.17 -3.6 3593.7833117904
-1.17 -3.51 3125.07023595794
-1.17 -3.42 2709.92732574781
-1.17 -3.33 2343.24838523565
-1.17 -3.24 2020.30763950636
-1.17 -3.15 1736.74009243531
-1.17 -3.06 1488.52240826207
-1.17 -2.97 1271.95431695656
-1.17 -2.88 1083.64054337783
-1.17 -2.79 920.473260225221
-1.17 -2.7 779.6150647821
-1.17 -2.61 658.482479452079
-1.17 -2.52 554.729976087719
-1.17 -2.43 466.234524111754
-1.17 -2.34 391.080662430805
-1.17 -2.25 327.546095141602
-1.17 -2.16 274.087811029699
-1.17 -2.07 229.328726860701
-1.17 -1.98 192.044854463986
-1.17 -1.89 161.152991608922
-1.17 -1.8 135.6989366736
-1.17 -1.71 114.846227106054
-1.17 -1.62 97.8654016779898
-1.17 -1.53 84.1237865310141
-1.17 -1.44 73.0758050153616
-1.17 -1.35 64.2538113211266
-1.17 -1.26 57.2594479019936
-1.17 -1.17 51.7555266914706
-1.17 -1.08 47.458434111622
-1.17 -0.99 44.131059874304
-1.17 -0.9 41.5762495749
-1.17 -0.81 39.6307810785578
-1.17 -0.72 38.159864698928
-1.17 -0.63 37.0521671694029
-1.17 -0.54 36.2153594068571
-1.17 -0.45 35.5721880678891
-1.17 -0.36 35.0570708975637
-1.17 -0.27 34.6132158706564
-1.17 -0.18 34.1902641253974
-1.17 -0.0899999999999999 33.7424566897186
-1.17 0 33.227325
-1.17 0.0899999999999999 32.6049052123186
-1.17 0.18 31.8374763061974
-1.17 0.27 30.8898219808564
-1.17 0.36 29.7300163439637
-1.17 0.45 28.3307333928891
-1.17 0.54 26.6710802884571
-1.17 0.63 24.7389544212029
-1.17 0.72 22.533924270128
-1.17 0.81 20.0706340539579
-1.17 0.9 17.3827321749
-1.17 0.99 14.527323454904
-1.17 1.08 11.589945164422
-1.17 1.17 8.69006684367059
-1.17 1.26 5.98711391639361
-1.17 1.35 3.68701509612657
-1.17 1.44 2.04927358496163
-1.17 1.53 1.39456206481411
-1.17 1.62 2.11284148118982
-1.17 1.71 4.67200361945379
-1.17 1.8 9.62703747359999
-1.17 1.89 17.6297194075221
-1.17 1.98 29.4388271087859
-1.17 2.07 45.9308773349015
-1.17 2.16 68.1113874520987
-1.17 2.25 97.1266607666015
-1.17 2.34 134.276095648405
-1.17 2.43 181.025018447554
-1.17 2.52 239.018040202919
-1.17 2.61 310.092937143479
-1.17 2.7 396.2950549821
-1.17 2.79 499.892237001821
-1.17 2.88 623.390275934633
-1.17 2.97 769.548889632764
-1.17 3.06 941.39822053247
-1.17 3.15 1142.25585891031
-1.17 3.24 1375.74438993196
-1.17 3.33 1645.80946449345
-1.17 3.42 1956.73839385501
-1.17 3.51 2313.17926806734
-1.17 3.6 2720.1605981904
-1.17 3.69 3183.11148230469
-1.17 3.78 3707.88229531506
-1.17 3.87 4300.76590254703
-1.17 3.96 4968.51939713555
-1.17 4.05 5718.38636120627
-1.17 4.14 6558.11965084943
-1.17 4.23 7496.00470488608
-1.17 4.32 8540.88337742692
-1.17 4.41 9702.1782942236
-1.17 4.5 10989.9177328125

-1.08 -4.5 10827.5796
-1.08 -4.41 9646.21849716688
-1.08 -4.32 8575.92798601865
-1.08 -4.23 7608.09516126979
-1.08 -4.14 6734.62317596022
-1.08 -4.05 5947.91004180622
-1.08 -3.96 5240.82787585958
-1.08 -3.87 4606.70259347528
-1.08 -3.78 4039.29404758759
-1.08 -3.69 3532.77661429445
-1.08 -3.6 3081.7202247504
-1.08 -3.51 2681.07184336777
-1.08 -3.42 2326.13739232642
-1.08 -3.33 2012.56412239174
-1.08 -3.24 1736.32343004116
-1.08 -3.15 1493.69412089902
-1.08 -3.06 1281.24611947987
-1.08 -2.97 1095.82462524009
-1.08 -2.88 934.534714938035
-1.08 -2.79 794.726391302496
-1.08 -2.7 673.9800780096
-1.08 -2.61 570.092560968103
-1.08 -2.52 481.063375913086
-1.08 -2.43 405.081642308063
-1.08 -2.34 340.513343555479
-1.08 -2.25 285.889053515625
-1.08 -2.16 239.892109333945
-1.08 -2.07 201.347230576751
-1.08 -1.98 169.209584675349
-1.08 -1.89 142.554298678549
-1.08 -1.8 120.5664173136
-1.08 -1.71 102.531307355513
-1.08 -1.62 87.8255083047961
-1.08 -1.53 75.908029373586
-1.08 -1.44 66.3120927801898
-1.08 -1.35 58.637323352025
-1.08 -1.26 52.542384436965
-1.08 -1.17 47.7380601230874
-1.08 -1.08 43.9807837668259
-1.08 -0.99 41.0666128295253
-1.08 -0.9 38.8256500224
-1.08 -0.81 37.1169107598954
-1.08 -0.72 35.8236369214535
-1.08 -0.63 34.8490569216806
-1.08 -0.54 34.1125920889197
-1.08 -0.45 33.546509352225
-1.08 -0.36 33.0930202367407
-1.08 -0.27 32.7018261674824
-1.08 -0.18 32.3281100815221
-1.08 -0.0899999999999999 31.9309743485768
-1.08 0 31.472325
-1.08 0.0899999999999999 30.9162022661768
-1.08 0.18 30.2285574223221
-1.08 0.27 29.3774759426824
-1.08 0.36 28.3338469631407
-1.08 0.45 27.072479052225
-1.08 0.54 25.5736622905197
-1.08 0.63 23.8251766584806
-1.08 0.72 21.8247467326535
-1.08 0.81 19.5829426902955
-1.08 0.9 17.1265276224
-1.08 0.99 14.5022511551253
-1.08 1.08 11.7810893796259
-1.08 1.17 9.06293109028736
-1.08 1.26 6.48171033136497
-1.08 1.35 4.21098525202501
-1.08 1.44 2.46996326978979
-1.08 1.53 1.52997254238598
-1.08 1.62 1.72137974799606
-1.08 1.71 3.44095417391329
-1.08 1.8 7.15967811359999
-1.08 1.89 13.431003572149
-1.08 1.98 22.899555280149
-1.08 2.07 36.3102800159516
-1.08 2.16 54.5180422363445
-1.08 2.25 78.497666015625
-1.08 2.34 109.354423293079
-1.08 2.43 148.334968428863
-1.08 2.52 196.838719068286
-1.08 2.61 256.429683314503
-1.08 2.7 328.8487332096
-1.08 2.79 416.026324524096
-1.08 2.88 520.095662854835
-1.08 2.97 643.40631603129
-1.08 3.06 788.538272830271
-1.08 3.15 958.316447999026
-1.08 3.24 1155.82563358676
-1.08 3.33 1384.42589658454
-1.08 3.42 1647.76842287362
-1.08 3.51 1949.81180748217
-1.08 3.6 2294.8387911504
-1.08 3.69 2687.47344320405
-1.08 3.78 3132.69879073639
-1.08 3.87 3635.87489409848
-1.08 3.96 4202.75736869798
-1.08 4.05 4839.51635310623
-1.08 4.14 5552.75592347383
-1.08 4.23 6349.53395425459
-1.08 4.32 7237.38242523785
-1.08 4.41 8224.32817488928
-1.08 4.5 9318.9141

-0.99 -4.5 9134.5594078125
-0.99 -4.41 8139.84229147891
-0.99 -4.32 7238.54214080151
-0.99 -4.23 6423.41982837802
-0.99 -4.14 5687.66985914908
-0.99 -4.05 5024.90255680419
-0.99 -3.96 4429.12662521062
-0.99 -3.87 3894.73208486541
-0.99 -3.78 3416.47358437041
-0.99 -3.69 2989.45408693027
-0.99 -3.6 2609.1089318736
-0.99 -3.51 2271.19027119702
-0.99 -3.42 1971.75188113234
-0.99 -3.33 1707.13434873674
-0.99 -3.24 1473.95063350597
-0.99 -3.15 1269.07200401064
-0.99 -3.06 1089.61434955545
-0.99 -2.97 932.924866861535
-0.99 -2.88 796.569121771821
-0.99 -2.79 678.318485979389
-0.99 -2.7 576.137948778901
-0.99 -2.61 488.174303841045
-0.99 -2.52 412.744711010024
-0.99 -2.43 348.325633124067
-0.99 -2.34 293.542147858979
-0.99 -2.25 247.157634594727
-0.99 -2.16 208.063836305051
-0.99 -2.07 175.271296470118
-0.99 -1.98 147.900171012203
-0.99 -1.89 125.171415254406
-0.99 -1.8 106.3983459024
-0.99 -1.71 90.9785780492161
-0.99 -1.62 78.3863372030578
-0.99 -1.53 68.1651463381521
-0.99 -1.44 59.9208879686317
-0.99 -1.35 53.3152412454516
-0.99 -1.26 48.0594940763386
-0.99 -1.17 43.9087302687748
-0.99 -1.08 40.6563916960134
-0.99 -0.99 38.1292154861289
-0.99 -0.9 36.1825462341
-0.99 -0.81 34.696023236926
-0.99 -0.72 33.5696427517769
-0.99 -0.63 32.720195277176
-0.99 -0.54 32.0780778572172
-0.99 -0.45 31.5844814088141
-0.99 -0.36 31.1889530719835
-0.99 -0.27 30.8473335831623
-0.99 -0.18 30.5200696715567
-0.99 -0.0899999999999999 30.1709014785263
-0.99 0 29.765925
-0.99 0.0899999999999999 29.2730295519263
-0.99 0.18 28.6617102587567
-0.99 0.27 27.9032555649623
-0.99 0.36 26.9713097695835
-0.99 0.45 25.8428105838141
-0.99 0.54 24.4993017116172
-0.99 0.63 22.928620453376
-0.99 0.72 21.1269603325769
-0.99 0.81 19.101308745526
-0.99 0.9 16.8722596341
-0.99 0.99 14.4772011815289
-0.99 1.08 11.9738785312134
-0.99 1.17 9.4443315285748
-0.99 1.26 6.99920748593862
-0.99 1.35 4.78244897045157
-0.99 1.44 2.9763566150317
-0.99 1.53 1.80702695235211
-0.99 1.62 1.5501652718578
-0.99 1.71 2.53727349981603
-0.99 1.8 5.1622131024
-0.99 1.89 9.8881430118058
-0.99 1.98 17.2548325754029
-0.99 2.07 27.8863495279177
-0.99 2.16 42.4991229866506
-0.99 2.25 61.9103814697266
-0.99 2.34 87.046965937379
-0.99 2.43 118.954517856266
-0.99 2.52 158.807042286823
-0.99 2.61 207.916845993645
-0.99 2.7 267.7448505789
-0.99 2.79 339.911280638789
-0.99 2.88 426.206726943021
-0.99 2.97 528.603584637335
-0.99 3.06 649.267866469047
-0.99 3.15 790.57139103564
-0.99 3.24 955.104346056372
-0.99 3.33 1145.68822666694
-0.99 3.42 1365.38914873714
-0.99 3.51 1617.53153721162
-0.99 3.6 1905.7121894736
-0.99 3.69 2233.81471373167
-0.99 3.78 2606.0243424296
-0.99 3.87 3026.84312067921
-0.99 3.96 3501.10546971622
-0.99 4.05 4033.9941253792
-0.99 4.14 4631.05645161149
-0.99 4.23 5298.22112898622
-0.99 4.32 6041.81521825431
-0.99 4.41 6868.58159891551
-0.99 4.5 7785.6967828125

-0.9 -4.5 7585.52203125
-0.9 -4.41 6761.41304179228
-0.9 -4.32 6014.59425439629
-0.9 -4.23 5339.08104031096
-0.9 -4.14 4729.24714462238
-0.9 -4.05 4179.80996427515
-0.9 -3.96 3685.81613603026
-0.9 -3.87 3242.62743435922
-0.9 -3.78 2845.90697927471
-0.9 -3.69 2491.60575409754
-0.9 -3.6 2175.94943316
-0.9 -3.51 1895.42551944568
-0.9 -3.42 1646.77079216557
-0.9 -3.33 1426.95906427065
-0.9 -3.24 1233.1892499008
-0.9 -3.15 1062.87374177016
-0.9 -3.06 913.627098488799
-0.9 -2.97 783.255041820896
-0.9 -2.88 669.743763879191
-0.9 -2.79 571.2495442559
-0.9 -2.7 486.08867709
-0.9 -2.61 412.727708070905
-0.9 -2.52 349.773981378532
-0.9 -2.43 295.966496559766
-0.9 -2.34 250.167075341305
-0.9 -2.25 211.351838378906
-0.9 -2.16 178.602991943017
-0.9 -2.07 151.1009245408
-0.9 -1.98 128.116613474548
-0.9 -1.89 109.004341336492
-0.9 -1.8 93.1947224399999
-0.9 -1.71 80.188039187162
-0.9 -1.62 69.547888372775
-0.9 -1.53 60.8951374247125
-0.9 -1.44 53.9021905806874
-0.9 -1.35 48.2875650014062
-0.9 -1.26 43.8107768201145
-0.9 -1.17 40.2675371285329
-0.9 -1.08 37.4852578991846
-0.9 -0.99 35.3188678441148
-0.9 -0.9 33.64693821
-0.9 -0.81 32.3681185096496
-0.9 -0.72 31.3978821898982
-0.9 -0.63 30.6655822358893
-0.9 -0.54 30.1118167117498
-0.9 -0.45 29.6861042376563
-0.9 -0.36 29.3448694032922
-0.9 -0.27 29.0497381176961
-0.9 -0.18 28.7661428955014
-0.9 -0.0899999999999999 28.4622380795672
-0.9 0 28.108125
-0.9 0.0899999999999999 27.6753870695672
-0.9 0.18 27.1369348155014
-0.9 0.27 26.4671608476961
-0.9 0.36 25.6424047632922
-0.9 0.45 24.6417279876562
-0.9 0.54 23.4479985517498
-0.9 0.63 22.0492858058893
-0.9 0.72 20.4405650698982
-0.9 0.81 18.6257322196496
-0.9 0.9 16.61992821
-0.9 0.99 14.4521735341148
-0.9 1.08 12.1683126191846
-0.9 1.17 9.83426815853289
-0.9 1.26 7.53960538011457
-0.9 1.35 5.40140625140626
-0.9 1.44 3.56845362068735
-0.9 1.53 2.22572529471249
-0.9 1.62 1.59919805277504
-0.9 1.71 1.96096159716201
-0.9 1.8 3.63464243999999
-0.9 1.89 7.00113772649239
-0.9 1.98 12.5046589945479
-0.9 2.07 20.6590858707997
-0.9 2.16 32.054629703017
-0.9 2.25 47.3648071289062
-0.9 2.34 67.3537235813049
-0.9 2.43 92.8836667297655
-0.9 2.52 124.923009858532
-0.9 2.61 164.554425180905
-0.9 2.7 212.98340709
-0.9 2.79 271.5471053459
-0.9 2.88 341.723468199191
-0.9 2.97 425.140695450896
-0.9 3.06 523.587001448799
-0.9 3.15 639.020688020157
-0.9 3.24 773.580527340803
-0.9 3.33 929.596454740649
-0.9 3.42 1109.60057144557
-0.9 3.51 1316.33845725568
-0.9 3.6 1552.78079316
-0.9 3.69 1822.13529388754
-0.9 3.78 2127.85895039471
-0.9 3.87 2473.67058228922
-0.9 3.96 2863.56370019027
-0.9 4.05 3301.81967802516
-0.9 4.14 3793.02123526238
-0.9 4.23 4342.06622908096
-0.9 4.32 4954.18175647629
-0.9 4.41 5634.93856630228
-0.9 4.5 6390.26578125

-0.81 -4.5 6180.4674703125
-0.81 -4.41 5510.930748107
-0.81 -4.32 4904.08432680299
-0.81 -4.23 4355.07879706863
-0.81 -4.14 3859.35503238013
-0.81 -4.05 3412.63226421913
-0.81 -3.96 3010.89640831851
-0.81 -3.87 2650.38864195672
-0.81 -3.78 2327.59423230052
-0.81 -3.69 2039.23161579626
-0.81 -3.6 1782.2417286096
-0.81 -3.51 1553.77758811375
-0.81 -3.42 1351.19412542611
-0.81 -3.33 1172.03826899348
-0.81 -3.24 1014.03927922565
-0.81 -3.15 875.099334177576
-0.81 -3.06 753.284366279928
-0.81 -2.97 646.815150118176
-0.81 -2.88 554.058641260145
-0.81 -2.79 473.519566132029
-0.81 -2.7 403.8322629429
-0.81 -2.61 343.752773657683
-0.81 -2.52 292.151187018611
-0.81 -2.43 248.00423261516
-0.81 -2.34 210.388126002457
-0.81 -2.25 178.471664868164
-0.81 -2.16 151.509576247844
-0.81 -2.07 128.836114788798
-0.81 -1.98 109.858912062384
-0.81 -1.89 94.0530769248089
-0.81 -1.8 80.9555469264
-0.81 -1.71 70.1596907693512
-0.81 -1.62 61.3101618139478
-0.81 -1.53 54.0980026332671
-0.81 -1.44 48.2560006163568
-0.81 -1.35 43.5542946198891
-0.81 -1.26 39.7962326682928
-0.81 -1.17 36.8144807023616
-0.81 -1.08 34.4673823763396
-0.81 -0.99 32.635569903483
-0.81 -0.9 31.2188259501
-0.81 -0.81 30.1331965780662
-0.81 -0.72 29.3083552358176
-0.81 -0.63 28.6852177978203
-0.81 -0.54 28.2138086525173
-0.81 -0.45 27.8513778387516
-0.81 -0.36 27.5607692306667
-0.81 -0.27 27.3090397710838
-0.81 -0.18 27.0663297533562
-0.81 -0.0899999999999999 26.8049841516994
-0.81 0 26.498925
-0.81 0.0899999999999999 26.1232748190994
-0.81 0.18 25.6542310925562
-0.81 0.27 25.0691917908838
-0.81 0.36 24.3471319442666
-0.81 0.45 23.4692312637516
-0.81 0.54 22.4197528109173
-0.81 0.63 21.1871727160203
-0.81 0.72 19.7655609446176
-0.81 0.81 18.1562131126662
-0.81 0.9 16.3695333501
-0.81 0.99 14.427168212883
-0.81 1.08 12.3643916435396
-0.81 1.17 10.2327409801616
-0.81 1.26 8.1029040138928
-0.81 1.35 6.06785709488907
-0.81 1.44 4.24625428675675
-0.81 1.53 2.78606756946711
-0.81 1.62 1.86847809074778
-0.81 1.71 1.71201846595123
-0.81 1.8 2.5769661264
-0.81 1.89 4.76998771620884
-0.81 1.98 8.64903453758378
-0.81 2.07 14.6284890445978
-0.81 2.16 23.1845623854437
-0.81 2.25 34.8609429931641
-0.81 2.34 50.274696224857
-0.81 2.43 70.1224150493602
-0.81 2.52 95.1866217834107
-0.81 2.61 126.342420876283
-0.81 2.7 164.5644027429
-0.81 2.79 210.933798645429
-0.81 2.88 266.645886623345
-0.81 2.97 333.017648471976
-0.81 3.06 411.495677769527
-0.81 3.15 503.664338952577
-0.81 3.24 611.254177440051
-0.81 3.33 736.150580805676
-0.81 3.42 880.40269099891
-0.81 3.51 1046.23256761435
-0.81 3.6 1236.0446022096
-0.81 3.69 1452.43518367165
-0.81 3.78 1698.20261463172
-0.81 3.87 1976.35727892852
-0.81 3.96 2290.13206012012
-0.81 4.05 2642.99301104413
-0.81 4.14 3038.65027442653
-0.81 4.23 3481.06925453883
-0.81 4.32 3974.48203990379
-0.81 4.41 4523.3990770496
-0.81 4.5 5132.6210953125

-0.72 -4.5 4919.395725
-0.72 -4.41 4388.39541042306
-0.72 -4.32 3907.01235802163
-0.72 -4.23 3471.41309865102
-0.72 -4.14 3077.99352242232
-0.72 -4.05 2723.3694566361
-0.72 -3.96 2404.36744207537
-0.72 -3.87 2118.0157076579
-0.72 -3.78 1861.53534344782
-0.72 -3.69 1632.33167202642
-0.72 -3.6 1427.9858182224
-0.72 -3.51 1246.24647720123
-0.72 -3.42 1085.02188091396
-0.72 -3.33 942.371962905216
-0.72 -3.24 816.500721480514
-0.72 -3.15 705.7487812329
-0.72 -3.06 608.586152928832
-0.72 -2.97 523.605191753374
-0.72 -2.88 449.513753914682
-0.72 -2.79 385.128551607776
-0.72 -2.7 329.3687063376
-0.72 -2.61 281.249500601379
-0.72 -2.52 239.876327930261
-0.72 -2.43 204.43884129025
-0.72 -2.34 174.205299842435
-0.72 -2.25 148.5171140625
-0.72 -2.16 126.783589219531
-0.72 -2.07 108.476867214112
-0.72 -1.98 93.1270667757106
-0.72 -1.89 80.3176220193552
-0.72 -1.8 69.6808193616
-0.72 -1.71 60.8935327957837
-0.72 -1.62 53.673157526576
-0.72 -1.53 47.773741963816
-0.72 -1.44 42.9823180756399
-0.72 -1.35 39.1154301009
-0.72 -1.26 36.0158616208733
-0.72 -1.17 33.5495609902611
-0.72 -1.08 31.6027651274782
-0.72 -0.99 30.0793216642335
-0.72 -0.9 28.8982094544
-0.72 -0.81 27.9912574421758
-0.72 -0.72 27.3010618895349
-0.72 -0.63 26.7791019629692
-0.72 -0.54 26.3840536795199
-0.72 -0.45 26.0803022121
-0.72 -0.36 25.836652554107
-0.72 -0.27 25.6252385433255
-0.72 -0.18 25.4206302451209
-0.72 -0.0899999999999999 25.199139694923
-0.72 0 24.938325
-0.72 0.0899999999999999 24.616692800523
-0.72 0.18 24.2135990899209
-0.72 0.27 23.7093483945255
-0.72 0.36 23.085491312507
-0.72 0.45 22.3253204121
-0.72 0.54 21.4145644891198
-0.72 0.63 20.3422811837691
-0.72 0.72 19.1019479567349
-0.72 0.81 17.6927514245758
-0.72 0.9 16.1210750544
-0.72 0.99 14.4021852178335
-0.72 1.08 12.5621156042782
-0.72 1.17 10.6397499934611
-0.72 1.26 8.68910338727332
-0.72 1.35 6.78180150090001
-0.72 1.44 5.0097586132399
-0.72 1.53 3.48805377661599
-0.72 1.62 2.35800538577602
-0.72 1.71 1.79044410618369
-0.72 1.8 1.9891841616
-0.72 1.89 3.19469298095514
-0.72 1.98 5.68795920451064
-0.72 2.07 9.79455904931183
-0.72 2.16 15.8889210339309
-0.72 2.25 24.3987890625
-0.72 2.34 35.8098838680352
-0.72 2.43 50.67076281505
-0.72 2.52 69.5978780614603
-0.72 2.61 93.280833079779
-0.72 2.7 122.4878375376
-0.72 2.79 158.071360537376
-0.72 2.88 200.973982215482
-0.72 2.97 252.234443700574
-0.72 3.06 312.993895431232
-0.72 3.15 384.502343832901
-0.72 3.24 468.125296354114
-0.72 3.33 565.350604862016
-0.72 3.42 677.795507397164
-0.72 3.51 807.213868287633
-0.72 3.6 955.5036166224
-0.72 3.69 1124.71438308402
-0.72 3.78 1317.05533514062
-0.72 3.87 1534.9032105971
-0.72 3.96 1780.81054950577
-0.72 4.05 2057.5141244361
-0.72 4.14 2367.94356910393
-0.72 4.23 2715.23020535982
-0.72 4.32 3102.71606853683
-0.72 4.41 3533.96313115746
-0.72 4.5 4012.762725

-0.63 -4.5 3802.3067953125
-0.63 -4.41 3393.80702874047
-0.63 -4.32 3023.37834805218
-0.63 -4.23 2688.08394505812
-0.63 -4.14 2385.16261474897
-0.63 -4.05 2112.02154152608
-0.63 -3.96 1866.22923730083
-0.63 -3.87 1645.50863146277
-0.63 -3.78 1447.73031271661
-0.63 -3.69 1270.90592278804
-0.63 -3.6 1113.1817019984
-0.63 -3.51 972.832186708131
-0.63 -3.42 848.254058629128
-0.63 -3.33 737.960146005868
-0.63 -3.24 640.573576665393
-0.63 -3.15 554.822082936126
-0.63 -3.06 479.532458435512
-0.63 -2.97 413.625166726489
-0.63 -2.88 356.109101842803
-0.63 -2.79 306.076500683141
-0.63 -2.7 262.6980072741
-0.63 -2.61 225.217888901993
-0.63 -2.52 192.949404113481
-0.63 -2.43 165.270322585035
-0.63 -2.34 141.618596861239
-0.63 -2.25 121.488185961914
-0.63 -2.16 104.425030858078
-0.63 -2.07 90.0231818167418
-0.63 -1.98 77.9210776145284
-0.63 -1.89 67.7979766201313
-0.63 -1.8 59.3705397456
-0.63 -1.71 52.3895652664594
-0.63 -1.62 46.6368755106598
-0.63 -1.53 41.9223554163591
-0.63 -1.44 38.0811429585368
-0.63 -1.35 34.9709714444391
-0.63 -1.26 32.4696636778561
-0.63 -1.17 30.4727779922311
-0.63 -1.08 28.8914061526005
-0.63 -0.99 27.6501231263663
-0.63 -0.9 26.6850887229
-0.63 -0.81 25.9423011019783
-0.63 -0.72 25.3760021510501
-0.63 -0.63 24.9472347313358
-0.63 -0.54 24.6225517927574
-0.63 -0.45 24.3728773577016
-0.63 -0.36 24.1725193736132
-0.63 -0.27 23.9983344344211
-0.63 -0.18 23.8290443707957
-0.63 -0.0899999999999999 23.6447047092379
-0.63 0 23.426325
-0.63 0.0899999999999999 23.1556410138379
-0.63 0.18 22.8150388075957
-0.63 0.27 22.3876306586211
-0.63 0.36 21.8574828680132
-0.63 0.45 21.2099954327016
-0.63 0.54 20.4324335863574
-0.63 0.63 19.5146112091358
-0.63 0.72 18.4497261062501
-0.63 0.81 17.2353471553783
-0.63 0.9 15.8745533229
-0.63 0.99 14.3772245489663
-0.63 1.08 12.7614845014005
-0.63 1.17 11.0552951984311
-0.63 1.26 9.29820350025614
-0.63 1.35 7.54323946943907
-0.63 1.44 5.8589666001368
-0.63 1.53 4.33168391615912
-0.63 1.62 3.06777993785977
-0.63 1.71 2.19623851785939
-0.63 1.8 1.8712965456
-0.63 1.89 2.27525352073128
-0.63 1.98 3.62143299532845
-0.63 2.07 6.15729588494186
-0.63 2.16 10.1677056484783
-0.63 2.25 15.9783453369141
-0.63 2.34 23.9592865108394
-0.63 2.43 34.5287100268351
-0.63 2.52 48.1567786926805
-0.63 2.61 65.3696617913932
-0.63 2.7 86.7537114741
-0.63 2.79 112.959791021741
-0.63 2.88 144.707754975604
-0.63 2.97 182.791081136689
-0.63 3.06 228.081654433911
-0.63 3.15 281.534702661127
-0.63 3.24 344.193884082993
-0.63 3.33 417.196526909668
-0.63 3.42 501.779020640328
-0.63 3.51 599.282359275531
-0.63 3.6 711.157836398399
-0.63 3.69 838.972892124642
-0.63 3.78 984.417111921409
-0.63 3.87 1149.30837729497
-0.63 3.96 1335.59916834723
-0.63 4.05 1545.38301820108
-0.63 4.14 1780.90111929457
-0.63 4.23 2044.54908154392
-0.63 4.32 2338.88384237538
-0.63 4.41 2666.63072862587
-0.63 4.5 3030.6906703125

-0.54 -4.5 2829.20068125
-0.54 -4.41 2527.16560305922
-0.54 -4.32 2253.18229689466
-0.54 -4.23 2005.09133628995
-0.54 -4.14 1780.86230936006
-0.54 -4.05 1578.58851888906
-0.54 -3.96 1396.48179399489
-0.54 -3.87 1232.86741337132
-0.54 -3.78 1086.1791401069
-0.54 -3.69 954.954368081114
-0.54 -3.6 837.8293799376
-0.54 -3.51 733.534716634443
-0.54 -3.42 640.890658571604
-0.54 -3.33 558.802818295434
-0.54 -3.24 486.257844780289
-0.54 -3.15 422.319239287256
-0.54 -3.06 366.123282799968
-0.54 -2.97 316.875075037523
-0.54 -2.88 273.844685044509
-0.54 -2.79 236.363413358124
-0.54 -2.7 203.8201657524
-0.54 -2.61 175.657938559526
-0.54 -2.52 151.370415568271
-0.54 -2.43 130.498676499516
-0.54 -2.34 112.62801705887
-0.54 -2.25 97.3848805664063
-0.54 -2.16 84.4339011634861
-0.54 -2.07 73.4750585966879
-0.54 -1.98 64.2409445788372
-0.54 -1.89 56.4941407271373
-0.54 -1.8 50.0247080784
-0.54 -1.71 44.6477881813783
-0.54 -1.62 40.201315766199
-0.54 -1.53 36.5438429908965
-0.54 -1.44 33.5524752650474
-0.54 -1.35 31.1209186505063
-0.54 -1.26 29.1576388392412
-0.54 -1.17 27.5841317082718
-0.54 -1.08 26.3333054517065
-0.54 -0.99 25.3479742898813
-0.54 -0.9 24.5794637556
-0.54 -0.81 23.9863275574739
-0.54 -0.72 23.5331760203634
-0.54 -0.63 23.1896161029201
-0.54 -0.54 22.9293029922299
-0.54 -0.45 22.7291032755563
-0.54 -0.36 22.5683696891852
-0.54 -0.27 22.4283274443706
-0.54 -0.18 22.2915721303805
-0.54 -0.0899999999999999 22.1416791946442
-0.54 0 21.962925
-0.54 0.0899999999999999 21.7401194590442
-0.54 0.18 21.4585502455805
-0.54 0.27 21.1040385831706
-0.54 0.36 20.6631066107852
-0.54 0.45 20.1232563255562
-0.54 0.54 19.4733601026299
-0.54 0.63 18.7041627921201
-0.54 0.72 17.8088953931634
-0.54 0.81 16.7840003050739
-0.54 0.9 15.6299681556
-0.54 0.99 14.3522862062813
-0.54 1.08 12.9624983349065
-0.54 1.17 11.4793765950718
-0.54 1.26 9.93020435284124
-0.54 1.35 8.35217100050626
-0.54 1.44 6.79387824744744
-0.54 1.53 5.31695798809649
-0.54 1.62 3.99780174699901
-0.54 1.71 2.92940170097832
-0.54 1.8 2.2233032784
-0.54 1.89 2.01166933553727
-0.54 1.98 2.44945591003723
-0.54 2.07 3.71669955148789
-0.54 2.16 6.02091622908611
-0.54 2.25 9.59961181640625
-0.54 2.34 14.7229041532698
-0.54 2.43 21.6962566847156
-0.54 2.52 30.8633236770714
-0.54 2.61 42.6089070111256
-0.54 2.7 57.3620245524
-0.54 2.79 75.599090098524
-0.54 2.88 97.8472049037088
-0.54 2.97 124.687560780323
-0.54 3.06 156.758954777568
-0.54 3.15 194.761415437256
-0.54 3.24 239.459940626689
-0.54 3.33 291.688346948634
-0.54 3.42 352.353230728405
-0.54 3.51 422.438040578044
-0.54 3.6 503.0072615376
-0.54 3.69 595.210710793513
-0.54 3.78 700.287944974096
-0.54 3.87 819.57277902212
-0.54 3.96 954.497916644496
-0.54 4.05 1106.59969233906
-0.54 4.14 1277.52292499846
-0.54 4.23 1469.02588309115
-0.54 4.32 1682.98536141946
-0.54 4.41 1921.40186945482
-0.54 4.5 2186.40493125

-0.45 -4.5 2000.0773828125
-0.45 -4.41 1788.47113337932
-0.45 -4.32 1596.42420454907
-0.45 -4.23 1422.43527234649
-0.45 -4.14 1265.0926062556
-0.45 -4.05 1123.07038872504
-0.45 -3.96 995.125112157566
-0.45 -3.87 880.092053383556
-0.45 -3.78 776.881825618679
-0.45 -3.69 684.477007905635
-0.45 -3.6 601.928852040001
-0.45 -3.51 528.354066980169
-0.45 -3.42 462.931680741392
-0.45 -3.33 404.899979773913
-0.45 -3.24 353.553525825201
-0.45 -3.15 308.240250286289
-0.45 -3.06 268.3586260222
-0.45 -2.97 233.354916686474
-0.45 -2.88 202.720503519798
-0.45 -2.79 175.989289632725
-0.45 -2.7 152.7351817725
-0.45 -2.61 132.569649573976
-0.45 -2.52 115.139362294633
-0.45 -2.43 100.123903033692
-0.45 -2.34 87.2335604353263
-0.45 -2.25 76.2071978759766
-0.45 -2.16 66.8102001357543
-0.45 -2.07 58.8324975539499
-0.45 -1.98 52.086667668637
-0.45 -1.89 46.4061143403731
-0.45 -1.8 41.64332436
-0.45 -1.71 37.6682015405405
-0.45 -1.62 34.3664782931938
-0.45 -1.53 31.6382046874281
-0.45 -1.44 29.3963149951718
-0.45 -1.35 27.5652717191016
-0.45 -1.26 26.0797871050286
-0.45 -1.17 24.8836221383832
-0.45 -1.08 23.9284630247962
-0.45 -0.99 23.1728751547787
-0.45 -0.9 22.5813345525
-0.45 -0.81 22.1233368086624
-0.45 -0.72 21.7725834974746
-0.45 -0.63 21.5062460777223
-0.45 -0.54 21.3043072779374
-0.45 -0.45 21.1489799656641
-0.45 -0.36 21.024203500823
-0.45 -0.27 20.915217573174
-0.45 -0.18 20.8082135238754
-0.45 -0.0899999999999999 20.6900631511418
-0.45 0 20.548125
-0.45 0.0899999999999999 20.3701281361418
-0.45 0.18 20.1441334038754
-0.45 0.27 19.858572168174
-0.45 0.36 19.502362540823
-0.45 0.45 19.0651030906641
-0.45 0.54 18.5373440379374
-0.45 0.63 17.9109359327223
-0.45 0.72 17.1794558174746
-0.45 0.81 16.3387108736624
-0.45 0.9 15.3873195525
-0.45 0.99 14.3273701897787
-0.45 1.08 13.1651571047962
-0.45 1.17 11.9119941833832
-0.45 1.26 10.5851059450286
-0.45 1.35 9.20859609410157
-0.45 1.44 7.81449355517183
-0.45 1.53 6.44387599242812
-0.45 1.62 5.14807081319376
-0.45 1.71 3.9899336555405
-0.45 1.8 3.04520436
-0.45 1.89 2.4039404253731
-0.45 1.98 2.17202794863696
-0.45 2.07 2.47277004894993
-0.45 2.16 3.44855277575425
-0.45 2.25 5.26258850097657
-0.45 2.34 8.10073679532624
-0.45 2.43 12.1734027886914
-0.45 2.52 17.717513014633
-0.45 2.61 24.9985687389762
-0.45 2.7 34.3127767725001
-0.45 2.79 45.9892577677251
-0.45 2.88 60.3923319997978
-0.45 2.97 77.9238826314742
-0.45 3.06 99.0257964621998
-0.45 3.15 124.182482161289
-0.45 3.24 153.923465985201
-0.45 3.33 188.826064978912
-0.45 3.42 229.518137661392
-0.45 3.51 276.680912195169
-0.45 3.6 331.05189204
-0.45 3.69 393.427839090635
-0.45 3.78 464.667834298678
-0.45 3.87 545.696415778556
-0.45 3.96 637.506794397567
-0.45 4.05 741.164146850041
-0.45 4.14 857.808986215597
-0.45 4.23 988.660610001492
-0.45 4.32 1135.02062566907
-0.45 4.41 1298.27655364432
-0.45 4.5 1479.9055078125

-0.36 -4.5 1314.9369
-0.36 -4.41 1177.72361970077
-0.36 -4.32 1053.10407101541
-0.36 -4.23 940.115753227756
-0.36 -4.14 837.853505435582
-0.36 -4.05 745.467151034026
-0.36 -3.96 662.159191788843
-0.36 -3.87 587.182551499477
-0.36 -3.78 519.838369251955
-0.36 -3.69 459.473842261607
-0.36 -3.6 405.480118305601
-0.36 -3.51 357.290237745309
-0.36 -3.42 314.377125138491
-0.36 -3.33 276.251630441304
-0.36 -3.24 242.460619800129
-0.36 -3.15 212.585115933225
-0.36 -3.06 186.238488102208
-0.36 -2.97 163.064691673344
-0.36 -2.88 142.736557268671
-0.36 -2.79 124.954129506944
-0.36 -2.7 109.4430553344
-0.36 -2.61 95.9530219453449
-0.36 -2.52 84.2562442925652
-0.36 -2.43 74.1460021875626
-0.36 -2.34 65.4352269906089
-0.36 -2.25 57.9551378906251
-0.36 -2.16 51.5539277748828
-0.36 -2.07 46.095498688528
-0.36 -1.98 41.4582468839277
-0.36 -1.89 37.5338974598388
-0.36 -1.8 34.2263885904
-0.36 -1.71 31.4508053439459
-0.36 -1.62 29.132363091644
-0.36 -1.53 27.205440505954
-0.36 -1.44 25.61266214891
-0.36 -1.35 24.304030650225
-0.36 -1.26 23.2361084752183
-0.36 -1.17 22.3712492825653
-0.36 -1.08 21.6768788718696
-0.36 -0.99 21.1248257210584
-0.36 -0.9 20.6907011136
-0.36 -0.81 20.3533288555439
-0.36 -0.72 20.0942245823837
-0.36 -0.63 19.8971246557423
-0.36 -0.54 19.74756464988
-0.36 -0.45 19.632507428025
-0.36 -0.36 19.5400208085268
-0.36 -0.27 19.4590048208314
-0.36 -0.18 19.3789685512802
-0.36 -0.0899999999999999 19.2898565787308
-0.36 0 19.181925
-0.36 0.0899999999999999 19.0456670451308
-0.36 0.18 18.8717882824802
-0.36 0.27 18.6512314136314
-0.36 0.36 18.3752506581267
-0.36 0.45 18.035535728025
-0.36 0.54 17.62438539228
-0.36 0.63 17.1349306309423
-0.36 0.72 16.5614073791837
-0.36 0.81 15.8994788611439
-0.36 0.9 15.1466075136
-0.36 0.99 14.3024764994584
-0.36 1.08 13.3694608110695
-0.36 1.17 12.3531479633653
-0.36 1.26 11.2629082768183
-0.36 1.35 10.112514750225
-0.36 1.44 8.92081252330997
-0.36 1.53 7.71243792915399
-0.36 1.62 6.518587136444
-0.36 1.71 5.37783438154592
-0.36 1.8 4.3369997904
-0.36 1.89 3.45206679023878
-0.36 1.98 2.78914911112765
-0.36 2.07 2.42550737732795
-0.36 2.16 2.45061528848271
-0.36 2.25 2.967275390625
-0.36 2.34 4.0927844370088
-0.36 2.43 5.96014833876252
-0.36 2.52 8.71934670536511
-0.36 2.61 12.5386469749448
-0.36 2.7 17.6059681344001
-0.36 2.79 24.1302940293441
-0.36 2.88 32.3431362638706
-0.36 2.97 42.5000466901435
-0.36 3.06 54.882179487808
-0.36 3.15 69.7979028332253
-0.36 3.24 87.5844601585287
-0.36 3.33 108.609681000504
-0.36 3.42 133.273741439291
-0.36 3.51 162.010974126909
-0.36 3.6 195.2917279056
-0.36 3.69 233.624277016006
-0.36 3.78 277.556779895154
-0.36 3.87 327.679287564276
-0.36 3.96 384.625801606443
-0.36 4.05 449.076381734027
-0.36 4.14 521.759302945982
-0.36 4.23 603.453262274955
-0.36 4.32 694.989635124207
-0.36 4.41 797.254781194367
-0.36 4.5 911.192400000002

-0.27 -4.5 773.779232812498
-0.27 -4.41 694.923062023553
-0.27 -4.32 623.221896293664
-0.27 -4.23 558.132778933735
-0.27 -4.14 499.145006900013
-0.27 -4.05 445.778805816013
-0.27 -3.96 397.584032888723
-0.27 -3.87 354.138907719079
-0.27 -3.78 315.048771006723
-0.27 -3.69 279.944871149028
-0.27 -3.6 248.483178734399
-0.27 -3.51 220.34322892986
-0.27 -3.42 195.226991762901
-0.27 -3.33 172.857770297608
-0.27 -3.24 152.979126705072
-0.27 -3.15 135.353836228064
-0.27 -3.06 119.762869039992
-0.27 -2.97 106.00439999813
-0.27 -2.88 93.8928462911269
-0.27 -2.79 83.2579329807808
-0.27 -2.7 73.9437864380998
-0.27 -2.61 65.8080556736313
-0.27 -2.52 58.7210615620678
-0.27 -2.43 52.5649739611288
-0.27 -2.34 47.2330167247174
-0.27 -2.25 42.6287006103515
-0.27 -2.16 38.6650840808715
-0.27 -2.07 35.2640620004219
-0.27 -1.98 32.3556822247093
-0.27 -1.89 29.8774900855343
-0.27 -1.8 27.7739007696
-0.27 -1.71 25.9955995915946
-0.27 -1.62 24.4989701615497
-0.27 -1.53 23.2455504464741
-0.27 -1.44 22.2015167262618
-0.27 -1.35 21.3371954438765
-0.27 -1.26 20.6266029498103
-0.27 -1.17 20.0470131408179
-0.27 -1.08 19.5785529929266
-0.27 -0.99 19.2038259887203
-0.27 -0.9 18.9075634389
-0.27 -0.81 18.6763036981185
-0.27 -0.72 18.4980992750908
-0.27 -0.63 18.36225183698
-0.27 -0.54 18.2590751080575
-0.27 -0.45 18.1796856626391
-0.27 -0.36 18.1158216122963
-0.27 -0.27 18.0596891873426
-0.27 -0.18 18.0038372125951
-0.27 -0.0899999999999999 17.941059477411
-0.27 0 17.864325
-0.27 0.0899999999999999 17.766736186011
-0.27 0.18 17.6415148813951
-0.27 0.27 17.4820163195426
-0.27 0.36 17.2817709626963
-0.27 0.45 17.0345542376391
-0.27 0.54 16.7344841656575
-0.27 0.63 16.37614688678
-0.27 0.72 15.9547500782908
-0.27 0.81 15.4663042675185
-0.27 0.9 14.9078320389
-0.27 0.99 14.2776051353203
-0.27 1.08 13.5754094537266
-0.27 1.17 12.802837935018
-0.27 1.26 11.9636113482103
-0.27 1.35 11.0639269688766
-0.27 1.44 10.1128351518619
-0.27 1.53 9.12264379827413
-0.27 1.62 8.10935071674976
-0.27 1.71 7.09310387899459
-0.27 1.8 6.09868956960001
-0.27 1.89 5.15604843013433
-0.27 1.98 4.30081939750931
-0.27 2.07 3.57491153662198
-0.27 2.16 3.02710376727153
-0.27 2.25 2.71367248535157
-0.27 2.34 2.69904707831745
-0.27 2.43 3.0564933349289
-0.27 2.52 3.86882474926785
-0.27 2.61 5.22914171903138
-0.27 2.7 7.24159863809997
-0.27 2.79 10.022198883381
-0.27 2.88 13.6996176959271
-0.27 2.97 18.4160529563306
-0.27 3.06 24.3281038543918
-0.27 3.15 31.6076774530639
-0.27 3.24 40.4429231466721
-0.27 3.33 51.0391950134082
-0.27 3.42 63.6200420621009
-0.27 3.51 78.4282263732606
-0.27 3.6 95.7267691343996
-0.27 3.69 115.800024569628
-0.27 3.78 138.954781763524
-0.27 3.87 165.521394379279
-0.27 3.96 195.854938271123
-0.27 4.05 230.336396991013
-0.27 4.14 269.373875189613
-0.27 4.23 313.403839911536
-0.27 4.32 362.892389784865
-0.27 4.41 418.336552104954
-0.27 4.5 480.265607812498

-0.18 -4.5 376.604381249999
-0.18 -4.41 340.06946034769
-0.18 -4.32 306.777680383851
-0.18 -4.23 276.486349464438
-0.18 -4.14 248.967110648894
-0.18 -4.05 224.005353071006
-0.18 -3.96 201.39963545721
-0.18 -3.87 180.961122042368
-0.18 -3.78 162.513030882988
-0.18 -3.69 145.890094567901
-0.18 -3.6 130.9380333264
-0.18 -3.51 117.513040533827
-0.18 -3.42 105.481280614623
-0.18 -3.33 94.7183993428257
-0.18 -3.24 85.109046540032
-0.18 -3.15 76.5464111708061
-0.18 -3.06 68.9317688355518
-0.18 -2.97 62.1740416608357
-0.18 -2.88 56.1893705871675
-0.18 -2.79 50.9007000542359
-0.18 -2.7 46.2373750835999
-0.18 -2.61 42.1347507588361
-0.18 -2.52 38.5338141031412
-0.18 -2.43 35.3808183543906
-0.18 -2.34 32.6269296376521
-0.18 -2.25 30.2278860351562
-0.18 -2.16 28.1436690537207
-0.18 -2.07 26.338187489632
-0.18 -1.98 24.7789736909819
-0.18 -1.89 23.4368922174597
-0.18 -1.8 22.2858608976
-0.18 -1.71 21.3025842834865
-0.18 -1.62 20.466299502911
-0.18 -1.53 19.7585345089885
-0.18 -1.44 19.1628787272275
-0.18 -1.35 18.6647661000562
-0.18 -1.26 18.2512705288046
-0.18 -1.17 17.9109137131413
-0.18 -1.08 17.6334853879674
-0.18 -0.99 17.4098759577646
-0.18 -0.9 17.2319215284
-0.18 -0.81 17.092261336386
-0.18 -0.72 16.9842075755959
-0.18 -0.63 16.9016276214356
-0.18 -0.54 16.83883865247
-0.18 -0.45 16.7905146695062
-0.18 -0.36 16.7516059121317
-0.18 -0.27 16.7172706727078
-0.18 -0.18 16.6828195078201
-0.18 -0.0899999999999999 16.6436718471827
-0.18 0 16.595325
-0.18 0.0899999999999999 16.5333355587827
-0.18 0.18 16.4533132006201
-0.18 0.27 16.3509268859078
-0.18 0.36 16.2219234545317
-0.18 0.45 16.0621586195062
-0.18 0.54 15.86764035807
-0.18 0.63 15.6345847002356
-0.18 0.72 15.3594839147959
-0.18 0.81 15.039187092786
-0.18 0.9 14.6709931284
-0.18 0.99 14.2527560973646
-0.18 1.08 13.7830030327674
-0.18 1.17 13.2610640983413
-0.18 1.26 12.6872151592046
-0.18 1.35 12.0628327500563
-0.18 1.44 11.3905614408275
-0.18 1.53 10.6744935997885
-0.18 1.62 9.92036155411101
-0.18 1.71 9.13574214788649
-0.18 1.8 8.33027369760001
-0.18 1.89 7.51588534505971
-0.18 1.98 6.70703880778192
-0.18 2.07 5.920982526832
-0.18 2.16 5.17801821212069
-0.18 2.25 4.50177978515626
-0.18 2.34 3.91952471925221
-0.18 2.43 3.46243777719063
-0.18 2.52 3.16594714634128
-0.18 2.61 3.07005297123618
-0.18 2.7 3.2196682836
-0.18 2.79 3.66497232983599
-0.18 2.88 4.46177629596763
-0.18 2.97 5.67190143003583
-0.18 3.06 7.36356956195194
-0.18 3.15 9.61180602080622
-0.18 3.24 12.4988549496321
-0.18 3.33 16.1146070176259
-0.18 3.42 20.5570395298226
-0.18 3.51 25.9326689342269
-0.18 3.6 32.3570157263998
-0.18 3.69 39.9550817515013
-0.18 3.78 48.8618399037883
-0.18 3.87 59.2227362235686
-0.18 3.96 71.1942043916103
-0.18 4.05 84.944192621006
-0.18 4.14 100.652702946495
-0.18 4.23 118.512342911238
-0.18 4.32 138.728889651051
-0.18 4.41 161.521866376091
-0.18 4.5 187.125131249999

-0.0899999999999999 -4.5 123.4123453125
-0.0899999999999999 -4.41 113.162814673173
-0.0899999999999999 -4.32 103.771423285963
-0.0899999999999999 -4.23 95.1764648198594
-0.0899999999999999 -4.14 87.3198166822236
-0.0899999999999999 -4.05 80.1467927990014
-0.0899999999999999 -3.96 73.6059994943025
-0.0899999999999999 -3.87 67.6491944693421
-0.0899999999999999 -3.78 62.231148880747
-0.0899999999999999 -3.69 57.3095125182253
-0.0899999999999999 -3.6 52.8446820815999
-0.0899999999999999 -3.51 48.7996725572067
-0.0899999999999999 -3.42 45.1399916936556
-0.0899999999999999 -3.33 41.8335175769564
-0.0899999999999999 -3.24 38.850379305008
-0.0899999999999999 -3.15 36.1628407614515
-0.0899999999999999 -3.06 33.745187488888
-0.0899999999999999 -2.97 31.5736166614589
-0.0899999999999999 -2.88 29.6261301567919
-0.0899999999999999 -2.79 27.882430727309
-0.0899999999999999 -2.7 26.3238212709
-0.0899999999999999 -2.61 24.933107200959
-0.0899999999999999 -2.52 23.6945019157853
-0.0899999999999999 -2.43 22.5935353673476
-0.0899999999999999 -2.34 21.616965729413
-0.0899999999999999 -2.25 20.7526941650391
-0.0899999999999999 -2.16 19.9896826934302
-0.0899999999999999 -2.07 19.317875156158
-0.0899999999999999 -1.98 18.7281212827455
-0.0899999999999999 -1.89 18.2121038556149
-0.0899999999999999 -1.8 17.7622689744
-0.0899999999999999 -1.71 17.3717594196216
-0.0899999999999999 -1.62 17.0343511157277
-0.0899999999999999 -1.53 16.7443926934971
-0.0899999999999999 -1.44 16.4967481518069
-0.0899999999999999 -1.35 16.2867426187641
-0.0899999999999999 -1.26 16.1101112122011
-0.0899999999999999 -1.17 15.9629509995353
-0.0899999999999999 -1.08 15.8416760569918
-0.0899999999999999 -0.99 15.7429756281911
-0.0899999999999999 -0.9 15.6637753821
-0.0899999999999999 -0.81 15.6012017703465
-0.0899999999999999 -0.72 15.552549483899
-0.0899999999999999 -0.63 15.5152520091089
-0.0899999999999999 -0.54 15.4868552831175
-0.0899999999999999 -0.45 15.4649944486266
-0.0899999999999999 -0.36 15.4473737080329
-0.0899999999999999 -0.27 15.431749276927
-0.0899999999999999 -0.18 15.415915436955
-0.0899999999999999 -0.0899999999999999 15.3976936880457
-0.0899999999999999 0 15.374925
-0.0899999999999999 0.0899999999999999 15.3454651634457
-0.0899999999999999 0.18 15.307183240155
-0.0899999999999999 0.27 15.257963112727
-0.0899999999999999 0.36 15.1957081336329
-0.0899999999999999 0.45 15.1183488736266
-0.0899999999999999 0.54 15.0238539695175
-0.0899999999999999 0.63 14.9102440713089
-0.0899999999999999 0.72 14.775608888699
-0.0899999999999999 0.81 14.6181273369465
-0.0899999999999999 0.9 14.4360907821
-0.0899999999999999 0.99 14.2279293855911
-0.0899999999999999 1.08 13.9922415481918
-0.0899999999999999 1.17 13.7278264533353
-0.0899999999999999 1.26 13.4337197098011
-0.0899999999999999 1.35 13.1092320937641
-0.0899999999999999 1.44 12.7539913902069
-0.0899999999999999 1.53 12.3679873336971
-0.0899999999999999 1.62 11.9516196485278
-0.0899999999999999 1.71 11.5057491882216
-0.0899999999999999 1.8 11.0317521744
-0.0899999999999999 1.89 10.5315775350149
-0.0899999999999999 1.98 10.0078073419455
-0.0899999999999999 2.07 9.463720347958
-0.0899999999999999 2.16 8.90335862303018
-0.0899999999999999 2.25 8.33159729003907
-0.0899999999999999 2.34 7.75421735981306
-0.0899999999999999 2.43 7.17798166554767
-0.0899999999999999 2.52 6.61071389658533
-0.0899999999999999 2.61 6.06138073155905
-0.0899999999999999 2.7 5.54017707090001
-0.0899999999999999 2.79 5.05861436870901
-0.0899999999999999 2.88 4.62961206399192
-0.0899999999999999 2.97 4.26759211125897
-0.0899999999999999 3.06 3.988576610488
-0.0899999999999999 3.15 3.81028853645157
-0.0899999999999999 3.24 3.75225556740803
-0.0899999999999999 3.33 3.83591701315649
-0.0899999999999999 3.42 4.08473384245568
-0.0899999999999999 3.51 4.52430180980676
-0.0899999999999999 3.6 5.18246768159998
-0.0899999999999999 3.69 6.08944856162535
-0.0899999999999999 3.78 7.27795431594711
-0.0899999999999999 3.87 8.78331309714218
-0.0899999999999999 3.96 10.6435999679026
-0.0899999999999999 4.05 12.8997686240015
-0.0899999999999999 4.14 15.5957862166238
-0.0899999999999999 4.23 18.7787712740596
-0.0899999999999999 4.32 22.4991347227628
-0.0899999999999999 4.41 26.8107240077727
-0.0899999999999999 4.5 31.7709703124999

0 -4.5 14.203125
0 -4.41 14.203125
0 -4.32 14.203125
0 -4.23 14.203125
0 -4.14 14.203125
0 -4.05 14.203125
0 -3.96 14.203125
0 -3.87 14.203125
0 -3.78 14.203125
0 -3.69 14.203125
0 -3.6 14.203125
0 -3.51 14.203125
0 -3.42 14.203125
0 -3.33 14.203125
0 -3.24 14.203125
0 -3.15 14.203125
0 -3.06 14.203125
0 -2.97 14.203125
0 -2.88 14.203125
0 -2.79 14.203125
0 -2.7 14.203125
0 -2.61 14.203125
0 -2.52 14.203125
0 -2.43 14.203125
0 -2.34 14.203125
0 -2.25 14.203125
0 -2.16 14.203125
0 -2.07 14.203125
0 -1.98 14.203125
0 -1.89 14.203125
0 -1.8 14.203125
0 -1.71 14.203125
0 -1.62 14.203125
0 -1.53 14.203125
0 -1.44 14.203125
0 -1.35 14.203125
0 -1.26 14.203125
0 -1.17 14.203125
0 -1.08 14.203125
0 -0.99 14.203125
0 -0.9 14.203125
0 -0.81 14.203125
0 -0.72 14.203125
0 -0.63 14.203125
0 -0.54 14.203125
0 -0.45 14.203125
0 -0.36 14.203125
0 -0.27 14.203125
0 -0.18 14.203125
0 -0.0899999999999999 14.203125
0 0 14.203125
0 0.0899999999999999 14.203125
0 0.18 14.203125
0 0.27 14.203125
0 0.36 14.203125
0 0.45 14.203125
0 0.54 14.203125
0 0.63 14.203125
0 0.72 14.203125
0 0.81 14.203125
0 0.9 14.203125
0 0.99 14.203125
0 1.08 14.203125
0 1.17 14.203125
0 1.26 14.203125
0 1.35 14.203125
0 1.44 14.203125
0 1.53 14.203125
0 1.62 14.203125
0 1.71 14.203125
0 1.8 14.203125
0 1.89 14.203125
0 1.98 14.203125
0 2.07 14.203125
0 2.16 14.203125
0 2.25 14.203125
0 2.34 14.203125
0 2.43 14.203125
0 2.52 14.203125
0 2.61 14.203125
0 2.7 14.203125
0 2.79 14.203125
0 2.88 14.203125
0 2.97 14.203125
0 3.06 14.203125
0 3.15 14.203125
0 3.24 14.203125
0 3.33 14.203125
0 3.42 14.203125
0 3.51 14.203125
0 3.6 14.203125
0 3.69 14.203125
0 3.78 14.203125
0 3.87 14.203125
0 3.96 14.203125
0 4.05 14.203125
0 4.14 14.203125
0 4.23 14.203125
0 4.32 14.203125
0 4.41 14.203125
0 4.5 14.203125

0.0899999999999999 -4.5 48.9767203124998
0.0899999999999999 -4.41 43.1903913281727
0.0899999999999999 -4.32 38.0727855259627
0.0899999999999999 -4.23 33.5663300048595
0.0899999999999999 -4.14 29.6170356022237
0.0899999999999999 -4.05 26.1743496740015
0.0899999999999999 -3.96 23.1910119743025
0.0899999999999999 -3.87 20.6229136343422
0.0899999999999999 -3.78 18.4289592407471
0.0899999999999999 -3.69 16.5709320132253
0.0899999999999999 -3.6 15.0133620816
0.0899999999999999 -3.51 13.7233978622067
0.0899999999999999 -3.42 12.6706805336557
0.0899999999999999 -3.33 11.8272216119565
0.0899999999999999 -3.24 11.167283625008
0.0899999999999999 -3.15 10.6672638864516
0.0899999999999999 -3.06 10.305581368888
0.0899999999999999 -2.97 10.062566676459
0.0899999999999999 -2.88 9.92035511679191
0.0899999999999999 -2.79 9.862782872309
0.0899999999999999 -2.7 9.8752862709
0.0899999999999999 -2.61 9.94480415595904
0.0899999999999999 -2.52 10.0596833557853
0.0899999999999999 -2.43 10.2095872523477
0.0899999999999999 -2.34 10.3854074494131
0.0899999999999999 -2.25 10.5791785400391
0.0899999999999999 -2.16 10.7839959734302
0.0899999999999999 -2.07 10.993937021158
0.0899999999999999 -1.98 11.2039848427455
0.0899999999999999 -1.89 11.4099556506149
0.0899999999999999 -1.8 11.6084289744
0.0899999999999999 -1.71 11.7966810246216
0.0899999999999999 -1.62 11.9726211557278
0.0899999999999999 -1.53 12.1347314284971
0.0899999999999999 -1.44 12.2820092718069
0.0899999999999999 -1.35 12.4139132437641
0.0899999999999999 -1.26 12.5303118922011
0.0899999999999999 -1.17 12.6314357145353
0.0899999999999999 -1.08 12.7178322169918
0.0899999999999999 -0.99 12.7903240731912
0.0899999999999999 -0.9 12.8499703821
0.0899999999999999 -0.81 12.8980310253465
0.0899999999999999 -0.72 12.935934123899
0.0899999999999999 -0.63 12.9652465941089
0.0899999999999999 -0.54 12.9876478031175
0.0899999999999999 -0.45 13.0049063236266
0.0899999999999999 -0.36 13.0188597880329
0.0899999999999999 -0.27 13.031397841927
0.0899999999999999 -0.18 13.044448196955
0.0899999999999999 -0.0899999999999999 13.0599657830457
0.0899999999999999 0 13.079925
0.0899999999999999 0.0899999999999999 13.1063150684457
0.0899999999999999 0.18 13.141138480155
0.0899999999999999 0.27 13.186412547727
0.0899999999999999 0.36 13.2441740536329
0.0899999999999999 0.45 13.3164869986266
0.0899999999999999 0.54 13.4054534495175
0.0899999999999999 0.63 13.5132274863089
0.0899999999999999 0.72 13.642032248699
0.0899999999999999 0.81 13.7941800819465
0.0899999999999999 0.9 13.9720957821
0.0899999999999999 0.99 14.1783429405912
0.0899999999999999 1.08 14.4156533881918
0.0899999999999999 1.17 14.6869597383353
0.0899999999999999 1.26 14.9954310298011
0.0899999999999999 1.35 15.3445114687641
0.0899999999999999 1.44 15.7379622702069
0.0899999999999999 1.53 16.1799065986971
0.0899999999999999 1.62 16.6748776085277
0.0899999999999999 1.71 17.2278695832216
0.0899999999999999 1.8 17.8443921744
0.0899999999999999 1.89 18.5305277400149
0.0899999999999999 1.98 19.2929917819455
0.0899999999999999 2.07 20.139196482958
0.0899999999999999 2.16 21.0773173430302
0.0899999999999999 2.25 22.116362915039
0.0899999999999999 2.34 23.266247639813
0.0899999999999999 2.43 24.5378677805476
0.0899999999999999 2.52 25.9431804565853
0.0899999999999999 2.61 27.495285776559
0.0899999999999999 2.7 29.2085120709
0.0899999999999999 2.79 31.098504223709
0.0899999999999999 2.88 33.1823151039919
0.0899999999999999 2.97 35.4785000962589
0.0899999999999999 3.06 38.0072147304879
0.0899999999999999 3.15 40.7903154114515
0.0899999999999999 3.24 43.851463247408
0.0899999999999999 3.33 47.2162309781564
0.0899999999999999 3.42 50.9122130024556
0.0899999999999999 3.51 54.9691385048067
0.0899999999999999 3.6 59.4189876815999
0.0899999999999999 3.69 64.2961110666252
0.0899999999999999 3.78 69.637351955947
0.0899999999999999 3.87 75.482171932142
0.0899999999999999 3.96 81.8727794879025
0.0899999999999999 4.05 88.8542617490014
0.0899999999999999 4.14 96.4747192966237
0.0899999999999999 4.23 104.785404089059
0.0899999999999999 4.32 113.840860482763
0.0899999999999999 4.41 123.699069352773
0.0899999999999999 4.5 134.4215953125

0.18 -4.5 227.733131249999
0.18 -4.41 200.124613657691
0.18 -4.32 175.380404863851
0.18 -4.23 153.266079834438
0.18 -4.14 133.561548488895
0.18 -4.05 116.060466821006
0.18 -3.96 100.56966041721
0.18 -3.87 86.9085603723686
0.18 -3.78 74.9086516029883
0.18 -3.69 64.4129335579013
0.18 -3.6 55.2753933263998
0.18 -3.51 47.3604911438269
0.18 -3.42 40.5426582946226
0.18 -3.33 34.7058074128258
0.18 -3.24 29.742855180032
0.18 -3.15 25.5552574208062
0.18 -3.06 22.0525565955519
0.18 -2.97 19.1519416908358
0.18 -2.88 16.7778205071676
0.18 -2.79 14.861404344236
0.18 -2.7 13.3403050836
0.18 -2.61 12.1581446688362
0.18 -2.52 11.2641769831413
0.18 -2.43 10.6129221243906
0.18 -2.34 10.1638130776522
0.18 -2.25 9.88085478515625
0.18 -2.16 9.73229561372068
0.18 -2.07 9.69031121963199
0.18 -1.98 9.73070081098192
0.18 -1.89 9.8325958074597
0.18 -1.8 9.97818089760001
0.18 -1.71 10.1524274934865
0.18 -1.62 10.342839582911
0.18 -1.53 10.5392119789885
0.18 -1.44 10.7334009672275
0.18 -1.35 10.9191073500563
0.18 -1.26 11.0916718888046
0.18 -1.17 11.2478831431413
0.18 -1.08 11.3857977079674
0.18 -0.99 11.5045728477646
0.18 -0.9 11.6043115284
0.18 -0.81 11.685919846386
0.18 -0.72 11.7509768555959
0.18 -0.63 11.8016167914356
0.18 -0.54 11.84042369247
0.18 -0.45 11.8703384195063
0.18 -0.36 11.8945780721317
0.18 -0.27 11.9165678027078
0.18 -0.18 11.9398850278201
0.18 -0.0899999999999999 11.9682160371827
0.18 0 12.005325
0.18 0.0899999999999999 12.0550353687827
0.18 0.18 12.1212236806201
0.18 0.27 12.2078257559078
0.18 0.36 12.3188552945317
0.18 0.45 12.4584348695063
0.18 0.54 12.63083931807
0.18 0.63 12.8405515302356
0.18 0.72 13.0923306347959
0.18 0.81 13.391292582786
0.18 0.9 13.7430031284
0.18 0.99 14.1535832073646
0.18 1.08 14.6298267127674
0.18 1.17 15.1793306683413
0.18 1.26 15.8106377992046
0.18 1.35 16.5333915000562
0.18 1.44 17.3585032008275
0.18 1.53 18.2983321297885
0.18 1.62 19.366877474111
0.18 1.71 20.5799829378865
0.18 1.8 21.9555536976
0.18 1.89 23.5137857550597
0.18 1.98 25.2774076877819
0.18 2.07 27.271934796832
0.18 2.16 29.5259356521206
0.18 2.25 32.0713110351562
0.18 2.34 34.9435852792521
0.18 2.43 38.1822100071906
0.18 2.52 41.8308802663412
0.18 2.61 45.9378630612361
0.18 2.7 50.5563382835999
0.18 2.79 55.7447520398359
0.18 2.88 61.5671823759675
0.18 2.97 68.0937174000357
0.18 3.06 75.4008458019518
0.18 3.15 83.5718597708061
0.18 3.24 92.697270309632
0.18 3.33 102.875234947626
0.18 3.42 114.211997849823
0.18 3.51 126.822342324227
0.18 3.6 140.8300557264
0.18 3.69 156.368406761501
0.18 3.78 173.580635183788
0.18 3.87 192.620453893568
0.18 3.96 213.65256343161
0.18 4.05 236.853178871006
0.18 4.14 262.410569106495
0.18 4.23 290.525608541238
0.18 4.32 321.412341171051
0.18 4.41 355.29855706609
0.18 4.5 392.426381249999

0.27 -4.5 550.472357812498
0.27 -4.41 485.005791988553
0.27 -4.32 426.125983013664
0.27 -4.23 373.302374488736
0.27 -4.14 326.036663660013
0.27 -4.05 283.861476441013
0.27 -3.96 246.339070328723
0.27 -3.87 213.060065214079
0.27 -3.78 183.642202086724
0.27 -3.69 157.729129634028
0.27 -3.6 134.9892187344
0.27 -3.51 115.11440484486
0.27 -3.42 97.8190582829008
0.27 -3.33 82.8388824026081
0.27 -3.24 69.929839665072
0.27 -3.15 58.8671056030639
0.27 -3.06 49.4440506799918
0.27 -2.97 41.4712500431305
0.27 -2.88 34.7755211711271
0.27 -2.79 29.1989894157809
0.27 -2.7 24.5981814380999
0.27 -2.61 20.8431465386314
0.27 -2.52 17.8166058820678
0.27 -2.43 15.4131296161289
0.27 -2.34 13.5383418847174
0.27 -2.25 12.1081537353515
0.27 -2.16 11.0480239208715
0.27 -2.07 10.292247595422
0.27 -1.98 9.7832729047093
0.27 -1.89 9.47104547053432
0.27 -1.8 9.3123807696
0.27 -1.71 9.27036440659458
0.27 -1.62 9.31378028154976
0.27 -1.53 9.41656665147413
0.27 -1.44 9.55730008626187
0.27 -1.35 9.71870731887657
0.27 -1.26 9.88720498981032
0.27 -1.17 10.052467285818
0.27 -1.08 10.2070214729266
0.27 -0.99 10.3458713237203
0.27 -0.9 10.4661484389
0.27 -0.81 10.5667914631185
0.27 -0.72 10.6482531950908
0.27 -0.63 10.71223559198
0.27 -0.54 10.7614526680575
0.27 -0.45 10.7994212876391
0.27 -0.36 10.8302798522963
0.27 -0.27 10.8586348823427
0.27 -0.18 10.8894354925951
0.27 -0.0899999999999999 10.9278757624111
0.27 0 10.979325
0.27 0.0899999999999999 11.0492859010111
0.27 0.18 11.1433806013951
0.27 0.27 11.2673646245427
0.27 0.36 11.4271687226963
0.27 0.45 11.6289686126391
0.27 0.54 11.8792826056575
0.27 0.63 12.18509713178
0.27 0.72 12.5540201582908
0.27 0.81 12.9944625025185
0.27 0.9 13.5158470389
0.27 0.99 14.1288458003203
0.27 1.08 14.8456449737266
0.27 1.17 15.680237790018
0.27 1.26 16.6487453082103
0.27 1.35 17.7697650938766
0.27 1.44 19.0647477918619
0.27 1.53 20.5584015932741
0.27 1.62 22.2791245967497
0.27 1.71 24.2594650639946
0.27 1.8 26.5366095696
0.27 1.89 29.1528990451343
0.27 1.98 32.1563727175093
0.27 2.07 35.6013399416219
0.27 2.16 39.5489799272715
0.27 2.25 44.0679693603515
0.27 2.34 49.2351379183174
0.27 2.43 55.1361516799288
0.27 2.52 61.8662244292677
0.27 2.61 69.5308568540313
0.27 2.7 78.2466036380999
0.27 2.79 88.1418684483808
0.27 2.88 99.357726815927
0.27 2.97 112.04877691133
0.27 3.06 126.384018214392
0.27 3.15 142.547758078064
0.27 3.24 160.740546186672
0.27 3.33 181.180136908408
0.27 3.42 204.102479542101
0.27 3.51 229.76273645826
0.27 3.6 258.436329134399
0.27 3.69 290.420012084627
0.27 3.78 326.032974683523
0.27 3.87 365.617970884279
0.27 3.96 409.542476831123
0.27 4.05 458.199876366013
0.27 4.14 512.010674429613
0.27 4.23 571.423738356535
0.27 4.32 636.917567064864
0.27 4.41 709.001588139953
0.27 4.5 788.217482812498

0.36 -4.5 1017.1944
0.36 -4.41 897.833926320767
0.36 -4.32 790.309519975408
0.36 -4.23 693.675213967756
0.36 -4.14 607.042381115582
0.36 -4.05 529.577378534026
0.36 -3.96 460.499241708843
0.36 -3.87 399.077428159477
0.36 -3.78 344.629610691955
0.36 -3.69 296.519520241607
0.36 -3.6 254.1548383056
0.36 -3.51 216.985138965309
0.36 -3.42 184.499880498491
0.36 -3.33 156.226446581304
0.36 -3.24 131.728237080129
0.36 -3.15 110.602808433225
0.36 -3.06 92.4800636222081
0.36 -2.97 77.0204917333435
0.36 -2.88 63.9134571086707
0.36 -2.79 52.8755380869441
0.36 -2.7 43.6489153344001
0.36 -2.61 35.9998097653448
0.36 -2.52 29.7169700525651
0.36 -2.43 24.6102097275626
0.36 -2.34 20.5089938706088
0.36 -2.25 17.261075390625
0.36 -2.16 14.7311808948827
0.36 -2.07 12.799746148528
0.36 -1.98 11.3617011239277
0.36 -1.89 10.3253046398388
0.36 -1.8 9.6110285904
0.36 -1.71 9.15049176394592
0.36 -1.62 8.88544325164401
0.36 -1.53 8.766795445954
0.36 -1.44 8.75370662890998
0.36 -1.35 8.812713150225
0.36 -1.26 8.91691119521833
0.36 -1.17 9.04518814256526
0.36 -1.08 9.18150351186954
0.36 -0.99 9.31421950105836
0.36 -0.9 9.4354811136
0.36 -0.81 9.54064587554393
0.36 -0.72 9.62776314238371
0.36 -0.63 9.69710299574228
0.36 -0.54 9.75073472987996
0.36 -0.45 9.792154928025
0.36 -0.36 9.82596512852674
0.36 -0.27 9.85759908083137
0.36 -0.18 9.89309959128023
0.36 -0.0899999999999999 9.93894495873075
0.36 0 10.001925
0.36 0.0899999999999999 10.0890666651308
0.36 0.18 10.2076092424802
0.36 0.27 10.3650291536314
0.36 0.36 10.5691143381267
0.36 0.45 10.828088228025
0.36 0.54 11.15078331228
0.36 0.63 11.5468642909423
0.36 0.72 12.0271008191837
0.36 0.81 12.6036898411439
0.36 0.9 13.2906275136
0.36 0.99 14.1041307194584
0.36 1.08 15.0631081710695
0.36 1.17 16.1896811033653
0.36 1.26 17.5097535568183
0.36 1.35 19.053632250225
0.36 1.44 20.85669604331
0.36 1.53 22.960114989154
0.36 1.62 25.411618976444
0.36 1.71 28.2663159615459
0.36 1.8 31.5875597904
0.36 1.89 35.4478676102388
0.36 1.98 39.9298868711277
0.36 2.07 45.127411917328
0.36 2.16 51.1464501684828
0.36 2.25 58.106337890625
0.36 2.34 66.1409055570088
0.36 2.43 75.3996927987626
0.36 2.52 86.0492129453651
0.36 2.61 98.2742671549449
0.36 2.7 112.2793081344
0.36 2.79 128.289853449344
0.36 2.88 146.553948423871
0.36 2.97 167.343678630144
0.36 3.06 190.956731967808
0.36 3.15 217.718010333225
0.36 3.24 247.981290878529
0.36 3.33 282.130936860504
0.36 3.42 320.583658079291
0.36 3.51 363.790320906909
0.36 3.6 412.237807905601
0.36 3.69 466.450927036006
0.36 3.78 526.994370455155
0.36 3.87 594.474722904276
0.36 3.96 669.542519686444
0.36 4.05 752.894354234027
0.36 4.14 845.275035265983
0.36 4.23 947.479793534956
0.36 4.32 1060.35653816421
0.36 4.41 1184.80816257437
0.36 4.5 1321.7949

0.45 -4.5 1627.8992578125
0.45 -4.41 1438.60901665432
0.45 -4.32 1267.93101574907
0.45 -4.23 1114.38459827149
0.45 -4.14 976.578700855595
0.45 -4.05 853.20817310004
0.45 -3.96 743.050174557566
0.45 -3.87 644.960649208556
0.45 -3.78 557.870877418679
0.45 -3.69 480.784105380635
0.45 -3.6 412.77225204
0.45 -3.51 352.972693505169
0.45 -3.42 300.585124941392
0.45 -3.33 254.868499948912
0.45 -3.24 215.138047425201
0.45 -3.15 180.762365911289
0.45 -3.06 151.1605954222
0.45 -2.97 125.799666761474
0.45 -2.88 104.191628319798
0.45 -2.79 85.8910503577251
0.45 -2.7 70.4925067725001
0.45 -2.61 57.6281343489762
0.45 -2.52 46.965269494633
0.45 -2.43 38.2041624586915
0.45 -2.34 31.0757690353262
0.45 -2.25 25.3396197509766
0.45 -2.16 20.7817665357543
0.45 -2.07 17.2128068789499
0.45 -1.98 14.465985468637
0.45 -1.89 12.3953733153731
0.45 -1.8 10.87412436
0.45 -1.71 9.7928095655405
0.45 -1.62 9.05782849319376
0.45 -1.53 8.58989836242812
0.45 -1.44 8.32262059517184
0.45 -1.35 8.20112484410156
0.45 -1.26 8.18079050502864
0.45 -1.17 8.22604571338322
0.45 -1.08 8.30924382479616
0.45 -0.99 8.4096173797787
0.45 -0.9 8.5123095525
0.45 -0.81 8.6074830836624
0.45 -0.72 8.68950669747456
0.45 -0.63 8.75621900272232
0.45 -0.54 8.80826987793744
0.45 -0.45 8.84853934066406
0.45 -0.36 8.88163390082304
0.45 -0.27 8.91346039817402
0.45 -0.18 8.95087732387536
0.45 -0.0899999999999999 9.0014236261418
0.45 0 9.073125
0.45 0.0899999999999999 9.1743776611418
0.45 0.18 9.31390960387536
0.45 0.27 9.50081934317402
0.45 0.36 9.74469214082304
0.45 0.45 10.0557937156641
0.45 0.54 10.4453414379374
0.45 0.63 10.9258530077223
0.45 0.72 11.5115726174746
0.45 0.81 12.2189745986624
0.45 0.9 13.0673445525
0.45 0.99 14.0794379647787
0.45 1.08 15.2822163047962
0.45 1.17 16.7076606083832
0.45 1.26 18.3936625450286
0.45 1.35 20.3849929691016
0.45 1.44 22.7343479551719
0.45 1.53 25.5034723174281
0.45 1.62 28.7643606131938
0.45 1.71 32.6005356305405
0.45 1.8 37.10840436
0.45 1.89 42.3986914503731
0.45 1.98 48.597950148637
0.45 2.07 55.85015072395
0.45 2.16 64.3183463757543
0.45 2.25 74.1864166259766
0.45 2.34 85.6608881953263
0.45 2.43 98.9728333636914
0.45 2.52 114.379845814633
0.45 2.61 132.168093963976
0.45 2.7 152.6544517725
0.45 2.79 176.188707042725
0.45 2.88 203.155847199798
0.45 2.97 233.978422556474
0.45 3.06 269.1189870622
0.45 3.15 309.082616536289
0.45 3.24 354.419504385201
0.45 3.33 405.727634803913
0.45 3.42 463.655533461392
0.45 3.51 528.905095670169
0.45 3.6 602.23449204
0.45 3.69 684.461151615635
0.45 3.78 776.464822498678
0.45 3.87 879.190709953556
0.45 3.96 993.652691997567
0.45 4.05 1120.93661247504
0.45 4.14 1262.2036516156
0.45 4.23 1418.69377407649
0.45 4.32 1591.72925446907
0.45 4.41 1782.71828036932
0.45 4.5 1993.1586328125

0.54 -4.5 2382.58693125
0.54 -4.41 2107.33106298922
0.54 -4.32 1858.99047033466
0.54 -4.23 1635.43052739995
0.54 -4.14 1434.64562288006
0.54 -4.05 1254.75386013906
0.54 -3.96 1093.99186887489
0.54 -3.87 950.709728361321
0.54 -3.78 823.366002266897
0.54 -3.69 710.522885051114
0.54 -3.6 610.8414599376
0.54 -3.51 523.077068464443
0.54 -3.42 446.074791611605
0.54 -3.33 378.765042505434
0.54 -3.24 320.159270700289
0.54 -3.15 269.345778037256
0.54 -3.06 225.485646079968
0.54 -2.97 187.808775127523
0.54 -2.88 155.610034804509
0.54 -2.79 128.245526228124
0.54 -2.7 105.1289557524
0.54 -2.61 85.7281202895257
0.54 -2.52 69.5615042082715
0.54 -2.43 56.1949878095157
0.54 -2.34 45.2386673788698
0.54 -2.25 36.3437868164063
0.54 -2.16 29.1997808434861
0.54 -2.07 23.5314297866879
0.54 -1.98 19.0961259388372
0.54 -1.89 15.6812514971373
0.54 -1.8 13.1016680784
0.54 -1.71 11.1973178113783
0.54 -1.62 9.83093600619902
0.54 -1.53 8.8858754008965
0.54 -1.44 8.26404198504745
0.54 -1.35 7.88394240050625
0.54 -1.26 7.67884291924124
0.54 -1.17 7.59503999827184
0.54 -1.08 7.59024241170647
0.54 -0.99 7.63206495988133
0.54 -0.9 7.6966337556
0.54 -0.81 7.76730308747386
0.54 -0.72 7.83348386036337
0.54 -0.63 7.88958361292014
0.54 -0.54 7.93405811222991
0.54 -0.45 7.96857452555625
0.54 -0.36 7.99728616918518
0.54 -0.27 8.02621883437059
0.54 -0.18 8.06276869038052
0.54 -0.0899999999999999 8.1153117646442
0.54 0 8.192925
0.54 0.0899999999999999 8.30521888904419
0.54 0.18 8.46228168558052
0.54 0.27 8.67473519317059
0.54 0.36 8.95390213078518
0.54 0.45 9.31208507555625
0.54 0.54 9.76295698262991
0.54 0.63 10.3220632821201
0.54 0.72 11.0074355531634
0.54 0.81 11.8403167750739
0.54 0.9 12.8459981556
0.54 0.99 14.0547675362813
0.54 1.08 15.5029693749065
0.54 1.17 17.2341763050718
0.54 1.26 19.3004722728412
0.54 1.35 21.7638472505062
0.54 1.44 24.6977035274475
0.54 1.53 28.1884735780965
0.54 1.62 32.337349506999
0.54 1.71 37.2621240709783
0.54 1.8 43.0991432784
0.54 1.89 50.0053705655372
0.54 1.98 58.1605625500373
0.54 2.07 67.7695563614879
0.54 2.16 79.0646685490861
0.54 2.25 92.3082055664063
0.54 2.34 107.79508583327
0.54 2.43 125.855573374716
0.54 2.52 146.858123037071
0.54 2.61 171.212337281126
0.54 2.7 199.3720345524
0.54 2.79 231.838429228524
0.54 2.88 269.163423143709
0.54 2.97 311.953008690323
0.54 3.06 360.870783497568
0.54 3.15 416.641576687257
0.54 3.24 480.055186706689
0.54 3.33 551.970230738634
0.54 3.42 633.318105688405
0.54 3.51 725.107060748044
0.54 3.6 828.4263815376
0.54 3.69 944.450685823513
0.54 3.78 1074.4443308141
0.54 3.87 1219.76593203212
0.54 3.96 1381.8729937645
0.54 4.05 1562.32665108906
0.54 4.14 1762.79652347846
0.54 4.23 1985.06567998115
0.54 4.32 2231.03571597946
0.54 4.41 2502.73194152482
0.54 4.5 2802.30868125

0.63 -4.5 3281.2574203125
0.63 -4.41 2904.00006532547
0.63 -4.32 2563.48788373218
0.63 -4.23 2256.81300135312
0.63 -4.14 1981.24314718896
0.63 -4.05 1734.21443965108
0.63 -3.96 1513.32432466083
0.63 -3.87 1316.32466561777
0.63 -3.78 1141.11498523661
0.63 -3.69 985.735859253043
0.63 -3.6 848.3624619984
0.63 -3.51 727.298263843131
0.63 -3.42 620.968880509128
0.63 -3.33 527.916074250868
0.63 -3.24 446.791906905393
0.63 -3.15 376.353044811126
0.63 -3.06 315.455215595512
0.63 -2.97 263.047816831489
0.63 -2.88 218.168676562803
0.63 -2.79 179.938965698141
0.63 -2.7 147.5582622741
0.63 -2.61 120.299767586993
0.63 -2.52 97.5056741934806
0.63 -2.43 78.5826857800352
0.63 -2.34 62.9976889012394
0.63 -2.25 50.273576586914
0.63 -2.16 39.9852238180783
0.63 -2.07 31.7556148717418
0.63 -1.98 25.2521225345284
0.63 -1.89 20.1829391851313
0.63 -1.8 16.2936597456
0.63 -1.71 13.3640165014594
0.63 -1.62 11.2047657906598
0.63 -1.53 9.65472656135912
0.63 -1.44 8.57797079853681
0.63 -1.35 7.86116581943906
0.63 -1.26 7.41106843785613
0.63 -1.17 7.15217099723112
0.63 -1.08 7.02449927260047
0.63 -0.99 6.98156224136626
0.63 -0.9 6.9884537229
0.63 -0.81 7.02010588697831
0.63 -0.72 7.05969463105014
0.63 -0.63 7.09719682633575
0.63 -0.54 7.12809943275738
0.63 -0.45 7.15226048270156
0.63 -0.36 7.17292193361316
0.63 -0.27 7.19587438942108
0.63 -0.18 7.22877369079571
0.63 -0.0899999999999999 7.28060937423793
0.63 0 7.361325
0.63 0.0899999999999999 7.48159034883793
0.63 0.18 7.65272548759571
0.63 0.27 7.88677670362108
0.63 0.36 8.19674430801316
0.63 0.45 8.59696230770156
0.63 0.54 9.10362994635738
0.63 0.63 9.73549511413575
0.63 0.72 10.5146896262501
0.63 0.81 11.4677163703783
0.63 0.9 12.6265883229
0.63 0.99 14.0301194339663
0.63 1.08 15.7253673814005
0.63 1.17 17.7692281934311
0.63 1.26 20.2301827402561
0.63 1.35 23.190195094439
0.63 1.44 26.7467627601368
0.63 1.53 31.0151187711591
0.63 1.62 36.1305856578598
0.63 1.71 42.2510812828594
0.63 1.8 49.5597765456
0.63 1.89 58.2679049557312
0.63 1.98 68.6177240753285
0.63 2.07 80.8856288299419
0.63 2.16 95.3854166884783
0.63 2.25 112.471704711914
0.63 2.34 132.543498470839
0.63 2.43 156.047912831835
0.63 2.52 183.48404461268
0.63 2.61 215.406997106393
0.63 2.7 252.4320564741
0.63 2.79 295.239020006741
0.63 2.88 344.576676255604
0.63 2.97 401.267437031689
0.63 3.06 466.212121273911
0.63 3.15 540.394890786127
0.63 3.24 624.888337842993
0.63 3.33 720.858724664668
0.63 3.42 829.571374760328
0.63 3.51 952.396216140531
0.63 3.6 1090.8134763984
0.63 3.69 1246.41952965964
0.63 3.78 1420.93289540141
0.63 3.87 1616.20038913997
0.63 3.96 1834.20342498723
0.63 4.05 2077.06447007608
0.63 4.14 2347.05365085457
0.63 4.23 2646.59551124892
0.63 4.32 2978.27592269538
0.63 4.41 3344.84914604087
0.63 4.5 3749.2450453125

0.72 -4.5 4323.910725
0.72 -4.41 3828.61602366306
0.72 -4.32 3381.42325594162
0.72 -4.23 2978.53202013102
0.72 -4.14 2616.37127378232
0.72 -4.05 2291.5899116361
0.72 -3.96 2001.04754191537
0.72 -3.87 1741.8054609779
0.72 -3.78 1511.11782632782
0.72 -3.69 1306.42302798642
0.72 -3.6 1125.3352582224
0.72 -3.51 965.636279641232
0.72 -3.42 825.267391633963
0.72 -3.33 702.321595185215
0.72 -3.24 595.035956040513
0.72 -3.15 501.7841662329
0.72 -3.06 421.069303968831
0.72 -2.97 351.516791873373
0.72 -2.88 291.867553594682
0.72 -2.79 240.971368767776
0.72 -2.7 197.7804263376
0.72 -2.61 161.343076241379
0.72 -2.52 130.79777945026
0.72 -2.43 105.36725637025
0.72 -2.34 84.3528336024351
0.72 -2.25 67.1289890624999
0.72 -2.16 53.1380954595308
0.72 -2.07 41.8853621341117
0.72 -1.98 32.9339752557106
0.72 -1.89 25.9004363793551
0.72 -1.8 20.4500993616
0.72 -1.71 16.2929056357837
0.72 -1.62 13.179317846576
0.72 -1.53 10.896451843816
0.72 -1.44 9.26440703563991
0.72 -1.35 8.1327951009
0.72 -1.26 7.37746706087332
0.72 -1.17 6.89743871026105
0.72 -1.08 6.61201440747817
0.72 -0.99 6.45810922423348
0.72 -0.9 6.3877694544
0.72 -0.81 6.36589148217575
0.72 -0.72 6.36813900953488
0.72 -0.63 6.37905864296915
0.72 -0.54 6.39039383951985
0.72 -0.45 6.3995972121
0.72 -0.36 6.40854119410698
0.72 -0.27 6.4224270633255
0.72 -0.18 6.44889232512092
0.72 -0.0899999999999999 6.49731645492302
0.72 0 6.578325
0.72 0.0899999999999999 6.70349204052302
0.72 0.18 6.88524100992092
0.72 0.27 7.1369438745255
0.72 0.36 7.47321867250699
0.72 0.45 7.9104254121
0.72 0.54 8.46736032911985
0.72 0.63 9.16614850376915
0.72 0.72 10.0333348367349
0.72 0.81 11.1011733845757
0.72 0.9 12.4091150544
0.72 0.99 14.0054936578335
0.72 1.08 15.9494103242782
0.72 1.17 18.312816273461
0.72 1.26 21.1827939472733
0.72 1.35 24.6640365009
0.72 1.44 28.8815256532399
0.72 1.53 33.983407896616
0.72 1.62 40.144069065776
0.72 1.71 47.5674072661837
0.72 1.8 56.4903041616
0.72 1.89 67.1862946209551
0.72 1.98 79.9694347245106
0.72 2.07 95.1983681293118
0.72 2.16 113.280590793931
0.72 2.25 134.6769140625
0.72 2.34 159.906126108035
0.72 2.43 189.54985173505
0.72 2.52 224.25761054146
0.72 2.61 264.752073439779
0.72 2.7 311.8345175376
0.72 2.79 366.390479377376
0.72 2.88 429.395606535482
0.72 2.97 501.921707580573
0.72 3.06 585.143000391231
0.72 3.15 680.3425588329
0.72 3.24 788.918957794113
0.72 3.33 912.393116582015
0.72 3.42 1052.41534067716
0.72 3.51 1210.77256184763
0.72 3.6 1389.3957766224
0.72 3.69 1590.36768312402
0.72 3.78 1815.93051626061
0.72 3.87 2068.4940812771
0.72 3.96 2350.64398566577
0.72 4.05 2665.1500694361
0.72 4.14 3014.97503374392
0.72 4.23 3403.28326787982
0.72 4.32 3833.44987461682
0.72 4.41 4309.06989391746
0.72 4.5 4833.967725

0.81 -4.5 5510.5468453125
0.81 -4.41 4881.17893800199
0.81 -4.32 4312.79658696299
0.81 -4.23 3800.58758373363
0.81 -4.14 3340.03000266012
0.81 -4.05 2926.88027609412
0.81 -3.96 2557.16152063851
0.81 -3.87 2227.15211444172
0.81 -3.78 1933.37452554052
0.81 -3.69 1672.58439125125
0.81 -3.6 1441.7598486096
0.81 -3.51 1238.09111585875
0.81 -3.42 1058.97032498611
0.81 -3.33 901.981605308475
0.81 -3.24 764.89141810565
0.81 -3.15 645.639142302576
0.81 -3.06 542.327911199927
0.81 -2.97 453.215700253175
0.81 -2.88 376.706665900144
0.81 -2.79 311.342735437029
0.81 -2.7 255.7954479429
0.81 -2.61 208.858046252682
0.81 -2.52 169.437819978611
0.81 -2.43 136.54869958016
0.81 -2.34 109.304101482457
0.81 -2.25 86.910024243164
0.81 -2.16 68.6583957678437
0.81 -2.07 53.9206715737977
0.81 -1.98 42.1416841023837
0.81 -1.89 32.8337430798088
0.81 -1.8 25.5709869264
0.81 -1.71 19.9839852143512
0.81 -1.62 15.7545921739478
0.81 -1.53 12.6110512482671
0.81 -1.44 10.3233506963568
0.81 -1.35 8.69883024488906
0.81 -1.26 7.57803878829279
0.81 -1.17 6.83084313736164
0.81 -1.08 6.35278781633956
0.81 -0.99 6.061705908483
0.81 -0.9 5.8945809501
0.81 -0.81 5.80465987306619
0.81 -0.72 5.75881699581758
0.81 -0.63 5.73516906282033
0.81 -0.54 5.72094133251731
0.81 -0.45 5.71058471375157
0.81 -0.36 5.70414395066665
0.81 -0.27 5.70587685608384
0.81 -0.18 5.72312459335617
0.81 -0.0899999999999999 5.76543300669944
0.81 0 5.843925
0.81 0.0899999999999999 5.97092396409944
0.81 0.18 6.15982825255617
0.81 0.27 6.42523670588383
0.81 0.36 6.78332522426665
0.81 0.45 7.25247438875157
0.81 0.54 7.85414813091731
0.81 0.63 8.61402345102033
0.81 0.72 9.56337118461757
0.81 0.81 10.7406878176662
0.81 0.9 12.1935783501
0.81 0.99 13.980890207883
0.81 1.08 16.1750982035396
0.81 1.17 18.8649405451616
0.81 1.26 22.1583058938928
0.81 1.35 26.185371469889
0.81 1.44 31.1019922067568
0.81 1.53 37.0933409544671
0.81 1.62 44.3777997307478
0.81 1.71 53.2111020209512
0.81 1.8 63.8907261263999
0.81 1.89 76.7605395612088
0.81 1.98 92.2156944975838
0.81 2.07 110.707774259598
0.81 2.16 132.750190865444
0.81 2.25 158.923833618164
0.81 2.34 189.882968744857
0.81 2.43 226.36139008436
0.81 2.52 269.17882082341
0.81 2.61 319.247566281283
0.81 2.7 377.5794177429
0.81 2.79 445.292807340429
0.81 2.88 523.620213983344
0.81 2.97 613.915820336975
0.81 3.06 717.663420849526
0.81 3.15 836.484580827576
0.81 3.24 972.14704656005
0.81 3.33 1126.57340649067
0.81 3.42 1301.85000343891
0.81 3.51 1500.23609786935
0.81 3.6 1724.1732822096
0.81 3.69 1976.29514621665
0.81 3.78 2259.43719339171
0.81 3.87 2576.64700844352
0.81 3.96 2931.19467580011
0.81 4.05 3326.58344916913
0.81 4.14 3766.56067214653
0.81 4.23 4255.12894987383
0.81 4.32 4796.55757174379
0.81 4.41 5395.39418515459
0.81 4.5 6056.47672031249

0.9 -4.5 6841.16578125001
0.9 -4.41 6061.68880834229
0.9 -4.32 5357.60787679629
0.9 -4.23 4722.97969216097
0.9 -4.14 4152.21933382238
0.9 -4.05 3640.08553302516
0.9 -3.96 3181.66626083026
0.9 -3.87 2772.36462600923
0.9 -3.78 2407.88508287472
0.9 -3.69 2084.21994904754
0.9 -3.6 1797.63623316
0.9 -3.51 1544.66277249568
0.9 -3.42 1322.07768056557
0.9 -3.33 1126.89610462065
0.9 -3.24 956.358293100804
0.9 -3.15 807.917973020157
0.9 -3.06 679.2310372888
0.9 -2.97 568.144541970897
0.9 -2.88 472.686013479191
0.9 -2.79 391.0530657059
0.9 -2.7 321.60332709
0.9 -2.61 262.844677620905
0.9 -2.52 213.425795778532
0.9 -2.43 172.127015409766
0.9 -2.34 137.851492541305
0.9 -2.25 109.616682128906
0.9 -2.16 86.5461247430171
0.9 -2.07 67.8615431907997
0.9 -1.98 52.8752490745479
0.9 -1.89 40.9828592864925
0.9 -1.8 31.65632244
0.9 -1.71 24.437255237162
0.9 -1.62 18.9305887727751
0.9 -1.53 14.7985247747125
0.9 -1.44 11.7548017806874
0.9 -1.35 9.55927125140625
0.9 -1.26 8.01278362011456
0.9 -1.17 6.95238427853289
0.9 -1.08 6.24681949918464
0.9 -0.99 5.79235229411481
0.9 -0.9 5.50888821
0.9 -0.81 5.33641105964961
0.9 -0.72 5.23172858989824
0.9 -0.63 5.16552808588929
0.9 -0.54 5.11974191174976
0.9 -0.45 5.08522298765625
0.9 -0.36 5.05973020329216
0.9 -0.27 5.04622376769609
0.9 -0.18 5.05147049550144
0.9 -0.0899999999999999 5.08495902956721
0.9 0 5.158125
0.9 0.0899999999999999 5.28388611956721
0.9 0.18 5.47648721550144
0.9 0.27 5.75165519769609
0.9 0.36 6.12706396329216
0.9 0.45 6.62310923765625
0.9 0.54 7.26399335174976
0.9 0.63 8.07911995588929
0.9 0.72 9.10479866989824
0.9 0.81 10.3862596696496
0.9 0.9 11.97997821
0.9 0.99 13.9563090841148
0.9 1.08 16.4024310191846
0.9 1.17 19.4256010085329
0.9 1.26 23.1567185801146
0.9 1.35 27.7542000014062
0.9 1.44 33.4081624206874
0.9 1.53 40.3449179447125
0.9 1.62 48.8317776527751
0.9 1.71 59.182165547162
0.9 1.8 71.76104244
0.9 1.89 86.9906397764924
0.9 1.98 105.356503394548
0.9 2.07 127.4138472208
0.9 2.16 153.794216903017
0.9 2.25 185.212463378906
0.9 2.34 222.474026381305
0.9 2.43 266.482527879766
0.9 2.52 318.247675458532
0.9 2.61 378.893475630905
0.9 2.7 449.66675709
0.9 2.79 531.946003895901
0.9 2.88 627.250498599191
0.9 2.97 737.249775300897
0.9 3.06 863.773382648799
0.9 3.15 1008.82095677016
0.9 3.24 1174.5726041408
0.9 3.33 1363.39959439065
0.9 3.42 1577.87536304557
0.9 3.51 1820.78682420568
0.9 3.6 2095.14599316
0.9 3.69 2404.20191893754
0.9 3.78 2751.45292679471
0.9 3.87 3140.65917063922
0.9 3.96 3575.85549539027
0.9 4.05 4061.36460927516
0.9 4.14 4601.81056606239
0.9 4.23 5202.13255723097
0.9 4.32 5867.59901407629
0.9 4.41 6603.82201975228
0.9 4.5 7416.77203125001

0.99 -4.5 8315.7675328125
0.99 -4.41 7370.14563468391
0.99 -4.32 6515.85712544151
0.99 -4.23 5745.70834541302
0.99 -4.14 5052.93926726908
0.99 -4.05 4431.20568242919
0.99 -3.96 3874.56176249062
0.99 -3.87 3377.44299568041
0.99 -3.78 2934.64949833041
0.99 -3.69 2541.32970137527
0.99 -3.6 2192.9644118736
0.99 -3.51 1885.35124955202
0.99 -3.42 1614.58945837234
0.99 -3.33 1377.06509312174
0.99 -3.24 1169.43658102597
0.99 -3.15 988.620658385639
0.99 -3.06 831.778682235447
0.99 -2.97 696.303317026535
0.99 -2.88 579.805596331821
0.99 -2.79 480.102359574389
0.99 -2.7 395.2040637789
0.99 -2.61 323.302970346045
0.99 -2.52 262.761706850024
0.99 -2.43 212.102203859067
0.99 -2.34 169.995006778979
0.99 -2.25 135.248962719727
0.99 -2.16 106.801282385051
0.99 -2.07 83.7079769851176
0.99 -1.98 65.1346701722029
0.99 -1.89 50.3477849994058
0.99 -1.8 38.7061059024
0.99 -1.71 29.652715704216
0.99 -1.62 22.7073076430578
0.99 -1.53 17.4588724231521
0.99 -1.44 13.5587602886317
0.99 -1.35 10.7141181204516
0.99 -1.26 8.68170155633861
0.99 -1.17 7.2620621337748
0.99 -1.08 6.29410945601342
0.99 -0.99 5.65004838112892
0.99 -0.9 5.2306912341
0.99 -0.81 4.96114504192603
0.99 -0.72 4.78687379177687
0.99 -0.63 4.67013571217604
0.99 -0.54 4.58679557721721
0.99 -0.45 4.52351203381406
0.99 -0.36 4.47529995198351
0.99 -0.27 4.44346779816227
0.99 -0.18 4.43393003155674
0.99 -0.0899999999999999 4.45589452352632
0.99 0 4.520925
0.99 0.0899999999999999 4.64237850692632
0.99 0.18 4.83521789875674
0.99 0.27 5.11619934996227
0.99 0.36 5.50443488958351
0.99 0.45 6.02232995881406
0.99 0.54 6.69689599161721
0.99 0.63 7.56143801837604
0.99 0.72 8.65761729257687
0.99 0.81 10.037888940526
0.99 0.9 11.7683146341
0.99 0.99 13.9317502865289
0.99 1.08 16.6314087712134
0.99 1.17 19.9947976635748
0.99 1.26 24.1780320059386
0.99 1.35 29.3705220954515
0.99 1.44 35.8000362950317
0.99 1.53 43.7381388673521
0.99 1.62 53.5060028318578
0.99 1.71 65.480597844816
0.99 1.8 80.1012531024
0.99 1.89 97.8765952668058
0.99 1.98 119.391861415403
0.99 2.07 145.316587012918
0.99 2.16 176.412668906651
0.99 2.25 213.542803344727
0.99 2.34 257.679299017379
0.99 2.43 309.913265121266
0.99 2.52 371.464174446823
0.99 2.61 443.689801488645
0.99 2.7 528.0965355789
0.99 2.79 626.350069043789
0.99 2.88 740.286460383021
0.99 2.97 871.923572472335
0.99 3.06 1023.47288578905
0.99 3.15 1197.35168666064
0.99 3.24 1396.19563053637
0.99 3.33 1622.87168028194
0.99 3.42 1880.49141949714
0.99 3.51 2172.42474085662
0.99 3.6 2502.3139094736
0.99 3.69 2874.08800128667
0.99 3.78 3291.9777164696
0.99 3.87 3760.53056786421
0.99 3.96 4284.62644443622
0.99 4.05 4869.4935497542
0.99 4.14 5520.72471549149
0.99 4.23 6244.29408995122
0.99 4.32 7046.57420161431
0.99 4.41 7934.35339771051
0.99 4.5 8914.85365781251

1.08 -4.5 9934.3521
1.08 -4.41 8806.54941702688
1.08 -4.32 7787.54433289865
1.08 -4.23 6868.77354348979
1.08 -4.14 6042.18980300022
1.08 -4.05 5300.24072430622
1.08 -3.96 4635.84802561958
1.08 -3.87 4042.38722345528
1.08 -3.78 3513.66777190759
1.08 -3.69 3043.91364823445
1.08 -3.6 2627.7443847504
1.08 -3.51 2260.15654702777
1.08 -3.42 1936.50565840642
1.08 -3.33 1652.48857081173
1.08 -3.24 1404.12628188116
1.08 -3.15 1187.74719839903
1.08 -3.06 999.970846039871
1.08 -2.97 837.692025420091
1.08 -2.88 698.065414458035
1.08 -2.79 578.490617042496
1.08 -2.7 476.5976580096
1.08 -2.61 390.232924428103
1.08 -2.52 317.445553193086
1.08 -2.43 256.474264928063
1.08 -2.34 205.734644195479
1.08 -2.25 163.806866015625
1.08 -2.16 129.423868693944
1.08 -2.07 101.459972956751
1.08 -1.98 78.9199473953489
1.08 -1.89 60.9285202185491
1.08 -1.8 46.7203373136
1.08 -1.71 35.6303666155133
1.08 -1.62 27.0847487847961
1.08 -1.53 20.592094193586
1.08 -1.44 15.7352262201898
1.08 -1.35 12.163370852025
1.08 -1.26 9.58479259696496
1.08 -1.17 7.75987670308736
1.08 -1.08 6.49465768682588
1.08 -0.99 5.63479416952533
1.08 -0.9 5.0599900224
1.08 -0.81 4.67886181989544
1.08 -0.72 4.42425260145347
1.08 -0.63 4.24899194168058
1.08 -0.54 4.12210232891965
1.08 -0.45 4.025451852225
1.08 -0.36 3.95085319674071
1.08 -0.27 3.89760894748237
1.08 -0.18 3.87050320152207
1.08 -0.0899999999999999 3.87823948857678
1.08 0 3.932325
1.08 0.0899999999999999 4.04640112617678
1.08 0.18 4.23602030232207
1.08 0.27 4.51886916268237
1.08 0.36 4.91543800314071
1.08 0.45 5.450136552225
1.08 0.54 6.15285605051965
1.08 0.63 7.06097763848058
1.08 0.72 8.22182705265346
1.08 0.81 9.69557563029543
1.08 0.9 11.5585876224
1.08 0.99 13.9072138151253
1.08 1.08 16.8620314596259
1.08 1.17 20.5725305102874
1.08 1.26 25.222246171365
1.08 1.35 31.034337752025
1.08 1.44 38.2776138297898
1.08 1.53 47.273003722386
1.08 1.62 58.4004752679961
1.08 1.71 72.1063989139133
1.08 1.8 88.9113581136
1.08 1.89 109.418406032149
1.08 1.98 134.321768560149
1.08 2.07 164.415993635952
1.08 2.16 200.605546876344
1.08 2.25 243.914853515625
1.08 2.34 295.498786653079
1.08 2.43 356.653601808863
1.08 2.52 428.828317788285
1.08 2.61 513.636543854503
1.08 2.7 612.8687532096
1.08 2.79 728.505002784096
1.08 2.88 862.728099334835
1.08 2.97 1017.93721185129
1.08 3.06 1196.76193027027
1.08 3.15 1402.07677049903
1.08 3.24 1637.01612574676
1.08 3.33 1904.98966416454
1.08 3.42 2209.69817279362
1.08 3.51 2555.14984782217
1.08 3.6 2945.6770311504
1.08 3.69 3385.95339326405
1.08 3.78 3881.01156241639
1.08 3.87 4436.26120011848
1.08 3.96 5057.50752293799
1.08 4.05 5750.97027060623
1.08 4.14 6523.30312043383
1.08 4.23 7381.61354803459
1.08 4.32 8333.48313435786
1.08 4.41 9386.98831902928
1.08 4.5 10550.7216

1.17 -4.5 11696.9194828125
1.17 -4.41 10370.9001553712
1.17 -4.32 9172.66949916773
1.17 -4.23 8092.17528639128
1.17 -4.14 7119.97094101582
1.17 -4.05 6247.19065865626
1.17 -3.96 5465.52505021714
1.17 -3.87 4767.19730933384
1.17 -3.78 4144.93990360627
1.17 -3.69 3591.97178962509
1.17 -3.6 3101.9761517904
1.17 -3.51 2669.07866492294
1.17 -3.42 2287.82628066781
1.17 -3.33 1953.16653769065
1.17 -3.24 1660.42739566636
1.17 -3.15 1405.29759306031
1.17 -3.06 1183.80752870207
1.17 -2.97 992.310667151565
1.17 -2.88 827.465467857833
1.17 -2.79 686.217838110221
1.17 -2.7 565.7841097821
1.17 -2.61 463.634539867079
1.17 -2.52 377.477334807719
1.17 -2.43 305.243198616754
1.17 -2.34 245.070404790805
1.17 -2.25 195.290392016602
1.17 -2.16 154.413883669699
1.17 -2.07 121.117531105701
1.17 -1.98 94.2310807439858
1.17 -1.89 72.7250649439222
1.17 -1.8 55.6990166736
1.17 -1.71 42.3702079710538
1.17 -1.62 32.0629121979898
1.17 -1.53 24.1981900860141
1.17 -1.44 18.2841995753616
1.17 -1.35 13.9070294461266
1.17 -1.26 10.7220567419936
1.17 -1.17 8.44582798647058
1.17 -1.08 6.84846419162204
1.17 -0.99 5.74658965930403
1.17 -0.9 4.9967845749
1.17 -0.81 4.48956139355784
1.17 -0.72 4.14386501892803
1.17 -0.63 3.9020967744029
1.17 -0.54 3.7256621668571
1.17 -0.45 3.59104244288906
1.17 -0.36 3.48638993756375
1.17 -0.27 3.40864721565639
1.17 -0.18 3.36119000539743
1.17 -0.0899999999999999 3.35199392471859
1.17 0 3.392325
1.17 0.0899999999999999 3.49595397731859
1.17 0.18 3.67889442619743
1.17 0.27 3.95966463585639
1.17 0.36 4.36007330396375
1.17 0.45 4.90652901788906
1.17 0.54 5.63187352845709
1.17 0.63 6.5777388162029
1.17 0.72 7.79742795012802
1.17 0.81 9.35931973895783
1.17 0.9 11.3507971749
1.17 0.99 13.882699669904
1.17 1.08 17.094299084422
1.17 1.17 21.1587995486706
1.17 1.26 26.2893610763936
1.17 1.35 32.7456469711265
1.17 1.44 40.8408950249617
1.17 1.53 50.9495125098141
1.17 1.62 63.5151949611898
1.17 1.71 79.0595687544538
1.17 1.8 98.1913574736
1.17 1.89 121.616072072522
1.17 1.98 150.146224828786
1.17 2.07 184.712067089902
1.17 2.16 226.372850812099
1.17 2.25 276.328613891602
1.17 2.34 335.932489288405
1.17 2.43 406.703537942554
1.17 2.52 490.340105482918
1.17 2.61 588.733702728479
1.17 2.7 703.9834099821
1.17 2.79 838.410805116821
1.17 2.88 994.575415454633
1.17 2.97 1175.29069343776
1.17 3.06 1383.64051609247
1.17 3.15 1622.99620828531
1.17 3.24 1897.03408977196
1.17 3.33 2209.75354603845
1.17 3.42 2565.49562293501
1.17 3.51 2968.96214510234
1.17 3.6 3425.2353581904
1.17 3.69 3939.79809486968
1.17 3.78 4518.55446463506
1.17 3.87 5167.85106740203
1.17 3.96 5894.49873089555
1.17 4.05 6705.79477183127
1.17 4.14 7609.54578088943
1.17 4.23 8614.09093148108
1.17 4.32 9728.32581230692
1.17 4.41 10961.7267837086
1.17 4.5 12324.3758578125

1.26 -4.5 13603.46968125
1.26 -4.41 12063.1978497169
1.26 -4.32 10671.2326242487
1.26 -4.23 9415.91357411749
1.26 -4.14 8286.28268131586
1.26 -4.05 7272.0554854793
1.26 -3.96 6363.59283628331
1.26 -3.87 5551.87325331608
1.26 -3.78 4828.46589342644
1.26 -3.69 4185.50412554717
1.26 -3.6 3615.6597129936
1.26 -3.51 3112.11760323752
1.26 -3.42 2668.55132515651
1.26 -3.33 2279.09899375847
1.26 -3.24 1938.33992238157
1.26 -3.15 1641.27184236951
1.26 -3.06 1383.28873022205
1.26 -2.97 1160.15924222096
1.26 -2.88 968.005756531214
1.26 -2.79 803.284022777564
1.26 -2.7 662.7634190964
1.26 -2.61 543.507816662973
1.26 -2.52 442.857051693922
1.26 -2.43 358.409004925141
1.26 -2.34 288.002288564957
1.26 -2.25 229.699540722656
1.26 -2.16 181.771327312313
1.26 -2.07 142.680651431967
1.26 -1.98 111.068070218114
1.26 -1.89 85.7374191755251
1.26 -1.8 65.6421439823999
1.26 -1.71 49.8722397708375
1.26 -1.62 37.6417978826391
1.26 -1.53 28.2771601004365
1.26 -1.44 21.2056803541472
1.26 -1.35 15.9450939027562
1.26 -1.26 12.0934939914245
1.26 -1.17 9.31991598392446
1.26 -1.08 7.35552897040189
1.26 -0.99 5.98543485046503
1.26 -0.9 5.0410748916
1.26 -0.81 4.39324376291324
1.26 -0.72 3.94571104420055
1.26 -0.63 3.62945021034301
1.26 -0.54 3.39747509102953
1.26 -0.45 3.22028380580625
1.26 -0.36 3.08191017445264
1.26 -0.27 2.97658260268434
1.26 -0.18 2.90599044318282
1.26 -0.0899999999999999 2.87715783195173
1.26 0 2.900925
1.26 0.0899999999999999 2.99103706035173
1.26 0.18 3.16384027038282
1.26 0.27 3.43858576948434
1.26 0.36 3.83834079205264
1.26 0.45 4.39150735580625
1.26 0.54 5.13394842542953
1.26 0.63 6.11172155154301
1.26 0.72 7.38441998500055
1.26 0.81 9.02912126651323
1.26 0.9 11.1449432916
1.26 0.99 13.858207850865
1.26 1.08 17.3282116456019
1.26 1.17 21.7536047787245
1.26 1.26 27.3793767210245
1.26 1.35 34.5044497527562
1.26 1.44 43.4898798805473
1.26 1.53 54.7676652296365
1.26 1.62 68.8501619114391
1.26 1.71 86.3401073664375
1.26 1.8 107.9412511824
1.26 1.89 134.469593387925
1.26 1.98 166.865230221314
1.26 2.07 206.204807374767
1.26 2.16 253.714580713913
1.26 2.25 310.784084472656
1.26 2.34 378.980406923358
1.26 2.43 460.06307352234
1.26 2.52 555.999537530722
1.26 2.61 668.981278110573
1.26 2.7 801.4405058964
1.26 2.79 956.067476041964
1.26 2.88 1135.82840874241
1.26 2.97 1343.98401723176
1.26 3.06 1584.10864325565
1.26 3.15 1860.11000001951
1.26 3.24 2176.24952261197
1.26 3.33 2537.16332590367
1.26 3.42 2947.88376992131
1.26 3.51 3413.86163269712
1.26 3.6 3940.9888905936
1.26 3.69 4535.62210610357
1.26 3.78 5204.60642312563
1.26 3.87 5955.30016971487
1.26 3.96 6795.60006830892
1.26 4.05 7733.96705342931
1.26 4.14 8779.45269685827
1.26 4.23 9941.72624029069
1.26 4.32 11231.1022354615
1.26 4.41 12658.5687917485
1.26 4.5 14235.81643125

1.35 -4.5 15654.0026953125
1.35 -4.41 13883.4425000639
1.35 -4.32 12283.2337081416
1.35 -4.23 10839.9884066684
1.35 -4.14 9541.12502390034
1.35 -4.05 8374.83520477535
1.35 -3.96 7330.05138381808
1.35 -3.87 6396.415055402
1.35 -3.78 5564.24574136811
1.35 -3.69 4824.51065600071
1.35 -3.6 4168.79506836
1.35 -3.51 3589.27336197152
1.35 -3.42 3078.68079187253
1.35 -3.33 2630.28593901521
1.35 -3.24 2237.86386202681
1.35 -3.15 1895.6699463266
1.35 -3.06 1598.4144505998
1.35 -2.97 1341.23775062827
1.35 -2.88 1119.68628047818
1.35 -2.79 929.689171044525
1.35 -2.7 767.5355859525
1.35 -2.61 629.852754815785
1.35 -2.52 513.584703851696
1.35 -2.43 415.971683853223
1.35 -2.34 334.530295517936
1.35 -2.25 267.034312133789
1.35 -2.16 211.496199621788
1.35 -2.07 166.149333935549
1.35 -1.98 129.430915817733
1.35 -1.89 99.9655829133579
1.35 -1.8 76.5497192399999
1.35 -1.71 58.1364620148645
1.35 -1.62 43.8214058387438
1.35 -1.53 32.8290042368531
1.35 -1.44 24.4996685565465
1.35 -1.35 18.2775642219141
1.35 -1.26 13.6991043452577
1.35 -1.17 10.382140695449
1.35 -1.08 8.01585202316544
1.35 -0.99 6.35132974300833
1.35 -0.9 5.1928609725
1.35 -0.81 4.38990892796162
1.35 -0.72 3.82979067727104
1.35 -0.63 3.4310522495009
1.35 -0.54 3.13754110143696
1.35 -0.45 2.91317594097656
1.35 -0.36 2.73741390740736
1.35 -0.27 2.6014151085662
1.35 -0.18 2.50490451487824
1.35 -0.0899999999999999 2.45373121027622
1.35 0 2.458125
1.35 0.0899999999999999 2.53165037527622
1.35 0.18 2.69085783487824
1.35 0.27 2.9556325635662
1.35 0.36 3.35024046740736
1.35 0.45 3.90507156597657
1.35 0.54 4.65908074143696
1.35 0.63 5.6629258445009
1.35 0.72 6.98280315727104
1.35 0.81 8.70498021296162
1.35 0.9 10.9410259725
1.35 0.99 13.8337383580083
1.35 1.08 17.5637691431654
1.35 1.17 22.356946200449
1.35 1.26 28.4922931052577
1.35 1.35 36.310746096914
1.35 1.44 46.2245683965466
1.35 1.53 58.7274618818531
1.35 1.62 74.4053761187438
1.35 1.71 93.9480147498645
1.35 1.8 118.16103924
1.35 1.89 147.978969978358
1.35 1.98 184.478784737733
1.35 2.07 228.894214490549
1.35 2.16 282.630736581788
1.35 2.25 347.281265258789
1.35 2.34 424.642539557936
1.35 2.43 516.732208548222
1.35 2.52 625.806613931696
1.35 2.61 754.379270000785
1.35 2.7 905.2400409525
1.35 2.79 1081.47501555952
1.35 2.88 1286.48707919818
1.35 2.97 1524.01718323327
1.35 3.06 1798.1663117598
1.35 3.15 2113.4181457016
1.35 3.24 2474.6624242668
1.35 3.33 2887.21900376021
1.35 3.42 3356.86261375253
1.35 3.51 3889.84831060652
1.35 3.6 4492.93762836
1.35 3.69 5173.4254269657
1.35 3.78 5939.1674378881
1.35 3.87 6798.60850705699
1.35 3.96 7760.8115351781
1.35 4.05 8835.48711540036
1.35 4.14 10033.0238683404
1.35 4.23 11364.5194744634
1.35 4.32 12841.8124038216
1.35 4.41 14477.5143431489
1.35 4.5 16285.0433203125

1.44 -4.5 17848.518525
1.44 -4.41 15831.6341064122
1.44 -4.32 14008.6727508465
1.44 -4.23 12364.3997840441
1.44 -4.14 10884.4979687693
1.44 -4.05 9555.5298165444
1.44 -3.96 8364.90069282147
1.44 -3.87 7300.82271559162
1.44 -3.78 6352.27944743127
1.44 -3.69 5508.9913809857
1.44 -3.6 4761.3822178896
1.44 -3.51 4100.54594112493
1.44 -3.42 3518.21468081586
1.44 -3.33 3006.72737346086
1.44 -3.24 2558.99921460206
1.44 -3.15 2168.4919049316
1.44 -3.06 1829.18468983533
1.44 -2.97 1535.54619237349
1.44 -2.88 1282.50703969873
1.44 -2.79 1065.4332829111
1.44 -2.7 880.100610350401
1.44 -2.61 722.669354325516
1.44 -2.52 589.660291281042
1.44 -2.43 477.931235401001
1.44 -2.34 384.654425649741
1.44 -2.25 307.29470625
1.44 -2.16 243.588500598124
1.44 -2.07 191.523578616447
1.44 -1.98 149.319617542843
1.44 -1.89 115.409556157421
1.44 -1.8 88.4217424464
1.44 -1.71 67.1628747031348
1.44 -1.62 50.6017360663041
1.44 -1.53 37.853722495264
1.44 -1.44 28.1661641825596
1.44 -1.35 20.9044404036
1.44 -1.26 15.5388878034933
1.44 -1.17 11.6325021210442
1.44 -1.08 8.82943334991268
1.44 -0.99 6.84427433693392
1.44 -0.9 5.4521428176
1.44 -0.81 4.479556888703
1.44 -0.72 3.7961039181395
1.44 -0.63 3.30690289187658
1.44 -0.54 2.94586019807939
1.44 -0.45 2.6697188484
1.44 -0.36 2.45290113642793
1.44 -0.27 2.28314473330199
1.44 -0.18 2.15793222048368
1.44 -0.0899999999999999 2.08171405969206
1.44 0 2.063925
1.44 0.0899999999999999 2.11779392209206
1.44 0.18 2.25994711968368
1.44 0.27 2.51080501810199
1.44 0.36 2.89577233002793
1.44 0.45 3.4472216484
1.44 0.54 4.20727047647938
1.44 0.63 5.23135169507658
1.44 0.72 6.59257746693949
1.44 0.81 8.38689657830299
1.44 0.9 10.7390452176
1.44 0.99 13.8092911913339
1.44 1.08 17.8009715771127
1.44 1.17 22.9688238138442
1.44 1.26 29.6281102290933
1.44 1.35 38.1645360036
1.44 1.44 49.0449605729597
1.44 1.53 62.8289024664641
1.44 1.62 80.1808375831041
1.44 1.71 101.883290904735
1.44 1.8 128.8507216464
1.44 1.89 162.14420184382
1.44 1.98 202.986888378043
1.44 2.07 252.780288437248
1.44 2.16 313.121318415724
1.44 2.25 385.82015625
1.44 2.34 472.918887192141
1.44 2.43 576.7109430202
1.44 2.52 699.761334685841
1.44 2.61 844.927678399116
1.44 2.7 1015.3820151504
1.44 2.79 1214.6334236695
1.44 2.88 1446.55142682193
1.44 2.97 1715.39019144229
1.44 3.06 2025.81352160493
1.44 3.15 2382.9206453316
1.44 3.24 2792.27279473646
1.44 3.33 3259.92057960806
1.44 3.42 3792.43215442866
1.44 3.51 4396.92217883053
1.44 3.6 5081.0815714896
1.44 3.69 5853.2080574561
1.44 3.78 6722.23750892247
1.44 3.87 7697.77607942841
1.44 3.96 8790.13313150309
1.44 4.05 10010.3549577444
1.44 4.14 11370.2592953357
1.44 4.23 12882.4706339993
1.44 4.32 14560.4563173873
1.44 4.41 16418.5634379098
1.44 4.5 18472.056525

1.53 -4.5 20187.0171703125
1.53 -4.41 17907.7726687619
1.53 -4.32 15847.5497523633
1.53 -4.23 13989.1477062444
1.53 -4.14 12316.4015159227
1.53 -4.05 10814.1393207865
1.53 -3.96 9468.14076329346
1.53 -3.87 8265.09623388491
1.53 -3.78 7192.56701161593
1.53 -3.69 6238.94630050213
1.53 -3.6 5393.4211615824
1.53 -3.51 4645.93534069776
1.53 -3.42 3987.15299198649
1.53 -3.33 3408.42329709543
1.53 -3.24 2901.74598010732
1.53 -3.15 2459.7377181845
1.53 -3.06 2075.59944792863
1.53 -2.97 1743.08456745664
1.53 -2.88 1456.46803419286
1.53 -2.79 1210.5163583773
1.53 -2.7 1000.4584922901
1.53 -2.61 821.957615192165
1.53 -2.52 671.083813981958
1.53 -2.43 544.287659568473
1.53 -2.34 438.374678960371
1.53 -2.25 350.480723071289
1.53 -2.16 278.048230241319
1.53 -2.07 218.803385474661
1.53 -1.98 170.734175393443
1.53 -1.89 132.069338907713
1.53 -1.8 101.2582136016
1.53 -1.71 76.9514778356482
1.53 -1.62 57.9827885653199
1.53 -1.53 43.3513148756691
1.53 -1.44 32.2051672321865
1.53 -1.35 23.8257224478141
1.53 -1.26 17.6128443661311
1.53 -1.17 13.0710002607101
1.53 -1.08 9.79627295064361
1.53 -0.99 7.46426863224181
1.53 -0.9 5.8189204269
1.53 -0.81 4.66218764513737
1.53 -0.72 3.84465076680592
1.53 -0.63 3.25700213747005
1.53 -0.54 2.82243238095681
1.53 -0.45 2.48991252807656
1.53 -0.36 2.22837186151434
1.53 -0.27 2.0217714768917
1.53 -0.18 1.86507355999916
1.53 -0.0899999999999999 1.76110638019924
1.53 0 1.718325
1.53 0.0899999999999999 1.74946770079924
1.53 0.18 1.87110812479916
1.53 0.27 2.1041031330917
1.53 0.36 2.47493637991434
1.53 0.45 3.01795760307656
1.53 0.54 3.77851763055681
1.53 0.63 4.81699910327005
1.53 0.72 6.21374291400591
1.53 0.81 8.07487036253736
1.53 0.9 10.5390010269
1.53 0.99 13.7848663508418
1.53 1.08 18.0398189474436
1.53 1.17 23.58923761891
1.53 1.26 30.7868280925311
1.53 1.35 40.065819472814
1.53 1.44 51.9510564097865
1.53 1.53 67.0719869834692
1.53 1.62 86.1765463045199
1.53 1.71 110.145935831048
1.53 1.8 140.0102984016
1.53 1.89 176.965288984313
1.53 1.98 222.389541142244
1.53 2.07 277.863029214861
1.53 2.16 345.186326215719
1.53 2.25 426.400757446289
1.53 2.34 523.809449825971
1.53 2.43 639.999276938273
1.53 2.52 777.863699793157
1.53 2.61 940.626503305564
1.53 2.7 1131.8664284901
1.53 2.79 1355.5427003719
1.53 2.88 1616.02145161366
1.53 2.97 1918.10304185884
1.53 3.06 2267.05027279103
1.53 3.15 2668.6174989095
1.53 3.24 3129.08063402092
1.53 3.33 3655.26805344723
1.53 3.42 4254.59239194969
1.53 3.51 4935.08323736916
1.53 3.6 5705.4207199824
1.53 3.69 6574.96999757473
1.53 3.78 7553.81663622872
1.53 3.87 8652.8028868291
1.53 3.96 9883.56485728387
1.53 4.05 11258.5705804615
1.53 4.14 12791.1589778443
1.53 4.23 14495.5797188982
1.53 4.32 16387.0339761585
1.53 4.41 18481.7160760313
1.53 4.5 20796.8560453125

1.62 -4.5 22669.49863125
1.62 -4.41 20111.858187113
1.62 -4.32 17799.864712692
1.62 -4.23 15714.2321732695
1.62 -4.14 13836.8356653605
1.62 -4.05 12150.6637175015
1.62 -3.96 10639.7715952341
1.62 -3.87 9289.23561028189
1.62 -3.78 8085.10843392208
1.62 -3.69 7014.37541455002
1.62 -3.6 6064.9118994384
1.62 -3.51 5225.44156068999
1.62 -3.42 4485.49572538444
1.62 -3.33 3835.3737099189
1.62 -3.24 3266.1041585426
1.62 -3.15 2769.40738608531
1.62 -3.06 2337.65872487971
1.62 -2.97 1963.8528758777
1.62 -2.88 1641.56926396058
1.62 -2.79 1364.93839744312
1.62 -2.7 1128.6092317716
1.62 -2.61 927.717537415731
1.62 -2.52 757.855271954444
1.62 -2.43 615.040956355641
1.62 -2.34 495.691055449828
1.62 -2.25 396.592362597656
1.62 -2.16 314.875388551375
1.62 -2.07 247.988754510191
1.62 -1.98 193.674589369535
1.62 -1.89 149.944931164235
1.62 -1.8 115.0591327056
1.62 -1.71 87.5022714124049
1.62 -1.62 65.9645633357912
1.62 -1.53 49.3217813780684
1.62 -1.44 36.616677705427
1.62 -1.35 27.0414103545563
1.62 -1.26 19.9209740331712
1.62 -1.17 14.6976351144466
1.62 -1.08 10.9163708253582
1.62 -0.99 8.21131262893199
1.62 -0.9 6.2931938004
1.62 -0.81 4.93780119726474
1.62 -0.72 3.9754312232703
1.62 -0.63 3.2813499862813
1.62 -0.54 2.76725765006922
1.62 -0.45 2.37375698000625
1.62 -0.36 2.0638260826666
1.62 -0.27 1.81729533933533
1.62 -0.18 1.62632853342466
1.62 -0.0899999999999999 1.49190817179776
1.62 0 1.421325
1.62 0.0899999999999999 1.42667171139776
1.62 0.18 1.52434085022466
1.62 0.27 1.73552690853533
1.62 0.36 2.0877326170666
1.62 0.45 2.61727943000625
1.62 0.54 3.37282220366922
1.62 0.63 4.4198680690813
1.62 0.72 5.84629949847029
1.62 0.81 7.76890156566473
1.62 0.9 10.3408934004
1.62 0.99 13.760463836532
1.62 1.08 18.2803112541582
1.62 1.17 24.2181876156466
1.62 1.26 31.9684466955712
1.62 1.35 42.0145965045562
1.62 1.44 54.9428559070271
1.62 1.53 71.4567154328685
1.62 1.62 92.3925022829912
1.62 1.71 118.735949528805
1.62 1.8 151.6397695056
1.62 1.89 192.442231399835
1.62 1.98 242.686743030335
1.62 2.07 304.142436823391
1.62 2.16 378.825759981775
1.62 2.25 469.023068847656
1.62 2.34 577.314227459428
1.62 2.43 706.597210302441
1.62 2.52 860.113709253642
1.62 2.61 1041.47574472013
1.62 2.7 1254.6932809716
1.62 2.79 1504.20284566672
1.62 2.88 1794.89715357338
1.62 2.97 2132.1557344829
1.62 3.06 2521.87656531811
1.62 3.15 2970.50870643531
1.62 3.24 3485.0859421202
1.62 3.33 4073.2614252777
1.62 3.42 4743.34332631564
1.62 3.51 5504.33148622239
1.62 3.6 6365.9550738384
1.62 3.69 7338.71124732161
1.62 3.78 8433.90481980687
1.62 3.87 9663.68892925907
1.62 3.96 11041.1067125205
1.62 4.05 12580.1339835515
1.62 4.14 14295.7229158661
1.62 4.23 16203.8467291603
1.62 4.32 18321.5453801352
1.62 4.41 20666.9722575134
1.62 4.5 23259.44188125

1.71 -4.5 25295.9629078125
1.71 -4.41 22443.8906614654
1.71 -4.32 19865.6176318326
1.71 -4.23 17539.6531851193
1.71 -4.14 15445.8004170828
1.71 -4.05 13565.1030066896
1.71 -3.96 11879.7931886432
1.71 -3.87 10373.2408447825
1.71 -3.78 9029.90371434972
1.71 -3.69 7835.27872312936
1.71 -3.6 6775.8544314576
1.71 -3.51 5839.06460110164
1.71 -3.42 5013.2428810097
1.71 -3.33 4287.57861193129
1.71 -3.24 3652.0737499079
1.71 -3.15 3097.50090863401
1.71 -3.06 2615.36252068856
1.71 -2.97 2197.85111763669
1.71 -2.88 1837.81072900188
1.71 -2.79 1528.69940010855
1.71 -2.7 1264.5528287949
1.71 -2.61 1039.94912099622
1.71 -2.52 849.9746651985
1.71 -2.43 690.191125762504
1.71 -2.34 556.603555118111
1.71 -2.25 445.629624829102
1.71 -2.16 354.069975528291
1.71 -2.07 279.079685723037
1.71 -1.98 218.140859471118
1.71 -1.89 169.036332926988
1.71 -1.8 129.8244997584
1.71 -1.71 98.8152554334048
1.71 -1.62 74.5470603777179
1.71 -1.53 55.765122002462
1.71 -1.44 41.4006956022814
1.71 -1.35 30.5515041238266
1.71 -1.26 22.4632768046135
1.71 -1.17 16.5124066822537
1.71 -1.08 12.1897269740566
1.71 -0.99 9.08540632700447
1.71 -0.9 6.8749629381
1.71 -0.81 5.30639754508509
1.71 -0.72 4.18844528753265
1.71 -0.63 3.37994643831034
1.71 -0.54 2.78033600541663
1.71 -0.45 2.32125220418906
1.71 -0.36 1.9592637998847
1.71 -0.27 1.66971632063288
1.71 -0.18 1.4416971407602
1.71 -0.0899999999999999 1.27411943448763
1.71 0 1.172925
1.71 0.0899999999999999 1.14940595388763
1.71 0.18 1.2196452959602
1.71 0.27 1.40507634443288
1.71 0.36 1.7341610414847
1.71 0.45 2.24518712918906
1.71 0.54 2.99018419581663
1.71 0.63 4.03995859251034
1.71 0.72 5.49024722033264
1.71 0.81 7.46899018768508
1.71 0.9 10.1447223381
1.71 0.99 13.7360836484045
1.71 1.08 18.5224484972566
1.71 1.17 24.8556738040537
1.71 1.26 33.1729660382135
1.71 1.35 44.0108670988265
1.71 1.44 58.0203590646814
1.71 1.53 75.9830878146621
1.71 1.62 98.8287055185179
1.71 1.71 127.653331998005
1.71 1.8 163.7391349584
1.71 1.89 208.575029090387
1.71 1.98 263.878494042318
1.71 2.07 331.618511262837
1.71 2.16 414.039619713891
1.71 2.25 513.687090454102
1.71 2.34 633.43322009251
1.71 2.43 776.504743112704
1.71 2.52 946.511363067299
1.71 2.61 1147.47540264282
1.71 2.7 1383.8625725949
1.71 2.79 1660.61385955395
1.71 2.88 1983.17853270108
1.71 2.97 2357.54826931448
1.71 3.06 2790.29239918616
1.71 3.15 3288.59426790902
1.71 3.24 3860.2887190343
1.71 3.33 4513.90069509949
1.71 3.42 5258.6849575265
1.71 3.51 6104.66692539024
1.71 3.6 7062.6846330576
1.71 3.69 8144.43180669675
1.71 3.78 9362.50205965691
1.71 3.87 10730.4342067183
1.71 3.96 12262.7586972129
1.71 4.05 13975.0451670146
1.71 4.14 15883.9511094012
1.71 4.23 18007.2716647855
1.71 4.32 20363.9905293174
1.71 4.41 22974.331982356
1.71 4.5 25859.8140328125

1.8 -4.5 28066.41
1.8 -4.41 24903.8700918191
1.8 -4.32 22044.8085097851
1.8 -4.23 19465.4107417939
1.8 -4.14 17143.2957710895
1.8 -4.05 15057.4571883506
1.8 -3.96 13188.205543521
1.8 -3.87 11517.1119373869
1.8 -3.78 10026.9528528989
1.8 -3.69 8701.65622624015
1.8 -3.6 7526.24875764
1.8 -3.51 6486.8044619327
1.8 -3.42 5570.39445886227
1.8 -3.33 4765.03800313259
1.8 -3.24 4059.65475420321
1.8 -3.15 3444.01828583062
1.8 -3.06 2908.7108353552
1.8 -2.97 2445.07929273358
1.8 -2.88 2045.19242931676
1.8 -2.79 1701.7993663736
1.8 -2.7 1408.28928336
1.8 -2.61 1158.65236593362
1.8 -2.52 947.441993714127
1.8 -2.43 769.738167789063
1.8 -2.34 621.11217796522
1.8 -2.25 497.592509765625
1.8 -2.16 395.631991172068
1.8 -2.07 312.076179113199
1.8 -1.98 244.132985698191
1.8 -1.89 189.34354419597
1.8 -1.8 145.55431476
1.8 -1.71 110.890429898648
1.8 -1.62 83.7302796911002
1.8 -1.53 62.6813367488499
1.8 -1.44 46.5572209227494
1.8 -1.35 34.356003755625
1.8 -1.26 25.2397526804582
1.8 -1.17 18.5153149641316
1.8 -1.08 13.6163413967386
1.8 -0.99 10.0865497264592
1.8 -0.9 7.56422784
1.8 -0.81 5.76797668859844
1.8 -0.72 4.48369295959296
1.8 -0.63 3.55279149355716
1.8 -0.54 2.86166744699904
1.8 -0.45 2.332398200625
1.8 -0.36 1.91468501316864
1.8 -0.27 1.57903442078436
1.8 -0.18 1.31117938200576
1.8 -0.0899999999999999 1.10774016826884
1.8 0 0.973125
1.8 0.0899999999999999 0.91767042826884
1.8 0.18 0.95702146200576
1.8 0.27 1.11275144078436
1.8 0.36 1.41422165316864
1.8 0.45 1.901680700625
1.8 0.54 2.63060360699904
1.8 0.63 3.67727067355716
1.8 0.72 5.14558607959296
1.8 0.81 7.17513622859843
1.8 0.9 9.95048784000002
1.8 0.99 13.7117257864592
1.8 1.08 18.7662306767386
1.8 1.17 25.5016961841316
1.8 1.26 34.4003861204582
1.8 1.35 46.054631255625
1.8 1.44 61.1835658827495
1.8 1.53 80.65110412885
1.8 1.62 105.4851560111
1.8 1.71 136.898083238648
1.8 1.8 176.30839476
1.8 1.89 225.363682055969
1.8 1.98 285.964794178192
1.8 2.07 360.291252533199
1.8 2.16 450.827905412068
1.8 2.25 560.392822265625
1.8 2.34 692.16642772522
1.8 2.43 849.721875369062
1.8 2.52 1037.05666123413
1.8 2.61 1258.62547707362
1.8 2.7 1519.37430336
1.8 2.79 1824.7757420336
1.8 2.88 2180.86558899676
1.8 2.97 2594.28064635358
1.8 3.06 3072.2977743952
1.8 3.15 3622.87418333063
1.8 3.24 4254.68896476321
1.8 3.33 4977.1858629126
1.8 3.42 5800.61728558227
1.8 3.51 6736.0895548727
1.8 3.6 7795.60939763999
1.8 3.69 8992.13167570014
1.8 3.78 10339.6083557788
1.8 3.87 11853.0387192069
1.8 3.96 13548.5208113611
1.8 4.05 15443.3041308506
1.8 4.14 17555.8435584495
1.8 4.23 19905.8545257738
1.8 4.32 22514.3694237051
1.8 4.41 25403.7952505591
1.8 4.5 28597.9725

1.89 -4.5 30980.8399078125
1.89 -4.41 27491.7964781742
1.89 -4.32 24337.4373465496
1.89 -4.23 21491.5048432931
1.89 -4.14 18929.3217273807
1.89 -4.05 16627.7262624847
1.89 -3.96 14565.0086598675
1.89 -3.87 12720.8488880949
1.89 -3.78 11076.2558495695
1.89 -3.69 9613.50792388239
1.89 -3.6 8316.0948779856
1.89 -3.51 7168.66114318318
1.89 -3.42 6156.95045894215
1.89 -3.33 5267.75188352281
1.89 -3.24 4488.84717142854
1.89 -3.15 3808.95951767514
1.89 -3.06 3217.7036688796
1.89 -2.97 2705.5374011684
1.89 -2.88 2263.71436490523
1.89 -2.79 1884.23829623827
1.89 -2.7 1559.8185954669
1.89 -2.61 1283.82727222794
1.89 -2.52 1050.25725750133
1.89 -2.43 853.682082435317
1.89 -2.34 689.216923991155
1.89 -2.25 552.481017407226
1.89 -2.16 439.561435482705
1.89 -2.07 346.978234680677
1.89 -1.98 271.650968050756
1.89 -1.89 210.866564971182
1.89 -1.8 162.2485777104
1.89 -1.71 123.727794808134
1.89 -1.62 93.514221275938
1.89 -1.53 70.070425617232
1.89 -1.44 52.0862536668312
1.89 -1.35 38.4549092499516
1.89 -1.26 28.2504016607052
1.89 -1.17 20.70635996008
1.89 -1.08 15.1962140934043
1.89 -0.99 11.2147428272963
1.89 -0.9 8.3609885061
1.89 -0.81 6.32253862780478
1.89 -0.72 4.86117423945124
1.89 -0.63 3.79988515202177
1.89 -0.54 3.01125197481644
1.89 -0.45 2.40719496931406
1.89 -0.36 1.93008972251843
1.89 -0.27 1.54524963978976
1.89 -0.18 1.23477525716135
1.89 -0.0899999999999999 0.992770373141396
1.89 0 0.821925
1.89 0.0899999999999999 0.731465134541397
1.89 0.18 0.736469348361351
1.89 0.27 0.858552197589757
1.89 0.36 1.12791445211843
1.89 0.45 1.58676014431406
1.89 0.54 2.29408043721644
1.89 0.63 3.33180431222177
1.89 0.72 4.81231607625124
1.89 0.81 6.88733968840477
1.89 0.9 9.75818990610001
1.89 0.99 13.6873902506963
1.89 1.08 19.0116577926043
1.89 1.17 26.15625475588
1.89 1.26 35.6507069423052
1.89 1.35 48.1458889749515
1.89 1.44 64.4324763612313
1.89 1.53 85.4607643754321
1.89 1.62 112.361853760738
1.89 1.71 146.470203250734
1.89 1.8 189.3475489104
1.89 1.89 242.808190296581
1.89 1.98 308.945643437956
1.89 2.07 390.160660634477
1.89 2.16 489.190617076305
1.89 2.25 609.140264282226
1.89 2.34 753.513850357554
1.89 2.43 926.248607071516
1.89 2.52 1131.74960375412
1.89 2.61 1374.92596801254
1.89 2.7 1661.2284732669
1.89 2.79 1996.68849310567
1.89 2.88 2387.95832246043
1.89 2.97 2842.3528656002
1.89 3.06 3367.8926909452
1.89 3.15 3973.34845270014
1.89 3.24 4668.28667930694
1.89 3.33 5463.11692871701
1.89 3.42 6369.14031048296
1.89 3.51 7398.59937466978
1.89 3.6 8564.72936758559
1.89 3.69 9881.81085433178
1.89 3.78 11365.2237081727
1.89 3.87 13031.5024667247
1.89 3.96 14898.3930549651
1.89 4.05 16984.9108750597
1.89 4.14 19311.4002630111
1.89 4.23 21899.5953121253
1.89 4.32 24772.6820632984
1.89 4.41 27955.3620621228
1.89 4.5 31473.9172828125

1.98 -4.5 34039.25263125
1.98 -4.41 30207.6698205306
1.98 -4.32 26743.504142126
1.98 -4.23 23617.9354896171
1.98 -4.14 20803.8782859563
1.98 -4.05 18275.9102290918
1.98 -3.96 16010.2025376825
1.98 -3.87 13984.4516969067
1.98 -3.78 12177.8127043616
1.98 -3.69 10570.8338160561
1.98 -3.6 9145.39279249441
1.98 -3.51 7884.63464485308
1.98 -3.42 6772.91088124935
1.98 -3.33 5795.72025310194
1.98 -3.24 4939.65100158389
1.98 -3.15 4192.32460416756
1.98 -3.06 3542.34102126179
1.98 -2.97 2979.22544294114
1.98 -2.88 2493.37653576729
1.98 -2.79 2076.01618970256
1.98 -2.7 1719.1407651156
1.98 -2.61 1415.47383987918
1.98 -2.52 1158.42045656009
1.98 -2.43 942.022869701267
1.98 -2.34 760.917793195916
1.98 -2.25 610.295147753907
1.98 -2.16 485.858308460202
1.98 -2.07 383.785852425471
1.98 -1.98 300.694806528812
1.98 -1.89 233.605395252623
1.98 -1.8 179.9072886096
1.98 -1.71 137.327350161864
1.98 -1.62 103.898885132231
1.98 -1.53 77.9323886076084
1.98 -1.44 57.9877938345268
1.98 -1.35 42.8482206068063
1.98 -1.26 31.4952237453545
1.98 -1.17 23.0855416700992
1.98 -1.08 16.9293450640537
1.98 -0.99 12.4699856295157
1.98 -0.9 9.2652449364
1.98 -0.81 6.97008336270412
1.98 -0.72 5.32088912710749
1.98 -0.63 4.12122741370416
1.98 -0.54 3.22908958886884
1.98 -0.45 2.54564251025625
1.98 -0.36 2.00547792793406
1.98 -0.27 1.56836197764907
1.98 -0.18 1.21248476622697
1.98 -0.0899999999999999 0.929210049105296
1.98 0 0.719325
1.98 0.0899999999999999 0.590790072705296
1.98 0.18 0.557988955026969
1.98 0.27 0.642478614849074
1.98 0.36 0.875239438334054
1.98 0.45 1.30042546025625
1.98 0.54 1.98061468646884
1.98 0.63 3.00355950850416
1.98 0.72 4.49043721030748
1.98 0.81 6.6056005671041
1.98 0.9 9.56782853640001
1.98 0.99 13.6630770411157
1.98 1.08 19.2587298448537
1.98 1.17 26.8193495192992
1.98 1.26 36.9239285037545
1.98 1.35 50.2846402568062
1.98 1.44 67.7670905001269
1.98 1.53 90.4120685544086
1.98 1.62 119.458798767431
1.98 1.71 156.369692034264
1.98 1.8 202.8565974096
1.98 1.89 260.908553812223
1.98 1.98 332.821041821612
1.98 2.07 421.226735566671
1.98 2.16 529.127754706602
1.98 2.25 659.929416503907
1.98 2.34 817.475487989516
1.98 2.43 1006.08493822007
1.98 2.52 1230.59019062729
1.98 2.61 1496.37687545958
1.98 2.7 1809.4250823156
1.98 2.79 2176.35211277016
1.98 2.88 2604.45673309208
1.98 2.97 3101.76492705434
1.98 3.06 3677.07714883619
1.98 3.15 4340.01707601756
1.98 3.24 5101.08186266549
1.98 3.33 5971.69389251274
1.98 3.42 6964.25403222855
1.98 3.51 8092.19638478147
1.98 3.6 9370.0445428944
1.98 3.69 10813.4693425917
1.98 3.78 12439.3481168384
1.98 3.87 14265.8254492718
1.98 3.96 16312.3754280249
1.98 4.05 18599.8653996418
1.98 4.14 21150.6212230859
1.98 4.23 23988.4940238399
1.98 4.32 27138.9284480972
1.98 4.41 30629.0324170471
1.98 4.5 34487.64838125

2.07 -4.5 37241.6481703125
2.07 -4.41 33051.4901188884
2.07 -4.32 29263.0088965144
2.07 -4.23 25844.7026807658
2.07 -4.14 22766.9654468164
2.07 -4.05 20002.0090881718
2.07 -3.96 17523.7871769661
2.07 -3.87 15307.920363822
2.07 -3.78 13331.6234172753
2.07 -3.69 11573.6339027612
2.07 -3.6 10014.1425011664
2.07 -3.51 8634.72496694238
2.07 -3.42 7418.27572578386
2.07 -3.33 6348.94311186999
2.07 -3.24 5412.06624466925
2.07 -3.15 4594.11354530788
2.07 -3.06 3882.62289250175
2.07 -2.97 3266.14341805179
2.07 -2.88 2734.17894190292
2.07 -2.79 2277.13304676646
2.07 -2.7 1886.2557923061
2.07 -2.61 1553.59206888734
2.07 -2.52 1271.93159089043
2.07 -2.43 1034.76052958691
2.07 -2.34 836.214785579503
2.07 -2.25 671.034900805664
2.07 -2.16 534.52261010456
2.07 -2.07 422.49903234758
2.07 -1.98 331.264501132358
2.07 -1.89 257.560035040295
2.07 -1.8 198.5304474576
2.07 -1.71 151.689095959837
2.07 -1.62 114.88427125998
2.07 -1.53 86.267225719979
2.07 -1.44 64.2618414258361
2.07 -1.35 47.5359378261891
2.07 -1.26 34.974218934406
2.07 -1.17 25.652860094189
2.07 -1.08 18.8157343086868
2.07 -0.99 13.8522781331174
2.07 -0.9 10.2769971309
2.07 -0.81 7.71061089329644
2.07 -0.72 5.86283762256169
2.07 -0.63 4.51681827860434
2.07 -0.54 3.51518028915623
2.07 -0.45 2.74774082345157
2.07 -0.36 2.14084962941553
2.07 -0.27 1.64837143436231
2.07 -0.18 1.24430790920262
2.07 -0.0899999999999999 0.917059196160541
2.07 0 0.665325
2.07 0.0899999999999999 0.495645242760541
2.07 0.18 0.421580282002617
2.07 0.27 0.464530692562315
2.07 0.36 0.656196611815527
2.07 0.45 1.04267664845156
2.07 0.54 1.69020635475623
2.07 0.63 2.69253626240434
2.07 0.72 4.17994948176168
2.07 0.81 6.32991886469643
2.07 0.9 9.37940373090001
2.07 0.99 13.6387861577174
2.07 1.08 19.5074468334867
2.07 1.17 27.490980474389
2.07 1.26 38.220050804806
2.07 1.35 52.470885101189
2.07 1.44 71.1874082994362
2.07 1.53 95.5050166657792
2.07 1.62 126.77599103118
2.07 1.71 166.596549589237
2.07 1.8 216.8355402576
2.07 1.89 279.664772602895
2.07 1.98 357.590989329159
2.07 2.07 453.489477329781
2.07 2.16 570.63931830296
2.07 2.25 712.760278930664
2.07 2.34 884.051340621103
2.07 2.43 1089.23086881471
2.07 2.52 1333.57842185363
2.07 2.61 1622.97819941474
2.07 2.7 1963.9641305061
2.07 2.79 2363.76660102706
2.07 2.88 2830.36082089172
2.07 2.97 3372.51683071599
2.07 3.06 3999.85114806815
2.07 3.15 4722.88005328288
2.07 3.24 5553.07451483885
2.07 3.33 6502.91675429978
2.07 3.42 7585.95845081906
2.07 3.51 8816.88058520778
2.07 3.6 10211.5549235664
2.07 3.69 11787.1071404798
2.07 3.78 13561.981581776
2.07 3.87 15556.0076668482
2.07 3.96 17790.4679305405
2.07 4.05 20288.1677045968
2.07 4.14 23073.506438674
2.07 4.23 26172.5506609176
2.07 4.32 29613.1085781016
2.07 4.41 33424.8063153318
2.07 4.5 37639.1657953125

2.16 -4.5 40588.026525
2.16 -4.41 36023.2573732475
2.16 -4.32 31895.9516097146
2.16 -4.23 28171.8064167392
2.16 -4.14 24818.5832099609
2.16 -4.05 21806.0228397249
2.16 -3.96 19105.7625777183
2.16 -3.87 16691.2548888411
2.16 -3.78 14537.6879883104
2.16 -3.69 12621.9081839978
2.16 -3.6 10922.3440040016
2.16 -3.51 9418.9321094511
2.16 -3.42 8093.04499254567
2.16 -3.33 6927.42045982694
2.16 -3.24 5906.09290068462
2.16 -3.15 5014.3263410961
2.16 -3.06 4238.54928259949
2.16 -2.97 3566.29132650036
2.16 -2.88 2986.12158331214
2.16 -2.79 2487.58886742998
2.16 -2.7 2061.1636770384
2.16 -2.61 1698.18195925241
2.16 -2.52 1390.79066049234
2.16 -2.43 1131.89506209225
2.16 -2.34 915.107901141916
2.16 -2.25 734.7002765625
2.16 -2.16 585.554340415778
2.16 -2.07 463.117774447006
2.16 -1.98 363.360051861396
2.16 -1.89 282.730484334196
2.16 -1.8 218.1180542544
2.16 -1.71 166.813032202053
2.16 -1.62 126.470379659184
2.16 -1.53 95.0749369543439
2.16 -1.44 70.9083964407592
2.16 -1.35 52.5180609081
2.16 -1.26 38.6873872278598
2.16 -1.17 28.4083152323494
2.16 -1.08 20.8553818273035
2.16 -0.99 15.3616203381013
2.16 -0.9 11.3962450896
2.16 -0.81 8.54412121958176
2.16 -0.72 6.48701972581387
2.16 -0.63 4.98665774672231
2.16 -0.54 3.86952407567862
2.16 -0.45 3.0134899089
2.16 -0.36 2.33620482696284
2.16 -0.27 1.78527800992948
2.16 -0.18 1.33024468608829
2.16 -0.0899999999999999 0.956317814307129
2.16 0 0.659925
2.16 0.0899999999999999 0.44603064470713
2.16 0.18 0.327243329288294
2.16 0.27 0.324708430729478
2.16 0.36 0.470785972562842
2.16 0.45 0.813513708900001
2.16 0.54 1.42285544207862
2.16 0.63 2.39873457392231
2.16 0.72 3.88085289061386
2.16 0.81 6.06029458118174
2.16 0.9 9.19291548960001
2.16 0.99 13.6145176005013
2.16 1.08 19.7578087585035
2.16 1.17 28.1711476211494
2.16 1.26 39.5390738454598
2.16 1.35 54.7046235080999
2.16 1.44 74.6934297591593
2.16 1.53 100.739608709544
2.16 1.62 134.313430551984
2.16 1.71 177.150775915653
2.16 1.8 231.2843774544
2.16 1.89 299.076846668596
2.16 1.98 383.255485960596
2.16 2.07 486.948885923807
2.16 2.16 613.725307865378
2.16 2.25 767.6328515625
2.16 2.34 953.241408252316
2.16 2.43 1175.68639885545
2.16 2.52 1440.71429743314
2.16 2.61 1754.72993987801
2.16 2.7 2124.8456178384
2.16 2.79 2558.93195787639
2.16 2.88 3065.67058585934
2.16 2.97 3654.60857658516
2.16 3.06 4336.21468864108
2.16 3.15 5121.9373844961
2.16 3.24 6024.26463582702
2.16 3.33 7056.78551407814
2.16 3.42 8234.25356625447
2.16 3.51 9572.6519759487
2.16 3.6 11089.2605096016
2.16 3.69 12802.7242479962
2.16 3.78 14733.1241029855
2.16 3.87 16902.0491194539
2.16 3.96 19332.6705625119
2.16 4.05 22049.8177899249
2.16 4.14 25080.0559097753
2.16 4.23 28451.7652233584
2.16 4.32 32195.2224533114
2.16 4.41 36342.6837569771
2.16 4.5 40928.469525

2.25 -4.5 44078.3876953125
2.25 -4.41 39122.971583608
2.25 -4.32 34642.3322817268
2.25 -4.23 30599.2466975373
2.25 -4.14 26958.7315753899
2.25 -4.05 23687.951483751
2.25 -3.96 20756.1287399391
2.25 -3.87 18134.4552719639
2.25 -3.78 15796.006417467
2.25 -3.69 13715.6566597659
2.25 -3.6 11869.997301
2.25 -3.51 10237.2560723792
2.25 -3.42 8797.21868153481
2.25 -3.33 7531.15229697281
2.25 -3.24 6421.73096963002
2.25 -3.15 5452.96299153222
2.25 -3.06 4610.120191555
2.25 -2.97 3879.66916828685
2.25 -2.88 3249.20445999494
2.25 -2.79 2707.38365169313
2.25 -2.7 2243.8644193125
2.25 -2.61 1849.2435109744
2.25 -2.52 1514.99766536582
2.25 -2.43 1233.42646721729
2.25 -2.34 997.597139883155
2.25 -2.25 801.291275024414
2.25 -2.16 638.953499393856
2.25 -2.07 505.642078723748
2.25 -1.98 396.981458715924
2.25 -1.89 309.116743134328
2.25 -1.8 238.670109
2.25 -1.71 182.699158888513
2.25 -1.62 138.657210329844
2.25 -1.53 104.355522310703
2.25 -1.44 77.927458879296
2.25 -1.35 57.7945898525391
2.25 -1.26 42.634728625716
2.25 -1.17 31.3519070845806
2.25 -1.08 23.048287619904
2.25 -0.99 16.9980122444676
2.25 -0.9 12.6229888125
2.25 -0.81 9.47061434156006
2.25 -0.72 7.19343543686401
2.25 -0.63 5.53074581805806
2.25 -0.54 4.292120948436
2.25 -0.45 3.34288976660156
2.25 -0.36 2.591543520576
2.25 -0.27 1.97908170435056
2.25 -0.18 1.470295096884
2.25 -0.0899999999999999 1.04698590354506
2.25 0 0.703125
2.25 0.0899999999999999 0.441946278545063
2.25 0.18 0.274978096884
2.25 0.27 0.223011829350562
2.25 0.36 0.319007520576001
2.25 0.45 0.612936641601563
2.25 0.54 1.178561948436
2.25 0.63 2.12215444305806
2.25 0.72 3.59314743686399
2.25 0.81 5.79672771656005
2.25 0.9 9.00836381250001
2.25 0.99 13.5902713694676
2.25 1.08 20.009815619904
2.25 1.17 28.8598509595806
2.25 1.26 40.880997625716
2.25 1.35 56.985855477539
2.25 1.44 78.2851548792961
2.25 1.53 106.115844685703
2.25 1.62 142.071117329844
2.25 1.71 188.032371013513
2.25 1.8 246.203109
2.25 1.89 319.144776009327
2.25 1.98 409.814531715925
2.25 2.07 521.604961348748
2.25 2.16 658.385723393856
2.25 2.25 824.547134399414
2.25 2.34 1025.04569088316
2.25 2.43 1265.45152834228
2.25 2.52 1551.99781736582
2.25 2.61 1891.6320968494
2.25 2.7 2292.0695443125
2.25 2.79 2761.84818331813
2.25 2.88 3310.38602799494
2.25 2.97 3948.04016466185
2.25 3.06 4686.16777055499
2.25 3.15 5537.18906965723
2.25 3.24 6514.65222563002
2.25 3.33 7633.30017184781
2.25 3.42 8909.1393785348
2.25 3.51 10359.5105570042
2.25 3.6 12003.161301
2.25 3.69 13860.3206651408
2.25 3.78 15952.7756804669
2.25 3.87 18303.9498070889
2.25 3.96 20938.9833239392
2.25 4.05 23884.815655626
2.25 4.14 27170.2696363899
2.25 4.23 30826.1377111623
2.25 4.32 34885.2700737268
2.25 4.41 39382.664741983
2.25 4.5 44355.5595703125

2.34 -4.5 47712.73168125
2.34 -4.41 42350.6327499698
2.34 -4.32 37502.1509125509
2.34 -4.23 33127.0235231601
2.34 -4.14 29187.4105431033
2.34 -4.05 25647.7950202501
2.34 -3.96 22474.8856636286
2.34 -3.87 19637.5215131903
2.34 -3.78 17106.5787047451
2.34 -3.69 14854.8793300654
2.34 -3.6 12857.1023921616
2.34 -3.51 11089.6968557268
2.34 -3.42 9530.79679275124
2.34 -3.33 8160.13862330759
2.34 -3.24 6958.98045150543
2.34 -3.15 5910.02349661626
2.34 -3.06 4997.33561936829
2.34 -2.97 4206.27694341126
2.34 -2.88 3523.42757195133
2.34 -2.79 2936.51739955588
2.34 -2.7 2434.3580191284
2.34 -2.61 2006.77672405331
2.34 -2.52 1644.55260551088
2.34 -2.43 1339.35474496202
2.34 -2.34 1083.68250180322
2.34 -2.25 870.807896191406
2.34 -2.16 694.720087038795
2.34 -2.07 550.071945177805
2.34 -1.98 432.128721695943
2.34 -1.89 336.718811440689
2.34 -1.8 260.1866116944
2.34 -1.71 199.347476019215
2.34 -1.62 151.444763271959
2.34 -1.53 114.108981789056
2.34 -1.44 85.3190287414465
2.34 -1.35 63.3655246595062
2.34 -1.26 46.8162431279744
2.34 -1.17 34.4836356508823
2.34 -1.08 25.3944516864882
2.34 -0.99 18.7614538522161
2.34 -0.9 13.9572282996
2.34 -0.81 10.4900902592314
2.34 -0.72 7.9820847557121
2.34 -0.63 6.1490824926116
2.34 -0.54 4.78297090742838
2.34 -0.45 3.73594039655625
2.34 -0.36 2.906865710255
2.34 -0.27 2.22978251762556
2.34 -0.18 1.66445914158973
2.34 -0.0899999999999999 1.18906346387434
2.34 0 0.794925
2.34 0.0899999999999999 0.48339214427434
2.34 0.18 0.264784584789735
2.34 0.27 0.159440888425569
2.34 0.36 0.200861255855002
2.34 0.45 0.440945446556251
2.34 0.54 0.957325873828378
2.34 0.63 1.8627958698116
2.34 0.72 3.3168331205121
2.34 0.81 5.53921827083135
2.34 0.9 8.82574869960002
2.34 0.99 13.5660474646161
2.34 1.08 20.2634674176882
2.34 1.17 29.5570904896823
2.34 1.26 42.2458221455744
2.34 1.35 59.3145810095062
2.34 1.44 81.9625836598467
2.34 1.53 111.633724594257
2.34 1.62 150.049051364759
2.34 1.71 199.241334882815
2.34 1.8 261.5917348944
2.34 1.89 339.868560625088
2.34 1.98 437.268126595144
2.34 2.07 557.457703604606
2.34 2.16 704.620564888395
2.34 2.25 883.503127441406
2.34 2.34 1099.46418851362
2.34 2.43 1358.52625727521
2.34 2.52 1667.42898165167
2.34 2.61 2033.68467032892
2.34 2.7 2465.6359099284
2.34 2.79 2972.51527735229
2.34 2.88 3564.50714729853
2.34 2.97 4252.81159494606
2.34 3.06 5049.71039380988
2.34 3.15 5968.63510876626
2.34 3.24 7024.23728424783
2.34 3.33 8232.46072760879
2.34 3.42 9610.61588766004
2.34 3.51 11177.4563283744
2.34 3.6 12953.2572977616
2.34 3.69 14959.8963919137
2.34 3.78 17220.9363142202
2.34 3.87 19761.7097297531
2.34 3.96 22609.4062148222
2.34 4.05 25793.1613017001
2.34 4.14 29344.1476185177
2.34 4.23 33295.6681243293
2.34 4.32 37683.2514393477
2.34 4.41 42544.7492703494
2.34 4.5 47920.43593125

2.43 -4.5 51491.0584828125
2.43 -4.41 45706.240872333
2.43 -4.32 40475.4075021869
2.43 -4.23 35755.1368936077
2.43 -4.14 31504.6201131011
2.43 -4.05 27685.5534492221
2.43 -3.96 24262.0333487866
2.43 -3.87 21200.4536125205
2.43 -3.78 18469.4048501447
2.43 -3.69 16039.5761948963
2.43 -3.6 13883.6592774864
2.43 -3.51 11976.2544594937
2.43 -3.42 10293.779326195
2.43 -3.33 8814.37943883128
2.43 -3.24 7517.84134631085
2.43 -3.15 6385.50785634818
2.43 -3.06 5400.19556603935
2.43 -2.97 4546.11465187358
2.43 -2.88 3808.7909191813
2.43 -2.79 3174.99011101826
2.43 -2.7 2632.6444764861
2.43 -2.61 2170.78159848914
2.43 -2.52 1779.4554809275
2.43 -2.43 1449.67989532644
2.43 -2.34 1173.36398690211
2.43 -2.25 943.250140063476
2.43 -2.16 752.854103350594
2.43 -2.07 596.407373809179
2.43 -1.98 468.801840801454
2.43 -1.89 365.53668925328
2.43 -1.8 282.6675623376
2.43 -1.71 216.757983594161
2.43 -1.62 164.83303848553
2.43 -1.53 124.335315389404
2.43 -1.44 93.0831060272108
2.43 -1.35 69.2308653290016
2.43 -1.26 51.2319307346351
2.43 -1.17 37.8035009312547
2.43 -1.08 27.893874027056
2.43 -0.99 20.651945161347
2.43 -0.9 15.3989635509
2.43 -0.81 11.6025489725957
2.43 -0.72 8.85296768235817
2.43 -0.63 6.84166777038292
2.43 -0.54 5.34207395265575
2.43 -0.45 4.19264179876406
2.43 -0.36 3.28217139599985
2.43 -0.27 2.53738044975449
2.43 -0.18 1.9127368202055
2.43 -0.0899999999999999 1.38255049529496
2.43 0 0.935324999999999
2.43 0.0899999999999999 0.570368241894961
2.43 0.18 0.296662793005498
2.43 0.27 0.133995607954497
2.43 0.36 0.116347178399847
2.43 0.45 0.297540123764064
2.43 0.54 0.759147218255751
2.43 0.63 1.62065885418292
2.43 0.72 3.05190994155817
2.43 0.81 5.28776624399565
2.43 0.9 8.64507015090002
2.43 0.99 13.541845885947
2.43 1.08 20.518764151856
2.43 1.17 30.2628662114548
2.43 1.26 43.6335474050351
2.43 1.35 61.6908001040015
2.43 1.44 85.725716100811
2.43 1.53 117.293248435204
2.43 1.62 158.24723265673
2.43 1.71 210.777667523561
2.43 1.8 277.4502551376
2.43 1.89 361.248200515879
2.43 1.98 465.616270598254
2.43 2.07 594.50711269138
2.43 2.16 752.429832348994
2.43 2.25 944.500830688476
2.43 2.34 1176.49690114371
2.43 2.43 1454.91058565424
2.43 2.52 1787.0077902907
2.43 2.61 2180.88766031654
2.43 2.7 2645.5447146861
2.43 2.79 3190.93323997886
2.43 2.88 3828.0339437701
2.43 2.97 4568.92286743778
2.43 3.06 5426.84255840574
2.43 3.15 6416.27550182319
2.43 3.24 7553.01981168045
2.43 3.33 8854.26718136108
2.43 3.42 10338.6830936302
2.43 3.51 12026.4892900591
2.43 3.6 13939.5484998864
2.43 3.69 16101.4514283149
2.43 3.78 18537.6060042454
2.43 3.87 21275.3288874467
2.43 3.96 24343.939235161
2.43 4.05 27774.8547281472
2.43 4.14 31601.6898561588
2.43 4.23 35860.3564628595
2.43 4.32 40589.1665501741
2.43 4.41 45828.9373420764
2.43 4.5 51623.0986078125

2.52 -4.5 55413.3681
2.52 -4.41 49189.7959506975
2.52 -4.32 43562.1020506349
2.52 -4.23 38483.58680888
2.52 -4.14 33910.3602853834
2.52 -4.05 29801.2267706672
2.52 -3.96 26117.5717954132
2.52 -3.87 22823.2515699543
2.52 -3.78 19884.4848536658
2.52 -3.69 17269.7472542587
2.52 -3.6 14949.6679569744
2.52 -3.51 12896.9288836801
2.52 -3.42 11086.1662818661
2.52 -3.33 9493.87474354388
2.52 -3.24 8098.31365404629
2.52 -3.15 6879.41607072802
2.52 -3.06 5818.70003156819
2.52 -2.97 4899.18229367382
2.52 -2.88 4105.29450168486
2.52 -2.79 3422.80178608025
2.52 -2.7 2838.7237913856
2.52 -2.61 2341.25813428189
2.52 -2.52 1919.70629161569
2.52 -2.43 1564.40191831056
2.52 -2.34 1266.64159517983
2.52 -2.25 1018.61800664062
2.52 -2.16 813.355548329253
2.52 -2.07 644.648364617869
2.52 -1.98 507.000816032455
2.52 -1.89 395.5703765721
2.52 -1.8 306.1129609296
2.52 -1.71 234.93068161335
2.52 -1.62 178.822035970556
2.52 -1.53 135.034523111746
2.52 -1.44 101.219690736589
2.52 -1.35 75.390611861025
2.52 -1.26 55.8817914456981
2.52 -1.17 41.3115029256978
2.52 -1.08 30.5465546416076
2.52 -0.99 22.6694861718601
2.52 -0.9 16.9481945664
2.52 -0.81 12.8079904816529
2.52 -0.72 9.8060842168022
2.52 -0.63 7.60850165137203
2.52 -0.54 5.96943008411812
2.52 -0.45 4.712993973225
2.52 -0.36 3.71746057781054
2.52 -0.27 2.90187550073734
2.52 -0.18 2.21512813273129
2.52 -0.0899999999999999 1.62744699780692
2.52 0 1.124325
2.52 0.0899999999999999 0.702874571406926
2.52 0.18 0.37061272153129
2.52 0.27 0.146675987937346
2.52 0.36 0.0654652882105346
2.52 0.45 0.182720673225001
2.52 0.54 0.584025981718119
2.52 0.63 1.39574339617203
2.52 0.72 2.7983779000022
2.52 0.81 5.04237163605293
2.52 0.9 8.46632816640002
2.52 0.99 13.5176666334601
2.52 1.08 20.7757058224076
2.52 1.17 30.9771781248978
2.52 1.26 45.0441734040981
2.52 1.35 64.1145127610249
2.52 1.44 89.574552202189
2.52 1.53 123.094416208546
2.52 1.62 166.665661205756
2.52 1.71 222.64136893575
2.52 1.8 293.7786697296
2.52 1.89 383.2836956817
2.52 1.98 494.858963725256
2.52 2.07 632.75318860907
2.52 2.16 801.813525775653
2.52 2.25 1007.54024414062
2.52 2.34 1256.14382877343
2.52 2.43 1554.60451347936
2.52 2.52 1910.73424328289
2.52 2.61 2333.24106681229
2.52 2.7 2831.7959585856
2.52 2.79 3417.10207119786
2.52 2.88 4100.96641740966
2.52 2.97 4896.37398213702
2.52 3.06 5817.56426434258
2.52 3.15 6880.11024882803
2.52 3.24 8100.99980792789
2.52 3.33 9498.71953310469
2.52 3.42 11093.3409964453
2.52 3.51 12906.6094420585
2.52 3.6 14962.0349073744
2.52 3.69 17284.9857743443
2.52 3.78 19902.7847505425
2.52 3.87 22844.8072801695
2.52 3.96 26142.5823849557
2.52 4.05 29829.8959349672
2.52 4.14 33942.8963493131
2.52 4.23 38520.2027267527
2.52 4.32 43603.0154062061
2.52 4.41 49235.2289571639
2.52 4.5 55463.5476

2.61 -4.5 59479.6605328125
2.61 -4.41 52801.2979850633
2.61 -4.32 46762.2345578948
2.61 -4.23 41312.373268977
2.61 -4.14 36404.6310599502
2.61 -4.05 31994.8149845853
2.61 -3.96 28041.5010035085
2.61 -3.87 24505.9153854918
2.61 -3.78 21351.8187153084
2.61 -3.69 18545.3925081525
2.61 -3.6 16055.1284306256
2.61 -3.51 13851.7201282859
2.61 -3.42 11907.9576597644
2.61 -3.33 10198.6245374454
2.61 -3.24 8700.39737471176
2.61 -3.15 7391.74813975576
2.61 -3.06 6252.8490159548
2.61 -2.97 5265.47986881199
2.61 -2.88 4412.938319462
2.61 -2.79 3679.95242474187
2.61 -2.7 3052.5959638269
2.61 -2.61 2518.20633143156
2.61 -2.52 2065.30503757545
2.61 -2.43 1683.52081391438
2.61 -2.34 1363.51532663637
2.61 -2.25 1096.91149592285
2.61 -2.16 876.224421974773
2.61 -2.07 694.794917603875
2.61 -1.98 546.725647388947
2.61 -1.89 426.819873397151
2.61 -1.8 330.5228074704
2.61 -1.71 253.865570076783
2.61 -1.62 193.411755727038
2.61 -1.53 146.206604956082
2.61 -1.44 109.728782869581
2.61 -1.35 81.8447642555766
2.61 -1.26 60.7658252611634
2.61 -1.17 45.0076416342116
2.61 -1.08 33.3524935301428
2.61 -0.99 24.8140768837556
2.61 -0.9 18.6049213461
2.61 -0.81 14.1064147864032
2.61 -0.72 10.8414343590442
2.61 -0.63 8.44958413557893
2.61 -0.54 6.66503930181548
2.61 -0.45 5.29699691993907
2.61 -0.36 4.21273325568707
2.61 -0.27 3.32326767057411
2.61 -0.18 2.57163307916711
2.61 -0.0899999999999999 1.92375297141024
2.61 0 1.361925
2.61 0.0899999999999999 0.880911132810237
2.61 0.18 0.486634370367112
2.61 0.27 0.197482028374118
2.61 0.36 0.0482155852870654
2.61 0.45 0.0964870949390626
2.61 0.54 0.431962164215481
2.61 0.63 1.18804949577893
2.61 0.72 2.55623699584419
2.61 0.81 4.80303444700321
2.61 0.9 8.28952274610002
2.61 0.99 13.4935097071556
2.61 1.08 21.0342924293428
2.61 1.17 31.7000262300116
2.61 1.26 46.4777001427634
2.61 1.35 66.5857189805765
2.61 1.44 93.5090919639808
2.61 1.53 129.037227914282
2.61 1.62 175.304337011838
2.61 1.71 234.832439119383
2.61 1.8 310.5769786704
2.61 1.89 405.975046122551
2.61 1.98 524.996205976148
2.61 2.07 672.195931357676
2.61 2.16 852.771645168373
2.61 2.25 1072.62136779785
2.61 2.34 1338.40497140277
2.61 2.43 1657.60804075058
2.61 2.52 2038.60834062825
2.61 2.61 2490.74488981616
2.61 2.7 3024.3896416269
2.61 2.79 3651.02177100927
2.61 2.88 4383.3045682172
2.61 2.97 5235.16493904379
2.61 3.06 6221.8755116204
2.61 3.15 7360.13934978077
2.61 3.24 8668.17727299016
2.61 3.33 10165.8177828396
2.61 3.42 11874.5895961052
2.61 3.51 13817.8167843725
2.61 3.6 16020.7165202256
2.61 3.69 18510.4994300019
2.61 3.78 21316.4725531115
2.61 3.87 24470.1449079216
2.61 3.96 28005.3356642061
2.61 4.05 31958.2849221603
2.61 4.14 36367.7670979806
2.61 4.23 41275.2069160092
2.61 4.32 46724.7980074436
2.61 4.41 52763.6241156119
2.61 4.5 59441.7829078125

2.7 -4.5 63689.93578125
2.7 -4.41 56540.7469754305
2.7 -4.32 50075.8050239666
2.7 -4.23 44241.4962738987
2.7 -4.14 38987.4324368014
2.7 -4.05 34266.3180909764
2.7 -3.96 30033.8209730723
2.7 -3.87 26248.445059133
2.7 -3.78 22871.4064350724
2.7 -3.69 19866.5119565778
2.7 -3.6 17200.04069844
2.7 -3.51 14840.6281933111
2.7 -3.42 12759.1534598901
2.7 -3.33 10928.6288205358
2.7 -3.24 9324.09250830723
2.7 -3.15 7922.50406343141
2.7 -3.06 6702.6425191992
2.7 -2.97 5645.00737728807
2.7 -2.88 4731.72237251272
2.7 -2.79 3946.4420270031
2.7 -2.7 3274.26099381
2.7 -2.61 2701.62618993814
2.7 -2.52 2216.25171880679
2.7 -2.43 1807.03658213789
2.7 -2.34 1463.98518127174
2.7 -2.25 1178.13060791016
2.7 -2.16 941.460724287153
2.7 -2.07 746.847032767197
2.7 -1.98 587.97633487093
2.7 -1.89 459.285179728432
2.7 -1.8 355.89710196
2.7 -1.71 273.562648984458
2.7 -1.62 208.602197754975
2.7 -1.53 157.851560922412
2.7 -1.44 118.610382426186
2.7 -1.35 88.5933225126563
2.7 -1.26 65.884032181031
2.7 -1.17 48.891917056796
2.7 -1.08 36.3116906926618
2.7 -0.99 27.0857172970333
2.7 -0.9 20.36914389
2.7 -0.81 15.4978218868465
2.7 -0.72 11.9590181090842
2.7 -0.63 9.36491522300361
2.7 -0.54 7.42890160574784
2.7 -0.45 5.94465063890626
2.7 -0.36 4.76798942962944
2.7 -0.27 3.80155695926481
2.7 -0.18 2.98225165951296
2.7 -0.0899999999999999 2.27146841610489
2.7 0 1.648125
2.7 0.0899999999999999 1.10447792610489
2.7 0.18 0.644727739512962
2.7 0.27 0.286413729264812
2.7 0.36 0.0645980696294396
2.7 0.45 0.0388393889062501
2.7 0.54 0.30295576574784
2.7 0.63 0.997577153003608
2.7 0.72 2.32548722908415
2.7 0.81 4.56975467684648
2.7 0.9 8.11465389000001
2.7 0.99 13.4693751070333
2.7 1.08 21.2945239726618
2.7 1.17 32.431410526796
2.7 1.26 47.934127621031
2.7 1.35 69.1044187626562
2.7 1.44 97.5293353861864
2.7 1.53 135.121683552413
2.7 1.62 184.163260074975
2.7 1.71 247.350878074458
2.7 1.8 327.84518196
2.7 1.89 429.322251838431
2.7 1.98 556.027997350932
2.7 2.07 712.835340937198
2.7 2.16 905.304190527153
2.7 2.25 1139.74420166016
2.7 2.34 1423.28032903174
2.7 2.43 1763.92116746789
2.7 2.52 2170.63008232678
2.7 2.61 2653.39912932814
2.7 2.7 3223.32576381
2.7 2.79 3892.6923394131
2.7 2.88 4675.04839619272
2.7 2.97 5585.29573815806
2.7 3.06 6639.77630023919
2.7 3.15 7856.36280468141
2.7 3.24 9254.55220686723
2.7 3.33 10855.5619305658
2.7 3.42 12682.4288926101
2.7 3.51 14760.1113170011
2.7 3.6 17115.59333844
2.7 3.69 19777.9923952878
2.7 3.78 22778.6694119524
2.7 3.87 26151.341770703
2.7 3.96 29932.1990729124
2.7 4.05 34160.0216897264
2.7 4.14 38876.3021021615
2.7 4.23 44125.3690306287
2.7 4.32 49954.5143538866
2.7 4.41 56414.1228174205
2.7 4.5 63557.80453125

2.79 -4.5 68044.1938453125
2.79 -4.41 60408.1429217991
2.79 -4.32 53502.8134488503
2.79 -4.23 47270.9558236451
2.79 -4.14 41658.7644159371
2.79 -4.05 36615.7360898405
2.79 -3.96 32094.5317041048
2.79 -3.87 28050.8405908779
2.79 -3.78 24443.248012958
2.79 -3.69 21233.1055995346
2.79 -3.6 18384.4047604176
2.79 -3.51 15863.6530787557
2.79 -3.42 13639.7536822431
2.79 -3.33 11683.8875928152
2.79 -3.24 9969.39905483272
2.79 -3.15 8471.68384175495
2.79 -3.06 7168.08054130136
2.79 -2.97 6037.76481910206
2.79 -2.88 5061.64666083703
2.79 -2.79 4222.27059286395
2.79 -2.7 3503.7188813349
2.79 -2.61 2891.51770980164
2.79 -2.52 2372.54633530969
2.79 -2.43 1934.9492229811
2.79 -2.34 1568.05115908594
2.79 -2.25 1262.27534260254
2.79 -2.16 1009.06445526639
2.79 -2.07 800.804710107835
2.79 -1.98 630.752878478405
2.79 -1.89 492.966295565942
2.79 -1.8 382.2358443984
2.79 -1.71 294.021918336377
2.79 -1.62 224.393362054368
2.79 -1.53 169.969391010737
2.79 -1.44 127.864489406405
2.79 -1.35 95.6362866322641
2.79 -1.26 71.2364122053009
2.79 -1.17 52.9643291934511
2.79 -1.08 39.4241461291644
2.79 -0.99 29.4844074116933
2.79 -0.9 22.2408621981
2.79 -0.81 16.9822117829828
2.79 -0.72 13.1588354669221
2.79 -0.63 10.3544949136461
2.79 -0.54 8.2610169959152
2.79 -0.45 6.65595513012657
2.79 -0.36 5.38322909963766
2.79 -0.27 4.33674336680942
2.79 -0.18 3.44698387376884
2.79 -0.0899999999999999 2.67059333189089
2.79 0 1.982925
2.79 0.0899999999999999 1.37357495129089
2.79 0.18 0.84489282896884
2.79 0.27 0.413471090609427
2.79 0.36 0.114612741237657
2.79 0.45 0.00977755512656254
2.79 0.54 0.197006786315194
2.79 0.63 0.824326367846076
2.79 0.72 2.10612859972208
2.79 0.81 4.34253232558274
2.79 0.9 7.94172159810002
2.79 0.99 13.4452628330933
2.79 1.08 21.5564004523644
2.79 1.17 33.1713310152511
2.79 1.26 49.4134558389009
2.79 1.35 71.6706121072639
2.79 1.44 101.635282468806
2.79 1.53 141.347783122937
2.79 1.62 193.242430395168
2.79 1.71 260.196685800977
2.79 1.8 345.5832795984
2.79 1.89 453.325312829342
2.79 1.98 587.954337849606
2.79 2.07 754.671417347635
2.79 2.16 959.411161851994
2.79 2.25 1208.90874572754
2.79 2.34 1510.76990166034
2.79 2.43 1873.5438936313
2.79 2.52 2306.79946837849
2.79 2.61 2821.20378534824
2.79 2.7 3428.6043251349
2.79 2.79 4142.11377640935
2.79 2.88 4976.19790133623
2.79 2.97 5946.76637947986
2.79 3.06 7071.26663019896
2.79 3.15 8368.78061352996
2.79 3.24 9860.12460955912
2.79 3.33 11567.9519762834
2.79 3.42 13516.8588859599
2.79 3.51 15733.4930399443
2.79 3.6 18246.6653620176
2.79 3.69 21087.464670202
2.79 3.78 24289.3753270652
2.79 3.87 27888.3978685137
2.79 3.96 31923.1726110745
2.79 4.05 36435.1062376655
2.79 4.14 41468.5013618555
2.79 4.23 47070.6890706113
2.79 4.32 53292.1644455351
2.79 4.41 60186.7250625897
2.79 4.5 67811.6124703125

2.88 -4.5 72542.434725
2.88 -4.41 64403.4858241689
2.88 -4.32 57043.259832546
2.88 -4.23 50400.7519182163
2.88 -4.14 44418.6269973571
2.88 -4.05 39043.0689811776
2.88 -3.96 34223.6331966059
2.88 -3.87 29913.1019807264
2.88 -3.78 26067.3434489651
2.88 -3.69 22645.1734370228
2.88 -3.6 19608.2206165584
2.88 -3.51 16920.7947846197
2.88 -3.42 14549.7583268234
2.88 -3.33 12464.4008542834
2.88 -3.24 10636.3170142882
2.88 -3.15 9039.2874747264
2.88 -3.06 7649.1630822613
2.88 -2.97 6443.75219425398
2.88 -2.88 5402.71118443491
2.88 -2.79 4507.43812232442
2.88 -2.7 3740.9696264016
2.88 -2.61 3087.88089102206
2.88 -2.52 2534.18888708417
2.88 -2.43 2067.258736444
2.88 -2.34 1675.71326007896
2.88 -2.25 1349.3457
2.88 -2.16 1079.03561491249
2.88 -2.07 856.667949625788
2.88 -1.98 675.05527821137
2.88 -1.89 527.863220909682
2.88 -1.8 409.5390347856
2.88 -1.71 315.243378132539
2.88 -1.62 240.785248625217
2.88 -1.53 182.560095221056
2.88 -1.44 137.491103810239
2.88 -1.35 102.9736566144
2.88 -1.26 76.822965333973
2.88 -1.17 57.2248780441768
2.88 -1.08 42.6898598396507
2.88 -0.99 32.0101472277357
2.88 -0.9 24.2200762704
2.88 -0.81 18.559584474812
2.88 -0.72 14.440886432558
2.88 -0.63 11.4183232075063
2.88 -0.54 9.16138547231754
2.88 -0.45 7.4309103936
2.88 -0.36 6.05845226571172
2.88 -0.27 4.92882689320796
2.88 -0.18 3.96582972193474
2.88 -0.0899999999999999 3.12112771876823
2.88 0 2.366325
2.88 0.0899999999999999 1.68820220836823
2.88 0.18 1.08712963873475
2.88 0.27 0.578654112407963
2.88 0.36 0.198259600111717
2.88 0.45 0.00930159359999985
2.88 0.54 0.114115225917543
2.88 0.63 0.668297140306329
2.88 0.72 1.89816110775797
2.88 0.81 4.12136739321199
2.88 0.9 7.77072587040002
2.88 0.99 13.4211728853357
2.88 1.08 21.8199218684507
2.88 1.17 33.9197876953768
2.88 1.26 50.9156847963731
2.88 1.35 74.2842990143999
2.88 1.44 105.826933211839
2.88 1.53 147.715526625856
2.88 1.62 202.541847972417
2.88 1.71 273.369862298939
2.88 1.8 363.7912715856
2.88 1.89 477.984229095282
2.88 1.98 620.775227472171
2.88 2.07 797.70416058899
2.88 2.16 1015.09255914289
2.88 2.25 1280.115
2.88 2.34 1600.87368928856
2.88 2.43 1986.4762192408
2.88 2.52 2447.11649878336
2.88 2.61 2994.15885787646
2.88 2.7 3640.2253256016
2.88 2.79 4399.28608199802
2.88 2.88 5286.75308364772
2.88 2.97 6319.57686300918
2.88 3.06 7516.3465014997
2.88 3.15 8897.39277632641
2.88 3.24 10484.8944810658
2.88 3.33 12302.9879199923
2.88 3.42 14377.8795761546
2.88 3.51 16737.9619532021
2.88 3.6 19413.9325909584
2.88 3.69 22438.9162547444
2.88 3.78 25848.5902984499
2.88 3.87 29681.3132013536
2.88 3.96 33978.2562786923
2.88 4.05 38783.5385659776
2.88 4.14 44144.3648770628
2.88 4.23 50111.1670359571
2.88 4.32 56737.7482823892
2.88 4.41 64081.4308511193
2.88 4.5 72203.206725

2.97 -4.5 77184.6584203125
2.97 -4.41 68526.7756825402
2.97 -4.32 60697.1441750536
2.97 -4.23 53630.8845576122
2.97 -4.14 47267.0201810617
2.97 -4.05 41548.3167649877
2.97 -3.96 36421.1254505755
2.97 -3.87 31835.2292286787
2.97 -3.78 27743.6927430936
2.97 -3.69 24102.7154690424
2.97 -3.6 20871.4882668624
2.97 -3.51 18012.0533109032
2.97 -3.42 15489.167393631
2.97 -3.33 13270.1686049406
2.97 -3.24 11324.8463866737
2.97 -3.15 9625.31496234575
2.97 -3.06 8145.89014207902
2.97 -2.97 6862.96950274381
2.97 -2.88 5754.91594330639
2.97 -2.79 4801.9446153845
2.97 -2.7 3986.0132290101
2.97 -2.61 3290.7157335994
2.97 -2.52 2701.17937413021
2.97 -2.43 2203.9651225266
2.97 -2.34 1786.97148425081
2.97 -2.25 1439.34168010254
2.97 -2.16 1151.37420322545
2.97 -2.07 914.436751321058
2.97 -1.98 720.883534069826
2.97 -1.89 563.975955759652
2.97 -1.8 437.8066731216
2.97 -1.71 337.227028372944
2.97 -1.62 257.77785746752
2.97 -1.53 195.623673553369
2.97 -1.44 147.490225637685
2.97 -1.35 110.605432459064
2.97 -1.26 82.6436915670475
2.97 -1.17 61.6735636089731
2.97 -1.08 46.1088318241207
2.97 -0.99 34.6629367451603
2.97 -0.9 26.3067861069
2.97 -0.81 20.2299399623342
2.97 -0.72 15.8051710059918
2.97 -0.63 12.5564001045844
2.97 -0.54 10.1300070349549
2.97 -0.45 8.26951642932656
2.97 -0.36 6.79365892785162
2.97 -0.27 5.57780753846041
2.97 -0.18 4.53878920401068
2.97 -0.0899999999999999 3.62307157673691
2.97 0 2.798325
2.97 0.0899999999999999 2.04835969733692
2.97 0.18 1.37143816881068
2.97 0.27 0.781962794660422
2.97 0.36 0.315538646251621
2.97 0.45 0.0374115043265621
2.97 0.54 0.0542810845548866
2.97 0.63 0.529489470384368
2.97 0.72 1.70158475319183
2.97 0.81 3.90625987973424
2.97 0.9 7.60166670690002
2.97 0.99 13.3971052637603
2.97 1.08 22.0850882209207
2.97 1.17 34.6767805671732
2.97 1.26 52.4408144934475
2.97 1.35 76.9454794840639
2.97 1.44 110.104287615286
2.97 1.53 154.224914061169
2.97 1.62 212.06151280672
2.97 1.71 286.870407568344
2.97 1.8 382.4691579216
2.97 1.89 503.299000636252
2.97 1.98 654.490666218627
2.97 2.07 841.933570661259
2.97 2.16 1072.34838239985
2.97 2.25 1353.36296447754
2.97 2.34 1693.59169191641
2.97 2.43 2102.7181442964
2.97 2.52 2591.58117354141
2.97 2.61 3172.2643469128
2.97 2.7 3858.1887652101
2.97 2.79 4664.2092561791
2.97 2.88 5606.71394312719
2.97 2.97 6703.72718874601
2.97 3.06 7975.01591414142
2.97 3.15 9442.19929307076
2.97 3.24 11128.8618213873
2.97 3.33 13060.6697616924
2.97 3.42 15265.4909631942
2.97 3.51 17773.5180567746
2.97 3.6 20617.3950252624
2.97 3.69 23832.347148915
2.97 3.78 27456.3143261064
2.97 3.87 31530.0877692228
2.97 3.96 36097.450075766
2.97 4.05 41205.3186746627
2.97 4.14 46903.8926477833
2.97 4.23 53246.802926666
2.97 4.32 60291.2658644488
2.97 4.41 68098.2401830096
2.97 4.5 76732.5872953125

3.06 -4.5 81970.86493125
3.06 -4.41 72778.0124969127
3.06 -4.32 64464.4664763731
3.06 -4.23 56961.3537418328
3.06 -4.14 50203.9439670507
3.06 -4.05 44131.4794412708
3.06 -3.96 38687.0084660138
3.06 -3.87 33817.2223347346
3.06 -3.78 29472.2958953437
3.06 -3.69 25605.7316955935
3.06 -3.6 22174.2077113296
3.06 -3.51 19137.428657606
3.06 -3.42 16457.980882666
3.06 -3.33 14101.1908447867
3.06 -3.24 12034.9871719893
3.06 -3.15 10229.766304613
3.06 -3.06 8658.26172075452
3.06 -2.97 7295.41674457156
3.06 -2.88 6118.26093745145
3.06 -2.79 5105.7900720442
3.06 -2.7 4238.8496891604
3.06 -2.61 3500.02223753366
3.06 -2.52 2873.51779644783
3.06 -2.43 2345.06838122889
3.06 -2.34 1901.82583160148
3.06 -2.25 1532.26328291016
3.06 -2.16 1226.08022020528
3.06 -2.07 974.111115193644
3.06 -1.98 768.237646053773
3.06 -1.89 601.304500115852
3.06 -1.8 467.0387594064
3.06 -1.71 359.972869057593
3.06 -1.62 275.371188581279
3.06 -1.53 209.160126007676
3.06 -1.44 157.861854888746
3.06 -1.35 118.531614166256
3.06 -1.26 88.6985909045242
3.06 -1.17 66.3103858878402
3.06 -1.08 49.6810620825744
3.06 -0.99 37.4427759639672
3.06 -0.9 28.5009917076
3.06 -0.81 21.9932782455495
3.06 -0.72 17.2516891872237
3.06 -0.63 13.7687256048802
3.06 -0.54 11.1668816838272
3.06 -0.45 9.17177323730625
3.06 -0.36 7.58884908605737
3.06 -0.27 6.28368530256679
3.06 -0.18 5.16586231999664
3.06 -0.0899999999999999 4.17642490579694
3.06 0 3.278925
3.06 0.0899999999999999 2.45404741819695
3.06 0.18 1.69781841919665
3.06 0.27 1.0233971373668
3.06 0.36 0.466449879657367
3.06 0.45 0.0941072873062491
3.06 0.54 0.0175043622272257
3.06 0.63 0.407903358080192
3.06 0.72 1.51639953602365
3.06 0.81 3.69720978514948
3.06 0.9 7.43454410760002
3.06 0.99 13.3730599683672
3.06 1.08 22.3518995097744
3.06 1.17 35.4423096306402
3.06 1.26 53.9888449301243
3.06 1.35 79.6541535162561
3.06 1.44 114.467345679146
3.06 1.53 160.875945428877
3.06 1.62 221.80142489808
3.06 1.71 300.698321609193
3.06 1.8 401.6169386064
3.06 1.89 529.269627452252
3.06 1.98 689.100654088974
3.06 2.07 887.359647564445
3.06 2.16 1131.17863162288
3.06 2.25 1428.65263916016
3.06 2.34 1788.92390954388
3.06 2.43 2222.26966879809
3.06 2.52 2740.19349265262
3.06 2.61 3355.52025245726
3.06 2.7 4082.4946439604
3.06 2.79 4936.8832989526
3.06 2.88 5936.08047977465
3.06 2.97 7099.21735669036
3.06 3.06 8447.27486812411
3.06 3.15 10003.200163763
3.06 3.24 11792.0266305237
3.06 3.33 13840.9975013839
3.06 3.42 16179.6930470788
3.06 3.51 18840.1613506616
3.06 3.6 21857.0526649296
3.06 3.69 25267.7573527139
3.06 3.78 29112.5474100349
3.06 3.87 33434.7215721214
3.06 3.96 38280.7540022955
3.06 4.05 43700.4465637208
3.06 4.14 49747.0846740171
3.06 4.23 56477.5967427379
3.06 4.32 63952.7171917139
3.06 4.41 72237.1530582603
3.06 4.5 81399.75418125

3.15 -4.5 86901.0542578125
3.15 -4.41 77157.1962672867
3.15 -4.32 68345.2267365045
3.15 -4.23 60392.1594708781
3.15 -4.14 53229.3983553241
3.15 -4.05 46792.5570100269
3.15 -3.96 41021.2822429207
3.15 -3.87 35859.0812988942
3.15 -3.78 31253.1529057153
3.15 -3.69 27154.2221166761
3.15 -3.6 23516.37894996
3.15 -3.51 20296.9208247283
3.15 -3.42 17456.1987939282
3.15 -3.33 14957.4675738217
3.15 -3.24 12766.7393702348
3.15 -3.15 10852.6415015282
3.15 -3.06 9186.27781828779
3.15 -2.97 7741.09391973723
3.15 -2.88 6492.74616687009
3.15 -2.79 5418.97449230353
3.15 -2.7 4499.4790068525
3.15 -2.61 3715.80040282483
3.15 -2.52 3051.20415403702
3.15 -2.43 2490.56851255088
3.15 -2.34 2020.27630213098
3.15 -2.25 1628.11050842285
3.15 -2.16 1303.15366585196
3.15 -2.07 1035.69104124355
3.15 -1.98 817.117614163211
3.15 -1.89 639.848853978282
3.15 -1.8 497.23529364
3.15 -1.71 383.480900186485
3.15 -1.62 293.565241966494
3.15 -1.53 223.169452583978
3.15 -1.44 168.60599156342
3.15 -1.35 126.752201735977
3.15 -1.26 94.9876633464033
3.15 -1.17 71.1353448807779
3.15 -1.08 53.4065506150119
3.15 -0.99 40.3496648841565
3.15 -0.9 30.8026930725
3.15 -0.81 23.8495993244577
3.15 -0.72 18.7804409762535
3.15 -0.63 15.0552997083938
3.15 -0.54 12.2720094189346
3.15 -0.45 10.1376808175391
3.15 -0.36 8.44402274032897
3.15 -0.27 7.0464601855271
3.15 -0.18 5.84704906989264
3.15 -0.0899999999999999 4.78118770594832
3.15 0 3.808125
3.15 0.0899999999999999 2.90526537094833
3.15 0.18 2.06627038989264
3.15 0.27 1.30295714052711
3.15 0.36 0.650993300328959
3.15 0.45 0.179388942539062
3.15 0.54 0.00378505893456
3.15 0.63 0.303538803393801
3.15 0.72 1.34260545625343
3.15 0.81 3.49421710945771
3.15 0.9 7.26935807250002
3.15 0.99 13.3490369991564
3.15 1.08 22.6203557350118
3.15 1.17 36.2163748857779
3.15 1.26 55.5597761064033
3.15 1.35 82.4103211109765
3.15 1.44 118.91610740342
3.15 1.53 167.668620728978
3.15 1.62 231.761584246494
3.15 1.71 314.853604421485
3.15 1.8 421.23461364
3.15 1.89 555.896109543282
3.15 1.98 724.605191083212
3.15 2.07 933.982391298547
3.15 2.16 1191.58330681196
3.15 2.25 1505.98402404785
3.15 2.34 1886.87034217099
3.15 2.43 2345.13079274588
3.15 2.52 2892.95345611701
3.15 2.61 3543.92657450983
3.15 2.7 4313.1429618525
3.15 2.79 5217.30821031853
3.15 2.88 6274.85269359009
3.15 2.97 7506.04736684223
3.15 3.06 8933.12336344779
3.15 3.15 10580.3953884032
3.15 3.24 12474.3889084748
3.15 3.33 14643.9711390667
3.15 3.42 17120.4858278082
3.15 3.51 19937.8918348633
3.15 3.6 23132.90550996
3.15 3.69 26745.1468661411
3.15 3.78 30817.2895502352
3.15 3.87 35395.2146100492
3.15 3.96 40528.1680582808
3.15 4.05 46268.922233152
3.15 4.14 52673.9409557642
3.15 4.23 59803.5484841731
3.15 4.32 67722.1022641845
3.15 4.41 76498.1694768717
3.15 4.5 86204.7073828125

3.24 -4.5 91975.2264
3.24 -4.41 81664.3269936619
3.24 -4.32 72339.4249554479
3.24 -4.23 63923.3017447481
3.24 -4.14 56343.383345882
3.24 -4.05 49531.549471256
3.24 -3.96 43423.9467812962
3.24 -3.87 37960.8061211576
3.24 -3.78 33086.2637742083
3.24 -3.69 28748.1867322901
3.24 -3.6 24898.0019827536
3.24 -3.51 21490.52981227
3.24 -3.42 18483.8211274178
3.24 -3.33 15838.9987920456
3.24 -3.24 13520.1029814104
3.24 -3.15 11493.9405530912
3.24 -3.06 9729.93843467884
3.24 -2.97 8200.00102824081
3.24 -2.88 6878.37163156231
3.24 -2.79 5741.49787616246
3.24 -2.7 4767.9011820864
3.24 -2.61 3938.05022947293
3.24 -2.52 3234.23844689777
3.24 -2.43 2640.46551649256
3.24 -2.34 2142.32289583931
3.24 -2.25 1726.88335664063
3.24 -2.16 1382.5945401655
3.24 -2.07 1099.17652947076
3.24 -1.98 867.52343839814
3.24 -1.89 679.609017346942
3.24 -1.8 528.3962758224
3.24 -1.71 407.751121759619
3.24 -1.62 312.360017623165
3.24 -1.53 237.651653282274
3.24 -1.44 179.722635661708
3.24 -1.35 135.267195168225
3.24 -1.26 101.510908892685
3.24 -1.17 76.1484405877862
3.24 -1.08 57.285297421433
3.24 -0.99 43.383603505728
3.24 -0.9 33.2118902016
3.24 -0.81 25.798903199059
3.24 -0.72 20.3914263730812
3.24 -0.63 16.4161224151252
3.24 -0.54 13.4453902402769
3.24 -0.45 11.167239170025
3.24 -0.36 9.3591798906664
3.24 -0.27 7.86613218734132
3.24 -0.18 6.58234945369866
3.24 -0.0899999999999999 5.43735997719104
3.24 0 4.385925
3.24 0.0899999999999999 3.40201355559104
3.24 0.18 2.47679408089867
3.24 0.27 1.62064280414133
3.24 0.36 0.869168908266392
3.24 0.45 0.293256470024999
3.24 0.54 0.0131231746768896
3.24 0.63 0.216395806325198
3.24 0.72 1.18020251388119
3.24 0.81 3.29728185265893
3.24 0.9 7.10610860160002
3.24 0.99 13.325036356128
3.24 1.08 22.8904568966329
3.24 1.17 36.9989763325862
3.24 1.26 57.1536080222846
3.24 1.35 85.2139822682249
3.24 1.44 123.450572788108
3.24 1.53 174.602939961474
3.24 1.62 241.941990851965
3.24 1.71 329.33625600522
3.24 1.8 441.3221830224
3.24 1.89 583.178446909341
3.24 1.98 761.004277201341
3.24 2.07 981.801801863565
3.24 2.16 1253.5624079671
3.24 2.25 1585.35711914063
3.24 2.34 1987.43098979771
3.24 2.43 2471.30151613976
3.24 2.52 3049.86106393457
3.24 2.61 3737.48331307052
3.24 2.7 4550.1337188864
3.24 2.79 5505.48399027687
3.24 2.88 6623.03058457352
3.24 2.97 7924.21721920162
3.24 3.06 9432.56140011243
3.24 3.15 11173.7849669912
3.24 3.24 13175.9486552408
3.24 3.33 15469.5906747408
3.24 3.42 18087.8693053826
3.24 3.51 21066.7095093796
3.24 3.6 24444.9535603536
3.24 3.69 28264.5156891965
3.24 3.78 32570.5407467075
3.24 3.87 37411.5668830063
3.24 3.96 42839.6922437218
3.24 4.05 48910.7456829561
3.24 4.14 55684.4614930245
3.24 4.23 63224.6581509713
3.24 4.32 71599.4210818607
3.24 4.41 80881.2894388435
3.24 4.5 91147.4469

3.33 -4.5 97193.3813578125
3.33 -4.41 86299.4046760386
3.33 -4.32 76447.0611332032
3.33 -4.23 67554.7805634429
3.33 -4.14 59545.8989387244
3.33 -4.05 52348.4568249581
3.33 -3.96 45895.0020811403
3.33 -3.87 40122.3968015245
3.33 -3.78 34971.6285008229
3.33 -3.69 30387.6255424355
3.33 -3.6 26319.0768097104
3.33 -3.51 22718.2556202311
3.33 -3.42 19540.8478831346
3.33 -3.33 16745.7844994584
3.33 -3.24 14295.078005516
3.33 -3.15 12153.6634593022
3.33 -3.06 10289.2435699277
3.33 -2.97 8672.13807008232
3.33 -2.88 7275.13733152813
3.33 -2.79 6073.36022362102
3.33 -2.7 5044.1162148621
3.33 -2.61 4166.77171747793
3.33 -2.52 3422.6206750301
3.33 -2.43 2794.75939305394
3.33 -2.34 2267.96561272646
3.33 -2.25 1828.58182756348
3.33 -2.16 1464.4028431459
3.33 -2.07 1164.5675798753
3.33 -1.98 919.45511875856
3.33 -1.89 720.584990221831
3.33 -1.8 560.5217059536
3.33 -1.71 432.783533776998
3.33 -1.62 331.755515551291
3.33 -1.53 252.606728102564
3.33 -1.44 191.21178718361
3.33 -1.35 144.076594463002
3.33 -1.26 108.268327543368
3.33 -1.17 81.3496730088653
3.33 -1.08 61.3173025018378
3.33 -0.99 46.5445918286818
3.33 -0.9 35.7285830949
3.33 -0.81 27.8411898693532
3.33 -0.72 22.0846453777069
3.33 -0.63 17.8511937250744
3.33 -0.54 14.6870241478542
3.33 -0.45 12.2604482947641
3.33 -0.36 10.3343205370697
3.33 -0.27 8.74270130800947
3.33 -0.18 7.37176347141471
3.33 -0.0899999999999999 6.1449417195251
3.33 0 5.012325
3.33 0.0899999999999999 3.94429197212511
3.33 0.18 2.92938949221472
3.33 0.27 1.97645412820948
3.33 0.36 1.12097670346967
3.33 0.45 0.435709869764062
3.33 0.54 0.0455187094542143
3.33 0.63 0.14647436687438
3.33 0.72 1.0291907089069
3.33 0.81 3.10640401475315
3.33 0.9 6.94479569490002
3.33 0.99 13.3010580392818
3.33 1.08 23.1622029946377
3.33 1.17 37.7901139710653
3.33 1.26 58.7703406777683
3.33 1.35 88.0651369880014
3.33 1.44 128.07074183321
3.33 1.53 181.678903126364
3.33 1.62 252.34264471449
3.33 1.71 344.146276360398
3.33 1.8 461.8796467536
3.33 1.89 611.116639550431
3.33 1.98 798.297912443361
3.33 2.07 1030.8178792595
3.33 2.16 1317.1159350883
3.33 2.25 1666.77192443848
3.33 2.34 2090.60585242406
3.33 2.43 2600.78183897974
3.33 2.52 3210.9163161053
3.33 2.61 3936.19046813933
3.33 2.7 4793.4669150621
3.33 2.79 5801.41063882762
3.33 2.88 6980.61415272493
3.33 2.97 8353.72691376852
3.33 3.06 9945.58897811805
3.33 3.15 11783.3688995272
3.33 3.24 13896.7058708216
3.33 3.33 16317.8561084062
3.33 3.42 19081.8434798018
3.33 3.51 22226.6143742105
3.33 3.6 25793.1968161104
3.33 3.69 29825.8638218801
3.33 3.78 34372.3009994516
3.33 3.87 39483.7783909927
3.33 3.96 45215.3265586187
3.33 4.05 51625.9169131332
3.33 4.14 58778.646285798
3.33 4.23 66740.9257431327
3.33 4.32 75584.6736447424
3.33 4.41 85386.512944176
3.33 4.5 96227.9727328125

3.42 -4.5 102555.51913125
3.42 -4.41 91062.4293144165
3.42 -4.32 80668.1352697704
3.42 -4.23 71286.5959269623
3.42 -4.14 62836.9451338511
3.42 -4.05 55243.2790711332
3.42 -3.96 48434.448142453
3.42 -3.87 42343.8533399952
3.42 -3.78 36909.2470855589
3.42 -3.69 32072.5385471124
3.42 -3.6 27779.6034308304
3.42 -3.51 23980.0982486116
3.42 -3.42 20627.2790610788
3.42 -3.33 17677.8246960602
3.42 -3.24 15091.6644425516
3.42 -3.15 12831.8102201611
3.42 -3.06 10864.1932240343
3.42 -2.97 9157.50504526174
3.42 -2.88 7683.04326676752
3.42 -2.79 6414.5615346792
3.42 -2.7 5328.1241051796
3.42 -2.61 4401.96486683986
3.42 -2.52 3616.350838434
3.42 -2.43 2953.45014223502
3.42 -2.34 2397.20445279244
3.42 -2.25 1933.20592119141
3.42 -2.16 1548.57857479317
3.42 -2.07 1231.86419245715
3.42 -1.98 972.91265524447
3.42 -1.89 762.77677260295
3.42 -1.8 593.6115840336
3.42 -1.71 458.578136238619
3.42 -1.62 351.751735750872
3.42 -1.53 268.034677044848
3.42 -1.44 203.073446129125
3.42 -1.35 153.180399620306
3.42 -1.26 115.259919298454
3.42 -1.17 86.7390421440149
3.42 -1.08 65.5025658562262
3.42 -0.99 49.8326298530179
3.42 -0.9 38.3527717524
3.42 -0.81 29.9764593353404
3.42 -0.72 23.8600979901306
3.42 -0.63 19.3605136382413
3.42 -0.54 15.9969111416665
3.42 -0.45 13.4173081917563
3.42 -0.36 11.3694446795388
3.42 -0.27 9.67616754753153
3.42 -0.18 8.21529112304079
3.42 -0.0899999999999999 6.90393293295051
3.42 0 5.687325
3.42 0.0899999999999999 4.53210062055051
3.42 0.18 3.4240566238408
3.42 0.27 2.37039111273154
3.42 0.36 1.40641668593879
3.42 0.45 0.606749141756249
3.42 0.54 0.100971663266534
3.42 0.63 0.0937744850413471
3.42 0.72 0.889570041330582
3.42 0.81 2.92158359574036
3.42 0.9 6.78541935240002
3.42 0.99 13.2771020486179
3.42 1.08 23.4355940290262
3.42 1.17 38.5897878012149
3.42 1.26 60.4099740728542
3.42 1.35 90.9637852703061
3.42 1.44 132.776614538726
3.42 1.53 188.896510223649
3.42 1.62 262.963545834072
3.42 1.71 359.283665487019
3.42 1.8 482.9070048336
3.42 1.89 639.71068746655
3.42 1.98 836.486096809272
3.42 2.07 1081.03062348635
3.42 2.16 1382.24388817556
3.42 2.25 1750.22843994141
3.42 2.34 2196.39493005004
3.42 2.43 2733.57176126581
3.42 2.52 3376.1192126292
3.42 2.61 4140.04803971626
3.42 2.7 5043.1425503796
3.42 2.79 6105.0881559708
3.42 2.88 7347.60339804431
3.42 2.97 8794.57645054294
3.42 3.06 10472.2060974647
3.42 3.15 12409.1471860111
3.42 3.24 14636.6605552172
3.42 3.33 17188.767440063
3.42 3.42 20102.408351066
3.42 3.51 23417.606429356
3.42 3.6 27177.6352772304
3.42 3.69 31429.191264192
3.42 3.78 36222.5703084676
3.42 3.87 41611.8491340083
3.42 3.96 47655.0710029714
3.42 4.05 54414.4359236833
3.42 4.14 61956.4953340848
3.42 4.23 70352.3512606571
3.42 4.32 79677.8599528296
3.42 4.41 90013.8399928689
3.42 4.5 101446.28488125

3.51 -4.5 108061.639720312
3.51 -4.41 95953.4009087958
3.51 -4.32 85002.6473651495
3.51 -4.23 75118.7478353065
3.51 -4.14 66216.5219312624
3.51 -4.05 58216.0162097814
3.51 -3.96 51042.2849652343
3.51 -3.87 44625.1757365695
3.51 -3.78 38899.1195284164
3.51 -3.69 33802.9257463208
3.51 -3.6 29279.5818461136
3.51 -3.51 25276.0576974115
3.51 -3.42 21743.1146612503
3.51 -3.33 18635.1193818508
3.51 -3.24 15909.8622925172
3.51 -3.15 13528.3808356678
3.51 -3.06 11454.7873969986
3.51 -2.97 9656.10195377908
3.51 -2.88 8102.08943728049
3.51 -2.79 6765.10180933699
3.51 -2.7 5619.9248530389
3.51 -2.61 4643.62967755871
3.51 -2.52 3815.42893710947
3.51 -2.43 3116.53776403579
3.51 -2.34 2530.03941603725
3.51 -2.25 2040.75563752441
3.51 -2.16 1635.12173510729
3.51 -2.07 1301.06636721631
3.51 -1.98 1027.89604785587
3.51 -1.89 806.1843644903
3.51 -1.8 627.6659100624
3.51 -1.71 485.134929144484
3.51 -1.62 372.348678221908
3.51 -1.53 283.935500109127
3.51 -1.44 215.307612498255
3.51 -1.35 162.578610640139
3.51 -1.26 122.485684157942
3.51 -1.17 92.3165479932352
3.51 -1.08 69.8410874845984
3.51 -0.99 53.2477175787363
3.51 -0.9 41.0844561741
3.51 -0.81 32.2047115970206
3.51 -0.72 25.7177842103522
3.51 -0.63 20.9440821546261
3.51 -0.54 17.3750512217138
3.51 -0.45 14.6378188610016
3.51 -0.36 12.4645523180738
3.51 -0.27 10.6665309059075
3.51 -0.18 9.11293240857689
3.51 -0.0899999999999999 7.71433361746726
3.51 0 6.410925
3.51 0.0899999999999999 5.16543950086727
3.51 0.18 3.96079547577691
3.51 0.27 2.80245375770753
3.51 0.36 1.72548885567375
3.51 0.45 0.80637428600156
3.51 0.54 0.179482036113849
3.51 0.63 0.0582961608261008
3.51 0.72 0.761340511152227
3.51 0.81 2.74282059562056
3.51 0.9 6.62797957410002
3.51 0.99 13.2531683841363
3.51 1.08 23.7106299997984
3.51 1.17 39.3979978230352
3.51 1.26 62.0725082075424
3.51 1.35 93.9099271151389
3.51 1.44 137.568190904655
3.51 1.53 196.255761253327
3.51 1.62 273.804694210708
3.51 1.71 374.748423385084
3.51 1.8 504.4042572624
3.51 1.89 668.960590657699
3.51 1.98 875.568830299074
3.51 2.07 1132.44003454411
3.51 2.16 1448.94626722889
3.51 2.25 1835.72666564941
3.51 2.34 2304.79822267565
3.51 2.43 2869.67128299798
3.51 2.52 3545.46975350627
3.51 2.61 4349.05602780131
3.51 2.7 5299.1606248389
3.51 2.79 6416.51654170639
3.51 2.88 7723.99832053169
3.51 2.97 9246.76582952488
3.51 3.06 11012.4127581522
3.51 3.15 13051.1198264428
3.51 3.24 15395.8127084276
3.51 3.33 18082.324669711
3.51 3.42 21149.5639191751
3.51 3.51 24639.6856748161
3.51 3.6 28598.2689437136
3.51 3.69 33074.4980161322
3.51 3.78 38121.3486737556
3.51 3.87 43795.7791120533
3.51 3.96 50158.9255767799
3.51 4.05 57276.3027146064
3.51 4.14 65218.0086378849
3.51 4.23 74058.9347035447
3.51 4.32 83878.9800061224
3.51 4.41 94763.2705849224
3.51 4.5 106802.383345312

3.6 -4.5 113711.743125
3.6 -4.41 100972.319459177
3.6 -4.32 89450.5974193406
3.6 -4.23 79051.2362884754
3.6 -4.14 69684.6293309581
3.6 -4.05 61266.6682409025
3.6 -3.96 53718.5125494842
3.6 -3.87 46966.3639912476
3.6 -3.78 40941.2458293954
3.6 -3.69 35578.7871400606
3.6 -3.6 30819.01205556
3.6 -3.51 26606.1339666308
3.6 -3.42 22888.3546836491
3.6 -3.33 19617.6685568304
3.6 -3.24 16749.6715554128
3.6 -3.15 14243.3753058225
3.6 -3.06 12061.0260888208
3.6 -2.97 10167.9287956343
3.6 -2.88 8532.27584306705
3.6 -2.79 7124.9810475944
3.6 -2.7 5919.51845844
3.6 -2.61 4891.76614963447
3.6 -2.52 4019.85497105651
3.6 -2.43 3284.02225845625
3.6 -2.34 2666.47050246088
3.6 -2.25 2151.2309765625
3.6 -2.16 1724.03232408827
3.6 -2.07 1372.17410415279
3.6 -1.98 1084.40529659277
3.6 -1.89 850.807765883879
3.6 -1.8 662.68468404
3.6 -1.71 512.453912494592
3.6 -1.62 393.546342964401
3.6 -1.53 300.3091972954
3.6 -1.44 227.914286290998
3.6 -1.35 172.2712275225
3.6 -1.26 129.945622121833
3.6 -1.17 98.0821905565262
3.6 -1.08 74.3328673869542
3.6 -0.99 56.789855005837
3.6 -0.9 43.92363636
3.6 -0.81 34.5259466543938
3.6 -0.72 27.6577040383718
3.6 -0.63 22.6018992742286
3.6 -0.54 18.8214443879962
3.6 -0.45 15.9219803025
3.6 -0.36 13.6196434526746
3.6 -0.27 11.7137913831374
3.6 -0.18 10.064687328023
3.6 -0.0899999999999999 8.57614377307535
3.6 0 7.183125
3.6 0.0899999999999999 5.84430861307536
3.6 0.18 4.53960604802304
3.6 0.27 3.27264206313744
3.6 0.36 2.07819321267455
3.6 0.45 1.0345853025
3.6 0.54 0.281049827996159
3.6 0.63 0.0400393942286399
3.6 0.72 0.644502118371837
3.6 0.81 2.57011501439375
3.6 0.9 6.47247636000002
3.6 0.99 13.229257045837
3.6 1.08 23.9873109069542
3.6 1.17 40.2147440365262
3.6 1.26 63.7579430818329
3.6 1.35 96.9035625224999
3.6 1.44 142.445470930998
3.6 1.53 203.7566562154
3.6 1.62 284.866089844401
3.6 1.71 390.540550054592
3.6 1.8 526.371404039999
3.6 1.89 698.866349123878
3.6 1.98 915.546112912767
3.6 2.07 1185.0461124328
3.6 2.16 1517.22307224827
3.6 2.25 1923.2666015625
3.6 2.34 2415.81573030088
3.6 2.43 3009.08040417625
3.6 2.52 3718.9679387365
3.6 2.61 4563.21443239447
3.6 2.7 5561.52113844
3.6 2.79 6735.6957960344
3.6 2.88 8109.79892018705
3.6 2.97 9710.29505071434
3.6 3.06 11566.2089601808
3.6 3.15 13709.2868208225
3.6 3.24 16174.1623304528
3.6 3.33 18998.5277973504
3.6 3.42 22223.3101841291
3.6 3.51 25892.8521105908
3.6 3.6 30055.09781556
3.6 3.69 34761.7840777006
3.6 3.78 40068.6360953154
3.6 3.87 46035.5683251275
3.6 3.96 52726.8902800442
3.6 4.05 60211.5172859026
3.6 4.14 68563.1861971981
3.6 4.23 77860.6760717954
3.6 4.32 88188.0338046206
3.6 4.41 99634.8047203365
3.6 4.5 112296.268125

3.69 -4.5 119505.829345312
3.69 -4.41 106119.184965558
3.69 -4.32 94011.9854323436
3.69 -4.23 83084.061286469
3.69 -4.14 73241.2673329381
3.69 -4.05 64395.2351644966
3.69 -3.96 56463.1308952027
3.69 -3.87 49367.4181040293
3.69 -3.78 43035.625988496
3.69 -3.69 37400.1227283318
3.69 -3.6 32397.8940591696
3.69 -3.51 27970.3270562696
3.69 -3.42 24062.9991282752
3.69 -3.33 20625.4722209989
3.69 -3.24 17611.0922312385
3.69 -3.15 14976.7936306251
3.69 -3.06 12682.9092995007
3.69 -2.97 10692.9855708275
3.69 -2.88 8973.6024841272
3.69 -2.79 7494.19924945143
3.69 -2.7 6226.9049213829
3.69 -2.61 5146.37428306716
3.69 -2.52 4229.62894027512
3.69 -2.43 3455.90362549641
3.69 -2.34 2806.49771206334
3.69 -2.25 2264.63193830566
3.69 -2.16 1815.31034173611
3.69 -2.07 1445.18740326659
3.69 -1.98 1142.44040145515
3.69 -1.89 896.646976783687
3.69 -1.8 698.6679059664
3.69 -1.71 540.535086288943
3.69 -1.62 415.344729978348
3.69 -1.53 317.155768603667
3.69 -1.44 240.893467507354
3.69 -1.35 182.258250267389
3.69 -1.26 137.639733190126
3.69 -1.17 104.035969833888
3.69 -1.08 78.9779055632938
3.69 -0.99 60.45904213432
3.69 -0.9 46.8703123101
3.69 -0.81 36.9401645074599
3.69 -0.72 29.6798574741894
3.69 -0.63 24.3339649970489
3.69 -0.54 20.3360906405135
3.69 -0.45 17.2697925162516
3.69 -0.36 14.8347180833412
3.69 -0.27 12.8179489792213
3.69 -0.18 11.0705558813792
3.69 -0.0899999999999999 9.48936339977479
3.69 0 8.003925
3.69 0.0899999999999999 6.5687079571748
3.69 0.18 5.16048834057921
3.69 0.27 3.78095602902128
3.69 0.36 2.4645297569412
3.69 0.45 1.29138219125156
3.69 0.54 0.405675038913465
3.69 0.63 0.0390041852489648
3.69 0.72 0.539054862989412
3.69 0.81 2.40346685205993
3.69 0.9 6.31890971010002
3.69 0.99 13.20536803372
3.69 1.08 24.2656367504938
3.69 1.17 41.0400264416879
3.69 1.26 65.4662786957256
3.69 1.35 99.9446914923889
3.69 1.44 147.408454617755
3.69 1.53 211.399195109867
3.69 1.62 296.147732735148
3.69 1.71 406.660045495543
3.69 1.8 548.8084451664
3.69 1.89 729.427962865087
3.69 1.98 956.41794465035
3.69 2.07 1238.84885715239
3.69 2.16 1587.07430323372
3.69 2.25 2012.84824768066
3.69 2.34 2529.44745292574
3.69 2.43 3151.79912480061
3.69 2.52 3896.61376831991
3.69 2.61 4782.52325349576
3.69 2.7 5830.2240911829
3.69 2.79 7062.62591895483
3.69 2.88 8505.0051970104
3.69 2.97 10185.1641141113
3.69 3.06 12133.5947035503
3.69 3.15 14383.6481691501
3.69 3.24 16971.7094212929
3.69 3.33 19937.3768229811
3.69 3.42 23323.647145928
3.69 3.51 27177.1057366802
3.69 3.6 31548.1218927696
3.69 3.69 36491.0494488972
3.69 3.78 42064.4325731471
3.69 3.87 48331.216773231
3.69 3.96 55358.9651127644
3.69 4.05 63220.0796375717
3.69 4.14 71992.0280120246
3.69 4.23 81757.5753654093
3.69 4.32 92605.0213483243
3.69 4.41 104628.442399111
3.69 4.5 117927.939220312

3.78 -4.5 125443.89838125
3.78 -4.41 111393.997427942
3.78 -4.32 98686.8114041585
3.78 -4.23 87217.2228292873
3.78 -4.14 76886.4359372027
3.78 -4.05 67601.7169805637
3.78 -3.96 59276.1400023898
3.78 -3.87 51828.3380749147
3.78 -3.78 45182.260005718
3.78 -3.69 39266.9325111345
3.78 -3.6 34016.2278569424
3.78 -3.51 29368.6369663277
3.78 -3.42 25267.0479951286
3.78 -3.33 21658.5303743562
3.78 -3.24 18494.1243199942
3.78 -3.15 15728.6358100756
3.78 -3.06 13320.4370290384
3.78 -2.97 11231.2722793586
3.78 -2.88 9426.06936046093
3.78 -2.79 7872.75641490808
3.78 -2.7 6542.0842418676
3.78 -2.61 5407.45407785676
3.78 -2.52 4444.7508447653
3.78 -2.43 3632.18186515627
3.78 -2.34 2950.12104484462
3.78 -2.25 2380.95852275391
3.78 -2.16 1908.95578805082
3.78 -2.07 1520.10626455771
3.78 -1.98 1202.00136244302
3.78 -1.89 943.701997189726
3.78 -1.8 735.615575841599
3.78 -1.71 569.378450527538
3.78 -1.62 437.743839263752
3.78 -1.53 334.475214033928
3.78 -1.44 254.245156147325
3.78 -1.35 192.539678874806
3.78 -1.26 145.568017362821
3.78 -1.17 110.17788582532
3.78 -1.08 83.7762020136171
3.78 -0.99 64.2552789641853
3.78 -0.9 49.9244840244
3.78 -0.81 39.4473651562191
3.78 -0.72 31.784244517805
3.78 -0.63 26.1402793230871
3.78 -0.54 21.9189899792658
3.78 -0.45 18.6812555022562
3.78 -0.36 16.1097762100737
3.78 -0.27 13.979003694159
3.78 -0.18 12.1305380686454
3.78 -0.0899999999999999 10.4539924975656
3.78 0 8.87332499999999
3.78 0.0899999999999999 7.33863753316558
3.78 0.18 5.8234423534454
3.78 0.27 4.32739565535903
3.78 0.36 2.88449848847369
3.78 0.45 1.57676495225625
3.78 0.54 0.553357668865765
3.78 0.63 0.0551905338870756
3.78 0.72 0.444998745004952
3.78 0.81 2.24287610861911
3.78 0.9 6.16727962440002
3.78 0.99 13.1815013477853
3.78 1.08 24.5456075304171
3.78 1.17 41.8738450385202
3.78 1.26 67.1975150492208
3.78 1.35 103.033314024806
3.78 1.44 152.457141964925
3.78 1.53 219.183377936729
3.78 1.62 307.649622882952
3.78 1.71 423.106909707938
3.78 1.8 571.715380641599
3.78 1.89 760.645431881325
3.78 1.98 998.184325511825
3.78 2.07 1293.84826870291
3.78 2.16 1658.49996018522
3.78 2.25 2104.47160400391
3.78 2.34 2645.69339055022
3.78 2.43 3297.82744487106
3.78 2.52 4078.4072422565
3.78 2.61 5006.98249110516
3.78 2.7 6105.2694830676
3.78 2.79 7397.30691046767
3.78 2.88 8909.61715100172
3.78 2.97 10671.3730197158
3.78 3.06 12714.5699882608
3.78 3.15 15074.2038714256
3.78 3.24 17788.4539809478
3.78 3.33 20898.871746603
3.78 3.42 24450.5748045718
3.78 3.51 28492.4465530841
3.78 3.6 33077.3411753424
3.78 3.69 38262.2941297221
3.78 3.78 44108.7381072507
3.78 3.87 50682.7244563638
3.78 3.96 58055.1500749403
3.78 4.05 66301.9897696138
3.78 4.14 75504.5340823644
3.78 4.23 85749.6325843862
3.78 4.32 97129.9426372337
3.78 4.41 109744.183621246
3.78 4.5 123697.39663125

3.87 -4.5 131525.950232812
3.87 -4.41 116796.756846327
3.87 -4.32 103475.075334785
3.87 -4.23 91450.7209169305
3.87 -4.14 80620.1351437517
3.87 -4.05 70886.1136891038
3.87 -3.96 62157.5398710455
3.87 -3.87 54349.1239039038
3.87 -3.78 47381.1478810615
3.87 -3.69 41179.2164884687
3.87 -3.6 35674.0134488784
3.87 -3.51 30801.0636968053
3.87 -3.42 26500.5012842093
3.87 -3.33 22716.8430169025
3.87 -3.24 19398.7678216798
3.87 -3.15 16498.9018441739
3.87 -3.06 13973.6092774339
3.87 -2.97 11782.7889212276
3.87 -2.88 9889.67647206824
3.87 -2.79 8260.65254396434
3.87 -2.7 6865.0564198941
3.87 -2.61 5675.00553400328
3.87 -2.52 4665.22068452705
3.87 -2.43 3812.85697743582
3.87 -2.34 3097.34050080473
3.87 -2.25 2500.21072990722
3.87 -2.16 2004.96866303238
3.87 -2.07 1596.93068802613
3.87 -1.98 1263.08817955639
3.87 -1.89 991.972827101995
3.87 -1.8 773.527693665599
3.87 -1.71 598.984005210375
3.87 -1.62 460.743670820611
3.87 -1.53 352.267533586184
3.87 -1.44 267.969352210909
3.87 -1.35 203.115513344751
3.87 -1.26 153.730474639918
3.87 -1.17 116.507938530823
3.87 -1.08 88.727756737924
3.87 -0.99 68.1785654954328
3.87 -0.9 53.0861515029
3.87 -0.81 42.0475486006713
3.87 -0.72 33.9708651692185
3.87 -0.63 28.0208422523429
3.87 -0.54 23.5701424042531
3.87 -0.45 20.1563692605141
3.87 -0.36 17.444817832872
3.87 -0.27 15.1969555279507
3.87 -0.18 13.2446338898216
3.87 -0.0899999999999999 11.4700310664477
3.87 0 9.79132499999999
3.87 0.0899999999999999 8.15409734104771
3.87 0.18 6.52846808662162
3.87 0.27 4.91196094215071
3.87 0.36 3.33809940727203
3.87 0.45 1.89073358551406
3.87 0.54 0.72409771785306
3.87 0.63 0.0885984401429721
3.87 0.72 0.362333764418456
3.87 0.81 2.08834278407128
3.87 0.9 6.01758610290002
3.87 0.99 13.1576569880329
3.87 1.08 24.827223246724
3.87 1.17 42.7161998270231
3.87 1.26 68.9516521423181
3.87 1.35 106.169430119751
3.87 1.44 157.591532972509
3.87 1.53 227.109204695984
3.87 1.62 319.371760287811
3.87 1.71 439.881142691775
3.87 1.8 595.092210465599
3.87 1.89 792.518756172594
3.87 1.98 1040.84525549719
3.87 2.07 1350.04434708434
3.87 2.16 1731.50004310278
3.87 2.25 2198.13667053223
3.87 2.34 2764.55354317433
3.87 2.43 3447.16536438761
3.87 2.52 4264.34836054625
3.87 2.61 5236.59214522267
3.87 2.7 6386.6573140941
3.87 2.79 7739.73877057294
3.87 2.88 9323.63478216104
3.87 2.97 11168.9217675278
3.87 3.06 13309.1348143123
3.87 3.15 15780.9539276489
3.87 3.24 18624.3960094174
3.87 3.33 21883.0125682163
3.87 3.42 25604.0931600605
3.87 3.51 29838.8745598027
3.87 3.6 34642.7556632784
3.87 3.69 40075.5181201753
3.87 3.78 46201.5526976262
3.87 3.87 53090.0913745259
3.87 3.96 60815.445166572
3.87 4.05 69457.2476820289
3.87 4.14 79100.7044082174
3.87 4.23 89836.8477287263
3.87 4.32 101762.797671349
3.87 4.41 114982.028386742
3.87 4.5 129604.640357812

3.96 -4.5 137751.9849
3.96 -4.41 122327.463220713
3.96 -4.32 108376.777224224
3.96 -4.23 95784.5555493983
3.96 -4.14 84442.3649525853
3.96 -4.05 74248.425290117
3.96 -3.96 65107.3305011699
3.96 -3.87 56929.7755909966
3.96 -3.78 49632.2896145265
3.96 -3.69 43136.9746603343
3.96 -3.6 37371.2508349776
3.96 -3.51 32267.6072477023
3.96 -3.42 27763.3589955174
3.96 -3.33 23800.4101486378
3.96 -3.24 20325.0227362956
3.96 -3.15 17287.5917329202
3.96 -3.06 14642.4260446872
3.96 -2.97 12347.5354964346
3.96 -2.88 10364.4238189491
3.96 -2.79 8657.88763662023
3.96 -2.7 7195.82145546241
3.96 -2.61 5949.02865150672
3.96 -2.52 4891.03845956038
3.96 -2.43 3997.92896233507
3.96 -2.34 3248.15607994366
3.96 -2.25 2622.38855976563
3.96 -2.16 2103.34896668081
3.96 -2.07 1675.66067367188
3.96 -1.98 1325.70085279525
3.96 -1.89 1041.45946652049
3.96 -1.8 812.4042594384
3.96 -1.71 629.351750337457
3.96 -1.62 484.344224648925
3.96 -1.53 370.532727260434
3.96 -1.44 282.066055698107
3.96 -1.35 213.985753677225
3.96 -1.26 162.127105021418
3.96 -1.17 123.026127950397
3.96 -1.08 93.8325697362147
3.96 -0.99 72.2289017280628
3.96 -0.9 56.3553147456
3.96 -0.81 44.7407148408165
3.96 -0.72 36.23971942843
3.96 -0.63 29.9756537848167
3.96 -0.54 25.2895479154754
3.96 -0.45 21.695133791025
3.96 -0.36 18.8398429517362
3.96 -0.27 16.4718044805963
3.96 -0.18 14.4128433449079
3.96 -0.0899999999999999 12.5374791064212
3.96 0 10.757925
3.96 0.0899999999999999 9.0150873808212
3.96 0.18 7.27556554010789
3.96 0.27 5.53465188939632
3.96 0.36 3.82533251333622
3.96 0.45 2.233288091025
3.96 0.54 0.917895185875355
3.96 0.63 0.139227904016655
3.96 0.72 0.291059921229924
3.96 0.81 1.93986687841644
3.96 0.9 5.86982914560002
3.96 0.99 13.1338349544627
3.96 1.08 25.1104838994146
3.96 1.17 43.5670908071967
3.96 1.26 70.7286899750178
3.96 1.35 109.353039777225
3.96 1.44 162.811627640508
3.96 1.53 235.176675387634
3.96 1.62 331.314144949725
3.96 1.71 456.982744447057
3.96 1.8 618.9389346384
3.96 1.89 825.047935738892
3.96 1.98 1084.40073460645
3.96 2.07 1407.43709229668
3.96 2.16 1806.07455198641
3.96 2.25 2293.84344726563
3.96 2.34 2886.02791079806
3.96 2.43 3599.81288335026
3.96 2.52 4454.43712318917
3.96 2.61 5471.35221584832
3.96 2.7 6674.3875842624
3.96 2.79 8089.92149927063
3.96 2.88 9747.05809048834
3.96 2.97 11677.8103575474
3.96 3.06 13917.2891817048
3.96 3.15 16503.8983378202
3.96 3.24 19479.535506702
3.96 3.33 22889.799287821
3.96 3.42 26784.2022123942
3.96 3.51 31216.3897568359
3.96 3.6 36244.3653565776
3.96 3.69 41930.7214202567
3.96 3.78 48342.8763442736
3.96 3.87 55553.3175277173
3.96 3.96 63639.8503876596
3.96 4.05 72685.8533748171
3.96 4.14 82780.5389895838
3.96 4.23 94019.2207984295
3.96 4.32 106503.586450669
3.96 4.41 120341.976695598
3.96 4.5 135649.6704

4.05 -4.5 144122.002382813
4.05 -4.41 127986.1165511
4.05 -4.32 113391.917072475
4.05 -4.23 100218.726726691
4.05 -4.14 88353.1253637032
4.05 -4.05 77688.6517836032
4.05 -3.96 68125.5118927628
4.05 -3.87 59570.2931361931
4.05 -3.78 51935.685206113
4.05 -3.69 45140.2070267314
4.05 -3.6 39107.94001524
4.05 -3.51 33768.2676190187
4.05 -3.42 29055.6211290528
4.05 -3.33 24909.2317695619
4.05 -3.24 21272.8890638413
4.05 -3.15 18094.7054763144
4.05 -3.06 15326.8873307982
4.05 -2.97 12925.5120049794
4.05 -2.88 10850.3114011036
4.05 -2.79 9064.46169287573
4.05 -2.7 7534.3793485725
4.05 -2.61 6229.52343036707
4.05 -2.52 5122.20416986527
4.05 -2.43 4187.39781985401
4.05 -2.34 3402.56778226142
4.05 -2.25 2747.4920123291
4.05 -2.16 2204.0966989961
4.05 -2.07 1756.29622149494
4.05 -1.98 1389.83938215959
4.05 -1.89 1092.16191544522
4.05 -1.8 852.24527316
4.05 -1.71 660.481685908781
4.05 -1.62 508.545500748695
4.05 -1.53 389.270795056678
4.05 -1.44 296.535266608919
4.05 -1.35 225.150399872227
4.05 -1.26 170.75790850732
4.05 -1.17 129.732454084041
4.05 -1.08 99.090641008489
4.05 -0.99 76.406287662075
4.05 -0.9 59.7319737525
4.05 -0.81 47.5268638766546
4.05 -0.72 38.5908072954394
4.05 -0.63 32.0047139205081
4.05 -0.54 27.0772065129327
4.05 -0.45 23.2975490937891
4.05 -0.36 20.2948515666663
4.05 -0.27 17.8035505520958
4.05 -0.18 15.6351664339042
4.05 -0.0899999999999999 13.656336617486
4.05 0 11.773125
4.05 0.0899999999999999 9.92160765248601
4.05 0.18 8.06473471390417
4.05 0.27 6.19546849709584
4.05 0.36 4.34619780666624
4.05 0.45 2.60442846878906
4.05 0.54 1.13475007293264
4.05 0.63 0.207078925508124
4.05 0.72 0.231177215439358
4.05 0.81 1.79744839165459
4.05 0.9 5.72400875250002
4.05 0.99 13.1100352470749
4.05 1.08 25.395389488489
4.05 1.17 44.426517979041
4.05 1.26 72.5286285473198
4.05 1.35 112.584142997226
4.05 1.44 168.117425968919
4.05 1.53 243.385790011678
4.05 1.62 343.476776868695
4.05 1.71 474.411714973781
4.05 1.8 643.25555316
4.05 1.89 858.232970580221
4.05 1.98 1128.8507628396
4.05 2.07 1466.02650433995
4.05 2.16 1882.22348683609
4.05 2.25 2391.5919342041
4.05 2.34 3010.11649342143
4.05 2.43 3755.770001759
4.05 2.52 4648.67353018527
4.05 2.61 5711.26270298207
4.05 2.7 6968.46029357251
4.05 2.79 8447.85509656073
4.05 2.88 10179.8870759836
4.05 2.97 12198.0387897744
4.05 3.06 14539.0330904382
4.05 3.15 17243.0371019394
4.05 3.24 20353.8724728013
4.05 3.33 23919.2319054169
4.05 3.42 27990.9019615728
4.05 3.51 32624.9921441837
4.05 3.6 37882.17025524
4.05 3.69 43827.9040299664
4.05 3.78 50532.7090471929
4.05 3.87 58072.402915938
4.05 3.96 66528.3657382029
4.05 4.05 75987.8068479783
4.05 4.14 86544.0378264633
4.05 4.23 98296.7517934958
4.05 4.32 111352.308975195
4.05 4.41 125824.028547815
4.05 4.5 141832.486757813

4.14 -4.5 150636.00268125
4.14 -4.41 133772.716837489
4.14 -4.32 118520.494879537
4.14 -4.23 104753.234448808
4.14 -4.14 92352.4163771055
4.14 -4.05 81206.7931695623
4.14 -3.96 71212.0840458243
4.14 -3.87 62270.6765394932
4.14 -3.78 54291.334655821
4.14 -3.69 47188.9135876599
4.14 -3.6 40884.0809896656
4.14 -3.51 35303.0448107545
4.14 -3.42 30377.2876848154
4.14 -3.33 26043.3078796749
4.14 -3.24 22242.366804317
4.14 -3.15 18920.2430743565
4.14 -3.06 16026.993135767
4.14 -2.97 13516.7184468622
4.14 -2.88 11347.3392185317
4.14 -2.79 9480.37471273085
4.14 -2.7 7880.73009922441
4.14 -2.61 6516.48987058434
4.14 -2.52 5358.71781544174
4.14 -2.43 4381.26354999265
4.14 -2.34 3560.57560775801
4.14 -2.25 2875.52108759766
4.14 -2.16 2307.21185997824
4.14 -2.07 1838.83733149532
4.14 -1.98 1455.50376764943
4.14 -1.89 1144.08017387618
4.14 -1.8 893.0507348304
4.14 -1.71 692.373811924348
4.14 -1.62 533.34749911992
4.14 -1.53 408.481736974916
4.14 -1.44 311.376984943345
4.14 -1.35 236.609451929756
4.14 -1.26 179.622885097624
4.14 -1.17 136.626916931756
4.14 -1.08 104.501970554747
4.14 -0.99 80.7107232974694
4.14 -0.9 63.2161285236
4.14 -0.81 50.4059957081858
4.14 -0.72 41.0241287702468
4.14 -0.63 34.1080226594174
4.14 -0.54 28.9331181966249
4.14 -0.45 24.9636151688063
4.14 -0.36 21.8098436776621
4.14 -0.27 19.1921937424493
4.14 -0.18 16.9116031568105
4.14 -0.0899999999999999 14.8266035996422
4.14 0 12.836925
4.14 0.0899999999999999 10.8736581560422
4.14 0.18 8.89597560801048
4.14 0.27 6.89441076524928
4.14 0.36 4.9006952872621
4.14 0.45 3.00415471880625
4.14 0.54 1.37466237902492
4.14 0.63 0.292151504617378
4.14 0.72 0.182685647046757
4.14 0.81 1.66108732378574
4.14 0.9 5.58012492360002
4.14 0.99 13.0862578658694
4.14 1.08 25.681940013947
4.14 1.17 45.2944813425559
4.14 1.26 74.351467859224
4.14 1.35 115.862739779756
4.14 1.44 173.508927957745
4.14 1.53 251.736548568117
4.14 1.62 355.85965604472
4.14 1.71 492.168054271948
4.14 1.8 668.0420660304
4.14 1.89 892.073860696579
4.14 1.98 1174.19534019663
4.14 2.07 1525.81258321412
4.14 2.16 1959.94684765184
4.14 2.25 2491.38213134766
4.14 2.34 3136.81929104441
4.14 2.43 3915.03671961384
4.14 2.52 4847.05758153453
4.14 2.61 5956.32360662394
4.14 2.7 7268.87544202441
4.14 2.79 8813.53956244325
4.14 2.88 10622.1217386469
4.14 2.97 12729.607064209
4.14 3.06 15174.3665405126
4.14 3.15 17998.3702200065
4.14 3.24 21247.4069077154
4.14 3.33 24971.3104210041
4.14 3.42 29224.1924075962
4.14 3.51 34064.6817218461
4.14 3.6 39556.1703592656
4.14 3.69 45767.0659493043
4.14 3.78 52771.0508063841
4.14 3.87 60647.3475391879
4.14 3.96 69480.991218202
4.14 4.05 79363.1081015124
4.14 4.14 90391.2009188561
4.14 4.23 102669.440713925
4.14 4.32 116308.965244926
4.14 4.41 131428.183943392
4.14 4.5 148153.08943125

4.23 -4.5 157293.985795313
4.23 -4.41 139687.264079879
4.23 -4.32 123762.510645412
4.23 -4.23 109388.07871575
4.23 -4.14 96440.2379927924
4.23 -4.05 84802.8494479944
4.23 -3.96 74367.0469603545
4.23 -3.87 65030.925800897
4.23 -3.78 56699.2379636505
4.23 -3.69 49283.0943431198
4.23 -3.6 42699.6737582544
4.23 -3.51 36871.9388229097
4.23 -3.42 31728.3586628054
4.23 -3.33 27202.6384789769
4.23 -3.24 23233.4559577227
4.23 -3.15 19764.2045270465
4.23 -3.06 16742.7434595936
4.23 -2.97 14121.1548220829
4.23 -2.88 11855.5072712333
4.23 -2.79 9905.62669618559
4.23 -2.7 8234.8737074181
4.23 -2.61 6809.92797215853
4.23 -2.52 5600.57939628977
4.23 -2.43 4579.52615275098
4.23 -2.34 3722.17955643343
4.23 -2.25 3006.47578557129
4.23 -2.16 2412.69444962725
4.23 -2.07 1923.28400367301
4.23 -1.98 1522.69400926476
4.23 -1.89 1197.21424181337
4.23 -1.8 934.8206444496
4.23 -1.71 725.028128384159
4.23 -1.62 558.750219762601
4.23 -1.53 428.165553015149
4.23 -1.44 326.591210701384
4.23 -1.35 248.362909849814
4.23 -1.26 188.722034792331
4.23 -1.17 143.709516493542
4.23 -1.08 110.066558374989
4.23 -0.99 85.1422086342462
4.23 -0.9 66.8077790589
4.23 -0.81 53.3781103354099
4.23 -0.72 43.5396838528521
4.23 -0.63 36.2855800015444
4.23 -0.54 30.8572829665522
4.23 -0.45 26.6933320160766
4.23 -0.36 23.3848192847238
4.23 -0.27 20.6377340516566
4.23 -0.18 18.2421535136268
4.23 -0.0899999999999999 16.0482800528897
4.23 0 13.949325
4.23 0.0899999999999999 11.8712388914897
4.23 0.18 9.76928822242682
4.23 0.27 7.63147869385664
4.23 0.36 5.48882495512381
4.23 0.45 3.43246684107656
4.23 0.54 1.6376321041522
4.23 0.63 0.394445641344418
4.23 0.72 0.14558521605212
4.23 0.81 1.53078367480987
4.23 0.9 5.43817765890002
4.23 0.99 13.0625028108462
4.23 1.08 25.9701354757887
4.23 1.17 46.1709808977415
4.23 1.26 76.1972079107306
4.23 1.35 119.188830124814
4.23 1.44 178.986133606984
4.23 1.53 260.228951056949
4.23 1.62 368.462782477801
4.23 1.71 510.251762341559
4.23 1.8 693.2984732496
4.23 1.89 926.570606087967
4.23 1.98 1220.43446667756
4.23 2.07 1586.79532891922
4.23 2.16 2039.24463443365
4.23 2.25 2593.21403869629
4.23 2.34 3266.13630366703
4.23 2.43 4077.61303691477
4.23 2.52 5049.58927723696
4.23 2.61 6206.53492677393
4.23 2.7 7575.6330296181
4.23 2.79 9186.97489691819
4.23 2.88 11073.7620784781
4.23 2.97 13272.515180851
4.23 3.06 15823.289531928
4.23 3.15 18769.8976920215
4.23 3.24 22160.1388114443
4.23 3.33 26046.0348345827
4.23 3.42 30484.0735504646
4.23 3.51 35535.4584898231
4.23 3.6 41266.3656686544
4.23 3.69 47748.2071782704
4.23 3.78 55057.9016218472
4.23 3.87 63278.1513974671
4.23 3.96 72497.726827657
4.23 4.05 82811.7571354195
4.23 4.14 94322.0282667621
4.23 4.23 107137.287559718
4.23 4.32 121373.555259863
4.23 4.41 137154.44288233
4.23 4.5 154611.478420313

4.32 -4.5 164095.951725
4.32 -4.41 145729.75827827
4.32 -4.32 129117.964370098
4.32 -4.23 114123.259527517
4.32 -4.14 100616.590210764
4.32 -4.05 88476.8206188996
4.32 -3.96 77590.4006363533
4.32 -3.87 67851.0409204045
4.32 -3.78 59159.3951296014
4.32 -3.69 51422.7492931113
4.32 -3.6 44554.7183210064
4.32 -3.51 38474.9496554844
4.32 -3.42 33108.8340630227
4.32 -3.33 28387.2235674678
4.32 -3.24 24246.1565240585
4.32 -3.15 20626.5898343844
4.32 -3.06 17474.1383022779
4.32 -2.97 14738.8211306415
4.32 -2.88 12374.8155592086
4.32 -2.79 10340.2176432399
4.32 -2.7 8596.81017315361
4.32 -2.61 7109.83773508964
4.32 -2.52 5847.78891240938
4.32 -2.43 4782.185628129
4.32 -2.34 3887.37962828767
4.32 -2.25 3140.35610625
4.32 -2.16 2520.54446794311
4.32 -2.07 2009.63623802802
4.32 -1.98 1591.41010700558
4.32 -1.89 1251.56411925679
4.32 -1.8 977.5550020176
4.32 -1.71 758.444635288213
4.32 -1.62 584.753662676737
4.32 -1.53 448.322243177376
4.32 -1.44 342.177943883037
4.32 -1.35 260.4107736324
4.32 -1.26 198.055357591439
4.32 -1.17 150.980252769398
4.32 -1.08 115.784404469214
4.32 -0.99 89.7007436724053
4.32 -0.9 70.5069253584
4.32 -0.81 56.443207758327
4.32 -0.72 46.1374725432555
4.32 -0.63 38.5373859468892
4.32 -0.54 32.8497008227145
4.32 -0.45 28.4866996356
4.32 -0.36 25.0197783878514
4.32 -0.27 22.1401714797179
4.32 -0.18 19.6268175043532
4.32 -0.0899999999999999 17.3213659772285
4.32 0 15.110325
4.32 0.0899999999999999 12.9143498588285
4.32 0.18 10.6846725571532
4.32 0.27 8.40667228291793
4.32 0.36 6.11058681025136
4.32 0.45 3.8893648356
4.32 0.54 1.92365924831447
4.32 0.63 0.513961335689243
4.32 0.72 0.119875922455449
4.32 0.81 1.406537444727
4.32 0.9 5.29816695840002
4.32 0.99 13.0387700820053
4.32 1.08 26.2599758740141
4.32 1.17 47.0560166445978
4.32 1.26 78.0658487018394
4.32 1.35 122.5624140324
4.32 1.44 184.549042916637
4.32 1.53 268.862997478176
4.32 1.62 381.286156167937
4.32 1.71 528.662839182613
4.32 1.8 719.0247748176
4.32 1.89 961.723206754384
4.32 1.98 1267.56814228238
4.32 2.07 1648.97474145523
4.32 2.16 2120.11684718151
4.32 2.25 2697.08765625
4.32 2.34 3398.06753128927
4.32 2.43 4243.4989536618
4.32 2.52 5256.26861729257
4.32 2.61 6461.89666343204
4.32 2.7 7888.7330563536
4.32 2.79 9568.16109998554
4.32 2.88 11534.8080954774
4.32 2.97 13826.7631397006
4.32 3.06 16485.8020646843
4.32 3.15 19557.6195179844
4.32 3.24 23092.0681839881
4.32 3.33 27143.4051461526
4.32 3.42 31770.5453901779
4.32 3.51 37037.3224481148
4.32 3.6 43012.7561834064
4.32 3.69 49771.3277168648
4.32 3.78 57393.2614935822
4.32 3.87 65964.8144907757
4.32 3.96 75578.5725665678
4.32 4.05 86333.7539496997
4.32 4.14 98336.5198701813
4.32 4.23 111700.292330873
4.32 4.32 126546.079020006
4.32 4.41 143002.805364629
4.32 4.5 161207.653725

4.41 -4.5 171041.900470313
4.41 -4.41 151900.199432663
4.41 -4.32 134586.856053597
4.41 -4.23 118958.776884108
4.41 -4.14 104881.473031019
4.41 -4.05 92228.7066822777
4.41 -3.96 80882.1450738206
4.41 -3.87 70731.0218980157
4.41 -3.78 61671.8061536739
4.41 -3.69 53607.8784376341
4.41 -3.6 46449.2146779216
4.41 -3.51 40112.0773084784
4.41 -3.42 34518.7138854673
4.41 -3.33 29597.0631451475
4.41 -3.24 25280.4685033243
4.41 -3.15 21507.3989963702
4.41 -3.06 18221.1776638201
4.41 -2.97 15369.717372538
4.41 -2.88 12905.2640824574
4.41 -2.79 10784.1475538939
4.41 -2.7 8966.5394964309
4.41 -2.61 7416.21915937767
4.41 -2.52 6100.34636380055
4.41 -2.43 4989.24197612673
4.41 -2.34 4056.17582332073
4.41 -2.25 3277.16204963379
4.41 -2.16 2630.76191492584
4.41 -2.07 2097.89403456035
4.41 -1.98 1661.65206087189
4.41 -1.89 1307.12980620643
4.41 -1.8 1021.2538075344
4.41 -1.71 792.62333263651
4.41 -1.62 611.357827862329
4.41 -1.53 468.951807461597
4.41 -1.44 358.137184488303
4.41 -1.35 272.753043277514
4.41 -1.26 207.622853494951
4.41 -1.17 158.439125759325
4.41 -1.08 121.655508837423
4.41 -0.99 94.3863284119466
4.41 -0.9 74.3135674221
4.41 -0.81 59.6012879769372
4.41 -0.72 48.8174948414568
4.41 -0.63 40.8634404954519
4.41 -0.54 34.9103717651117
4.41 -0.45 30.3437180273766
4.41 -0.36 26.7147209870448
4.41 -0.27 23.6995060266331
4.41 -0.18 21.0655951289896
4.41 -0.0899999999999999 18.6458613726587
4.41 0 16.319925
4.41 0.0899999999999999 14.0029910580587
4.41 0.18 11.6421286121896
4.41 0.27 9.21999153243313
4.41 0.36 6.76598085264476
4.41 0.45 4.37484870237656
4.41 0.54 2.23274381151174
4.41 0.63 0.650698587651854
4.41 0.72 0.105557766256742
4.41 0.81 1.28834863353713
4.41 0.9 5.16009282210002
4.41 0.99 13.0150596793466
4.41 1.08 26.5514612086232
4.41 1.17 47.9495885831247
4.41 1.26 79.9573902325505
4.41 1.35 125.983491502514
4.41 1.44 190.197655886704
4.41 1.53 277.638687831797
4.41 1.62 394.329777115129
4.41 1.71 547.40128479511
4.41 1.8 745.2209707344
4.41 1.89 997.531662695832
4.41 1.98 1315.59636701109
4.41 2.07 1712.35082082215
4.41 2.16 2202.56348589544
4.41 2.25 2803.00298400879
4.41 2.34 3532.61297391113
4.41 2.43 4412.69446985492
4.41 2.52 5467.09560170135
4.41 2.61 6722.40881659827
4.41 2.7 8208.1755222309
4.41 2.79 9957.09817164531
4.41 2.88 12005.2597896446
4.41 2.97 14392.3509407578
4.41 3.06 17161.9041387817
4.41 3.15 20361.5356978952
4.41 3.24 24043.1950253467
4.41 3.33 28263.4213557137
4.41 3.42 33083.6079267361
4.41 3.51 38570.273596721
4.41 3.6 44795.3419035216
4.41 3.69 51836.4275650875
4.41 3.78 59777.130421589
4.41 3.87 68707.3368191134
4.41 3.96 78723.5284349343
4.41 4.05 89929.0985443528
4.41 4.14 102434.675729114
4.41 4.23 116358.455027392
4.41 4.32 131826.536525354
4.41 4.41 148973.271390287
4.41 4.5 167941.615345312

4.5 -4.5 178131.83203125
4.5 -4.41 158198.587543057
4.5 -4.32 140169.185695907
4.5 -4.23 123894.630785524
4.5 -4.14 109234.886453559
4.5 -4.05 96058.5076381289
4.5 -3.96 84242.2802727565
4.5 -3.87 73670.8687337306
4.5 -3.78 64236.4710358679
4.5 -3.69 55838.4817766884
4.5 -3.6 48383.162829
4.5 -3.51 41783.3217818919
4.5 -3.42 35957.9981301392
4.5 -3.33 30832.1572120162
4.5 -3.24 26336.3918955201
4.5 -3.15 22406.6320130039
4.5 -3.06 18983.86154422
4.5 -2.97 16013.8435477724
4.5 -2.88 13446.8528409798
4.5 -2.79 11237.4164281475
4.5 -2.7 9344.06167725
4.5 -2.61 7729.07224502262
4.5 -2.52 6358.2517504633
4.5 -2.43 5200.69519674414
4.5 -2.34 4228.56814153262
4.5 -2.25 3416.89361572266
4.5 -2.16 2743.34679057543
4.5 -2.07 2188.05739326999
4.5 -1.98 1733.4198708637
4.5 -1.89 1363.91130266231
4.5 -1.8 1065.917061
4.5 -1.71 827.56422042905
4.5 -1.62 638.562715319376
4.5 -1.53 490.054245867812
4.5 -1.44 374.468932517184
4.5 -1.35 285.389718785156
4.5 -1.26 217.424522502864
4.5 -1.17 166.086135463322
4.5 -1.08 127.679871479616
4.5 -0.99 99.1989628528703
4.5 -0.9 78.22770525
4.5 -0.81 62.8523509912403
4.5 -0.72 51.579750747456
4.5 -0.63 43.2637436472322
4.5 -0.54 37.039295793744
4.5 -0.45 32.2643871914063
4.5 -0.36 28.469647082304
4.5 -0.27 25.3157376924022
4.5 -0.18 22.558486387536
4.5 -0.0899999999999999 20.0217662391802
4.5 0 17.578125
4.5 0.0899999999999999 15.1371624891803
4.5 0.18 12.641656387536
4.5 0.27 10.0714364424023
4.5 0.36 7.45500708230399
4.5 0.45 4.88891844140625
4.5 0.54 2.564885793744
4.5 0.63 0.804657397232251
4.5 0.72 0.102630747456
4.5 0.81 1.17621724124024
4.5 0.9 5.02395525000002
4.5 0.99 12.9913716028703
4.5 1.08 26.844591479616
4.5 1.17 48.8516967133222
4.5 1.26 81.8718325028639
4.5 1.35 129.452062535156
4.5 1.44 195.931972517184
4.5 1.53 286.556022117813
4.5 1.62 407.593645319376
4.5 1.71 566.46709917905
4.5 1.8 771.887061
4.5 1.89 1033.99597391231
4.5 1.98 1364.5191408637
4.5 2.07 1776.92356701999
4.5 2.16 2286.58455057543
4.5 2.25 2910.96002197266
4.5 2.34 3669.77263153262
4.5 2.43 4585.19958549414
4.5 2.52 5682.07023046329
4.5 2.61 6988.07138627262
4.5 2.7 8533.96042725
4.5 2.79 10353.7861118975
4.5 2.88 12485.1171609798
4.5 2.97 14969.2785840224
4.5 3.06 17851.59575422
4.5 3.15 21181.6462317539
4.5 3.24 25013.5193355201
4.5 3.33 29406.0834632662
4.5 3.42 34423.2611601392
4.5 3.51 40134.3119356419
4.5 3.6 46614.122829
4.5 3.69 53943.5067229384
4.5 3.78 62209.5084058678
4.5 3.87 71505.7183824805
4.5 3.96 81932.5944327567
4.5 4.05 93597.790919379
4.5 4.14 106616.49584356
4.5 4.23 121111.775649274
4.5 4.32 137214.927775907
4.5 4.41 155065.840959307
4.5 4.5 174813.36328125

