-10 -10 2594
-10 -9.8 2550.6
-10 -9.6 2507.6
-10 -9.4 2465
-10 -9.2 2422.8
-10 -9 2381
-10 -8.8 2339.6
-10 -8.6 2298.6
-10 -8.4 2258
-10 -8.2 2217.8
-10 -8 2178
-10 -7.8 2138.6
-10 -7.6 2099.6
-10 -7.4 2061
-10 -7.2 2022.8
-10 -7 1985
-10 -6.8 1947.6
-10 -6.6 1910.6
-10 -6.4 1874
-10 -6.2 1837.8
-10 -6 1802
-10 -5.8 1766.6
-10 -5.6 1731.6
-10 -5.4 1697
-10 -5.2 1662.8
-10 -5 1629
-10 -4.8 1595.6
-10 -4.6 1562.6
-10 -4.4 1530
-10 -4.2 1497.8
-10 -4 1466
-10 -3.8 1434.6
-10 -3.6 1403.6
-10 -3.4 1373
-10 -3.2 1342.8
-10 -3 1313
-10 -2.8 1283.6
-10 -2.6 1254.6
-10 -2.4 1226
-10 -2.2 1197.8
-10 -2 1170
-10 -1.8 1142.6
-10 -1.6 1115.6
-10 -1.4 1089
-10 -1.2 1062.8
-10 -1 1037
-10 -0.800000000000001 1011.6
-10 -0.6 986.6
-10 -0.4 962
-10 -0.199999999999999 937.8
-10 0 914
-10 0.199999999999999 890.6
-10 0.4 867.6
-10 0.6 845
-10 0.800000000000001 822.8
-10 1 801
-10 1.2 779.6
-10 1.4 758.6
-10 1.6 738
-10 1.8 717.8
-10 2 698
-10 2.2 678.6
-10 2.4 659.6
-10 2.6 641
-10 2.8 622.8
-10 3 605
-10 3.2 587.6
-10 3.4 570.6
-10 3.6 554
-10 3.8 537.8
-10 4 522
-10 4.2 506.6
-10 4.4 491.6
-10 4.6 477
-10 4.8 462.8
-10 5 449
-10 5.2 435.6
-10 5.4 422.6
-10 5.6 410
-10 5.8 397.8
-10 6 386
-10 6.2 374.6
-10 6.4 363.6
-10 6.6 353
-10 6.8 342.8
-10 7 333
-10 7.2 323.6
-10 7.4 314.6
-10 7.6 306
-10 7.8 297.8
-10 8 290
-10 8.2 282.6
-10 8.4 275.6
-10 8.6 269
-10 8.8 262.8
-10 9 257
-10 9.2 251.6
-10 9.4 246.6
-10 9.6 242
-10 9.8 237.8
-10 10 234

-9.8 -10 2551.4
-9.8 -9.8 2508.32
-9.8 -9.6 2465.64
-9.8 -9.4 2423.36
-9.8 -9.2 2381.48
-9.8 -9 2340
-9.8 -8.8 2298.92
-9.8 -8.6 2258.24
-9.8 -8.4 2217.96
-9.8 -8.2 2178.08
-9.8 -8 2138.6
-9.8 -7.8 2099.52
-9.8 -7.6 2060.84
-9.8 -7.4 2022.56
-9.8 -7.2 1984.68
-9.8 -7 1947.2
-9.8 -6.8 1910.12
-9.8 -6.6 1873.44
-9.8 -6.4 1837.16
-9.8 -6.2 1801.28
-9.8 -6 1765.8
-9.8 -5.8 1730.72
-9.8 -5.6 1696.04
-9.8 -5.4 1661.76
-9.8 -5.2 1627.88
-9.8 -5 1594.4
-9.8 -4.8 1561.32
-9.8 -4.6 1528.64
-9.8 -4.4 1496.36
-9.8 -4.2 1464.48
-9.8 -4 1433
-9.8 -3.8 1401.92
-9.8 -3.6 1371.24
-9.8 -3.4 1340.96
-9.8 -3.2 1311.08
-9.8 -3 1281.6
-9.8 -2.8 1252.52
-9.8 -2.6 1223.84
-9.8 -2.4 1195.56
-9.8 -2.2 1167.68
-9.8 -2 1140.2
-9.8 -1.8 1113.12
-9.8 -1.6 1086.44
-9.8 -1.4 1060.16
-9.8 -1.2 1034.28
-9.8 -1 1008.8
-9.8 -0.800000000000001 983.72
-9.8 -0.6 959.04
-9.8 -0.4 934.76
-9.8 -0.199999999999999 910.88
-9.8 0 887.4
-9.8 0.199999999999999 864.32
-9.8 0.4 841.64
-9.8 0.6 819.36
-9.8 0.800000000000001 797.48
-9.8 1 776
-9.8 1.2 754.92
-9.8 1.4 734.24
-9.8 1.6 713.96
-9.8 1.8 694.08
-9.8 2 674.6
-9.8 2.2 655.52
-9.8 2.4 636.84
-9.8 2.6 618.56
-9.8 2.8 600.68
-9.8 3 583.2
-9.8 3.2 566.12
-9.8 3.4 549.44
-9.8 3.6 533.16
-9.8 3.8 517.28
-9.8 4 501.8
-9.8 4.2 486.72
-9.8 4.4 472.04
-9.8 4.6 457.76
-9.8 4.8 443.88
-9.8 5 430.4
-9.8 5.2 417.32
-9.8 5.4 404.64
-9.8 5.6 392.36
-9.8 5.8 380.48
-9.8 6 369
-9.8 6.2 357.92
-9.8 6.4 347.24
-9.8 6.6 336.96
-9.8 6.8 327.08
-9.8 7 317.6
-9.8 7.2 308.52
-9.8 7.4 299.84
-9.8 7.6 291.56
-9.8 7.8 283.68
-9.8 8 276.2
-9.8 8.2 269.12
-9.8 8.4 262.44
-9.8 8.6 256.16
-9.8 8.8 250.28
-9.8 9 244.8
-9.8 9.2 239.72
-9.8 9.4 235.04
-9.8 9.6 230.76
-9.8 9.8 226.88
-9.8 10 223.4

-9.6 -10 2509.2
-9.6 -9.8 2466.44
-9.6 -9.6 2424.08
-9.6 -9.4 2382.12
-9.6 -9.2 2340.56
-9.6 -9 2299.4
-9.6 -8.8 2258.64
-9.6 -8.6 2218.28
-9.6 -8.4 2178.32
-9.6 -8.2 2138.76
-9.6 -8 2099.6
-9.6 -7.8 2060.84
-9.6 -7.6 2022.48
-9.6 -7.4 1984.52
-9.6 -7.2 1946.96
-9.6 -7 1909.8
-9.6 -6.8 1873.04
-9.6 -6.6 1836.68
-9.6 -6.4 1800.72
-9.6 -6.2 1765.16
-9.6 -6 1730
-9.6 -5.8 1695.24
-9.6 -5.6 1660.88
-9.6 -5.4 1626.92
-9.6 -5.2 1593.36
-9.6 -5 1560.2
-9.6 -4.8 1527.44
-9.6 -4.6 1495.08
-9.6 -4.4 1463.12
-9.6 -4.2 1431.56
-9.6 -4 1400.4
-9.6 -3.8 1369.64
-9.6 -3.6 1339.28
-9.6 -3.4 1309.32
-9.6 -3.2 1279.76
-9.6 -3 1250.6
-9.6 -2.8 1221.84
-9.6 -2.6 1193.48
-9.6 -2.4 1165.52
-9.6 -2.2 1137.96
-9.6 -2 1110.8
-9.6 -1.8 1084.04
-9.6 -1.6 1057.68
-9.6 -1.4 1031.72
-9.6 -1.2 1006.16
-9.6 -1 981
-9.6 -0.800000000000001 956.24
-9.6 -0.6 931.88
-9.6 -0.4 907.92
-9.6 -0.199999999999999 884.36
-9.6 0 861.2
-9.6 0.199999999999999 838.44
-9.6 0.4 816.08
-9.6 0.6 794.12
-9.6 0.800000000000001 772.56
-9.6 1 751.4
-9.6 1.2 730.64
-9.6 1.4 710.28
-9.6 1.6 690.32
-9.6 1.8 670.76
-9.6 2 651.6
-9.6 2.2 632.84
-9.6 2.4 614.48
-9.6 2.6 596.52
-9.6 2.8 578.96
-9.6 3 561.8
-9.6 3.2 545.04
-9.6 3.4 528.68
-9.6 3.6 512.72
-9.6 3.8 497.16
-9.6 4 482
-9.6 4.2 467.24
-9.6 4.4 452.88
-9.6 4.6 438.92
-9.6 4.8 425.36
-9.6 5 412.2
-9.6 5.2 399.44
-9.6 5.4 387.08
-9.6 5.6 375.12
-9.6 5.8 363.56
-9.6 6 352.4
-9.6 6.2 341.64
-9.6 6.4 331.28
-9.6 6.6 321.32
-9.6 6.8 311.76
-9.6 7 302.6
-9.6 7.2 293.84
-9.6 7.4 285.48
-9.6 7.6 277.52
-9.6 7.8 269.96
-9.6 8 262.8
-9.6 8.2 256.04
-9.6 8.4 249.68
-9.6 8.6 243.72
-9.6 8.8 238.16
-9.6 9 233
-9.6 9.2 228.24
-9.6 9.4 223.88
-9.6 9.6 219.92
-9.6 9.8 216.36
-9.6 10 213.2

-9.4 -10 2467.4
-9.4 -9.8 2424.96
-9.4 -9.6 2382.92
-9.4 -9.4 2341.28
-9.4 -9.2 2300.04
-9.4 -9 2259.2
-9.4 -8.8 2218.76
-9.4 -8.6 2178.72
-9.4 -8.4 2139.08
-9.4 -8.2 2099.84
-9.4 -8 2061
-9.4 -7.8 2022.56
-9.4 -7.6 1984.52
-9.4 -7.4 1946.88
-9.4 -7.2 1909.64
-9.4 -7 1872.8
-9.4 -6.8 1836.36
-9.4 -6.6 1800.32
-9.4 -6.4 1764.68
-9.4 -6.2 1729.44
-9.4 -6 1694.6
-9.4 -5.8 1660.16
-9.4 -5.6 1626.12
-9.4 -5.4 1592.48
-9.4 -5.2 1559.24
-9.4 -5 1526.4
-9.4 -4.8 1493.96
-9.4 -4.6 1461.92
-9.4 -4.4 1430.28
-9.4 -4.2 1399.04
-9.4 -4 1368.2
-9.4 -3.8 1337.76
-9.4 -3.6 1307.72
-9.4 -3.4 1278.08
-9.4 -3.2 1248.84
-9.4 -3 1220
-9.4 -2.8 1191.56
-9.4 -2.6 1163.52
-9.4 -2.4 1135.88
-9.4 -2.2 1108.64
-9.4 -2 1081.8
-9.4 -1.8 1055.36
-9.4 -1.6 1029.32
-9.4 -1.4 1003.68
-9.4 -1.2 978.44
-9.4 -1 953.6
-9.4 -0.800000000000001 929.16
-9.4 -0.6 905.12
-9.4 -0.4 881.48
-9.4 -0.199999999999999 858.24
-9.4 0 835.4
-9.4 0.199999999999999 812.96
-9.4 0.4 790.92
-9.4 0.6 769.28
-9.4 0.800000000000001 748.04
-9.4 1 727.2
-9.4 1.2 706.76
-9.4 1.4 686.72
-9.4 1.6 667.08
-9.4 1.8 647.84
-9.4 2 629
-9.4 2.2 610.56
-9.4 2.4 592.52
-9.4 2.6 574.88
-9.4 2.8 557.64
-9.4 3 540.8
-9.4 3.2 524.36
-9.4 3.4 508.32
-9.4 3.6 492.68
-9.4 3.8 477.44
-9.4 4 462.6
-9.4 4.2 448.16
-9.4 4.4 434.12
-9.4 4.6 420.48
-9.4 4.8 407.24
-9.4 5 394.4
-9.4 5.2 381.96
-9.4 5.4 369.92
-9.4 5.6 358.28
-9.4 5.8 347.04
-9.4 6 336.2
-9.4 6.2 325.76
-9.4 6.4 315.72
-9.4 6.6 306.08
-9.4 6.8 296.84
-9.4 7 288
-9.4 7.2 279.56
-9.4 7.4 271.52
-9.4 7.6 263.88
-9.4 7.8 256.64
-9.4 8 249.8
-9.4 8.2 243.36
-9.4 8.4 237.32
-9.4 8.6 231.68
-9.4 8.8 226.44
-9.4 9 221.6
-9.4 9.2 217.16
-9.4 9.4 213.12
-9.4 9.6 209.48
-9.4 9.8 206.24
-9.4 10 203.4

-9.2 -10 2426
-9.2 -9.8 2383.88
-9.2 -9.6 2342.16
-9.2 -9.4 2300.84
-9.2 -9.2 2259.92
-9.2 -9 2219.4
-9.2 -8.8 2179.28
-9.2 -8.6 2139.56
-9.2 -8.4 2100.24
-9.2 -8.2 2061.32
-9.2 -8 2022.8
-9.2 -7.8 1984.68
-9.2 -7.6 1946.96
-9.2 -7.4 1909.64
-9.2 -7.2 1872.72
-9.2 -7 1836.2
-9.2 -6.8 1800.08
-9.2 -6.6 1764.36
-9.2 -6.4 1729.04
-9.2 -6.2 1694.12
-9.2 -6 1659.6
-9.2 -5.8 1625.48
-9.2 -5.6 1591.76
-9.2 -5.4 1558.44
-9.2 -5.2 1525.52
-9.2 -5 1493
-9.2 -4.8 1460.88
-9.2 -4.6 1429.16
-9.2 -4.4 1397.84
-9.2 -4.2 1366.92
-9.2 -4 1336.4
-9.2 -3.8 1306.28
-9.2 -3.6 1276.56
-9.2 -3.4 1247.24
-9.2 -3.2 1218.32
-9.2 -3 1189.8
-9.2 -2.8 1161.68
-9.2 -2.6 1133.96
-9.2 -2.4 1106.64
-9.2 -2.2 1079.72
-9.2 -2 1053.2
-9.2 -1.8 1027.08
-9.2 -1.6 1001.36
-9.2 -1.4 976.04
-9.2 -1.2 951.12
-9.2 -1 926.6
-9.2 -0.800000000000001 902.48
-9.2 -0.6 878.76
-9.2 -0.4 855.44
-9.2 -0.199999999999999 832.52
-9.2 0 810
-9.2 0.199999999999999 787.88
-9.2 0.4 766.16
-9.2 0.6 744.84
-9.2 0.800000000000001 723.92
-9.2 1 703.4
-9.2 1.2 683.28
-9.2 1.4 663.56
-9.2 1.6 644.24
-9.2 1.8 625.32
-9.2 2 606.8
-9.2 2.2 588.68
-9.2 2.4 570.96
-9.2 2.6 553.64
-9.2 2.8 536.72
-9.2 3 520.2
-9.2 3.2 504.08
-9.2 3.4 488.36
-9.2 3.6 473.04
-9.2 3.8 458.12
-9.2 4 443.6
-9.2 4.2 429.48
-9.2 4.4 415.76
-9.2 4.6 402.44
-9.2 4.8 389.52
-9.2 5 377
-9.2 5.2 364.88
-9.2 5.4 353.16
-9.2 5.6 341.84
-9.2 5.8 330.92
-9.2 6 320.4
-9.2 6.2 310.28
-9.2 6.4 300.56
-9.2 6.6 291.24
-9.2 6.8 282.32
-9.2 7 273.8
-9.2 7.2 265.68
-9.2 7.4 257.96
-9.2 7.6 250.64
-9.2 7.8 243.72
-9.2 8 237.2
-9.2 8.2 231.08
-9.2 8.4 225.36
-9.2 8.6 220.04
-9.2 8.8 215.12
-9.2 9 210.6
-9.2 9.2 206.48
-9.2 9.4 202.76
-9.2 9.6 199.44
-9.2 9.8 196.52
-9.2 10 194

-9 -10 2385
-9 -9.8 2343.2
-9 -9.6 2301.8
-9 -9.4 2260.8
-9 -9.2 2220.2
-9 -9 2180
-9 -8.8 2140.2
-9 -8.6 2100.8
-9 -8.4 2061.8
-9 -8.2 2023.2
-9 -8 1985
-9 -7.8 1947.2
-9 -7.6 1909.8
-9 -7.4 1872.8
-9 -7.2 1836.2
-9 -7 1800
-9 -6.8 1764.2
-9 -6.6 1728.8
-9 -6.4 1693.8
-9 -6.2 1659.2
-9 -6 1625
-9 -5.8 1591.2
-9 -5.6 1557.8
-9 -5.4 1524.8
-9 -5.2 1492.2
-9 -5 1460
-9 -4.8 1428.2
-9 -4.6 1396.8
-9 -4.4 1365.8
-9 -4.2 1335.2
-9 -4 1305
-9 -3.8 1275.2
-9 -3.6 1245.8
-9 -3.4 1216.8
-9 -3.2 1188.2
-9 -3 1160
-9 -2.8 1132.2
-9 -2.6 1104.8
-9 -2.4 1077.8
-9 -2.2 1051.2
-9 -2 1025
-9 -1.8 999.2
-9 -1.6 973.8
-9 -1.4 948.8
-9 -1.2 924.2
-9 -1 900
-9 -0.800000000000001 876.2
-9 -0.6 852.8
-9 -0.4 829.8
-9 -0.199999999999999 807.2
-9 0 785
-9 0.199999999999999 763.2
-9 0.4 741.8
-9 0.6 720.8
-9 0.800000000000001 700.2
-9 1 680
-9 1.2 660.2
-9 1.4 640.8
-9 1.6 621.8
-9 1.8 603.2
-9 2 585
-9 2.2 567.2
-9 2.4 549.8
-9 2.6 532.8
-9 2.8 516.2
-9 3 500
-9 3.2 484.2
-9 3.4 468.8
-9 3.6 453.8
-9 3.8 439.2
-9 4 425
-9 4.2 411.2
-9 4.4 397.8
-9 4.6 384.8
-9 4.8 372.2
-9 5 360
-9 5.2 348.2
-9 5.4 336.8
-9 5.6 325.8
-9 5.8 315.2
-9 6 305
-9 6.2 295.2
-9 6.4 285.8
-9 6.6 276.8
-9 6.8 268.2
-9 7 260
-9 7.2 252.2
-9 7.4 244.8
-9 7.6 237.8
-9 7.8 231.2
-9 8 225
-9 8.2 219.2
-9 8.4 213.8
-9 8.6 208.8
-9 8.8 204.2
-9 9 200
-9 9.2 196.2
-9 9.4 192.8
-9 9.6 189.8
-9 9.8 187.2
-9 10 185

-8.8 -10 2344.4
-8.8 -9.8 2302.92
-8.8 -9.6 2261.84
-8.8 -9.4 2221.16
-8.8 -9.2 2180.88
-8.8 -9 2141
-8.8 -8.8 2101.52
-8.8 -8.6 2062.44
-8.8 -8.4 2023.76
-8.8 -8.2 1985.48
-8.8 -8 1947.6
-8.8 -7.8 1910.12
-8.8 -7.6 1873.04
-8.8 -7.4 1836.36
-8.8 -7.2 1800.08
-8.8 -7 1764.2
-8.8 -6.8 1728.72
-8.8 -6.6 1693.64
-8.8 -6.4 1658.96
-8.8 -6.2 1624.68
-8.8 -6 1590.8
-8.8 -5.8 1557.32
-8.8 -5.6 1524.24
-8.8 -5.4 1491.56
-8.8 -5.2 1459.28
-8.8 -5 1427.4
-8.8 -4.8 1395.92
-8.8 -4.6 1364.84
-8.8 -4.4 1334.16
-8.8 -4.2 1303.88
-8.8 -4 1274
-8.8 -3.8 1244.52
-8.8 -3.6 1215.44
-8.8 -3.4 1186.76
-8.8 -3.2 1158.48
-8.8 -3 1130.6
-8.8 -2.8 1103.12
-8.8 -2.6 1076.04
-8.8 -2.4 1049.36
-8.8 -2.2 1023.08
-8.8 -2 997.2
-8.8 -1.8 971.72
-8.8 -1.6 946.64
-8.8 -1.4 921.96
-8.8 -1.2 897.68
-8.8 -1 873.8
-8.8 -0.800000000000001 850.32
-8.8 -0.6 827.24
-8.8 -0.4 804.56
-8.8 -0.199999999999999 782.28
-8.8 0 760.4
-8.8 0.199999999999999 738.92
-8.8 0.4 717.84
-8.8 0.6 697.16
-8.8 0.800000000000001 676.88
-8.8 1 657
-8.8 1.2 637.52
-8.8 1.4 618.44
-8.8 1.6 599.76
-8.8 1.8 581.48
-8.8 2 563.6
-8.8 2.2 546.12
-8.8 2.4 529.04
-8.8 2.6 512.36
-8.8 2.8 496.08
-8.8 3 480.2
-8.8 3.2 464.72
-8.8 3.4 449.64
-8.8 3.6 434.96
-8.8 3.8 420.68
-8.8 4 406.8
-8.8 4.2 393.32
-8.8 4.4 380.24
-8.8 4.6 367.56
-8.8 4.8 355.28
-8.8 5 343.4
-8.8 5.2 331.92
-8.8 5.4 320.84
-8.8 5.6 310.16
-8.8 5.8 299.88
-8.8 6 290
-8.8 6.2 280.52
-8.8 6.4 271.44
-8.8 6.6 262.76
-8.8 6.8 254.48
-8.8 7 246.6
-8.8 7.2 239.12
-8.8 7.4 232.04
-8.8 7.6 225.36
-8.8 7.8 219.08
-8.8 8 213.2
-8.8 8.2 207.72
-8.8 8.4 202.64
-8.8 8.6 197.96
-8.8 8.8 193.68
-8.8 9 189.8
-8.8 9.2 186.32
-8.8 9.4 183.24
-8.8 9.6 180.56
-8.8 9.8 178.28
-8.8 10 176.4

-8.6 -10 2304.2
-8.6 -9.8 2263.04
-8.6 -9.6 2222.28
-8.6 -9.4 2181.92
-8.6 -9.2 2141.96
-8.6 -9 2102.4
-8.6 -8.8 2063.24
-8.6 -8.6 2024.48
-8.6 -8.4 1986.12
-8.6 -8.2 1948.16
-8.6 -8 1910.6
-8.6 -7.8 1873.44
-8.6 -7.6 1836.68
-8.6 -7.4 1800.32
-8.6 -7.2 1764.36
-8.6 -7 1728.8
-8.6 -6.8 1693.64
-8.6 -6.6 1658.88
-8.6 -6.4 1624.52
-8.6 -6.2 1590.56
-8.6 -6 1557
-8.6 -5.8 1523.84
-8.6 -5.6 1491.08
-8.6 -5.4 1458.72
-8.6 -5.2 1426.76
-8.6 -5 1395.2
-8.6 -4.8 1364.04
-8.6 -4.6 1333.28
-8.6 -4.4 1302.92
-8.6 -4.2 1272.96
-8.6 -4 1243.4
-8.6 -3.8 1214.24
-8.6 -3.6 1185.48
-8.6 -3.4 1157.12
-8.6 -3.2 1129.16
-8.6 -3 1101.6
-8.6 -2.8 1074.44
-8.6 -2.6 1047.68
-8.6 -2.4 1021.32
-8.6 -2.2 995.36
-8.6 -2 969.8
-8.6 -1.8 944.64
-8.6 -1.6 919.88
-8.6 -1.4 895.52
-8.6 -1.2 871.56
-8.6 -1 848
-8.6 -0.800000000000001 824.84
-8.6 -0.6 802.08
-8.6 -0.4 779.72
-8.6 -0.199999999999999 757.76
-8.6 0 736.2
-8.6 0.199999999999999 715.04
-8.6 0.4 694.28
-8.6 0.6 673.92
-8.6 0.800000000000001 653.96
-8.6 1 634.4
-8.6 1.2 615.24
-8.6 1.4 596.48
-8.6 1.6 578.12
-8.6 1.8 560.16
-8.6 2 542.6
-8.6 2.2 525.44
-8.6 2.4 508.68
-8.6 2.6 492.32
-8.6 2.8 476.36
-8.6 3 460.8
-8.6 3.2 445.64
-8.6 3.4 430.88
-8.6 3.6 416.52
-8.6 3.8 402.56
-8.6 4 389
-8.6 4.2 375.84
-8.6 4.4 363.08
-8.6 4.6 350.72
-8.6 4.8 338.76
-8.6 5 327.2
-8.6 5.2 316.04
-8.6 5.4 305.28
-8.6 5.6 294.92
-8.6 5.8 284.96
-8.6 6 275.4
-8.6 6.2 266.24
-8.6 6.4 257.48
-8.6 6.6 249.12
-8.6 6.8 241.16
-8.6 7 233.6
-8.6 7.2 226.44
-8.6 7.4 219.68
-8.6 7.6 213.32
-8.6 7.8 207.36
-8.6 8 201.8
-8.6 8.2 196.64
-8.6 8.4 191.88
-8.6 8.6 187.52
-8.6 8.8 183.56
-8.6 9 180
-8.6 9.2 176.84
-8.6 9.4 174.08
-8.6 9.6 171.72
-8.6 9.8 169.76
-8.6 10 168.2

-8.4 -10 2264.4
-8.4 -9.8 2223.56
-8.4 -9.6 2183.12
-8.4 -9.4 2143.08
-8.4 -9.2 2103.44
-8.4 -9 2064.2
-8.4 -8.8 2025.36
-8.4 -8.6 1986.92
-8.4 -8.4 1948.88
-8.4 -8.2 1911.24
-8.4 -8 1874
-8.4 -7.8 1837.16
-8.4 -7.6 1800.72
-8.4 -7.4 1764.68
-8.4 -7.2 1729.04
-8.4 -7 1693.8
-8.4 -6.8 1658.96
-8.4 -6.6 1624.52
-8.4 -6.4 1590.48
-8.4 -6.2 1556.84
-8.4 -6 1523.6
-8.4 -5.8 1490.76
-8.4 -5.6 1458.32
-8.4 -5.4 1426.28
-8.4 -5.2 1394.64
-8.4 -5 1363.4
-8.4 -4.8 1332.56
-8.4 -4.6 1302.12
-8.4 -4.4 1272.08
-8.4 -4.2 1242.44
-8.4 -4 1213.2
-8.4 -3.8 1184.36
-8.4 -3.6 1155.92
-8.4 -3.4 1127.88
-8.4 -3.2 1100.24
-8.4 -3 1073
-8.4 -2.8 1046.16
-8.4 -2.6 1019.72
-8.4 -2.4 993.68
-8.4 -2.2 968.04
-8.4 -2 942.8
-8.4 -1.8 917.96
-8.4 -1.6 893.52
-8.4 -1.4 869.48
-8.4 -1.2 845.84
-8.4 -1 822.6
-8.4 -0.800000000000001 799.76
-8.4 -0.6 777.32
-8.4 -0.4 755.28
-8.4 -0.199999999999999 733.64
-8.4 0 712.4
-8.4 0.199999999999999 691.56
-8.4 0.4 671.12
-8.4 0.6 651.08
-8.4 0.800000000000001 631.44
-8.4 1 612.2
-8.4 1.2 593.36
-8.4 1.4 574.92
-8.4 1.6 556.88
-8.4 1.8 539.24
-8.4 2 522
-8.4 2.2 505.16
-8.4 2.4 488.72
-8.4 2.6 472.68
-8.4 2.8 457.04
-8.4 3 441.8
-8.4 3.2 426.96
-8.4 3.4 412.52
-8.4 3.6 398.48
-8.4 3.8 384.84
-8.4 4 371.6
-8.4 4.2 358.76
-8.4 4.4 346.32
-8.4 4.6 334.28
-8.4 4.8 322.64
-8.4 5 311.4
-8.4 5.2 300.56
-8.4 5.4 290.12
-8.4 5.6 280.08
-8.4 5.8 270.44
-8.4 6 261.2
-8.4 6.2 252.36
-8.4 6.4 243.92
-8.4 6.6 235.88
-8.4 6.8 228.24
-8.4 7 221
-8.4 7.2 214.16
-8.4 7.4 207.72
-8.4 7.6 201.68
-8.4 7.8 196.04
-8.4 8 190.8
-8.4 8.2 185.96
-8.4 8.4 181.52
-8.4 8.6 177.48
-8.4 8.8 173.84
-8.4 9 170.6
-8.4 9.2 167.76
-8.4 9.4 165.32
-8.4 9.6 163.28
-8.4 9.8 161.64
-8.4 10 160.4

-8.2 -10 2225
-8.2 -9.8 2184.48
-8.2 -9.6 2144.36
-8.2 -9.4 2104.64
-8.2 -9.2 2065.32
-8.2 -9 2026.4
-8.2 -8.8 1987.88
-8.2 -8.6 1949.76
-8.2 -8.4 1912.04
-8.2 -8.2 1874.72
-8.2 -8 1837.8
-8.2 -7.8 1801.28
-8.2 -7.6 1765.16
-8.2 -7.4 1729.44
-8.2 -7.2 1694.12
-8.2 -7 1659.2
-8.2 -6.8 1624.68
-8.2 -6.6 1590.56
-8.2 -6.4 1556.84
-8.2 -6.2 1523.52
-8.2 -6 1490.6
-8.2 -5.8 1458.08
-8.2 -5.6 1425.96
-8.2 -5.4 1394.24
-8.2 -5.2 1362.92
-8.2 -5 1332
-8.2 -4.8 1301.48
-8.2 -4.6 1271.36
-8.2 -4.4 1241.64
-8.2 -4.2 1212.32
-8.2 -4 1183.4
-8.2 -3.8 1154.88
-8.2 -3.6 1126.76
-8.2 -3.4 1099.04
-8.2 -3.2 1071.72
-8.2 -3 1044.8
-8.2 -2.8 1018.28
-8.2 -2.6 992.16
-8.2 -2.4 966.44
-8.2 -2.2 941.12
-8.2 -2 916.2
-8.2 -1.8 891.68
-8.2 -1.6 867.56
-8.2 -1.4 843.84
-8.2 -1.2 820.52
-8.2 -1 797.6
-8.2 -0.800000000000001 775.08
-8.2 -0.6 752.96
-8.2 -0.4 731.24
-8.2 -0.199999999999999 709.92
-8.2 0 689
-8.2 0.199999999999999 668.48
-8.2 0.4 648.36
-8.2 0.6 628.64
-8.2 0.800000000000001 609.32
-8.2 1 590.4
-8.2 1.2 571.88
-8.2 1.4 553.76
-8.2 1.6 536.04
-8.2 1.8 518.72
-8.2 2 501.8
-8.2 2.2 485.28
-8.2 2.4 469.16
-8.2 2.6 453.44
-8.2 2.8 438.12
-8.2 3 423.2
-8.2 3.2 408.68
-8.2 3.4 394.56
-8.2 3.6 380.84
-8.2 3.8 367.52
-8.2 4 354.6
-8.2 4.2 342.08
-8.2 4.4 329.96
-8.2 4.6 318.24
-8.2 4.8 306.92
-8.2 5 296
-8.2 5.2 285.48
-8.2 5.4 275.36
-8.2 5.6 265.64
-8.2 5.8 256.32
-8.2 6 247.4
-8.2 6.2 238.88
-8.2 6.4 230.76
-8.2 6.6 223.04
-8.2 6.8 215.72
-8.2 7 208.8
-8.2 7.2 202.28
-8.2 7.4 196.16
-8.2 7.6 190.44
-8.2 7.8 185.12
-8.2 8 180.2
-8.2 8.2 175.68
-8.2 8.4 171.56
-8.2 8.6 167.84
-8.2 8.8 164.52
-8.2 9 161.6
-8.2 9.2 159.08
-8.2 9.4 156.96
-8.2 9.6 155.24
-8.2 9.8 153.92
-8.2 10 153

-8 -10 2186
-8 -9.8 2145.8
-8 -9.6 2106
-8 -9.4 2066.6
-8 -9.2 2027.6
-8 -9 1989
-8 -8.8 1950.8
-8 -8.6 1913
-8 -8.4 1875.6
-8 -8.2 1838.6
-8 -8 1802
-8 -7.8 1765.8
-8 -7.6 1730
-8 -7.4 1694.6
-8 -7.2 1659.6
-8 -7 1625
-8 -6.8 1590.8
-8 -6.6 1557
-8 -6.4 1523.6
-8 -6.2 1490.6
-8 -6 1458
-8 -5.8 1425.8
-8 -5.6 1394
-8 -5.4 1362.6
-8 -5.2 1331.6
-8 -5 1301
-8 -4.8 1270.8
-8 -4.6 1241
-8 -4.4 1211.6
-8 -4.2 1182.6
-8 -4 1154
-8 -3.8 1125.8
-8 -3.6 1098
-8 -3.4 1070.6
-8 -3.2 1043.6
-8 -3 1017
-8 -2.8 990.8
-8 -2.6 965
-8 -2.4 939.6
-8 -2.2 914.6
-8 -2 890
-8 -1.8 865.8
-8 -1.6 842
-8 -1.4 818.6
-8 -1.2 795.6
-8 -1 773
-8 -0.800000000000001 750.8
-8 -0.6 729
-8 -0.4 707.6
-8 -0.199999999999999 686.6
-8 0 666
-8 0.199999999999999 645.8
-8 0.4 626
-8 0.6 606.6
-8 0.800000000000001 587.6
-8 1 569
-8 1.2 550.8
-8 1.4 533
-8 1.6 515.6
-8 1.8 498.6
-8 2 482
-8 2.2 465.8
-8 2.4 450
-8 2.6 434.6
-8 2.8 419.6
-8 3 405
-8 3.2 390.8
-8 3.4 377
-8 3.6 363.6
-8 3.8 350.6
-8 4 338
-8 4.2 325.8
-8 4.4 314
-8 4.6 302.6
-8 4.8 291.6
-8 5 281
-8 5.2 270.8
-8 5.4 261
-8 5.6 251.6
-8 5.8 242.6
-8 6 234
-8 6.2 225.8
-8 6.4 218
-8 6.6 210.6
-8 6.8 203.6
-8 7 197
-8 7.2 190.8
-8 7.4 185
-8 7.6 179.6
-8 7.8 174.6
-8 8 170
-8 8.2 165.8
-8 8.4 162
-8 8.6 158.6
-8 8.8 155.6
-8 9 153
-8 9.2 150.8
-8 9.4 149
-8 9.6 147.6
-8 9.8 146.6
-8 10 146

-7.8 -10 2147.4
-7.8 -9.8 2107.52
-7.8 -9.6 2068.04
-7.8 -9.4 2028.96
-7.8 -9.2 1990.28
-7.8 -9 1952
-7.8 -8.8 1914.12
-7.8 -8.6 1876.64
-7.8 -8.4 1839.56
-7.8 -8.2 1802.88
-7.8 -8 1766.6
-7.8 -7.8 1730.72
-7.8 -7.6 1695.24
-7.8 -7.4 1660.16
-7.8 -7.2 1625.48
-7.8 -7 1591.2
-7.8 -6.8 1557.32
-7.8 -6.6 1523.84
-7.8 -6.4 1490.76
-7.8 -6.2 1458.08
-7.8 -6 1425.8
-7.8 -5.8 1393.92
-7.8 -5.6 1362.44
-7.8 -5.4 1331.36
-7.8 -5.2 1300.68
-7.8 -5 1270.4
-7.8 -4.8 1240.52
-7.8 -4.6 1211.04
-7.8 -4.4 1181.96
-7.8 -4.2 1153.28
-7.8 -4 1125
-7.8 -3.8 1097.12
-7.8 -3.6 1069.64
-7.8 -3.4 1042.56
-7.8 -3.2 1015.88
-7.8 -3 989.6
-7.8 -2.8 963.72
-7.8 -2.6 938.24
-7.8 -2.4 913.16
-7.8 -2.2 888.48
-7.8 -2 864.2
-7.8 -1.8 840.32
-7.8 -1.6 816.84
-7.8 -1.4 793.76
-7.8 -1.2 771.08
-7.8 -1 748.8
-7.8 -0.800000000000001 726.92
-7.8 -0.6 705.44
-7.8 -0.4 684.36
-7.8 -0.199999999999999 663.68
-7.8 0 643.4
-7.8 0.199999999999999 623.52
-7.8 0.4 604.04
-7.8 0.6 584.96
-7.8 0.800000000000001 566.28
-7.8 1 548
-7.8 1.2 530.12
-7.8 1.4 512.64
-7.8 1.6 495.56
-7.8 1.8 478.88
-7.8 2 462.6
-7.8 2.2 446.72
-7.8 2.4 431.24
-7.8 2.6 416.16
-7.8 2.8 401.48
-7.8 3 387.2
-7.8 3.2 373.32
-7.8 3.4 359.84
-7.8 3.6 346.76
-7.8 3.8 334.08
-7.8 4 321.8
-7.8 4.2 309.92
-7.8 4.4 298.44
-7.8 4.6 287.36
-7.8 4.8 276.68
-7.8 5 266.4
-7.8 5.2 256.52
-7.8 5.4 247.04
-7.8 5.6 237.96
-7.8 5.8 229.28
-7.8 6 221
-7.8 6.2 213.12
-7.8 6.4 205.64
-7.8 6.6 198.56
-7.8 6.8 191.88
-7.8 7 185.6
-7.8 7.2 179.72
-7.8 7.4 174.24
-7.8 7.6 169.16
-7.8 7.8 164.48
-7.8 8 160.2
-7.8 8.2 156.32
-7.8 8.4 152.84
-7.8 8.6 149.76
-7.8 8.8 147.08
-7.8 9 144.8
-7.8 9.2 142.92
-7.8 9.4 141.44
-7.8 9.6 140.36
-7.8 9.8 139.68
-7.8 10 139.4

-7.6 -10 2109.2
-7.6 -9.8 2069.64
-7.6 -9.6 2030.48
-7.6 -9.4 1991.72
-7.6 -9.2 1953.36
-7.6 -9 1915.4
-7.6 -8.8 1877.84
-7.6 -8.6 1840.68
-7.6 -8.4 1803.92
-7.6 -8.2 1767.56
-7.6 -8 1731.6
-7.6 -7.8 1696.04
-7.6 -7.6 1660.88
-7.6 -7.4 1626.12
-7.6 -7.2 1591.76
-7.6 -7 1557.8
-7.6 -6.8 1524.24
-7.6 -6.6 1491.08
-7.6 -6.4 1458.32
-7.6 -6.2 1425.96
-7.6 -6 1394
-7.6 -5.8 1362.44
-7.6 -5.6 1331.28
-7.6 -5.4 1300.52
-7.6 -5.2 1270.16
-7.6 -5 1240.2
-7.6 -4.8 1210.64
-7.6 -4.6 1181.48
-7.6 -4.4 1152.72
-7.6 -4.2 1124.36
-7.6 -4 1096.4
-7.6 -3.8 1068.84
-7.6 -3.6 1041.68
-7.6 -3.4 1014.92
-7.6 -3.2 988.56
-7.6 -3 962.6
-7.6 -2.8 937.04
-7.6 -2.6 911.88
-7.6 -2.4 887.12
-7.6 -2.2 862.76
-7.6 -2 838.8
-7.6 -1.8 815.24
-7.6 -1.6 792.08
-7.6 -1.4 769.32
-7.6 -1.2 746.96
-7.6 -1 725
-7.6 -0.800000000000001 703.44
-7.6 -0.6 682.28
-7.6 -0.4 661.52
-7.6 -0.199999999999999 641.16
-7.6 0 621.2
-7.6 0.199999999999999 601.64
-7.6 0.4 582.48
-7.6 0.6 563.72
-7.6 0.800000000000001 545.36
-7.6 1 527.4
-7.6 1.2 509.84
-7.6 1.4 492.68
-7.6 1.6 475.92
-7.6 1.8 459.56
-7.6 2 443.6
-7.6 2.2 428.04
-7.6 2.4 412.88
-7.6 2.6 398.12
-7.6 2.8 383.76
-7.6 3 369.8
-7.6 3.2 356.24
-7.6 3.4 343.08
-7.6 3.6 330.32
-7.6 3.8 317.96
-7.6 4 306
-7.6 4.2 294.44
-7.6 4.4 283.28
-7.6 4.6 272.52
-7.6 4.8 262.16
-7.6 5 252.2
-7.6 5.2 242.64
-7.6 5.4 233.48
-7.6 5.6 224.72
-7.6 5.8 216.36
-7.6 6 208.4
-7.6 6.2 200.84
-7.6 6.4 193.68
-7.6 6.6 186.92
-7.6 6.8 180.56
-7.6 7 174.6
-7.6 7.2 169.04
-7.6 7.4 163.88
-7.6 7.6 159.12
-7.6 7.8 154.76
-7.6 8 150.8
-7.6 8.2 147.24
-7.6 8.4 144.08
-7.6 8.6 141.32
-7.6 8.8 138.96
-7.6 9 137
-7.6 9.2 135.44
-7.6 9.4 134.28
-7.6 9.6 133.52
-7.6 9.8 133.16
-7.6 10 133.2

-7.4 -10 2071.4
-7.4 -9.8 2032.16
-7.4 -9.6 1993.32
-7.4 -9.4 1954.88
-7.4 -9.2 1916.84
-7.4 -9 1879.2
-7.4 -8.8 1841.96
-7.4 -8.6 1805.12
-7.4 -8.4 1768.68
-7.4 -8.2 1732.64
-7.4 -8 1697
-7.4 -7.8 1661.76
-7.4 -7.6 1626.92
-7.4 -7.4 1592.48
-7.4 -7.2 1558.44
-7.4 -7 1524.8
-7.4 -6.8 1491.56
-7.4 -6.6 1458.72
-7.4 -6.4 1426.28
-7.4 -6.2 1394.24
-7.4 -6 1362.6
-7.4 -5.8 1331.36
-7.4 -5.6 1300.52
-7.4 -5.4 1270.08
-7.4 -5.2 1240.04
-7.4 -5 1210.4
-7.4 -4.8 1181.16
-7.4 -4.6 1152.32
-7.4 -4.4 1123.88
-7.4 -4.2 1095.84
-7.4 -4 1068.2
-7.4 -3.8 1040.96
-7.4 -3.6 1014.12
-7.4 -3.4 987.68
-7.4 -3.2 961.64
-7.4 -3 936
-7.4 -2.8 910.76
-7.4 -2.6 885.92
-7.4 -2.4 861.48
-7.4 -2.2 837.44
-7.4 -2 813.8
-7.4 -1.8 790.56
-7.4 -1.6 767.72
-7.4 -1.4 745.28
-7.4 -1.2 723.24
-7.4 -1 701.6
-7.4 -0.800000000000001 680.36
-7.4 -0.6 659.52
-7.4 -0.4 639.08
-7.4 -0.199999999999999 619.04
-7.4 0 599.4
-7.4 0.199999999999999 580.16
-7.4 0.4 561.32
-7.4 0.6 542.88
-7.4 0.800000000000001 524.84
-7.4 1 507.2
-7.4 1.2 489.96
-7.4 1.4 473.12
-7.4 1.6 456.68
-7.4 1.8 440.64
-7.4 2 425
-7.4 2.2 409.76
-7.4 2.4 394.92
-7.4 2.6 380.48
-7.4 2.8 366.44
-7.4 3 352.8
-7.4 3.2 339.56
-7.4 3.4 326.72
-7.4 3.6 314.28
-7.4 3.8 302.24
-7.4 4 290.6
-7.4 4.2 279.36
-7.4 4.4 268.52
-7.4 4.6 258.08
-7.4 4.8 248.04
-7.4 5 238.4
-7.4 5.2 229.16
-7.4 5.4 220.32
-7.4 5.6 211.88
-7.4 5.8 203.84
-7.4 6 196.2
-7.4 6.2 188.96
-7.4 6.4 182.12
-7.4 6.6 175.68
-7.4 6.8 169.64
-7.4 7 164
-7.4 7.2 158.76
-7.4 7.4 153.92
-7.4 7.6 149.48
-7.4 7.8 145.44
-7.4 8 141.8
-7.4 8.2 138.56
-7.4 8.4 135.72
-7.4 8.6 133.28
-7.4 8.8 131.24
-7.4 9 129.6
-7.4 9.2 128.36
-7.4 9.4 127.52
-7.4 9.6 127.08
-7.4 9.8 127.04
-7.4 10 127.4

-7.2 -10 2034
-7.2 -9.8 1995.08
-7.2 -9.6 1956.56
-7.2 -9.4 1918.44
-7.2 -9.2 1880.72
-7.2 -9 1843.4
-7.2 -8.8 1806.48
-7.2 -8.6 1769.96
-7.2 -8.4 1733.84
-7.2 -8.2 1698.12
-7.2 -8 1662.8
-7.2 -7.8 1627.88
-7.2 -7.6 1593.36
-7.2 -7.4 1559.24
-7.2 -7.2 1525.52
-7.2 -7 1492.2
-7.2 -6.8 1459.28
-7.2 -6.6 1426.76
-7.2 -6.4 1394.64
-7.2 -6.2 1362.92
-7.2 -6 1331.6
-7.2 -5.8 1300.68
-7.2 -5.6 1270.16
-7.2 -5.4 1240.04
-7.2 -5.2 1210.32
-7.2 -5 1181
-7.2 -4.8 1152.08
-7.2 -4.6 1123.56
-7.2 -4.4 1095.44
-7.2 -4.2 1067.72
-7.2 -4 1040.4
-7.2 -3.8 1013.48
-7.2 -3.6 986.96
-7.2 -3.4 960.84
-7.2 -3.2 935.12
-7.2 -3 909.8
-7.2 -2.8 884.88
-7.2 -2.6 860.36
-7.2 -2.4 836.24
-7.2 -2.2 812.52
-7.2 -2 789.2
-7.2 -1.8 766.28
-7.2 -1.6 743.76
-7.2 -1.4 721.64
-7.2 -1.2 699.92
-7.2 -1 678.6
-7.2 -0.800000000000001 657.68
-7.2 -0.6 637.16
-7.2 -0.4 617.04
-7.2 -0.199999999999999 597.32
-7.2 0 578
-7.2 0.199999999999999 559.08
-7.2 0.4 540.56
-7.2 0.6 522.44
-7.2 0.800000000000001 504.72
-7.2 1 487.4
-7.2 1.2 470.48
-7.2 1.4 453.96
-7.2 1.6 437.84
-7.2 1.8 422.12
-7.2 2 406.8
-7.2 2.2 391.88
-7.2 2.4 377.36
-7.2 2.6 363.24
-7.2 2.8 349.52
-7.2 3 336.2
-7.2 3.2 323.28
-7.2 3.4 310.76
-7.2 3.6 298.64
-7.2 3.8 286.92
-7.2 4 275.6
-7.2 4.2 264.68
-7.2 4.4 254.16
-7.2 4.6 244.04
-7.2 4.8 234.32
-7.2 5 225
-7.2 5.2 216.08
-7.2 5.4 207.56
-7.2 5.6 199.44
-7.2 5.8 191.72
-7.2 6 184.4
-7.2 6.2 177.48
-7.2 6.4 170.96
-7.2 6.6 164.84
-7.2 6.8 159.12
-7.2 7 153.8
-7.2 7.2 148.88
-7.2 7.4 144.36
-7.2 7.6 140.24
-7.2 7.8 136.52
-7.2 8 133.2
-7.2 8.2 130.28
-7.2 8.4 127.76
-7.2 8.6 125.64
-7.2 8.8 123.92
-7.2 9 122.6
-7.2 9.2 121.68
-7.2 9.4 121.16
-7.2 9.6 121.04
-7.2 9.8 121.32
-7.2 10 122

-7 -10 1997
-7 -9.8 1958.4
-7 -9.6 1920.2
-7 -9.4 1882.4
-7 -9.2 1845
-7 -9 1808
-7 -8.8 1771.4
-7 -8.6 1735.2
-7 -8.4 1699.4
-7 -8.2 1664
-7 -8 1629
-7 -7.8 1594.4
-7 -7.6 1560.2
-7 -7.4 1526.4
-7 -7.2 1493
-7 -7 1460
-7 -6.8 1427.4
-7 -6.6 1395.2
-7 -6.4 1363.4
-7 -6.2 1332
-7 -6 1301
-7 -5.8 1270.4
-7 -5.6 1240.2
-7 -5.4 1210.4
-7 -5.2 1181
-7 -5 1152
-7 -4.8 1123.4
-7 -4.6 1095.2
-7 -4.4 1067.4
-7 -4.2 1040
-7 -4 1013
-7 -3.8 986.4
-7 -3.6 960.2
-7 -3.4 934.4
-7 -3.2 909
-7 -3 884
-7 -2.8 859.4
-7 -2.6 835.2
-7 -2.4 811.4
-7 -2.2 788
-7 -2 765
-7 -1.8 742.4
-7 -1.6 720.2
-7 -1.4 698.4
-7 -1.2 677
-7 -1 656
-7 -0.800000000000001 635.4
-7 -0.6 615.2
-7 -0.4 595.4
-7 -0.199999999999999 576
-7 0 557
-7 0.199999999999999 538.4
-7 0.4 520.2
-7 0.6 502.4
-7 0.800000000000001 485
-7 1 468
-7 1.2 451.4
-7 1.4 435.2
-7 1.6 419.4
-7 1.8 404
-7 2 389
-7 2.2 374.4
-7 2.4 360.2
-7 2.6 346.4
-7 2.8 333
-7 3 320
-7 3.2 307.4
-7 3.4 295.2
-7 3.6 283.4
-7 3.8 272
-7 4 261
-7 4.2 250.4
-7 4.4 240.2
-7 4.6 230.4
-7 4.8 221
-7 5 212
-7 5.2 203.4
-7 5.4 195.2
-7 5.6 187.4
-7 5.8 180
-7 6 173
-7 6.2 166.4
-7 6.4 160.2
-7 6.6 154.4
-7 6.8 149
-7 7 144
-7 7.2 139.4
-7 7.4 135.2
-7 7.6 131.4
-7 7.8 128
-7 8 125
-7 8.2 122.4
-7 8.4 120.2
-7 8.6 118.4
-7 8.8 117
-7 9 116
-7 9.2 115.4
-7 9.4 115.2
-7 9.6 115.4
-7 9.8 116
-7 10 117

-6.8 -10 1960.4
-6.8 -9.8 1922.12
-6.8 -9.6 1884.24
-6.8 -9.4 1846.76
-6.8 -9.2 1809.68
-6.8 -9 1773
-6.8 -8.8 1736.72
-6.8 -8.6 1700.84
-6.8 -8.4 1665.36
-6.8 -8.2 1630.28
-6.8 -8 1595.6
-6.8 -7.8 1561.32
-6.8 -7.6 1527.44
-6.8 -7.4 1493.96
-6.8 -7.2 1460.88
-6.8 -7 1428.2
-6.8 -6.8 1395.92
-6.8 -6.6 1364.04
-6.8 -6.4 1332.56
-6.8 -6.2 1301.48
-6.8 -6 1270.8
-6.8 -5.8 1240.52
-6.8 -5.6 1210.64
-6.8 -5.4 1181.16
-6.8 -5.2 1152.08
-6.8 -5 1123.4
-6.8 -4.8 1095.12
-6.8 -4.6 1067.24
-6.8 -4.4 1039.76
-6.8 -4.2 1012.68
-6.8 -4 986
-6.8 -3.8 959.72
-6.8 -3.6 933.84
-6.8 -3.4 908.36
-6.8 -3.2 883.28
-6.8 -3 858.6
-6.8 -2.8 834.32
-6.8 -2.6 810.44
-6.8 -2.4 786.96
-6.8 -2.2 763.88
-6.8 -2 741.2
-6.8 -1.8 718.92
-6.8 -1.6 697.04
-6.8 -1.4 675.56
-6.8 -1.2 654.48
-6.8 -1 633.8
-6.8 -0.800000000000001 613.52
-6.8 -0.6 593.64
-6.8 -0.4 574.16
-6.8 -0.199999999999999 555.08
-6.8 0 536.4
-6.8 0.199999999999999 518.12
-6.8 0.4 500.24
-6.8 0.6 482.76
-6.8 0.800000000000001 465.68
-6.8 1 449
-6.8 1.2 432.72
-6.8 1.4 416.84
-6.8 1.6 401.36
-6.8 1.8 386.28
-6.8 2 371.6
-6.8 2.2 357.32
-6.8 2.4 343.44
-6.8 2.6 329.96
-6.8 2.8 316.88
-6.8 3 304.2
-6.8 3.2 291.92
-6.8 3.4 280.04
-6.8 3.6 268.56
-6.8 3.8 257.48
-6.8 4 246.8
-6.8 4.2 236.52
-6.8 4.4 226.64
-6.8 4.6 217.16
-6.8 4.8 208.08
-6.8 5 199.4
-6.8 5.2 191.12
-6.8 5.4 183.24
-6.8 5.6 175.76
-6.8 5.8 168.68
-6.8 6 162
-6.8 6.2 155.72
-6.8 6.4 149.84
-6.8 6.6 144.36
-6.8 6.8 139.28
-6.8 7 134.6
-6.8 7.2 130.32
-6.8 7.4 126.44
-6.8 7.6 122.96
-6.8 7.8 119.88
-6.8 8 117.2
-6.8 8.2 114.92
-6.8 8.4 113.04
-6.8 8.6 111.56
-6.8 8.8 110.48
-6.8 9 109.8
-6.8 9.2 109.52
-6.8 9.4 109.64
-6.8 9.6 110.16
-6.8 9.8 111.08
-6.8 10 112.4

-6.6 -10 1924.2
-6.6 -9.8 1886.24
-6.6 -9.6 1848.68
-6.6 -9.4 1811.52
-6.6 -9.2 1774.76
-6.6 -9 1738.4
-6.6 -8.8 1702.44
-6.6 -8.6 1666.88
-6.6 -8.4 1631.72
-6.6 -8.2 1596.96
-6.6 -8 1562.6
-6.6 -7.8 1528.64
-6.6 -7.6 1495.08
-6.6 -7.4 1461.92
-6.6 -7.2 1429.16
-6.6 -7 1396.8
-6.6 -6.8 1364.84
-6.6 -6.6 1333.28
-6.6 -6.4 1302.12
-6.6 -6.2 1271.36
-6.6 -6 1241
-6.6 -5.8 1211.04
-6.6 -5.6 1181.48
-6.6 -5.4 1152.32
-6.6 -5.2 1123.56
-6.6 -5 1095.2
-6.6 -4.8 1067.24
-6.6 -4.6 1039.68
-6.6 -4.4 1012.52
-6.6 -4.2 985.76
-6.6 -4 959.4
-6.6 -3.8 933.44
-6.6 -3.6 907.88
-6.6 -3.4 882.72
-6.6 -3.2 857.96
-6.6 -3 833.6
-6.6 -2.8 809.64
-6.6 -2.6 786.08
-6.6 -2.4 762.92
-6.6 -2.2 740.16
-6.6 -2 717.8
-6.6 -1.8 695.84
-6.6 -1.6 674.28
-6.6 -1.4 653.12
-6.6 -1.2 632.36
-6.6 -1 612
-6.6 -0.800000000000001 592.04
-6.6 -0.6 572.48
-6.6 -0.4 553.32
-6.6 -0.199999999999999 534.56
-6.6 0 516.2
-6.6 0.199999999999999 498.24
-6.6 0.4 480.68
-6.6 0.6 463.52
-6.6 0.800000000000001 446.76
-6.6 1 430.4
-6.6 1.2 414.44
-6.6 1.4 398.88
-6.6 1.6 383.72
-6.6 1.8 368.96
-6.6 2 354.6
-6.6 2.2 340.64
-6.6 2.4 327.08
-6.6 2.6 313.92
-6.6 2.8 301.16
-6.6 3 288.8
-6.6 3.2 276.84
-6.6 3.4 265.28
-6.6 3.6 254.12
-6.6 3.8 243.36
-6.6 4 233
-6.6 4.2 223.04
-6.6 4.4 213.48
-6.6 4.6 204.32
-6.6 4.8 195.56
-6.6 5 187.2
-6.6 5.2 179.24
-6.6 5.4 171.68
-6.6 5.6 164.52
-6.6 5.8 157.76
-6.6 6 151.4
-6.6 6.2 145.44
-6.6 6.4 139.88
-6.6 6.6 134.72
-6.6 6.8 129.96
-6.6 7 125.6
-6.6 7.2 121.64
-6.6 7.4 118.08
-6.6 7.6 114.92
-6.6 7.8 112.16
-6.6 8 109.8
-6.6 8.2 107.84
-6.6 8.4 106.28
-6.6 8.6 105.12
-6.6 8.8 104.36
-6.6 9 104
-6.6 9.2 104.04
-6.6 9.4 104.48
-6.6 9.6 105.32
-6.6 9.8 106.56
-6.6 10 108.2

-6.4 -10 1888.4
-6.4 -9.8 1850.76
-6.4 -9.6 1813.52
-6.4 -9.4 1776.68
-6.4 -9.2 1740.24
-6.4 -9 1704.2
-6.4 -8.8 1668.56
-6.4 -8.6 1633.32
-6.4 -8.4 1598.48
-6.4 -8.2 1564.04
-6.4 -8 1530
-6.4 -7.8 1496.36
-6.4 -7.6 1463.12
-6.4 -7.4 1430.28
-6.4 -7.2 1397.84
-6.4 -7 1365.8
-6.4 -6.8 1334.16
-6.4 -6.6 1302.92
-6.4 -6.4 1272.08
-6.4 -6.2 1241.64
-6.4 -6 1211.6
-6.4 -5.8 1181.96
-6.4 -5.6 1152.72
-6.4 -5.4 1123.88
-6.4 -5.2 1095.44
-6.4 -5 1067.4
-6.4 -4.8 1039.76
-6.4 -4.6 1012.52
-6.4 -4.4 985.68
-6.4 -4.2 959.24
-6.4 -4 933.2
-6.4 -3.8 907.56
-6.4 -3.6 882.32
-6.4 -3.4 857.48
-6.4 -3.2 833.04
-6.4 -3 809
-6.4 -2.8 785.36
-6.4 -2.6 762.12
-6.4 -2.4 739.28
-6.4 -2.2 716.84
-6.4 -2 694.8
-6.4 -1.8 673.16
-6.4 -1.6 651.92
-6.4 -1.4 631.08
-6.4 -1.2 610.64
-6.4 -1 590.6
-6.4 -0.800000000000001 570.96
-6.4 -0.6 551.72
-6.4 -0.4 532.88
-6.4 -0.199999999999999 514.44
-6.4 0 496.4
-6.4 0.199999999999999 478.76
-6.4 0.4 461.52
-6.4 0.6 444.68
-6.4 0.800000000000001 428.24
-6.4 1 412.2
-6.4 1.2 396.56
-6.4 1.4 381.32
-6.4 1.6 366.48
-6.4 1.8 352.04
-6.4 2 338
-6.4 2.2 324.36
-6.4 2.4 311.12
-6.4 2.6 298.28
-6.4 2.8 285.84
-6.4 3 273.8
-6.4 3.2 262.16
-6.4 3.4 250.92
-6.4 3.6 240.08
-6.4 3.8 229.64
-6.4 4 219.6
-6.4 4.2 209.96
-6.4 4.4 200.72
-6.4 4.6 191.88
-6.4 4.8 183.44
-6.4 5 175.4
-6.4 5.2 167.76
-6.4 5.4 160.52
-6.4 5.6 153.68
-6.4 5.8 147.24
-6.4 6 141.2
-6.4 6.2 135.56
-6.4 6.4 130.32
-6.4 6.6 125.48
-6.4 6.8 121.04
-6.4 7 117
-6.4 7.2 113.36
-6.4 7.4 110.12
-6.4 7.6 107.28
-6.4 7.8 104.84
-6.4 8 102.8
-6.4 8.2 101.16
-6.4 8.4 99.92
-6.4 8.6 99.08
-6.4 8.8 98.64
-6.4 9 98.6
-6.4 9.2 98.96
-6.4 9.4 99.72
-6.4 9.6 100.88
-6.4 9.8 102.44
-6.4 10 104.4

-6.2 -10 1853
-6.2 -9.8 1815.68
-6.2 -9.6 1778.76
-6.2 -9.4 1742.24
-6.2 -9.2 1706.12
-6.2 -9 1670.4
-6.2 -8.8 1635.08
-6.2 -8.6 1600.16
-6.2 -8.4 1565.64
-6.2 -8.2 1531.52
-6.2 -8 1497.8
-6.2 -7.8 1464.48
-6.2 -7.6 1431.56
-6.2 -7.4 1399.04
-6.2 -7.2 1366.92
-6.2 -7 1335.2
-6.2 -6.8 1303.88
-6.2 -6.6 1272.96
-6.2 -6.4 1242.44
-6.2 -6.2 1212.32
-6.2 -6 1182.6
-6.2 -5.8 1153.28
-6.2 -5.6 1124.36
-6.2 -5.4 1095.84
-6.2 -5.2 1067.72
-6.2 -5 1040
-6.2 -4.8 1012.68
-6.2 -4.6 985.76
-6.2 -4.4 959.24
-6.2 -4.2 933.12
-6.2 -4 907.4
-6.2 -3.8 882.08
-6.2 -3.6 857.16
-6.2 -3.4 832.64
-6.2 -3.2 808.52
-6.2 -3 784.8
-6.2 -2.8 761.48
-6.2 -2.6 738.56
-6.2 -2.4 716.04
-6.2 -2.2 693.92
-6.2 -2 672.2
-6.2 -1.8 650.88
-6.2 -1.6 629.96
-6.2 -1.4 609.44
-6.2 -1.2 589.32
-6.2 -1 569.6
-6.2 -0.800000000000001 550.28
-6.2 -0.6 531.36
-6.2 -0.4 512.84
-6.2 -0.199999999999999 494.72
-6.2 0 477
-6.2 0.199999999999999 459.68
-6.2 0.4 442.76
-6.2 0.6 426.24
-6.2 0.800000000000001 410.12
-6.2 1 394.4
-6.2 1.2 379.08
-6.2 1.4 364.16
-6.2 1.6 349.64
-6.2 1.8 335.52
-6.2 2 321.8
-6.2 2.2 308.48
-6.2 2.4 295.56
-6.2 2.6 283.04
-6.2 2.8 270.92
-6.2 3 259.2
-6.2 3.2 247.88
-6.2 3.4 236.96
-6.2 3.6 226.44
-6.2 3.8 216.32
-6.2 4 206.6
-6.2 4.2 197.28
-6.2 4.4 188.36
-6.2 4.6 179.84
-6.2 4.8 171.72
-6.2 5 164
-6.2 5.2 156.68
-6.2 5.4 149.76
-6.2 5.6 143.24
-6.2 5.8 137.12
-6.2 6 131.4
-6.2 6.2 126.08
-6.2 6.4 121.16
-6.2 6.6 116.64
-6.2 6.8 112.52
-6.2 7 108.8
-6.2 7.2 105.48
-6.2 7.4 102.56
-6.2 7.6 100.04
-6.2 7.8 97.92
-6.2 8 96.2
-6.2 8.2 94.88
-6.2 8.4 93.96
-6.2 8.6 93.44
-6.2 8.8 93.32
-6.2 9 93.6
-6.2 9.2 94.28
-6.2 9.4 95.36
-6.2 9.6 96.84
-6.2 9.8 98.72
-6.2 10 101

-6 -10 1818
-6 -9.8 1781
-6 -9.6 1744.4
-6 -9.4 1708.2
-6 -9.2 1672.4
-6 -9 1637
-6 -8.8 1602
-6 -8.6 1567.4
-6 -8.4 1533.2
-6 -8.2 1499.4
-6 -8 1466
-6 -7.8 1433
-6 -7.6 1400.4
-6 -7.4 1368.2
-6 -7.2 1336.4
-6 -7 1305
-6 -6.8 1274
-6 -6.6 1243.4
-6 -6.4 1213.2
-6 -6.2 1183.4
-6 -6 1154
-6 -5.8 1125
-6 -5.6 1096.4
-6 -5.4 1068.2
-6 -5.2 1040.4
-6 -5 1013
-6 -4.8 986
-6 -4.6 959.4
-6 -4.4 933.2
-6 -4.2 907.4
-6 -4 882
-6 -3.8 857
-6 -3.6 832.4
-6 -3.4 808.2
-6 -3.2 784.4
-6 -3 761
-6 -2.8 738
-6 -2.6 715.4
-6 -2.4 693.2
-6 -2.2 671.4
-6 -2 650
-6 -1.8 629
-6 -1.6 608.4
-6 -1.4 588.2
-6 -1.2 568.4
-6 -1 549
-6 -0.800000000000001 530
-6 -0.6 511.4
-6 -0.4 493.2
-6 -0.199999999999999 475.4
-6 0 458
-6 0.199999999999999 441
-6 0.4 424.4
-6 0.6 408.2
-6 0.800000000000001 392.4
-6 1 377
-6 1.2 362
-6 1.4 347.4
-6 1.6 333.2
-6 1.8 319.4
-6 2 306
-6 2.2 293
-6 2.4 280.4
-6 2.6 268.2
-6 2.8 256.4
-6 3 245
-6 3.2 234
-6 3.4 223.4
-6 3.6 213.2
-6 3.8 203.4
-6 4 194
-6 4.2 185
-6 4.4 176.4
-6 4.6 168.2
-6 4.8 160.4
-6 5 153
-6 5.2 146
-6 5.4 139.4
-6 5.6 133.2
-6 5.8 127.4
-6 6 122
-6 6.2 117
-6 6.4 112.4
-6 6.6 108.2
-6 6.8 104.4
-6 7 101
-6 7.2 98
-6 7.4 95.4
-6 7.6 93.2
-6 7.8 91.4
-6 8 90
-6 8.2 89
-6 8.4 88.4
-6 8.6 88.2
-6 8.8 88.4
-6 9 89
-6 9.2 90
-6 9.4 91.4
-6 9.6 93.2
-6 9.8 95.4
-6 10 98

-5.8 -10 1783.4
-5.8 -9.8 1746.72
-5.8 -9.6 1710.44
-5.8 -9.4 1674.56
-5.8 -9.2 1639.08
-5.8 -9 1604
-5.8 -8.8 1569.32
-5.8 -8.6 1535.04
-5.8 -8.4 1501.16
-5.8 -8.2 1467.68
-5.8 -8 1434.6
-5.8 -7.8 1401.92
-5.8 -7.6 1369.64
-5.8 -7.4 1337.76
-5.8 -7.2 1306.28
-5.8 -7 1275.2
-5.8 -6.8 1244.52
-5.8 -6.6 1214.24
-5.8 -6.4 1184.36
-5.8 -6.2 1154.88
-5.8 -6 1125.8
-5.8 -5.8 1097.12
-5.8 -5.6 1068.84
-5.8 -5.4 1040.96
-5.8 -5.2 1013.48
-5.8 -5 986.4
-5.8 -4.8 959.72
-5.8 -4.6 933.44
-5.8 -4.4 907.56
-5.8 -4.2 882.08
-5.8 -4 857
-5.8 -3.8 832.32
-5.8 -3.6 808.04
-5.8 -3.4 784.16
-5.8 -3.2 760.68
-5.8 -3 737.6
-5.8 -2.8 714.92
-5.8 -2.6 692.64
-5.8 -2.4 670.76
-5.8 -2.2 649.28
-5.8 -2 628.2
-5.8 -1.8 607.52
-5.8 -1.6 587.24
-5.8 -1.4 567.36
-5.8 -1.2 547.88
-5.8 -1 528.8
-5.8 -0.800000000000001 510.12
-5.8 -0.6 491.84
-5.8 -0.4 473.96
-5.8 -0.199999999999999 456.48
-5.8 0 439.4
-5.8 0.199999999999999 422.72
-5.8 0.4 406.44
-5.8 0.6 390.56
-5.8 0.800000000000001 375.08
-5.8 1 360
-5.8 1.2 345.32
-5.8 1.4 331.04
-5.8 1.6 317.16
-5.8 1.8 303.68
-5.8 2 290.6
-5.8 2.2 277.92
-5.8 2.4 265.64
-5.8 2.6 253.76
-5.8 2.8 242.28
-5.8 3 231.2
-5.8 3.2 220.52
-5.8 3.4 210.24
-5.8 3.6 200.36
-5.8 3.8 190.88
-5.8 4 181.8
-5.8 4.2 173.12
-5.8 4.4 164.84
-5.8 4.6 156.96
-5.8 4.8 149.48
-5.8 5 142.4
-5.8 5.2 135.72
-5.8 5.4 129.44
-5.8 5.6 123.56
-5.8 5.8 118.08
-5.8 6 113
-5.8 6.2 108.32
-5.8 6.4 104.04
-5.8 6.6 100.16
-5.8 6.8 96.68
-5.8 7 93.6
-5.8 7.2 90.92
-5.8 7.4 88.64
-5.8 7.6 86.76
-5.8 7.8 85.28
-5.8 8 84.2
-5.8 8.2 83.52
-5.8 8.4 83.24
-5.8 8.6 83.36
-5.8 8.8 83.88
-5.8 9 84.8
-5.8 9.2 86.12
-5.8 9.4 87.84
-5.8 9.6 89.96
-5.8 9.8 92.48
-5.8 10 95.4

-5.6 -10 1749.2
-5.6 -9.8 1712.84
-5.6 -9.6 1676.88
-5.6 -9.4 1641.32
-5.6 -9.2 1606.16
-5.6 -9 1571.4
-5.6 -8.8 1537.04
-5.6 -8.6 1503.08
-5.6 -8.4 1469.52
-5.6 -8.2 1436.36
-5.6 -8 1403.6
-5.6 -7.8 1371.24
-5.6 -7.6 1339.28
-5.6 -7.4 1307.72
-5.6 -7.2 1276.56
-5.6 -7 1245.8
-5.6 -6.8 1215.44
-5.6 -6.6 1185.48
-5.6 -6.4 1155.92
-5.6 -6.2 1126.76
-5.6 -6 1098
-5.6 -5.8 1069.64
-5.6 -5.6 1041.68
-5.6 -5.4 1014.12
-5.6 -5.2 986.96
-5.6 -5 960.2
-5.6 -4.8 933.84
-5.6 -4.6 907.88
-5.6 -4.4 882.32
-5.6 -4.2 857.16
-5.6 -4 832.4
-5.6 -3.8 808.04
-5.6 -3.6 784.08
-5.6 -3.4 760.52
-5.6 -3.2 737.36
-5.6 -3 714.6
-5.6 -2.8 692.24
-5.6 -2.6 670.28
-5.6 -2.4 648.72
-5.6 -2.2 627.56
-5.6 -2 606.8
-5.6 -1.8 586.44
-5.6 -1.6 566.48
-5.6 -1.4 546.92
-5.6 -1.2 527.76
-5.6 -1 509
-5.6 -0.800000000000001 490.64
-5.6 -0.6 472.68
-5.6 -0.4 455.12
-5.6 -0.199999999999999 437.96
-5.6 0 421.2
-5.6 0.199999999999999 404.84
-5.6 0.4 388.88
-5.6 0.6 373.32
-5.6 0.800000000000001 358.16
-5.6 1 343.4
-5.6 1.2 329.04
-5.6 1.4 315.08
-5.6 1.6 301.52
-5.6 1.8 288.36
-5.6 2 275.6
-5.6 2.2 263.24
-5.6 2.4 251.28
-5.6 2.6 239.72
-5.6 2.8 228.56
-5.6 3 217.8
-5.6 3.2 207.44
-5.6 3.4 197.48
-5.6 3.6 187.92
-5.6 3.8 178.76
-5.6 4 170
-5.6 4.2 161.64
-5.6 4.4 153.68
-5.6 4.6 146.12
-5.6 4.8 138.96
-5.6 5 132.2
-5.6 5.2 125.84
-5.6 5.4 119.88
-5.6 5.6 114.32
-5.6 5.8 109.16
-5.6 6 104.4
-5.6 6.2 100.04
-5.6 6.4 96.08
-5.6 6.6 92.52
-5.6 6.8 89.36
-5.6 7 86.6
-5.6 7.2 84.24
-5.6 7.4 82.28
-5.6 7.6 80.72
-5.6 7.8 79.56
-5.6 8 78.8
-5.6 8.2 78.44
-5.6 8.4 78.48
-5.6 8.6 78.92
-5.6 8.8 79.76
-5.6 9 81
-5.6 9.2 82.64
-5.6 9.4 84.68
-5.6 9.6 87.12
-5.6 9.8 89.96
-5.6 10 93.2

-5.4 -10 1715.4
-5.4 -9.8 1679.36
-5.4 -9.6 1643.72
-5.4 -9.4 1608.48
-5.4 -9.2 1573.64
-5.4 -9 1539.2
-5.4 -8.8 1505.16
-5.4 -8.6 1471.52
-5.4 -8.4 1438.28
-5.4 -8.2 1405.44
-5.4 -8 1373
-5.4 -7.8 1340.96
-5.4 -7.6 1309.32
-5.4 -7.4 1278.08
-5.4 -7.2 1247.24
-5.4 -7 1216.8
-5.4 -6.8 1186.76
-5.4 -6.6 1157.12
-5.4 -6.4 1127.88
-5.4 -6.2 1099.04
-5.4 -6 1070.6
-5.4 -5.8 1042.56
-5.4 -5.6 1014.92
-5.4 -5.4 987.68
-5.4 -5.2 960.84
-5.4 -5 934.4
-5.4 -4.8 908.36
-5.4 -4.6 882.72
-5.4 -4.4 857.48
-5.4 -4.2 832.64
-5.4 -4 808.2
-5.4 -3.8 784.16
-5.4 -3.6 760.52
-5.4 -3.4 737.28
-5.4 -3.2 714.44
-5.4 -3 692
-5.4 -2.8 669.96
-5.4 -2.6 648.32
-5.4 -2.4 627.08
-5.4 -2.2 606.24
-5.4 -2 585.8
-5.4 -1.8 565.76
-5.4 -1.6 546.12
-5.4 -1.4 526.88
-5.4 -1.2 508.04
-5.4 -1 489.6
-5.4 -0.800000000000001 471.56
-5.4 -0.6 453.92
-5.4 -0.4 436.68
-5.4 -0.199999999999999 419.84
-5.4 0 403.4
-5.4 0.199999999999999 387.36
-5.4 0.4 371.72
-5.4 0.6 356.48
-5.4 0.800000000000001 341.64
-5.4 1 327.2
-5.4 1.2 313.16
-5.4 1.4 299.52
-5.4 1.6 286.28
-5.4 1.8 273.44
-5.4 2 261
-5.4 2.2 248.96
-5.4 2.4 237.32
-5.4 2.6 226.08
-5.4 2.8 215.24
-5.4 3 204.8
-5.4 3.2 194.76
-5.4 3.4 185.12
-5.4 3.6 175.88
-5.4 3.8 167.04
-5.4 4 158.6
-5.4 4.2 150.56
-5.4 4.4 142.92
-5.4 4.6 135.68
-5.4 4.8 128.84
-5.4 5 122.4
-5.4 5.2 116.36
-5.4 5.4 110.72
-5.4 5.6 105.48
-5.4 5.8 100.64
-5.4 6 96.2
-5.4 6.2 92.16
-5.4 6.4 88.52
-5.4 6.6 85.28
-5.4 6.8 82.44
-5.4 7 80
-5.4 7.2 77.96
-5.4 7.4 76.32
-5.4 7.6 75.08
-5.4 7.8 74.24
-5.4 8 73.8
-5.4 8.2 73.76
-5.4 8.4 74.12
-5.4 8.6 74.88
-5.4 8.8 76.04
-5.4 9 77.6
-5.4 9.2 79.56
-5.4 9.4 81.92
-5.4 9.6 84.68
-5.4 9.8 87.84
-5.4 10 91.4

-5.2 -10 1682
-5.2 -9.8 1646.28
-5.2 -9.6 1610.96
-5.2 -9.4 1576.04
-5.2 -9.2 1541.52
-5.2 -9 1507.4
-5.2 -8.8 1473.68
-5.2 -8.6 1440.36
-5.2 -8.4 1407.44
-5.2 -8.2 1374.92
-5.2 -8 1342.8
-5.2 -7.8 1311.08
-5.2 -7.6 1279.76
-5.2 -7.4 1248.84
-5.2 -7.2 1218.32
-5.2 -7 1188.2
-5.2 -6.8 1158.48
-5.2 -6.6 1129.16
-5.2 -6.4 1100.24
-5.2 -6.2 1071.72
-5.2 -6 1043.6
-5.2 -5.8 1015.88
-5.2 -5.6 988.56
-5.2 -5.4 961.64
-5.2 -5.2 935.12
-5.2 -5 909
-5.2 -4.8 883.28
-5.2 -4.6 857.96
-5.2 -4.4 833.04
-5.2 -4.2 808.52
-5.2 -4 784.4
-5.2 -3.8 760.68
-5.2 -3.6 737.36
-5.2 -3.4 714.44
-5.2 -3.2 691.92
-5.2 -3 669.8
-5.2 -2.8 648.08
-5.2 -2.6 626.76
-5.2 -2.4 605.84
-5.2 -2.2 585.32
-5.2 -2 565.2
-5.2 -1.8 545.48
-5.2 -1.6 526.16
-5.2 -1.4 507.24
-5.2 -1.2 488.72
-5.2 -1 470.6
-5.2 -0.800000000000001 452.88
-5.2 -0.6 435.56
-5.2 -0.4 418.64
-5.2 -0.199999999999999 402.12
-5.2 0 386
-5.2 0.199999999999999 370.28
-5.2 0.4 354.96
-5.2 0.6 340.04
-5.2 0.800000000000001 325.52
-5.2 1 311.4
-5.2 1.2 297.68
-5.2 1.4 284.36
-5.2 1.6 271.44
-5.2 1.8 258.92
-5.2 2 246.8
-5.2 2.2 235.08
-5.2 2.4 223.76
-5.2 2.6 212.84
-5.2 2.8 202.32
-5.2 3 192.2
-5.2 3.2 182.48
-5.2 3.4 173.16
-5.2 3.6 164.24
-5.2 3.8 155.72
-5.2 4 147.6
-5.2 4.2 139.88
-5.2 4.4 132.56
-5.2 4.6 125.64
-5.2 4.8 119.12
-5.2 5 113
-5.2 5.2 107.28
-5.2 5.4 101.96
-5.2 5.6 97.04
-5.2 5.8 92.52
-5.2 6 88.4
-5.2 6.2 84.68
-5.2 6.4 81.36
-5.2 6.6 78.44
-5.2 6.8 75.92
-5.2 7 73.8
-5.2 7.2 72.08
-5.2 7.4 70.76
-5.2 7.6 69.84
-5.2 7.8 69.32
-5.2 8 69.2
-5.2 8.2 69.48
-5.2 8.4 70.16
-5.2 8.6 71.24
-5.2 8.8 72.72
-5.2 9 74.6
-5.2 9.2 76.88
-5.2 9.4 79.56
-5.2 9.6 82.64
-5.2 9.8 86.12
-5.2 10 90

-5 -10 1649
-5 -9.8 1613.6
-5 -9.6 1578.6
-5 -9.4 1544
-5 -9.2 1509.8
-5 -9 1476
-5 -8.8 1442.6
-5 -8.6 1409.6
-5 -8.4 1377
-5 -8.2 1344.8
-5 -8 1313
-5 -7.8 1281.6
-5 -7.6 1250.6
-5 -7.4 1220
-5 -7.2 1189.8
-5 -7 1160
-5 -6.8 1130.6
-5 -6.6 1101.6
-5 -6.4 1073
-5 -6.2 1044.8
-5 -6 1017
-5 -5.8 989.6
-5 -5.6 962.6
-5 -5.4 936
-5 -5.2 909.8
-5 -5 884
-5 -4.8 858.6
-5 -4.6 833.6
-5 -4.4 809
-5 -4.2 784.8
-5 -4 761
-5 -3.8 737.6
-5 -3.6 714.6
-5 -3.4 692
-5 -3.2 669.8
-5 -3 648
-5 -2.8 626.6
-5 -2.6 605.6
-5 -2.4 585
-5 -2.2 564.8
-5 -2 545
-5 -1.8 525.6
-5 -1.6 506.6
-5 -1.4 488
-5 -1.2 469.8
-5 -1 452
-5 -0.800000000000001 434.6
-5 -0.6 417.6
-5 -0.4 401
-5 -0.199999999999999 384.8
-5 0 369
-5 0.199999999999999 353.6
-5 0.4 338.6
-5 0.6 324
-5 0.800000000000001 309.8
-5 1 296
-5 1.2 282.6
-5 1.4 269.6
-5 1.6 257
-5 1.8 244.8
-5 2 233
-5 2.2 221.6
-5 2.4 210.6
-5 2.6 200
-5 2.8 189.8
-5 3 180
-5 3.2 170.6
-5 3.4 161.6
-5 3.6 153
-5 3.8 144.8
-5 4 137
-5 4.2 129.6
-5 4.4 122.6
-5 4.6 116
-5 4.8 109.8
-5 5 104
-5 5.2 98.6
-5 5.4 93.6
-5 5.6 89
-5 5.8 84.8
-5 6 81
-5 6.2 77.6
-5 6.4 74.6
-5 6.6 72
-5 6.8 69.8
-5 7 68
-5 7.2 66.6
-5 7.4 65.6
-5 7.6 65
-5 7.8 64.8
-5 8 65
-5 8.2 65.6
-5 8.4 66.6
-5 8.6 68
-5 8.8 69.8
-5 9 72
-5 9.2 74.6
-5 9.4 77.6
-5 9.6 81
-5 9.8 84.8
-5 10 89

-4.8 -10 1616.4
-4.8 -9.8 1581.32
-4.8 -9.6 1546.64
-4.8 -9.4 1512.36
-4.8 -9.2 1478.48
-4.8 -9 1445
-4.8 -8.8 1411.92
-4.8 -8.6 1379.24
-4.8 -8.4 1346.96
-4.8 -8.2 1315.08
-4.8 -8 1283.6
-4.8 -7.8 1252.52
-4.8 -7.6 1221.84
-4.8 -7.4 1191.56
-4.8 -7.2 1161.68
-4.8 -7 1132.2
-4.8 -6.8 1103.12
-4.8 -6.6 1074.44
-4.8 -6.4 1046.16
-4.8 -6.2 1018.28
-4.8 -6 990.8
-4.8 -5.8 963.72
-4.8 -5.6 937.04
-4.8 -5.4 910.76
-4.8 -5.2 884.88
-4.8 -5 859.4
-4.8 -4.8 834.32
-4.8 -4.6 809.64
-4.8 -4.4 785.36
-4.8 -4.2 761.48
-4.8 -4 738
-4.8 -3.8 714.92
-4.8 -3.6 692.24
-4.8 -3.4 669.96
-4.8 -3.2 648.08
-4.8 -3 626.6
-4.8 -2.8 605.52
-4.8 -2.6 584.84
-4.8 -2.4 564.56
-4.8 -2.2 544.68
-4.8 -2 525.2
-4.8 -1.8 506.12
-4.8 -1.6 487.44
-4.8 -1.4 469.16
-4.8 -1.2 451.28
-4.8 -1 433.8
-4.8 -0.800000000000001 416.72
-4.8 -0.6 400.04
-4.8 -0.4 383.76
-4.8 -0.199999999999999 367.88
-4.8 0 352.4
-4.8 0.199999999999999 337.32
-4.8 0.4 322.64
-4.8 0.6 308.36
-4.8 0.800000000000001 294.48
-4.8 1 281
-4.8 1.2 267.92
-4.8 1.4 255.24
-4.8 1.6 242.96
-4.8 1.8 231.08
-4.8 2 219.6
-4.8 2.2 208.52
-4.8 2.4 197.84
-4.8 2.6 187.56
-4.8 2.8 177.68
-4.8 3 168.2
-4.8 3.2 159.12
-4.8 3.4 150.44
-4.8 3.6 142.16
-4.8 3.8 134.28
-4.8 4 126.8
-4.8 4.2 119.72
-4.8 4.4 113.04
-4.8 4.6 106.76
-4.8 4.8 100.88
-4.8 5 95.4
-4.8 5.2 90.32
-4.8 5.4 85.64
-4.8 5.6 81.36
-4.8 5.8 77.48
-4.8 6 74
-4.8 6.2 70.92
-4.8 6.4 68.24
-4.8 6.6 65.96
-4.8 6.8 64.08
-4.8 7 62.6
-4.8 7.2 61.52
-4.8 7.4 60.84
-4.8 7.6 60.56
-4.8 7.8 60.68
-4.8 8 61.2
-4.8 8.2 62.12
-4.8 8.4 63.44
-4.8 8.6 65.16
-4.8 8.8 67.28
-4.8 9 69.8
-4.8 9.2 72.72
-4.8 9.4 76.04
-4.8 9.6 79.76
-4.8 9.8 83.88
-4.8 10 88.4

-4.6 -10 1584.2
-4.6 -9.8 1549.44
-4.6 -9.6 1515.08
-4.6 -9.4 1481.12
-4.6 -9.2 1447.56
-4.6 -9 1414.4
-4.6 -8.8 1381.64
-4.6 -8.6 1349.28
-4.6 -8.4 1317.32
-4.6 -8.2 1285.76
-4.6 -8 1254.6
-4.6 -7.8 1223.84
-4.6 -7.6 1193.48
-4.6 -7.4 1163.52
-4.6 -7.2 1133.96
-4.6 -7 1104.8
-4.6 -6.8 1076.04
-4.6 -6.6 1047.68
-4.6 -6.4 1019.72
-4.6 -6.2 992.16
-4.6 -6 965
-4.6 -5.8 938.24
-4.6 -5.6 911.88
-4.6 -5.4 885.92
-4.6 -5.2 860.36
-4.6 -5 835.2
-4.6 -4.8 810.44
-4.6 -4.6 786.08
-4.6 -4.4 762.12
-4.6 -4.2 738.56
-4.6 -4 715.4
-4.6 -3.8 692.64
-4.6 -3.6 670.28
-4.6 -3.4 648.32
-4.6 -3.2 626.76
-4.6 -3 605.6
-4.6 -2.8 584.84
-4.6 -2.6 564.48
-4.6 -2.4 544.52
-4.6 -2.2 524.96
-4.6 -2 505.8
-4.6 -1.8 487.04
-4.6 -1.6 468.68
-4.6 -1.4 450.72
-4.6 -1.2 433.16
-4.6 -1 416
-4.6 -0.800000000000001 399.24
-4.6 -0.6 382.88
-4.6 -0.4 366.92
-4.6 -0.199999999999999 351.36
-4.6 0 336.2
-4.6 0.199999999999999 321.44
-4.6 0.4 307.08
-4.6 0.6 293.12
-4.6 0.800000000000001 279.56
-4.6 1 266.4
-4.6 1.2 253.64
-4.6 1.4 241.28
-4.6 1.6 229.32
-4.6 1.8 217.76
-4.6 2 206.6
-4.6 2.2 195.84
-4.6 2.4 185.48
-4.6 2.6 175.52
-4.6 2.8 165.96
-4.6 3 156.8
-4.6 3.2 148.04
-4.6 3.4 139.68
-4.6 3.6 131.72
-4.6 3.8 124.16
-4.6 4 117
-4.6 4.2 110.24
-4.6 4.4 103.88
-4.6 4.6 97.92
-4.6 4.8 92.36
-4.6 5 87.2
-4.6 5.2 82.44
-4.6 5.4 78.08
-4.6 5.6 74.12
-4.6 5.8 70.56
-4.6 6 67.4
-4.6 6.2 64.64
-4.6 6.4 62.28
-4.6 6.6 60.32
-4.6 6.8 58.76
-4.6 7 57.6
-4.6 7.2 56.84
-4.6 7.4 56.48
-4.6 7.6 56.52
-4.6 7.8 56.96
-4.6 8 57.8
-4.6 8.2 59.04
-4.6 8.4 60.68
-4.6 8.6 62.72
-4.6 8.8 65.16
-4.6 9 68
-4.6 9.2 71.24
-4.6 9.4 74.88
-4.6 9.6 78.92
-4.6 9.8 83.36
-4.6 10 88.2

-4.4 -10 1552.4
-4.4 -9.8 1517.96
-4.4 -9.6 1483.92
-4.4 -9.4 1450.28
-4.4 -9.2 1417.04
-4.4 -9 1384.2
-4.4 -8.8 1351.76
-4.4 -8.6 1319.72
-4.4 -8.4 1288.08
-4.4 -8.2 1256.84
-4.4 -8 1226
-4.4 -7.8 1195.56
-4.4 -7.6 1165.52
-4.4 -7.4 1135.88
-4.4 -7.2 1106.64
-4.4 -7 1077.8
-4.4 -6.8 1049.36
-4.4 -6.6 1021.32
-4.4 -6.4 993.68
-4.4 -6.2 966.44
-4.4 -6 939.6
-4.4 -5.8 913.16
-4.4 -5.6 887.12
-4.4 -5.4 861.48
-4.4 -5.2 836.24
-4.4 -5 811.4
-4.4 -4.8 786.96
-4.4 -4.6 762.92
-4.4 -4.4 739.28
-4.4 -4.2 716.04
-4.4 -4 693.2
-4.4 -3.8 670.76
-4.4 -3.6 648.72
-4.4 -3.4 627.08
-4.4 -3.2 605.84
-4.4 -3 585
-4.4 -2.8 564.56
-4.4 -2.6 544.52
-4.4 -2.4 524.88
-4.4 -2.2 505.64
-4.4 -2 486.8
-4.4 -1.8 468.36
-4.4 -1.6 450.32
-4.4 -1.4 432.68
-4.4 -1.2 415.44
-4.4 -1 398.6
-4.4 -0.800000000000001 382.16
-4.4 -0.6 366.12
-4.4 -0.4 350.48
-4.4 -0.199999999999999 335.24
-4.4 0 320.4
-4.4 0.199999999999999 305.96
-4.4 0.4 291.92
-4.4 0.6 278.28
-4.4 0.800000000000001 265.04
-4.4 1 252.2
-4.4 1.2 239.76
-4.4 1.4 227.72
-4.4 1.6 216.08
-4.4 1.8 204.84
-4.4 2 194
-4.4 2.2 183.56
-4.4 2.4 173.52
-4.4 2.6 163.88
-4.4 2.8 154.64
-4.4 3 145.8
-4.4 3.2 137.36
-4.4 3.4 129.32
-4.4 3.6 121.68
-4.4 3.8 114.44
-4.4 4 107.6
-4.4 4.2 101.16
-4.4 4.4 95.12
-4.4 4.6 89.48
-4.4 4.8 84.24
-4.4 5 79.4
-4.4 5.2 74.96
-4.4 5.4 70.92
-4.4 5.6 67.28
-4.4 5.8 64.04
-4.4 6 61.2
-4.4 6.2 58.76
-4.4 6.4 56.72
-4.4 6.6 55.08
-4.4 6.8 53.84
-4.4 7 53
-4.4 7.2 52.56
-4.4 7.4 52.52
-4.4 7.6 52.88
-4.4 7.8 53.64
-4.4 8 54.8
-4.4 8.2 56.36
-4.4 8.4 58.32
-4.4 8.6 60.68
-4.4 8.8 63.44
-4.4 9 66.6
-4.4 9.2 70.16
-4.4 9.4 74.12
-4.4 9.6 78.48
-4.4 9.8 83.24
-4.4 10 88.4

-4.2 -10 1521
-4.2 -9.8 1486.88
-4.2 -9.6 1453.16
-4.2 -9.4 1419.84
-4.2 -9.2 1386.92
-4.2 -9 1354.4
-4.2 -8.8 1322.28
-4.2 -8.6 1290.56
-4.2 -8.4 1259.24
-4.2 -8.2 1228.32
-4.2 -8 1197.8
-4.2 -7.8 1167.68
-4.2 -7.6 1137.96
-4.2 -7.4 1108.64
-4.2 -7.2 1079.72
-4.2 -7 1051.2
-4.2 -6.8 1023.08
-4.2 -6.6 995.36
-4.2 -6.4 968.04
-4.2 -6.2 941.12
-4.2 -6 914.6
-4.2 -5.8 888.48
-4.2 -5.6 862.76
-4.2 -5.4 837.44
-4.2 -5.2 812.52
-4.2 -5 788
-4.2 -4.8 763.88
-4.2 -4.6 740.16
-4.2 -4.4 716.84
-4.2 -4.2 693.92
-4.2 -4 671.4
-4.2 -3.8 649.28
-4.2 -3.6 627.56
-4.2 -3.4 606.24
-4.2 -3.2 585.32
-4.2 -3 564.8
-4.2 -2.8 544.68
-4.2 -2.6 524.96
-4.2 -2.4 505.64
-4.2 -2.2 486.72
-4.2 -2 468.2
-4.2 -1.8 450.08
-4.2 -1.6 432.36
-4.2 -1.4 415.04
-4.2 -1.2 398.12
-4.2 -1 381.6
-4.2 -0.800000000000001 365.48
-4.2 -0.6 349.76
-4.2 -0.4 334.44
-4.2 -0.199999999999999 319.52
-4.2 0 305
-4.2 0.199999999999999 290.88
-4.2 0.4 277.16
-4.2 0.6 263.84
-4.2 0.800000000000001 250.92
-4.2 1 238.4
-4.2 1.2 226.28
-4.2 1.4 214.56
-4.2 1.6 203.24
-4.2 1.8 192.32
-4.2 2 181.8
-4.2 2.2 171.68
-4.2 2.4 161.96
-4.2 2.6 152.64
-4.2 2.8 143.72
-4.2 3 135.2
-4.2 3.2 127.08
-4.2 3.4 119.36
-4.2 3.6 112.04
-4.2 3.8 105.12
-4.2 4 98.6
-4.2 4.2 92.48
-4.2 4.4 86.76
-4.2 4.6 81.44
-4.2 4.8 76.52
-4.2 5 72
-4.2 5.2 67.88
-4.2 5.4 64.16
-4.2 5.6 60.84
-4.2 5.8 57.92
-4.2 6 55.4
-4.2 6.2 53.28
-4.2 6.4 51.56
-4.2 6.6 50.24
-4.2 6.8 49.32
-4.2 7 48.8
-4.2 7.2 48.68
-4.2 7.4 48.96
-4.2 7.6 49.64
-4.2 7.8 50.72
-4.2 8 52.2
-4.2 8.2 54.08
-4.2 8.4 56.36
-4.2 8.6 59.04
-4.2 8.8 62.12
-4.2 9 65.6
-4.2 9.2 69.48
-4.2 9.4 73.76
-4.2 9.6 78.4400000000001
-4.2 9.8 83.52
-4.2 10 89

-4 -10 1490
-4 -9.8 1456.2
-4 -9.6 1422.8
-4 -9.4 1389.8
-4 -9.2 1357.2
-4 -9 1325
-4 -8.8 1293.2
-4 -8.6 1261.8
-4 -8.4 1230.8
-4 -8.2 1200.2
-4 -8 1170
-4 -7.8 1140.2
-4 -7.6 1110.8
-4 -7.4 1081.8
-4 -7.2 1053.2
-4 -7 1025
-4 -6.8 997.2
-4 -6.6 969.8
-4 -6.4 942.8
-4 -6.2 916.2
-4 -6 890
-4 -5.8 864.2
-4 -5.6 838.8
-4 -5.4 813.8
-4 -5.2 789.2
-4 -5 765
-4 -4.8 741.2
-4 -4.6 717.8
-4 -4.4 694.8
-4 -4.2 672.2
-4 -4 650
-4 -3.8 628.2
-4 -3.6 606.8
-4 -3.4 585.8
-4 -3.2 565.2
-4 -3 545
-4 -2.8 525.2
-4 -2.6 505.8
-4 -2.4 486.8
-4 -2.2 468.2
-4 -2 450
-4 -1.8 432.2
-4 -1.6 414.8
-4 -1.4 397.8
-4 -1.2 381.2
-4 -1 365
-4 -0.800000000000001 349.2
-4 -0.6 333.8
-4 -0.4 318.8
-4 -0.199999999999999 304.2
-4 0 290
-4 0.199999999999999 276.2
-4 0.4 262.8
-4 0.6 249.8
-4 0.800000000000001 237.2
-4 1 225
-4 1.2 213.2
-4 1.4 201.8
-4 1.6 190.8
-4 1.8 180.2
-4 2 170
-4 2.2 160.2
-4 2.4 150.8
-4 2.6 141.8
-4 2.8 133.2
-4 3 125
-4 3.2 117.2
-4 3.4 109.8
-4 3.6 102.8
-4 3.8 96.2
-4 4 90
-4 4.2 84.2
-4 4.4 78.8
-4 4.6 73.8
-4 4.8 69.2
-4 5 65
-4 5.2 61.2
-4 5.4 57.8
-4 5.6 54.8
-4 5.8 52.2
-4 6 50
-4 6.2 48.2
-4 6.4 46.8
-4 6.6 45.8
-4 6.8 45.2
-4 7 45
-4 7.2 45.2
-4 7.4 45.8
-4 7.6 46.8
-4 7.8 48.2
-4 8 50
-4 8.2 52.2
-4 8.4 54.8
-4 8.6 57.8
-4 8.8 61.2
-4 9 65
-4 9.2 69.2
-4 9.4 73.8
-4 9.6 78.8
-4 9.8 84.2
-4 10 90

-3.8 -10 1459.4
-3.8 -9.8 1425.92
-3.8 -9.6 1392.84
-3.8 -9.4 1360.16
-3.8 -9.2 1327.88
-3.8 -9 1296
-3.8 -8.8 1264.52
-3.8 -8.6 1233.44
-3.8 -8.4 1202.76
-3.8 -8.2 1172.48
-3.8 -8 1142.6
-3.8 -7.8 1113.12
-3.8 -7.6 1084.04
-3.8 -7.4 1055.36
-3.8 -7.2 1027.08
-3.8 -7 999.2
-3.8 -6.8 971.72
-3.8 -6.6 944.64
-3.8 -6.4 917.96
-3.8 -6.2 891.68
-3.8 -6 865.8
-3.8 -5.8 840.32
-3.8 -5.6 815.24
-3.8 -5.4 790.56
-3.8 -5.2 766.28
-3.8 -5 742.4
-3.8 -4.8 718.92
-3.8 -4.6 695.84
-3.8 -4.4 673.16
-3.8 -4.2 650.88
-3.8 -4 629
-3.8 -3.8 607.52
-3.8 -3.6 586.44
-3.8 -3.4 565.76
-3.8 -3.2 545.48
-3.8 -3 525.6
-3.8 -2.8 506.12
-3.8 -2.6 487.04
-3.8 -2.4 468.36
-3.8 -2.2 450.08
-3.8 -2 432.2
-3.8 -1.8 414.72
-3.8 -1.6 397.64
-3.8 -1.4 380.96
-3.8 -1.2 364.68
-3.8 -1 348.8
-3.8 -0.800000000000001 333.32
-3.8 -0.6 318.24
-3.8 -0.4 303.56
-3.8 -0.199999999999999 289.28
-3.8 0 275.4
-3.8 0.199999999999999 261.92
-3.8 0.4 248.84
-3.8 0.6 236.16
-3.8 0.800000000000001 223.88
-3.8 1 212
-3.8 1.2 200.52
-3.8 1.4 189.44
-3.8 1.6 178.76
-3.8 1.8 168.48
-3.8 2 158.6
-3.8 2.2 149.12
-3.8 2.4 140.04
-3.8 2.6 131.36
-3.8 2.8 123.08
-3.8 3 115.2
-3.8 3.2 107.72
-3.8 3.4 100.64
-3.8 3.6 93.96
-3.8 3.8 87.68
-3.8 4 81.8
-3.8 4.2 76.32
-3.8 4.4 71.24
-3.8 4.6 66.56
-3.8 4.8 62.28
-3.8 5 58.4
-3.8 5.2 54.92
-3.8 5.4 51.84
-3.8 5.6 49.16
-3.8 5.8 46.88
-3.8 6 45
-3.8 6.2 43.52
-3.8 6.4 42.44
-3.8 6.6 41.76
-3.8 6.8 41.48
-3.8 7 41.6
-3.8 7.2 42.12
-3.8 7.4 43.04
-3.8 7.6 44.36
-3.8 7.8 46.08
-3.8 8 48.2
-3.8 8.2 50.72
-3.8 8.4 53.64
-3.8 8.6 56.96
-3.8 8.8 60.68
-3.8 9 64.8
-3.8 9.2 69.32
-3.8 9.4 74.24
-3.8 9.6 79.56
-3.8 9.8 85.28
-3.8 10 91.4

-3.6 -10 1429.2
-3.6 -9.8 1396.04
-3.6 -9.6 1363.28
-3.6 -9.4 1330.92
-3.6 -9.2 1298.96
-3.6 -9 1267.4
-3.6 -8.8 1236.24
-3.6 -8.6 1205.48
-3.6 -8.4 1175.12
-3.6 -8.2 1145.16
-3.6 -8 1115.6
-3.6 -7.8 1086.44
-3.6 -7.6 1057.68
-3.6 -7.4 1029.32
-3.6 -7.2 1001.36
-3.6 -7 973.8
-3.6 -6.8 946.64
-3.6 -6.6 919.88
-3.6 -6.4 893.52
-3.6 -6.2 867.56
-3.6 -6 842
-3.6 -5.8 816.84
-3.6 -5.6 792.08
-3.6 -5.4 767.72
-3.6 -5.2 743.76
-3.6 -5 720.2
-3.6 -4.8 697.04
-3.6 -4.6 674.28
-3.6 -4.4 651.92
-3.6 -4.2 629.96
-3.6 -4 608.4
-3.6 -3.8 587.24
-3.6 -3.6 566.48
-3.6 -3.4 546.12
-3.6 -3.2 526.16
-3.6 -3 506.6
-3.6 -2.8 487.44
-3.6 -2.6 468.68
-3.6 -2.4 450.32
-3.6 -2.2 432.36
-3.6 -2 414.8
-3.6 -1.8 397.64
-3.6 -1.6 380.88
-3.6 -1.4 364.52
-3.6 -1.2 348.56
-3.6 -1 333
-3.6 -0.800000000000001 317.84
-3.6 -0.6 303.08
-3.6 -0.4 288.72
-3.6 -0.199999999999999 274.76
-3.6 0 261.2
-3.6 0.199999999999999 248.04
-3.6 0.4 235.28
-3.6 0.6 222.92
-3.6 0.800000000000001 210.96
-3.6 1 199.4
-3.6 1.2 188.24
-3.6 1.4 177.48
-3.6 1.6 167.12
-3.6 1.8 157.16
-3.6 2 147.6
-3.6 2.2 138.44
-3.6 2.4 129.68
-3.6 2.6 121.32
-3.6 2.8 113.36
-3.6 3 105.8
-3.6 3.2 98.64
-3.6 3.4 91.88
-3.6 3.6 85.52
-3.6 3.8 79.56
-3.6 4 74
-3.6 4.2 68.84
-3.6 4.4 64.08
-3.6 4.6 59.72
-3.6 4.8 55.76
-3.6 5 52.2
-3.6 5.2 49.04
-3.6 5.4 46.28
-3.6 5.6 43.92
-3.6 5.8 41.96
-3.6 6 40.4
-3.6 6.2 39.24
-3.6 6.4 38.48
-3.6 6.6 38.12
-3.6 6.8 38.16
-3.6 7 38.6
-3.6 7.2 39.44
-3.6 7.4 40.68
-3.6 7.6 42.32
-3.6 7.8 44.36
-3.6 8 46.8
-3.6 8.2 49.64
-3.6 8.4 52.88
-3.6 8.6 56.52
-3.6 8.8 60.56
-3.6 9 65
-3.6 9.2 69.84
-3.6 9.4 75.08
-3.6 9.6 80.72
-3.6 9.8 86.76
-3.6 10 93.2

-3.4 -10 1399.4
-3.4 -9.8 1366.56
-3.4 -9.6 1334.12
-3.4 -9.4 1302.08
-3.4 -9.2 1270.44
-3.4 -9 1239.2
-3.4 -8.8 1208.36
-3.4 -8.6 1177.92
-3.4 -8.4 1147.88
-3.4 -8.2 1118.24
-3.4 -8 1089
-3.4 -7.8 1060.16
-3.4 -7.6 1031.72
-3.4 -7.4 1003.68
-3.4 -7.2 976.04
-3.4 -7 948.8
-3.4 -6.8 921.96
-3.4 -6.6 895.52
-3.4 -6.4 869.48
-3.4 -6.2 843.84
-3.4 -6 818.6
-3.4 -5.8 793.76
-3.4 -5.6 769.32
-3.4 -5.4 745.28
-3.4 -5.2 721.64
-3.4 -5 698.4
-3.4 -4.8 675.56
-3.4 -4.6 653.12
-3.4 -4.4 631.08
-3.4 -4.2 609.44
-3.4 -4 588.2
-3.4 -3.8 567.36
-3.4 -3.6 546.92
-3.4 -3.4 526.88
-3.4 -3.2 507.24
-3.4 -3 488
-3.4 -2.8 469.16
-3.4 -2.6 450.72
-3.4 -2.4 432.68
-3.4 -2.2 415.04
-3.4 -2 397.8
-3.4 -1.8 380.96
-3.4 -1.6 364.52
-3.4 -1.4 348.48
-3.4 -1.2 332.84
-3.4 -1 317.6
-3.4 -0.800000000000001 302.76
-3.4 -0.6 288.32
-3.4 -0.4 274.28
-3.4 -0.199999999999999 260.64
-3.4 0 247.4
-3.4 0.199999999999999 234.56
-3.4 0.4 222.12
-3.4 0.6 210.08
-3.4 0.800000000000001 198.44
-3.4 1 187.2
-3.4 1.2 176.36
-3.4 1.4 165.92
-3.4 1.6 155.88
-3.4 1.8 146.24
-3.4 2 137
-3.4 2.2 128.16
-3.4 2.4 119.72
-3.4 2.6 111.68
-3.4 2.8 104.04
-3.4 3 96.8
-3.4 3.2 89.96
-3.4 3.4 83.52
-3.4 3.6 77.48
-3.4 3.8 71.84
-3.4 4 66.6
-3.4 4.2 61.76
-3.4 4.4 57.32
-3.4 4.6 53.28
-3.4 4.8 49.64
-3.4 5 46.4
-3.4 5.2 43.56
-3.4 5.4 41.12
-3.4 5.6 39.08
-3.4 5.8 37.44
-3.4 6 36.2
-3.4 6.2 35.36
-3.4 6.4 34.92
-3.4 6.6 34.88
-3.4 6.8 35.24
-3.4 7 36
-3.4 7.2 37.16
-3.4 7.4 38.72
-3.4 7.6 40.68
-3.4 7.8 43.04
-3.4 8 45.8
-3.4 8.2 48.96
-3.4 8.4 52.52
-3.4 8.6 56.48
-3.4 8.8 60.84
-3.4 9 65.6
-3.4 9.2 70.76
-3.4 9.4 76.32
-3.4 9.6 82.28
-3.4 9.8 88.6400000000001
-3.4 10 95.4

-3.2 -10 1370
-3.2 -9.8 1337.48
-3.2 -9.6 1305.36
-3.2 -9.4 1273.64
-3.2 -9.2 1242.32
-3.2 -9 1211.4
-3.2 -8.8 1180.88
-3.2 -8.6 1150.76
-3.2 -8.4 1121.04
-3.2 -8.2 1091.72
-3.2 -8 1062.8
-3.2 -7.8 1034.28
-3.2 -7.6 1006.16
-3.2 -7.4 978.44
-3.2 -7.2 951.12
-3.2 -7 924.2
-3.2 -6.8 897.68
-3.2 -6.6 871.56
-3.2 -6.4 845.84
-3.2 -6.2 820.52
-3.2 -6 795.6
-3.2 -5.8 771.08
-3.2 -5.6 746.96
-3.2 -5.4 723.24
-3.2 -5.2 699.92
-3.2 -5 677
-3.2 -4.8 654.48
-3.2 -4.6 632.36
-3.2 -4.4 610.64
-3.2 -4.2 589.32
-3.2 -4 568.4
-3.2 -3.8 547.88
-3.2 -3.6 527.76
-3.2 -3.4 508.04
-3.2 -3.2 488.72
-3.2 -3 469.8
-3.2 -2.8 451.28
-3.2 -2.6 433.16
-3.2 -2.4 415.44
-3.2 -2.2 398.12
-3.2 -2 381.2
-3.2 -1.8 364.68
-3.2 -1.6 348.56
-3.2 -1.4 332.84
-3.2 -1.2 317.52
-3.2 -1 302.6
-3.2 -0.800000000000001 288.08
-3.2 -0.6 273.96
-3.2 -0.4 260.24
-3.2 -0.199999999999999 246.92
-3.2 0 234
-3.2 0.199999999999999 221.48
-3.2 0.4 209.36
-3.2 0.6 197.64
-3.2 0.800000000000001 186.32
-3.2 1 175.4
-3.2 1.2 164.88
-3.2 1.4 154.76
-3.2 1.6 145.04
-3.2 1.8 135.72
-3.2 2 126.8
-3.2 2.2 118.28
-3.2 2.4 110.16
-3.2 2.6 102.44
-3.2 2.8 95.12
-3.2 3 88.2
-3.2 3.2 81.68
-3.2 3.4 75.56
-3.2 3.6 69.84
-3.2 3.8 64.52
-3.2 4 59.6
-3.2 4.2 55.08
-3.2 4.4 50.96
-3.2 4.6 47.24
-3.2 4.8 43.92
-3.2 5 41
-3.2 5.2 38.48
-3.2 5.4 36.36
-3.2 5.6 34.64
-3.2 5.8 33.32
-3.2 6 32.4
-3.2 6.2 31.88
-3.2 6.4 31.76
-3.2 6.6 32.04
-3.2 6.8 32.72
-3.2 7 33.8
-3.2 7.2 35.28
-3.2 7.4 37.16
-3.2 7.6 39.44
-3.2 7.8 42.12
-3.2 8 45.2
-3.2 8.2 48.68
-3.2 8.4 52.56
-3.2 8.6 56.84
-3.2 8.8 61.52
-3.2 9 66.6
-3.2 9.2 72.08
-3.2 9.4 77.96
-3.2 9.6 84.2400000000001
-3.2 9.8 90.92
-3.2 10 98

-3 -10 1341
-3 -9.8 1308.8
-3 -9.6 1277
-3 -9.4 1245.6
-3 -9.2 1214.6
-3 -9 1184
-3 -8.8 1153.8
-3 -8.6 1124
-3 -8.4 1094.6
-3 -8.2 1065.6
-3 -8 1037
-3 -7.8 1008.8
-3 -7.6 981
-3 -7.4 953.6
-3 -7.2 926.6
-3 -7 900
-3 -6.8 873.8
-3 -6.6 848
-3 -6.4 822.6
-3 -6.2 797.6
-3 -6 773
-3 -5.8 748.8
-3 -5.6 725
-3 -5.4 701.6
-3 -5.2 678.6
-3 -5 656
-3 -4.8 633.8
-3 -4.6 612
-3 -4.4 590.6
-3 -4.2 569.6
-3 -4 549
-3 -3.8 528.8
-3 -3.6 509
-3 -3.4 489.6
-3 -3.2 470.6
-3 -3 452
-3 -2.8 433.8
-3 -2.6 416
-3 -2.4 398.6
-3 -2.2 381.6
-3 -2 365
-3 -1.8 348.8
-3 -1.6 333
-3 -1.4 317.6
-3 -1.2 302.6
-3 -1 288
-3 -0.800000000000001 273.8
-3 -0.6 260
-3 -0.4 246.6
-3 -0.199999999999999 233.6
-3 0 221
-3 0.199999999999999 208.8
-3 0.4 197
-3 0.6 185.6
-3 0.800000000000001 174.6
-3 1 164
-3 1.2 153.8
-3 1.4 144
-3 1.6 134.6
-3 1.8 125.6
-3 2 117
-3 2.2 108.8
-3 2.4 101
-3 2.6 93.6
-3 2.8 86.6
-3 3 80
-3 3.2 73.8
-3 3.4 68
-3 3.6 62.6
-3 3.8 57.6
-3 4 53
-3 4.2 48.8
-3 4.4 45
-3 4.6 41.6
-3 4.8 38.6
-3 5 36
-3 5.2 33.8
-3 5.4 32
-3 5.6 30.6
-3 5.8 29.6
-3 6 29
-3 6.2 28.8
-3 6.4 29
-3 6.6 29.6
-3 6.8 30.6
-3 7 32
-3 7.2 33.8
-3 7.4 36
-3 7.6 38.6
-3 7.8 41.6
-3 8 45
-3 8.2 48.8
-3 8.4 53
-3 8.6 57.6
-3 8.8 62.6
-3 9 68
-3 9.2 73.8
-3 9.4 80
-3 9.6 86.6000000000001
-3 9.8 93.6
-3 10 101

-2.8 -10 1312.4
-2.8 -9.8 1280.52
-2.8 -9.6 1249.04
-2.8 -9.4 1217.96
-2.8 -9.2 1187.28
-2.8 -9 1157
-2.8 -8.8 1127.12
-2.8 -8.6 1097.64
-2.8 -8.4 1068.56
-2.8 -8.2 1039.88
-2.8 -8 1011.6
-2.8 -7.8 983.72
-2.8 -7.6 956.24
-2.8 -7.4 929.16
-2.8 -7.2 902.48
-2.8 -7 876.2
-2.8 -6.8 850.32
-2.8 -6.6 824.84
-2.8 -6.4 799.76
-2.8 -6.2 775.08
-2.8 -6 750.8
-2.8 -5.8 726.92
-2.8 -5.6 703.44
-2.8 -5.4 680.36
-2.8 -5.2 657.68
-2.8 -5 635.4
-2.8 -4.8 613.52
-2.8 -4.6 592.04
-2.8 -4.4 570.96
-2.8 -4.2 550.28
-2.8 -4 530
-2.8 -3.8 510.12
-2.8 -3.6 490.64
-2.8 -3.4 471.56
-2.8 -3.2 452.88
-2.8 -3 434.6
-2.8 -2.8 416.72
-2.8 -2.6 399.24
-2.8 -2.4 382.16
-2.8 -2.2 365.48
-2.8 -2 349.2
-2.8 -1.8 333.32
-2.8 -1.6 317.84
-2.8 -1.4 302.76
-2.8 -1.2 288.08
-2.8 -1 273.8
-2.8 -0.800000000000001 259.92
-2.8 -0.6 246.44
-2.8 -0.4 233.36
-2.8 -0.199999999999999 220.68
-2.8 0 208.4
-2.8 0.199999999999999 196.52
-2.8 0.4 185.04
-2.8 0.6 173.96
-2.8 0.800000000000001 163.28
-2.8 1 153
-2.8 1.2 143.12
-2.8 1.4 133.64
-2.8 1.6 124.56
-2.8 1.8 115.88
-2.8 2 107.6
-2.8 2.2 99.72
-2.8 2.4 92.24
-2.8 2.6 85.16
-2.8 2.8 78.48
-2.8 3 72.2
-2.8 3.2 66.32
-2.8 3.4 60.84
-2.8 3.6 55.76
-2.8 3.8 51.08
-2.8 4 46.8
-2.8 4.2 42.92
-2.8 4.4 39.44
-2.8 4.6 36.36
-2.8 4.8 33.68
-2.8 5 31.4
-2.8 5.2 29.52
-2.8 5.4 28.04
-2.8 5.6 26.96
-2.8 5.8 26.28
-2.8 6 26
-2.8 6.2 26.12
-2.8 6.4 26.64
-2.8 6.6 27.56
-2.8 6.8 28.88
-2.8 7 30.6
-2.8 7.2 32.72
-2.8 7.4 35.24
-2.8 7.6 38.16
-2.8 7.8 41.48
-2.8 8 45.2
-2.8 8.2 49.32
-2.8 8.4 53.84
-2.8 8.6 58.76
-2.8 8.8 64.08
-2.8 9 69.8
-2.8 9.2 75.92
-2.8 9.4 82.4399999999999
-2.8 9.6 89.36
-2.8 9.8 96.68
-2.8 10 104.4

-2.6 -10 1284.2
-2.6 -9.8 1252.64
-2.6 -9.6 1221.48
-2.6 -9.4 1190.72
-2.6 -9.2 1160.36
-2.6 -9 1130.4
-2.6 -8.8 1100.84
-2.6 -8.6 1071.68
-2.6 -8.4 1042.92
-2.6 -8.2 1014.56
-2.6 -8 986.6
-2.6 -7.8 959.04
-2.6 -7.6 931.88
-2.6 -7.4 905.12
-2.6 -7.2 878.76
-2.6 -7 852.8
-2.6 -6.8 827.24
-2.6 -6.6 802.08
-2.6 -6.4 777.32
-2.6 -6.2 752.96
-2.6 -6 729
-2.6 -5.8 705.44
-2.6 -5.6 682.28
-2.6 -5.4 659.52
-2.6 -5.2 637.16
-2.6 -5 615.2
-2.6 -4.8 593.64
-2.6 -4.6 572.48
-2.6 -4.4 551.72
-2.6 -4.2 531.36
-2.6 -4 511.4
-2.6 -3.8 491.84
-2.6 -3.6 472.68
-2.6 -3.4 453.92
-2.6 -3.2 435.56
-2.6 -3 417.6
-2.6 -2.8 400.04
-2.6 -2.6 382.88
-2.6 -2.4 366.12
-2.6 -2.2 349.76
-2.6 -2 333.8
-2.6 -1.8 318.24
-2.6 -1.6 303.08
-2.6 -1.4 288.32
-2.6 -1.2 273.96
-2.6 -1 260
-2.6 -0.800000000000001 246.44
-2.6 -0.6 233.28
-2.6 -0.4 220.52
-2.6 -0.199999999999999 208.16
-2.6 0 196.2
-2.6 0.199999999999999 184.64
-2.6 0.4 173.48
-2.6 0.6 162.72
-2.6 0.800000000000001 152.36
-2.6 1 142.4
-2.6 1.2 132.84
-2.6 1.4 123.68
-2.6 1.6 114.92
-2.6 1.8 106.56
-2.6 2 98.6
-2.6 2.2 91.04
-2.6 2.4 83.88
-2.6 2.6 77.12
-2.6 2.8 70.76
-2.6 3 64.8
-2.6 3.2 59.24
-2.6 3.4 54.08
-2.6 3.6 49.32
-2.6 3.8 44.96
-2.6 4 41
-2.6 4.2 37.44
-2.6 4.4 34.28
-2.6 4.6 31.52
-2.6 4.8 29.16
-2.6 5 27.2
-2.6 5.2 25.64
-2.6 5.4 24.48
-2.6 5.6 23.72
-2.6 5.8 23.36
-2.6 6 23.4
-2.6 6.2 23.84
-2.6 6.4 24.68
-2.6 6.6 25.92
-2.6 6.8 27.56
-2.6 7 29.6
-2.6 7.2 32.04
-2.6 7.4 34.88
-2.6 7.6 38.12
-2.6 7.8 41.76
-2.6 8 45.8
-2.6 8.2 50.24
-2.6 8.4 55.08
-2.6 8.6 60.32
-2.6 8.8 65.96
-2.6 9 72
-2.6 9.2 78.44
-2.6 9.4 85.2799999999999
-2.6 9.6 92.52
-2.6 9.8 100.16
-2.6 10 108.2

-2.4 -10 1256.4
-2.4 -9.8 1225.16
-2.4 -9.6 1194.32
-2.4 -9.4 1163.88
-2.4 -9.2 1133.84
-2.4 -9 1104.2
-2.4 -8.8 1074.96
-2.4 -8.6 1046.12
-2.4 -8.4 1017.68
-2.4 -8.2 989.64
-2.4 -8 962
-2.4 -7.8 934.76
-2.4 -7.6 907.92
-2.4 -7.4 881.48
-2.4 -7.2 855.44
-2.4 -7 829.8
-2.4 -6.8 804.56
-2.4 -6.6 779.72
-2.4 -6.4 755.28
-2.4 -6.2 731.24
-2.4 -6 707.6
-2.4 -5.8 684.36
-2.4 -5.6 661.52
-2.4 -5.4 639.08
-2.4 -5.2 617.04
-2.4 -5 595.4
-2.4 -4.8 574.16
-2.4 -4.6 553.32
-2.4 -4.4 532.88
-2.4 -4.2 512.84
-2.4 -4 493.2
-2.4 -3.8 473.96
-2.4 -3.6 455.12
-2.4 -3.4 436.68
-2.4 -3.2 418.64
-2.4 -3 401
-2.4 -2.8 383.76
-2.4 -2.6 366.92
-2.4 -2.4 350.48
-2.4 -2.2 334.44
-2.4 -2 318.8
-2.4 -1.8 303.56
-2.4 -1.6 288.72
-2.4 -1.4 274.28
-2.4 -1.2 260.24
-2.4 -1 246.6
-2.4 -0.800000000000001 233.36
-2.4 -0.6 220.52
-2.4 -0.4 208.08
-2.4 -0.199999999999999 196.04
-2.4 0 184.4
-2.4 0.199999999999999 173.16
-2.4 0.4 162.32
-2.4 0.6 151.88
-2.4 0.800000000000001 141.84
-2.4 1 132.2
-2.4 1.2 122.96
-2.4 1.4 114.12
-2.4 1.6 105.68
-2.4 1.8 97.64
-2.4 2 90
-2.4 2.2 82.76
-2.4 2.4 75.92
-2.4 2.6 69.48
-2.4 2.8 63.44
-2.4 3 57.8
-2.4 3.2 52.56
-2.4 3.4 47.72
-2.4 3.6 43.28
-2.4 3.8 39.24
-2.4 4 35.6
-2.4 4.2 32.36
-2.4 4.4 29.52
-2.4 4.6 27.08
-2.4 4.8 25.04
-2.4 5 23.4
-2.4 5.2 22.16
-2.4 5.4 21.32
-2.4 5.6 20.88
-2.4 5.8 20.84
-2.4 6 21.2
-2.4 6.2 21.96
-2.4 6.4 23.12
-2.4 6.6 24.68
-2.4 6.8 26.64
-2.4 7 29
-2.4 7.2 31.76
-2.4 7.4 34.92
-2.4 7.6 38.48
-2.4 7.8 42.44
-2.4 8 46.8
-2.4 8.2 51.56
-2.4 8.4 56.72
-2.4 8.6 62.28
-2.4 8.8 68.24
-2.4 9 74.6
-2.4 9.2 81.36
-2.4 9.4 88.52
-2.4 9.6 96.0800000000001
-2.4 9.8 104.04
-2.4 10 112.4

-2.2 -10 1229
-2.2 -9.8 1198.08
-2.2 -9.6 1167.56
-2.2 -9.4 1137.44
-2.2 -9.2 1107.72
-2.2 -9 1078.4
-2.2 -8.8 1049.48
-2.2 -8.6 1020.96
-2.2 -8.4 992.84
-2.2 -8.2 965.12
-2.2 -8 937.8
-2.2 -7.8 910.88
-2.2 -7.6 884.36
-2.2 -7.4 858.24
-2.2 -7.2 832.52
-2.2 -7 807.2
-2.2 -6.8 782.28
-2.2 -6.6 757.76
-2.2 -6.4 733.64
-2.2 -6.2 709.92
-2.2 -6 686.6
-2.2 -5.8 663.68
-2.2 -5.6 641.16
-2.2 -5.4 619.04
-2.2 -5.2 597.32
-2.2 -5 576
-2.2 -4.8 555.08
-2.2 -4.6 534.56
-2.2 -4.4 514.44
-2.2 -4.2 494.72
-2.2 -4 475.4
-2.2 -3.8 456.48
-2.2 -3.6 437.96
-2.2 -3.4 419.84
-2.2 -3.2 402.12
-2.2 -3 384.8
-2.2 -2.8 367.88
-2.2 -2.6 351.36
-2.2 -2.4 335.24
-2.2 -2.2 319.52
-2.2 -2 304.2
-2.2 -1.8 289.28
-2.2 -1.6 274.76
-2.2 -1.4 260.64
-2.2 -1.2 246.92
-2.2 -1 233.6
-2.2 -0.800000000000001 220.68
-2.2 -0.6 208.16
-2.2 -0.4 196.04
-2.2 -0.199999999999999 184.32
-2.2 0 173
-2.2 0.199999999999999 162.08
-2.2 0.4 151.56
-2.2 0.6 141.44
-2.2 0.800000000000001 131.72
-2.2 1 122.4
-2.2 1.2 113.48
-2.2 1.4 104.96
-2.2 1.6 96.84
-2.2 1.8 89.12
-2.2 2 81.8
-2.2 2.2 74.88
-2.2 2.4 68.36
-2.2 2.6 62.24
-2.2 2.8 56.52
-2.2 3 51.2
-2.2 3.2 46.28
-2.2 3.4 41.76
-2.2 3.6 37.64
-2.2 3.8 33.92
-2.2 4 30.6
-2.2 4.2 27.68
-2.2 4.4 25.16
-2.2 4.6 23.04
-2.2 4.8 21.32
-2.2 5 20
-2.2 5.2 19.08
-2.2 5.4 18.56
-2.2 5.6 18.44
-2.2 5.8 18.72
-2.2 6 19.4
-2.2 6.2 20.48
-2.2 6.4 21.96
-2.2 6.6 23.84
-2.2 6.8 26.12
-2.2 7 28.8
-2.2 7.2 31.88
-2.2 7.4 35.36
-2.2 7.6 39.24
-2.2 7.8 43.52
-2.2 8 48.2
-2.2 8.2 53.28
-2.2 8.4 58.76
-2.2 8.6 64.6400000000001
-2.2 8.8 70.92
-2.2 9 77.6
-2.2 9.2 84.68
-2.2 9.4 92.16
-2.2 9.6 100.04
-2.2 9.8 108.32
-2.2 10 117

-2 -10 1202
-2 -9.8 1171.4
-2 -9.6 1141.2
-2 -9.4 1111.4
-2 -9.2 1082
-2 -9 1053
-2 -8.8 1024.4
-2 -8.6 996.2
-2 -8.4 968.4
-2 -8.2 941
-2 -8 914
-2 -7.8 887.4
-2 -7.6 861.2
-2 -7.4 835.4
-2 -7.2 810
-2 -7 785
-2 -6.8 760.4
-2 -6.6 736.2
-2 -6.4 712.4
-2 -6.2 689
-2 -6 666
-2 -5.8 643.4
-2 -5.6 621.2
-2 -5.4 599.4
-2 -5.2 578
-2 -5 557
-2 -4.8 536.4
-2 -4.6 516.2
-2 -4.4 496.4
-2 -4.2 477
-2 -4 458
-2 -3.8 439.4
-2 -3.6 421.2
-2 -3.4 403.4
-2 -3.2 386
-2 -3 369
-2 -2.8 352.4
-2 -2.6 336.2
-2 -2.4 320.4
-2 -2.2 305
-2 -2 290
-2 -1.8 275.4
-2 -1.6 261.2
-2 -1.4 247.4
-2 -1.2 234
-2 -1 221
-2 -0.800000000000001 208.4
-2 -0.6 196.2
-2 -0.4 184.4
-2 -0.199999999999999 173
-2 0 162
-2 0.199999999999999 151.4
-2 0.4 141.2
-2 0.6 131.4
-2 0.800000000000001 122
-2 1 113
-2 1.2 104.4
-2 1.4 96.2
-2 1.6 88.4
-2 1.8 81
-2 2 74
-2 2.2 67.4
-2 2.4 61.2
-2 2.6 55.4
-2 2.8 50
-2 3 45
-2 3.2 40.4
-2 3.4 36.2
-2 3.6 32.4
-2 3.8 29
-2 4 26
-2 4.2 23.4
-2 4.4 21.2
-2 4.6 19.4
-2 4.8 18
-2 5 17
-2 5.2 16.4
-2 5.4 16.2
-2 5.6 16.4
-2 5.8 17
-2 6 18
-2 6.2 19.4
-2 6.4 21.2
-2 6.6 23.4
-2 6.8 26
-2 7 29
-2 7.2 32.4
-2 7.4 36.2
-2 7.6 40.4
-2 7.8 45
-2 8 50
-2 8.2 55.4
-2 8.4 61.2
-2 8.6 67.4
-2 8.8 74
-2 9 81
-2 9.2 88.4
-2 9.4 96.1999999999999
-2 9.6 104.4
-2 9.8 113
-2 10 122

-1.8 -10 1175.4
-1.8 -9.8 1145.12
-1.8 -9.6 1115.24
-1.8 -9.4 1085.76
-1.8 -9.2 1056.68
-1.8 -9 1028
-1.8 -8.8 999.72
-1.8 -8.6 971.84
-1.8 -8.4 944.36
-1.8 -8.2 917.28
-1.8 -8 890.6
-1.8 -7.8 864.32
-1.8 -7.6 838.44
-1.8 -7.4 812.96
-1.8 -7.2 787.88
-1.8 -7 763.2
-1.8 -6.8 738.92
-1.8 -6.6 715.04
-1.8 -6.4 691.56
-1.8 -6.2 668.48
-1.8 -6 645.8
-1.8 -5.8 623.52
-1.8 -5.6 601.64
-1.8 -5.4 580.16
-1.8 -5.2 559.08
-1.8 -5 538.4
-1.8 -4.8 518.12
-1.8 -4.6 498.24
-1.8 -4.4 478.76
-1.8 -4.2 459.68
-1.8 -4 441
-1.8 -3.8 422.72
-1.8 -3.6 404.84
-1.8 -3.4 387.36
-1.8 -3.2 370.28
-1.8 -3 353.6
-1.8 -2.8 337.32
-1.8 -2.6 321.44
-1.8 -2.4 305.96
-1.8 -2.2 290.88
-1.8 -2 276.2
-1.8 -1.8 261.92
-1.8 -1.6 248.04
-1.8 -1.4 234.56
-1.8 -1.2 221.48
-1.8 -1 208.8
-1.8 -0.800000000000001 196.52
-1.8 -0.6 184.64
-1.8 -0.4 173.16
-1.8 -0.199999999999999 162.08
-1.8 0 151.4
-1.8 0.199999999999999 141.12
-1.8 0.4 131.24
-1.8 0.6 121.76
-1.8 0.800000000000001 112.68
-1.8 1 104
-1.8 1.2 95.7200000000001
-1.8 1.4 87.84
-1.8 1.6 80.36
-1.8 1.8 73.28
-1.8 2 66.6
-1.8 2.2 60.3200000000001
-1.8 2.4 54.44
-1.8 2.6 48.96
-1.8 2.8 43.88
-1.8 3 39.2
-1.8 3.2 34.92
-1.8 3.4 31.04
-1.8 3.6 27.56
-1.8 3.8 24.48
-1.8 4 21.8
-1.8 4.2 19.52
-1.8 4.4 17.64
-1.8 4.6 16.16
-1.8 4.8 15.08
-1.8 5 14.4
-1.8 5.2 14.12
-1.8 5.4 14.24
-1.8 5.6 14.76
-1.8 5.8 15.68
-1.8 6 17
-1.8 6.2 18.72
-1.8 6.4 20.84
-1.8 6.6 23.36
-1.8 6.8 26.28
-1.8 7 29.6
-1.8 7.2 33.32
-1.8 7.4 37.44
-1.8 7.6 41.96
-1.8 7.8 46.88
-1.8 8 52.2
-1.8 8.2 57.92
-1.8 8.4 64.0399999999999
-1.8 8.6 70.56
-1.8 8.8 77.48
-1.8 9 84.8
-1.8 9.2 92.52
-1.8 9.4 100.64
-1.8 9.6 109.16
-1.8 9.8 118.08
-1.8 10 127.4

-1.6 -10 1149.2
-1.6 -9.8 1119.24
-1.6 -9.6 1089.68
-1.6 -9.4 1060.52
-1.6 -9.2 1031.76
-1.6 -9 1003.4
-1.6 -8.8 975.44
-1.6 -8.6 947.88
-1.6 -8.4 920.72
-1.6 -8.2 893.96
-1.6 -8 867.6
-1.6 -7.8 841.64
-1.6 -7.6 816.08
-1.6 -7.4 790.92
-1.6 -7.2 766.16
-1.6 -7 741.8
-1.6 -6.8 717.84
-1.6 -6.6 694.28
-1.6 -6.4 671.12
-1.6 -6.2 648.36
-1.6 -6 626
-1.6 -5.8 604.04
-1.6 -5.6 582.48
-1.6 -5.4 561.32
-1.6 -5.2 540.56
-1.6 -5 520.2
-1.6 -4.8 500.24
-1.6 -4.6 480.68
-1.6 -4.4 461.52
-1.6 -4.2 442.76
-1.6 -4 424.4
-1.6 -3.8 406.44
-1.6 -3.6 388.88
-1.6 -3.4 371.72
-1.6 -3.2 354.96
-1.6 -3 338.6
-1.6 -2.8 322.64
-1.6 -2.6 307.08
-1.6 -2.4 291.92
-1.6 -2.2 277.16
-1.6 -2 262.8
-1.6 -1.8 248.84
-1.6 -1.6 235.28
-1.6 -1.4 222.12
-1.6 -1.2 209.36
-1.6 -1 197
-1.6 -0.800000000000001 185.04
-1.6 -0.6 173.48
-1.6 -0.4 162.32
-1.6 -0.199999999999999 151.56
-1.6 0 141.2
-1.6 0.199999999999999 131.24
-1.6 0.4 121.68
-1.6 0.6 112.52
-1.6 0.800000000000001 103.76
-1.6 1 95.4
-1.6 1.2 87.44
-1.6 1.4 79.88
-1.6 1.6 72.72
-1.6 1.8 65.96
-1.6 2 59.6
-1.6 2.2 53.64
-1.6 2.4 48.08
-1.6 2.6 42.92
-1.6 2.8 38.16
-1.6 3 33.8
-1.6 3.2 29.84
-1.6 3.4 26.28
-1.6 3.6 23.12
-1.6 3.8 20.36
-1.6 4 18
-1.6 4.2 16.04
-1.6 4.4 14.48
-1.6 4.6 13.32
-1.6 4.8 12.56
-1.6 5 12.2
-1.6 5.2 12.24
-1.6 5.4 12.68
-1.6 5.6 13.52
-1.6 5.8 14.76
-1.6 6 16.4
-1.6 6.2 18.44
-1.6 6.4 20.88
-1.6 6.6 23.72
-1.6 6.8 26.96
-1.6 7 30.6
-1.6 7.2 34.64
-1.6 7.4 39.08
-1.6 7.6 43.92
-1.6 7.8 49.16
-1.6 8 54.8
-1.6 8.2 60.84
-1.6 8.4 67.28
-1.6 8.6 74.12
-1.6 8.8 81.36
-1.6 9 89
-1.6 9.2 97.0399999999999
-1.6 9.4 105.48
-1.6 9.6 114.32
-1.6 9.8 123.56
-1.6 10 133.2

-1.4 -10 1123.4
-1.4 -9.8 1093.76
-1.4 -9.6 1064.52
-1.4 -9.4 1035.68
-1.4 -9.2 1007.24
-1.4 -9 979.2
-1.4 -8.8 951.56
-1.4 -8.6 924.32
-1.4 -8.4 897.48
-1.4 -8.2 871.04
-1.4 -8 845
-1.4 -7.8 819.36
-1.4 -7.6 794.12
-1.4 -7.4 769.28
-1.4 -7.2 744.84
-1.4 -7 720.8
-1.4 -6.8 697.16
-1.4 -6.6 673.92
-1.4 -6.4 651.08
-1.4 -6.2 628.64
-1.4 -6 606.6
-1.4 -5.8 584.96
-1.4 -5.6 563.72
-1.4 -5.4 542.88
-1.4 -5.2 522.44
-1.4 -5 502.4
-1.4 -4.8 482.76
-1.4 -4.6 463.52
-1.4 -4.4 444.68
-1.4 -4.2 426.24
-1.4 -4 408.2
-1.4 -3.8 390.56
-1.4 -3.6 373.32
-1.4 -3.4 356.48
-1.4 -3.2 340.04
-1.4 -3 324
-1.4 -2.8 308.36
-1.4 -2.6 293.12
-1.4 -2.4 278.28
-1.4 -2.2 263.84
-1.4 -2 249.8
-1.4 -1.8 236.16
-1.4 -1.6 222.92
-1.4 -1.4 210.08
-1.4 -1.2 197.64
-1.4 -1 185.6
-1.4 -0.800000000000001 173.96
-1.4 -0.6 162.72
-1.4 -0.4 151.88
-1.4 -0.199999999999999 141.44
-1.4 0 131.4
-1.4 0.199999999999999 121.76
-1.4 0.4 112.52
-1.4 0.6 103.68
-1.4 0.800000000000001 95.24
-1.4 1 87.2
-1.4 1.2 79.56
-1.4 1.4 72.32
-1.4 1.6 65.48
-1.4 1.8 59.04
-1.4 2 53
-1.4 2.2 47.36
-1.4 2.4 42.12
-1.4 2.6 37.28
-1.4 2.8 32.84
-1.4 3 28.8
-1.4 3.2 25.16
-1.4 3.4 21.92
-1.4 3.6 19.08
-1.4 3.8 16.64
-1.4 4 14.6
-1.4 4.2 12.96
-1.4 4.4 11.72
-1.4 4.6 10.88
-1.4 4.8 10.44
-1.4 5 10.4
-1.4 5.2 10.76
-1.4 5.4 11.52
-1.4 5.6 12.68
-1.4 5.8 14.24
-1.4 6 16.2
-1.4 6.2 18.56
-1.4 6.4 21.32
-1.4 6.6 24.48
-1.4 6.8 28.04
-1.4 7 32
-1.4 7.2 36.36
-1.4 7.4 41.12
-1.4 7.6 46.28
-1.4 7.8 51.84
-1.4 8 57.8
-1.4 8.2 64.16
-1.4 8.4 70.9199999999999
-1.4 8.6 78.08
-1.4 8.8 85.6400000000001
-1.4 9 93.6
-1.4 9.2 101.96
-1.4 9.4 110.72
-1.4 9.6 119.88
-1.4 9.8 129.44
-1.4 10 139.4

-1.2 -10 1098
-1.2 -9.8 1068.68
-1.2 -9.6 1039.76
-1.2 -9.4 1011.24
-1.2 -9.2 983.12
-1.2 -9 955.4
-1.2 -8.8 928.08
-1.2 -8.6 901.16
-1.2 -8.4 874.64
-1.2 -8.2 848.52
-1.2 -8 822.8
-1.2 -7.8 797.48
-1.2 -7.6 772.56
-1.2 -7.4 748.04
-1.2 -7.2 723.92
-1.2 -7 700.2
-1.2 -6.8 676.88
-1.2 -6.6 653.96
-1.2 -6.4 631.44
-1.2 -6.2 609.32
-1.2 -6 587.6
-1.2 -5.8 566.28
-1.2 -5.6 545.36
-1.2 -5.4 524.84
-1.2 -5.2 504.72
-1.2 -5 485
-1.2 -4.8 465.68
-1.2 -4.6 446.76
-1.2 -4.4 428.24
-1.2 -4.2 410.12
-1.2 -4 392.4
-1.2 -3.8 375.08
-1.2 -3.6 358.16
-1.2 -3.4 341.64
-1.2 -3.2 325.52
-1.2 -3 309.8
-1.2 -2.8 294.48
-1.2 -2.6 279.56
-1.2 -2.4 265.04
-1.2 -2.2 250.92
-1.2 -2 237.2
-1.2 -1.8 223.88
-1.2 -1.6 210.96
-1.2 -1.4 198.44
-1.2 -1.2 186.32
-1.2 -1 174.6
-1.2 -0.800000000000001 163.28
-1.2 -0.6 152.36
-1.2 -0.4 141.84
-1.2 -0.199999999999999 131.72
-1.2 0 122
-1.2 0.199999999999999 112.68
-1.2 0.4 103.76
-1.2 0.6 95.24
-1.2 0.800000000000001 87.1199999999999
-1.2 1 79.4
-1.2 1.2 72.08
-1.2 1.4 65.16
-1.2 1.6 58.64
-1.2 1.8 52.52
-1.2 2 46.8
-1.2 2.2 41.48
-1.2 2.4 36.56
-1.2 2.6 32.04
-1.2 2.8 27.92
-1.2 3 24.2
-1.2 3.2 20.88
-1.2 3.4 17.96
-1.2 3.6 15.44
-1.2 3.8 13.32
-1.2 4 11.6
-1.2 4.2 10.28
-1.2 4.4 9.35999999999999
-1.2 4.6 8.83999999999999
-1.2 4.8 8.72
-1.2 5 9
-1.2 5.2 9.67999999999999
-1.2 5.4 10.76
-1.2 5.6 12.24
-1.2 5.8 14.12
-1.2 6 16.4
-1.2 6.2 19.08
-1.2 6.4 22.16
-1.2 6.6 25.64
-1.2 6.8 29.52
-1.2 7 33.8
-1.2 7.2 38.48
-1.2 7.4 43.56
-1.2 7.6 49.04
-1.2 7.8 54.92
-1.2 8 61.2
-1.2 8.2 67.88
-1.2 8.4 74.96
-1.2 8.6 82.4400000000001
-1.2 8.8 90.3200000000001
-1.2 9 98.6
-1.2 9.2 107.28
-1.2 9.4 116.36
-1.2 9.6 125.84
-1.2 9.8 135.72
-1.2 10 146

-1 -10 1073
-1 -9.8 1044
-1 -9.6 1015.4
-1 -9.4 987.2
-1 -9.2 959.4
-1 -9 932
-1 -8.8 905
-1 -8.6 878.4
-1 -8.4 852.2
-1 -8.2 826.4
-1 -8 801
-1 -7.8 776
-1 -7.6 751.4
-1 -7.4 727.2
-1 -7.2 703.4
-1 -7 680
-1 -6.8 657
-1 -6.6 634.4
-1 -6.4 612.2
-1 -6.2 590.4
-1 -6 569
-1 -5.8 548
-1 -5.6 527.4
-1 -5.4 507.2
-1 -5.2 487.4
-1 -5 468
-1 -4.8 449
-1 -4.6 430.4
-1 -4.4 412.2
-1 -4.2 394.4
-1 -4 377
-1 -3.8 360
-1 -3.6 343.4
-1 -3.4 327.2
-1 -3.2 311.4
-1 -3 296
-1 -2.8 281
-1 -2.6 266.4
-1 -2.4 252.2
-1 -2.2 238.4
-1 -2 225
-1 -1.8 212
-1 -1.6 199.4
-1 -1.4 187.2
-1 -1.2 175.4
-1 -1 164
-1 -0.800000000000001 153
-1 -0.6 142.4
-1 -0.4 132.2
-1 -0.199999999999999 122.4
-1 0 113
-1 0.199999999999999 104
-1 0.4 95.4
-1 0.6 87.2
-1 0.800000000000001 79.4
-1 1 72
-1 1.2 65
-1 1.4 58.4
-1 1.6 52.2
-1 1.8 46.4
-1 2 41
-1 2.2 36
-1 2.4 31.4
-1 2.6 27.2
-1 2.8 23.4
-1 3 20
-1 3.2 17
-1 3.4 14.4
-1 3.6 12.2
-1 3.8 10.4
-1 4 9
-1 4.2 8
-1 4.4 7.4
-1 4.6 7.2
-1 4.8 7.4
-1 5 8
-1 5.2 9
-1 5.4 10.4
-1 5.6 12.2
-1 5.8 14.4
-1 6 17
-1 6.2 20
-1 6.4 23.4
-1 6.6 27.2
-1 6.8 31.4
-1 7 36
-1 7.2 41
-1 7.4 46.4
-1 7.6 52.2
-1 7.8 58.4
-1 8 65
-1 8.2 72
-1 8.4 79.3999999999999
-1 8.6 87.2000000000001
-1 8.8 95.4
-1 9 104
-1 9.2 113
-1 9.4 122.4
-1 9.6 132.2
-1 9.8 142.4
-1 10 153

-0.800000000000001 -10 1048.4
-0.800000000000001 -9.8 1019.72
-0.800000000000001 -9.6 991.44
-0.800000000000001 -9.4 963.56
-0.800000000000001 -9.2 936.08
-0.800000000000001 -9 909
-0.800000000000001 -8.8 882.32
-0.800000000000001 -8.6 856.04
-0.800000000000001 -8.4 830.16
-0.800000000000001 -8.2 804.68
-0.800000000000001 -8 779.6
-0.800000000000001 -7.8 754.92
-0.800000000000001 -7.6 730.64
-0.800000000000001 -7.4 706.76
-0.800000000000001 -7.2 683.28
-0.800000000000001 -7 660.2
-0.800000000000001 -6.8 637.52
-0.800000000000001 -6.6 615.24
-0.800000000000001 -6.4 593.36
-0.800000000000001 -6.2 571.88
-0.800000000000001 -6 550.8
-0.800000000000001 -5.8 530.12
-0.800000000000001 -5.6 509.84
-0.800000000000001 -5.4 489.96
-0.800000000000001 -5.2 470.48
-0.800000000000001 -5 451.4
-0.800000000000001 -4.8 432.72
-0.800000000000001 -4.6 414.44
-0.800000000000001 -4.4 396.56
-0.800000000000001 -4.2 379.08
-0.800000000000001 -4 362
-0.800000000000001 -3.8 345.32
-0.800000000000001 -3.6 329.04
-0.800000000000001 -3.4 313.16
-0.800000000000001 -3.2 297.68
-0.800000000000001 -3 282.6
-0.800000000000001 -2.8 267.92
-0.800000000000001 -2.6 253.64
-0.800000000000001 -2.4 239.76
-0.800000000000001 -2.2 226.28
-0.800000000000001 -2 213.2
-0.800000000000001 -1.8 200.52
-0.800000000000001 -1.6 188.24
-0.800000000000001 -1.4 176.36
-0.800000000000001 -1.2 164.88
-0.800000000000001 -1 153.8
-0.800000000000001 -0.800000000000001 143.12
-0.800000000000001 -0.6 132.84
-0.800000000000001 -0.4 122.96
-0.800000000000001 -0.199999999999999 113.48
-0.800000000000001 0 104.4
-0.800000000000001 0.199999999999999 95.7200000000001
-0.800000000000001 0.4 87.44
-0.800000000000001 0.6 79.56
-0.800000000000001 0.800000000000001 72.08
-0.800000000000001 1 65
-0.800000000000001 1.2 58.32
-0.800000000000001 1.4 52.04
-0.800000000000001 1.6 46.16
-0.800000000000001 1.8 40.68
-0.800000000000001 2 35.6
-0.800000000000001 2.2 30.92
-0.800000000000001 2.4 26.64
-0.800000000000001 2.6 22.76
-0.800000000000001 2.8 19.28
-0.800000000000001 3 16.2
-0.800000000000001 3.2 13.52
-0.800000000000001 3.4 11.24
-0.800000000000001 3.6 9.36000000000001
-0.800000000000001 3.8 7.88
-0.800000000000001 4 6.80000000000001
-0.800000000000001 4.2 6.12000000000001
-0.800000000000001 4.4 5.84
-0.800000000000001 4.6 5.96
-0.800000000000001 4.8 6.48
-0.800000000000001 5 7.4
-0.800000000000001 5.2 8.72
-0.800000000000001 5.4 10.44
-0.800000000000001 5.6 12.56
-0.800000000000001 5.8 15.08
-0.800000000000001 6 18
-0.800000000000001 6.2 21.32
-0.800000000000001 6.4 25.04
-0.800000000000001 6.6 29.16
-0.800000000000001 6.8 33.68
-0.800000000000001 7 38.6
-0.800000000000001 7.2 43.92
-0.800000000000001 7.4 49.6399999999999
-0.800000000000001 7.6 55.76
-0.800000000000001 7.8 62.28
-0.800000000000001 8 69.2
-0.800000000000001 8.2 76.52
-0.800000000000001 8.4 84.2399999999999
-0.800000000000001 8.6 92.36
-0.800000000000001 8.8 100.88
-0.800000000000001 9 109.8
-0.800000000000001 9.2 119.12
-0.800000000000001 9.4 128.84
-0.800000000000001 9.6 138.96
-0.800000000000001 9.8 149.48
-0.800000000000001 10 160.4

-0.6 -10 1024.2
-0.6 -9.8 995.84
-0.6 -9.6 967.88
-0.6 -9.4 940.32
-0.6 -9.2 913.16
-0.6 -9 886.4
-0.6 -8.8 860.04
-0.6 -8.6 834.08
-0.6 -8.4 808.52
-0.6 -8.2 783.36
-0.6 -8 758.6
-0.6 -7.8 734.24
-0.6 -7.6 710.28
-0.6 -7.4 686.72
-0.6 -7.2 663.56
-0.6 -7 640.8
-0.6 -6.8 618.44
-0.6 -6.6 596.48
-0.6 -6.4 574.92
-0.6 -6.2 553.76
-0.6 -6 533
-0.6 -5.8 512.64
-0.6 -5.6 492.68
-0.6 -5.4 473.12
-0.6 -5.2 453.96
-0.6 -5 435.2
-0.6 -4.8 416.84
-0.6 -4.6 398.88
-0.6 -4.4 381.32
-0.6 -4.2 364.16
-0.6 -4 347.4
-0.6 -3.8 331.04
-0.6 -3.6 315.08
-0.6 -3.4 299.52
-0.6 -3.2 284.36
-0.6 -3 269.6
-0.6 -2.8 255.24
-0.6 -2.6 241.28
-0.6 -2.4 227.72
-0.6 -2.2 214.56
-0.6 -2 201.8
-0.6 -1.8 189.44
-0.6 -1.6 177.48
-0.6 -1.4 165.92
-0.6 -1.2 154.76
-0.6 -1 144
-0.6 -0.800000000000001 133.64
-0.6 -0.6 123.68
-0.6 -0.4 114.12
-0.6 -0.199999999999999 104.96
-0.6 0 96.2
-0.6 0.199999999999999 87.84
-0.6 0.4 79.88
-0.6 0.6 72.32
-0.6 0.800000000000001 65.16
-0.6 1 58.4
-0.6 1.2 52.04
-0.6 1.4 46.08
-0.6 1.6 40.52
-0.6 1.8 35.36
-0.6 2 30.6
-0.6 2.2 26.24
-0.6 2.4 22.28
-0.6 2.6 18.72
-0.6 2.8 15.56
-0.6 3 12.8
-0.6 3.2 10.44
-0.6 3.4 8.47999999999999
-0.6 3.6 6.92
-0.6 3.8 5.75999999999999
-0.6 4 5
-0.6 4.2 4.64
-0.6 4.4 4.68
-0.6 4.6 5.12
-0.6 4.8 5.96
-0.6 5 7.2
-0.6 5.2 8.83999999999999
-0.6 5.4 10.88
-0.6 5.6 13.32
-0.6 5.8 16.16
-0.6 6 19.4
-0.6 6.2 23.04
-0.6 6.4 27.08
-0.6 6.6 31.52
-0.6 6.8 36.36
-0.6 7 41.6
-0.6 7.2 47.24
-0.6 7.4 53.28
-0.6 7.6 59.7200000000001
-0.6 7.8 66.56
-0.6 8 73.8
-0.6 8.2 81.44
-0.6 8.4 89.4799999999999
-0.6 8.6 97.92
-0.6 8.8 106.76
-0.6 9 116
-0.6 9.2 125.64
-0.6 9.4 135.68
-0.6 9.6 146.12
-0.6 9.8 156.96
-0.6 10 168.2

-0.4 -10 1000.4
-0.4 -9.8 972.36
-0.4 -9.6 944.72
-0.4 -9.4 917.48
-0.4 -9.2 890.64
-0.4 -9 864.2
-0.4 -8.8 838.16
-0.4 -8.6 812.52
-0.4 -8.4 787.28
-0.4 -8.2 762.44
-0.4 -8 738
-0.4 -7.8 713.96
-0.4 -7.6 690.32
-0.4 -7.4 667.08
-0.4 -7.2 644.24
-0.4 -7 621.8
-0.4 -6.8 599.76
-0.4 -6.6 578.12
-0.4 -6.4 556.88
-0.4 -6.2 536.04
-0.4 -6 515.6
-0.4 -5.8 495.56
-0.4 -5.6 475.92
-0.4 -5.4 456.68
-0.4 -5.2 437.84
-0.4 -5 419.4
-0.4 -4.8 401.36
-0.4 -4.6 383.72
-0.4 -4.4 366.48
-0.4 -4.2 349.64
-0.4 -4 333.2
-0.4 -3.8 317.16
-0.4 -3.6 301.52
-0.4 -3.4 286.28
-0.4 -3.2 271.44
-0.4 -3 257
-0.4 -2.8 242.96
-0.4 -2.6 229.32
-0.4 -2.4 216.08
-0.4 -2.2 203.24
-0.4 -2 190.8
-0.4 -1.8 178.76
-0.4 -1.6 167.12
-0.4 -1.4 155.88
-0.4 -1.2 145.04
-0.4 -1 134.6
-0.4 -0.800000000000001 124.56
-0.4 -0.6 114.92
-0.4 -0.4 105.68
-0.4 -0.199999999999999 96.84
-0.4 0 88.4
-0.4 0.199999999999999 80.36
-0.4 0.4 72.72
-0.4 0.6 65.48
-0.4 0.800000000000001 58.64
-0.4 1 52.2
-0.4 1.2 46.16
-0.4 1.4 40.52
-0.4 1.6 35.28
-0.4 1.8 30.44
-0.4 2 26
-0.4 2.2 21.96
-0.4 2.4 18.32
-0.4 2.6 15.08
-0.4 2.8 12.24
-0.4 3 9.80000000000001
-0.4 3.2 7.76000000000001
-0.4 3.4 6.12
-0.4 3.6 4.88
-0.4 3.8 4.04
-0.4 4 3.6
-0.4 4.2 3.56
-0.4 4.4 3.92
-0.4 4.6 4.68
-0.4 4.8 5.84
-0.4 5 7.4
-0.4 5.2 9.35999999999999
-0.4 5.4 11.72
-0.4 5.6 14.48
-0.4 5.8 17.64
-0.4 6 21.2
-0.4 6.2 25.16
-0.4 6.4 29.52
-0.4 6.6 34.28
-0.4 6.8 39.44
-0.4 7 45
-0.4 7.2 50.96
-0.4 7.4 57.32
-0.4 7.6 64.08
-0.4 7.8 71.24
-0.4 8 78.8
-0.4 8.2 86.76
-0.4 8.4 95.12
-0.4 8.6 103.88
-0.4 8.8 113.04
-0.4 9 122.6
-0.4 9.2 132.56
-0.4 9.4 142.92
-0.4 9.6 153.68
-0.4 9.8 164.84
-0.4 10 176.4

-0.199999999999999 -10 977
-0.199999999999999 -9.8 949.28
-0.199999999999999 -9.6 921.96
-0.199999999999999 -9.4 895.04
-0.199999999999999 -9.2 868.52
-0.199999999999999 -9 842.4
-0.199999999999999 -8.8 816.68
-0.199999999999999 -8.6 791.36
-0.199999999999999 -8.4 766.44
-0.199999999999999 -8.2 741.92
-0.199999999999999 -8 717.8
-0.199999999999999 -7.8 694.08
-0.199999999999999 -7.6 670.76
-0.199999999999999 -7.4 647.84
-0.199999999999999 -7.2 625.32
-0.199999999999999 -7 603.2
-0.199999999999999 -6.8 581.48
-0.199999999999999 -6.6 560.16
-0.199999999999999 -6.4 539.24
-0.199999999999999 -6.2 518.72
-0.199999999999999 -6 498.6
-0.199999999999999 -5.8 478.88
-0.199999999999999 -5.6 459.56
-0.199999999999999 -5.4 440.64
-0.199999999999999 -5.2 422.12
-0.199999999999999 -5 404
-0.199999999999999 -4.8 386.28
-0.199999999999999 -4.6 368.96
-0.199999999999999 -4.4 352.04
-0.199999999999999 -4.2 335.52
-0.199999999999999 -4 319.4
-0.199999999999999 -3.8 303.68
-0.199999999999999 -3.6 288.36
-0.199999999999999 -3.4 273.44
-0.199999999999999 -3.2 258.92
-0.199999999999999 -3 244.8
-0.199999999999999 -2.8 231.08
-0.199999999999999 -2.6 217.76
-0.199999999999999 -2.4 204.84
-0.199999999999999 -2.2 192.32
-0.199999999999999 -2 180.2
-0.199999999999999 -1.8 168.48
-0.199999999999999 -1.6 157.16
-0.199999999999999 -1.4 146.24
-0.199999999999999 -1.2 135.72
-0.199999999999999 -1 125.6
-0.199999999999999 -0.800000000000001 115.88
-0.199999999999999 -0.6 106.56
-0.199999999999999 -0.4 97.64
-0.199999999999999 -0.199999999999999 89.1199999999999
-0.199999999999999 0 81
-0.199999999999999 0.199999999999999 73.28
-0.199999999999999 0.4 65.96
-0.199999999999999 0.6 59.04
-0.199999999999999 0.800000000000001 52.52
-0.199999999999999 1 46.4
-0.199999999999999 1.2 40.68
-0.199999999999999 1.4 35.36
-0.199999999999999 1.6 30.44
-0.199999999999999 1.8 25.92
-0.199999999999999 2 21.8
-0.199999999999999 2.2 18.08
-0.199999999999999 2.4 14.76
-0.199999999999999 2.6 11.84
-0.199999999999999 2.8 9.31999999999998
-0.199999999999999 3 7.19999999999999
-0.199999999999999 3.2 5.48
-0.199999999999999 3.4 4.15999999999999
-0.199999999999999 3.6 3.24
-0.199999999999999 3.8 2.72
-0.199999999999999 4 2.6
-0.199999999999999 4.2 2.88
-0.199999999999999 4.4 3.56
-0.199999999999999 4.6 4.64
-0.199999999999999 4.8 6.12000000000001
-0.199999999999999 5 8
-0.199999999999999 5.2 10.28
-0.199999999999999 5.4 12.96
-0.199999999999999 5.6 16.04
-0.199999999999999 5.8 19.52
-0.199999999999999 6 23.4
-0.199999999999999 6.2 27.68
-0.199999999999999 6.4 32.36
-0.199999999999999 6.6 37.44
-0.199999999999999 6.8 42.92
-0.199999999999999 7 48.8
-0.199999999999999 7.2 55.08
-0.199999999999999 7.4 61.76
-0.199999999999999 7.6 68.8400000000001
-0.199999999999999 7.8 76.32
-0.199999999999999 8 84.2
-0.199999999999999 8.2 92.48
-0.199999999999999 8.4 101.16
-0.199999999999999 8.6 110.24
-0.199999999999999 8.8 119.72
-0.199999999999999 9 129.6
-0.199999999999999 9.2 139.88
-0.199999999999999 9.4 150.56
-0.199999999999999 9.6 161.64
-0.199999999999999 9.8 173.12
-0.199999999999999 10 185

0 -10 954
0 -9.8 926.6
0 -9.6 899.6
0 -9.4 873
0 -9.2 846.8
0 -9 821
0 -8.8 795.6
0 -8.6 770.6
0 -8.4 746
0 -8.2 721.8
0 -8 698
0 -7.8 674.6
0 -7.6 651.6
0 -7.4 629
0 -7.2 606.8
0 -7 585
0 -6.8 563.6
0 -6.6 542.6
0 -6.4 522
0 -6.2 501.8
0 -6 482
0 -5.8 462.6
0 -5.6 443.6
0 -5.4 425
0 -5.2 406.8
0 -5 389
0 -4.8 371.6
0 -4.6 354.6
0 -4.4 338
0 -4.2 321.8
0 -4 306
0 -3.8 290.6
0 -3.6 275.6
0 -3.4 261
0 -3.2 246.8
0 -3 233
0 -2.8 219.6
0 -2.6 206.6
0 -2.4 194
0 -2.2 181.8
0 -2 170
0 -1.8 158.6
0 -1.6 147.6
0 -1.4 137
0 -1.2 126.8
0 -1 117
0 -0.800000000000001 107.6
0 -0.6 98.6
0 -0.4 90
0 -0.199999999999999 81.8
0 0 74
0 0.199999999999999 66.6
0 0.4 59.6
0 0.6 53
0 0.800000000000001 46.8
0 1 41
0 1.2 35.6
0 1.4 30.6
0 1.6 26
0 1.8 21.8
0 2 18
0 2.2 14.6
0 2.4 11.6
0 2.6 9
0 2.8 6.79999999999999
0 3 5
0 3.2 3.6
0 3.4 2.6
0 3.6 2
0 3.8 1.8
0 4 2
0 4.2 2.6
0 4.4 3.6
0 4.6 5
0 4.8 6.80000000000001
0 5 9
0 5.2 11.6
0 5.4 14.6
0 5.6 18
0 5.8 21.8
0 6 26
0 6.2 30.6
0 6.4 35.6
0 6.6 41
0 6.8 46.8
0 7 53
0 7.2 59.6
0 7.4 66.6
0 7.6 74.0000000000001
0 7.8 81.8
0 8 90
0 8.2 98.6
0 8.4 107.6
0 8.6 117
0 8.8 126.8
0 9 137
0 9.2 147.6
0 9.4 158.6
0 9.6 170
0 9.8 181.8
0 10 194

0.199999999999999 -10 931.4
0.199999999999999 -9.8 904.32
0.199999999999999 -9.6 877.64
0.199999999999999 -9.4 851.36
0.199999999999999 -9.2 825.48
0.199999999999999 -9 800
0.199999999999999 -8.8 774.92
0.199999999999999 -8.6 750.24
0.199999999999999 -8.4 725.96
0.199999999999999 -8.2 702.08
0.199999999999999 -8 678.6
0.199999999999999 -7.8 655.52
0.199999999999999 -7.6 632.84
0.199999999999999 -7.4 610.56
0.199999999999999 -7.2 588.68
0.199999999999999 -7 567.2
0.199999999999999 -6.8 546.12
0.199999999999999 -6.6 525.44
0.199999999999999 -6.4 505.16
0.199999999999999 -6.2 485.28
0.199999999999999 -6 465.8
0.199999999999999 -5.8 446.72
0.199999999999999 -5.6 428.04
0.199999999999999 -5.4 409.76
0.199999999999999 -5.2 391.88
0.199999999999999 -5 374.4
0.199999999999999 -4.8 357.32
0.199999999999999 -4.6 340.64
0.199999999999999 -4.4 324.36
0.199999999999999 -4.2 308.48
0.199999999999999 -4 293
0.199999999999999 -3.8 277.92
0.199999999999999 -3.6 263.24
0.199999999999999 -3.4 248.96
0.199999999999999 -3.2 235.08
0.199999999999999 -3 221.6
0.199999999999999 -2.8 208.52
0.199999999999999 -2.6 195.84
0.199999999999999 -2.4 183.56
0.199999999999999 -2.2 171.68
0.199999999999999 -2 160.2
0.199999999999999 -1.8 149.12
0.199999999999999 -1.6 138.44
0.199999999999999 -1.4 128.16
0.199999999999999 -1.2 118.28
0.199999999999999 -1 108.8
0.199999999999999 -0.800000000000001 99.7200000000001
0.199999999999999 -0.6 91.04
0.199999999999999 -0.4 82.76
0.199999999999999 -0.199999999999999 74.88
0.199999999999999 0 67.4
0.199999999999999 0.199999999999999 60.3200000000001
0.199999999999999 0.4 53.64
0.199999999999999 0.6 47.36
0.199999999999999 0.800000000000001 41.48
0.199999999999999 1 36
0.199999999999999 1.2 30.92
0.199999999999999 1.4 26.24
0.199999999999999 1.6 21.96
0.199999999999999 1.8 18.08
0.199999999999999 2 14.6
0.199999999999999 2.2 11.52
0.199999999999999 2.4 8.84
0.199999999999999 2.6 6.56000000000001
0.199999999999999 2.8 4.68
0.199999999999999 3 3.20000000000001
0.199999999999999 3.2 2.12000000000001
0.199999999999999 3.4 1.44
0.199999999999999 3.6 1.16
0.199999999999999 3.8 1.28
0.199999999999999 4 1.8
0.199999999999999 4.2 2.72
0.199999999999999 4.4 4.04
0.199999999999999 4.6 5.75999999999999
0.199999999999999 4.8 7.88
0.199999999999999 5 10.4
0.199999999999999 5.2 13.32
0.199999999999999 5.4 16.64
0.199999999999999 5.6 20.36
0.199999999999999 5.8 24.48
0.199999999999999 6 29
0.199999999999999 6.2 33.92
0.199999999999999 6.4 39.2399999999999
0.199999999999999 6.6 44.96
0.199999999999999 6.8 51.08
0.199999999999999 7 57.6
0.199999999999999 7.2 64.52
0.199999999999999 7.4 71.8399999999999
0.199999999999999 7.6 79.56
0.199999999999999 7.8 87.68
0.199999999999999 8 96.2
0.199999999999999 8.2 105.12
0.199999999999999 8.4 114.44
0.199999999999999 8.6 124.16
0.199999999999999 8.8 134.28
0.199999999999999 9 144.8
0.199999999999999 9.2 155.72
0.199999999999999 9.4 167.04
0.199999999999999 9.6 178.76
0.199999999999999 9.8 190.88
0.199999999999999 10 203.4

0.4 -10 909.2
0.4 -9.8 882.44
0.4 -9.6 856.08
0.4 -9.4 830.12
0.4 -9.2 804.56
0.4 -9 779.4
0.4 -8.8 754.64
0.4 -8.6 730.28
0.4 -8.4 706.32
0.4 -8.2 682.76
0.4 -8 659.6
0.4 -7.8 636.84
0.4 -7.6 614.48
0.4 -7.4 592.52
0.4 -7.2 570.96
0.4 -7 549.8
0.4 -6.8 529.04
0.4 -6.6 508.68
0.4 -6.4 488.72
0.4 -6.2 469.16
0.4 -6 450
0.4 -5.8 431.24
0.4 -5.6 412.88
0.4 -5.4 394.92
0.4 -5.2 377.36
0.4 -5 360.2
0.4 -4.8 343.44
0.4 -4.6 327.08
0.4 -4.4 311.12
0.4 -4.2 295.56
0.4 -4 280.4
0.4 -3.8 265.64
0.4 -3.6 251.28
0.4 -3.4 237.32
0.4 -3.2 223.76
0.4 -3 210.6
0.4 -2.8 197.84
0.4 -2.6 185.48
0.4 -2.4 173.52
0.4 -2.2 161.96
0.4 -2 150.8
0.4 -1.8 140.04
0.4 -1.6 129.68
0.4 -1.4 119.72
0.4 -1.2 110.16
0.4 -1 101
0.4 -0.800000000000001 92.24
0.4 -0.6 83.88
0.4 -0.4 75.92
0.4 -0.199999999999999 68.36
0.4 0 61.2
0.4 0.199999999999999 54.44
0.4 0.4 48.08
0.4 0.6 42.12
0.4 0.800000000000001 36.56
0.4 1 31.4
0.4 1.2 26.64
0.4 1.4 22.28
0.4 1.6 18.32
0.4 1.8 14.76
0.4 2 11.6
0.4 2.2 8.84
0.4 2.4 6.47999999999999
0.4 2.6 4.52
0.4 2.8 2.95999999999999
0.4 3 1.8
0.4 3.2 1.04
0.4 3.4 0.679999999999999
0.4 3.6 0.719999999999999
0.4 3.8 1.16
0.4 4 2
0.4 4.2 3.24
0.4 4.4 4.88
0.4 4.6 6.92
0.4 4.8 9.36000000000001
0.4 5 12.2
0.4 5.2 15.44
0.4 5.4 19.08
0.4 5.6 23.12
0.4 5.8 27.56
0.4 6 32.4
0.4 6.2 37.64
0.4 6.4 43.28
0.4 6.6 49.3200000000001
0.4 6.8 55.76
0.4 7 62.6
0.4 7.2 69.84
0.4 7.4 77.4799999999999
0.4 7.6 85.5200000000001
0.4 7.8 93.96
0.4 8 102.8
0.4 8.2 112.04
0.4 8.4 121.68
0.4 8.6 131.72
0.4 8.8 142.16
0.4 9 153
0.4 9.2 164.24
0.4 9.4 175.88
0.4 9.6 187.92
0.4 9.8 200.36
0.4 10 213.2

0.6 -10 887.4
0.6 -9.8 860.96
0.6 -9.6 834.92
0.6 -9.4 809.28
0.6 -9.2 784.04
0.6 -9 759.2
0.6 -8.8 734.76
0.6 -8.6 710.72
0.6 -8.4 687.08
0.6 -8.2 663.84
0.6 -8 641
0.6 -7.8 618.56
0.6 -7.6 596.52
0.6 -7.4 574.88
0.6 -7.2 553.64
0.6 -7 532.8
0.6 -6.8 512.36
0.6 -6.6 492.32
0.6 -6.4 472.68
0.6 -6.2 453.44
0.6 -6 434.6
0.6 -5.8 416.16
0.6 -5.6 398.12
0.6 -5.4 380.48
0.6 -5.2 363.24
0.6 -5 346.4
0.6 -4.8 329.96
0.6 -4.6 313.92
0.6 -4.4 298.28
0.6 -4.2 283.04
0.6 -4 268.2
0.6 -3.8 253.76
0.6 -3.6 239.72
0.6 -3.4 226.08
0.6 -3.2 212.84
0.6 -3 200
0.6 -2.8 187.56
0.6 -2.6 175.52
0.6 -2.4 163.88
0.6 -2.2 152.64
0.6 -2 141.8
0.6 -1.8 131.36
0.6 -1.6 121.32
0.6 -1.4 111.68
0.6 -1.2 102.44
0.6 -1 93.6
0.6 -0.800000000000001 85.16
0.6 -0.6 77.12
0.6 -0.4 69.48
0.6 -0.199999999999999 62.24
0.6 0 55.4
0.6 0.199999999999999 48.96
0.6 0.4 42.92
0.6 0.6 37.28
0.6 0.800000000000001 32.04
0.6 1 27.2
0.6 1.2 22.76
0.6 1.4 18.72
0.6 1.6 15.08
0.6 1.8 11.84
0.6 2 9
0.6 2.2 6.56000000000001
0.6 2.4 4.52
0.6 2.6 2.88000000000001
0.6 2.8 1.64
0.6 3 0.800000000000001
0.6 3.2 0.360000000000002
0.6 3.4 0.320000000000001
0.6 3.6 0.679999999999999
0.6 3.8 1.44
0.6 4 2.6
0.6 4.2 4.15999999999999
0.6 4.4 6.12
0.6 4.6 8.47999999999999
0.6 4.8 11.24
0.6 5 14.4
0.6 5.2 17.96
0.6 5.4 21.92
0.6 5.6 26.28
0.6 5.8 31.04
0.6 6 36.2
0.6 6.2 41.76
0.6 6.4 47.7199999999999
0.6 6.6 54.08
0.6 6.8 60.84
0.6 7 68
0.6 7.2 75.56
0.6 7.4 83.5199999999999
0.6 7.6 91.8800000000001
0.6 7.8 100.64
0.6 8 109.8
0.6 8.2 119.36
0.6 8.4 129.32
0.6 8.6 139.68
0.6 8.8 150.44
0.6 9 161.6
0.6 9.2 173.16
0.6 9.4 185.12
0.6 9.6 197.48
0.6 9.8 210.24
0.6 10 223.4

0.800000000000001 -10 866
0.800000000000001 -9.8 839.88
0.800000000000001 -9.6 814.16
0.800000000000001 -9.4 788.84
0.800000000000001 -9.2 763.92
0.800000000000001 -9 739.4
0.800000000000001 -8.8 715.28
0.800000000000001 -8.6 691.56
0.800000000000001 -8.4 668.24
0.800000000000001 -8.2 645.32
0.800000000000001 -8 622.8
0.800000000000001 -7.8 600.68
0.800000000000001 -7.6 578.96
0.800000000000001 -7.4 557.64
0.800000000000001 -7.2 536.72
0.800000000000001 -7 516.2
0.800000000000001 -6.8 496.08
0.800000000000001 -6.6 476.36
0.800000000000001 -6.4 457.04
0.800000000000001 -6.2 438.12
0.800000000000001 -6 419.6
0.800000000000001 -5.8 401.48
0.800000000000001 -5.6 383.76
0.800000000000001 -5.4 366.44
0.800000000000001 -5.2 349.52
0.800000000000001 -5 333
0.800000000000001 -4.8 316.88
0.800000000000001 -4.6 301.16
0.800000000000001 -4.4 285.84
0.800000000000001 -4.2 270.92
0.800000000000001 -4 256.4
0.800000000000001 -3.8 242.28
0.800000000000001 -3.6 228.56
0.800000000000001 -3.4 215.24
0.800000000000001 -3.2 202.32
0.800000000000001 -3 189.8
0.800000000000001 -2.8 177.68
0.800000000000001 -2.6 165.96
0.800000000000001 -2.4 154.64
0.800000000000001 -2.2 143.72
0.800000000000001 -2 133.2
0.800000000000001 -1.8 123.08
0.800000000000001 -1.6 113.36
0.800000000000001 -1.4 104.04
0.800000000000001 -1.2 95.1199999999999
0.800000000000001 -1 86.6
0.800000000000001 -0.800000000000001 78.48
0.800000000000001 -0.6 70.76
0.800000000000001 -0.4 63.44
0.800000000000001 -0.199999999999999 56.52
0.800000000000001 0 50
0.800000000000001 0.199999999999999 43.88
0.800000000000001 0.4 38.16
0.800000000000001 0.6 32.84
0.800000000000001 0.800000000000001 27.92
0.800000000000001 1 23.4
0.800000000000001 1.2 19.28
0.800000000000001 1.4 15.56
0.800000000000001 1.6 12.24
0.800000000000001 1.8 9.31999999999998
0.800000000000001 2 6.79999999999999
0.800000000000001 2.2 4.68
0.800000000000001 2.4 2.95999999999999
0.800000000000001 2.6 1.64
0.800000000000001 2.8 0.719999999999995
0.800000000000001 3 0.199999999999999
0.800000000000001 3.2 0.0799999999999994
0.800000000000001 3.4 0.360000000000002
0.800000000000001 3.6 1.04
0.800000000000001 3.8 2.12000000000001
0.800000000000001 4 3.6
0.800000000000001 4.2 5.48
0.800000000000001 4.4 7.76000000000001
0.800000000000001 4.6 10.44
0.800000000000001 4.8 13.52
0.800000000000001 5 17
0.800000000000001 5.2 20.88
0.800000000000001 5.4 25.16
0.800000000000001 5.6 29.84
0.800000000000001 5.8 34.92
0.800000000000001 6 40.4
0.800000000000001 6.2 46.28
0.800000000000001 6.4 52.56
0.800000000000001 6.6 59.2400000000001
0.800000000000001 6.8 66.3200000000001
0.800000000000001 7 73.8
0.800000000000001 7.2 81.68
0.800000000000001 7.4 89.96
0.800000000000001 7.6 98.6400000000001
0.800000000000001 7.8 107.72
0.800000000000001 8 117.2
0.800000000000001 8.2 127.08
0.800000000000001 8.4 137.36
0.800000000000001 8.6 148.04
0.800000000000001 8.8 159.12
0.800000000000001 9 170.6
0.800000000000001 9.2 182.48
0.800000000000001 9.4 194.76
0.800000000000001 9.6 207.44
0.800000000000001 9.8 220.52
0.800000000000001 10 234

1 -10 845
1 -9.8 819.2
1 -9.6 793.8
1 -9.4 768.8
1 -9.2 744.2
1 -9 720
1 -8.8 696.2
1 -8.6 672.8
1 -8.4 649.8
1 -8.2 627.2
1 -8 605
1 -7.8 583.2
1 -7.6 561.8
1 -7.4 540.8
1 -7.2 520.2
1 -7 500
1 -6.8 480.2
1 -6.6 460.8
1 -6.4 441.8
1 -6.2 423.2
1 -6 405
1 -5.8 387.2
1 -5.6 369.8
1 -5.4 352.8
1 -5.2 336.2
1 -5 320
1 -4.8 304.2
1 -4.6 288.8
1 -4.4 273.8
1 -4.2 259.2
1 -4 245
1 -3.8 231.2
1 -3.6 217.8
1 -3.4 204.8
1 -3.2 192.2
1 -3 180
1 -2.8 168.2
1 -2.6 156.8
1 -2.4 145.8
1 -2.2 135.2
1 -2 125
1 -1.8 115.2
1 -1.6 105.8
1 -1.4 96.8
1 -1.2 88.2
1 -1 80
1 -0.800000000000001 72.2
1 -0.6 64.8
1 -0.4 57.8
1 -0.199999999999999 51.2
1 0 45
1 0.199999999999999 39.2
1 0.4 33.8
1 0.6 28.8
1 0.800000000000001 24.2
1 1 20
1 1.2 16.2
1 1.4 12.8
1 1.6 9.80000000000001
1 1.8 7.19999999999999
1 2 5
1 2.2 3.20000000000001
1 2.4 1.8
1 2.6 0.800000000000001
1 2.8 0.199999999999999
1 3 0
1 3.2 0.199999999999999
1 3.4 0.800000000000001
1 3.6 1.8
1 3.8 3.20000000000001
1 4 5
1 4.2 7.19999999999999
1 4.4 9.80000000000001
1 4.6 12.8
1 4.8 16.2
1 5 20
1 5.2 24.2
1 5.4 28.8
1 5.6 33.8
1 5.8 39.2
1 6 45
1 6.2 51.2
1 6.4 57.7999999999999
1 6.6 64.8000000000001
1 6.8 72.2
1 7 80
1 7.2 88.2
1 7.4 96.7999999999999
1 7.6 105.8
1 7.8 115.2
1 8 125
1 8.2 135.2
1 8.4 145.8
1 8.6 156.8
1 8.8 168.2
1 9 180
1 9.2 192.2
1 9.4 204.8
1 9.6 217.8
1 9.8 231.2
1 10 245

1.2 -10 824.4
1.2 -9.8 798.92
1.2 -9.6 773.84
1.2 -9.4 749.16
1.2 -9.2 724.88
1.2 -9 701
1.2 -8.8 677.52
1.2 -8.6 654.44
1.2 -8.4 631.76
1.2 -8.2 609.48
1.2 -8 587.6
1.2 -7.8 566.12
1.2 -7.6 545.04
1.2 -7.4 524.36
1.2 -7.2 504.08
1.2 -7 484.2
1.2 -6.8 464.72
1.2 -6.6 445.64
1.2 -6.4 426.96
1.2 -6.2 408.68
1.2 -6 390.8
1.2 -5.8 373.32
1.2 -5.6 356.24
1.2 -5.4 339.56
1.2 -5.2 323.28
1.2 -5 307.4
1.2 -4.8 291.92
1.2 -4.6 276.84
1.2 -4.4 262.16
1.2 -4.2 247.88
1.2 -4 234
1.2 -3.8 220.52
1.2 -3.6 207.44
1.2 -3.4 194.76
1.2 -3.2 182.48
1.2 -3 170.6
1.2 -2.8 159.12
1.2 -2.6 148.04
1.2 -2.4 137.36
1.2 -2.2 127.08
1.2 -2 117.2
1.2 -1.8 107.72
1.2 -1.6 98.64
1.2 -1.4 89.96
1.2 -1.2 81.68
1.2 -1 73.8
1.2 -0.800000000000001 66.3200000000001
1.2 -0.6 59.24
1.2 -0.4 52.56
1.2 -0.199999999999999 46.28
1.2 0 40.4
1.2 0.199999999999999 34.92
1.2 0.4 29.84
1.2 0.6 25.16
1.2 0.800000000000001 20.88
1.2 1 17
1.2 1.2 13.52
1.2 1.4 10.44
1.2 1.6 7.76000000000001
1.2 1.8 5.48
1.2 2 3.6
1.2 2.2 2.12000000000001
1.2 2.4 1.04
1.2 2.6 0.360000000000002
1.2 2.8 0.0799999999999994
1.2 3 0.199999999999999
1.2 3.2 0.719999999999995
1.2 3.4 1.64
1.2 3.6 2.95999999999999
1.2 3.8 4.68
1.2 4 6.79999999999999
1.2 4.2 9.31999999999998
1.2 4.4 12.24
1.2 4.6 15.56
1.2 4.8 19.28
1.2 5 23.4
1.2 5.2 27.92
1.2 5.4 32.84
1.2 5.6 38.16
1.2 5.8 43.88
1.2 6 50
1.2 6.2 56.52
1.2 6.4 63.4399999999999
1.2 6.6 70.76
1.2 6.8 78.48
1.2 7 86.6
1.2 7.2 95.1199999999999
1.2 7.4 104.04
1.2 7.6 113.36
1.2 7.8 123.08
1.2 8 133.2
1.2 8.2 143.72
1.2 8.4 154.64
1.2 8.6 165.96
1.2 8.8 177.68
1.2 9 189.8
1.2 9.2 202.32
1.2 9.4 215.24
1.2 9.6 228.56
1.2 9.8 242.28
1.2 10 256.4

1.4 -10 804.2
1.4 -9.8 779.04
1.4 -9.6 754.28
1.4 -9.4 729.92
1.4 -9.2 705.96
1.4 -9 682.4
1.4 -8.8 659.24
1.4 -8.6 636.48
1.4 -8.4 614.12
1.4 -8.2 592.16
1.4 -8 570.6
1.4 -7.8 549.44
1.4 -7.6 528.68
1.4 -7.4 508.32
1.4 -7.2 488.36
1.4 -7 468.8
1.4 -6.8 449.64
1.4 -6.6 430.88
1.4 -6.4 412.52
1.4 -6.2 394.56
1.4 -6 377
1.4 -5.8 359.84
1.4 -5.6 343.08
1.4 -5.4 326.72
1.4 -5.2 310.76
1.4 -5 295.2
1.4 -4.8 280.04
1.4 -4.6 265.28
1.4 -4.4 250.92
1.4 -4.2 236.96
1.4 -4 223.4
1.4 -3.8 210.24
1.4 -3.6 197.48
1.4 -3.4 185.12
1.4 -3.2 173.16
1.4 -3 161.6
1.4 -2.8 150.44
1.4 -2.6 139.68
1.4 -2.4 129.32
1.4 -2.2 119.36
1.4 -2 109.8
1.4 -1.8 100.64
1.4 -1.6 91.88
1.4 -1.4 83.52
1.4 -1.2 75.56
1.4 -1 68
1.4 -0.800000000000001 60.84
1.4 -0.6 54.08
1.4 -0.4 47.72
1.4 -0.199999999999999 41.76
1.4 0 36.2
1.4 0.199999999999999 31.04
1.4 0.4 26.28
1.4 0.6 21.92
1.4 0.800000000000001 17.96
1.4 1 14.4
1.4 1.2 11.24
1.4 1.4 8.47999999999999
1.4 1.6 6.12
1.4 1.8 4.15999999999999
1.4 2 2.6
1.4 2.2 1.44
1.4 2.4 0.679999999999999
1.4 2.6 0.320000000000001
1.4 2.8 0.360000000000002
1.4 3 0.800000000000001
1.4 3.2 1.64
1.4 3.4 2.88000000000001
1.4 3.6 4.52
1.4 3.8 6.56000000000001
1.4 4 9
1.4 4.2 11.84
1.4 4.4 15.08
1.4 4.6 18.72
1.4 4.8 22.76
1.4 5 27.2
1.4 5.2 32.04
1.4 5.4 37.28
1.4 5.6 42.92
1.4 5.8 48.96
1.4 6 55.4
1.4 6.2 62.24
1.4 6.4 69.48
1.4 6.6 77.1200000000001
1.4 6.8 85.16
1.4 7 93.6
1.4 7.2 102.44
1.4 7.4 111.68
1.4 7.6 121.32
1.4 7.8 131.36
1.4 8 141.8
1.4 8.2 152.64
1.4 8.4 163.88
1.4 8.6 175.52
1.4 8.8 187.56
1.4 9 200
1.4 9.2 212.84
1.4 9.4 226.08
1.4 9.6 239.72
1.4 9.8 253.76
1.4 10 268.2

1.6 -10 784.4
1.6 -9.8 759.56
1.6 -9.6 735.12
1.6 -9.4 711.08
1.6 -9.2 687.44
1.6 -9 664.2
1.6 -8.8 641.36
1.6 -8.6 618.92
1.6 -8.4 596.88
1.6 -8.2 575.24
1.6 -8 554
1.6 -7.8 533.16
1.6 -7.6 512.72
1.6 -7.4 492.68
1.6 -7.2 473.04
1.6 -7 453.8
1.6 -6.8 434.96
1.6 -6.6 416.52
1.6 -6.4 398.48
1.6 -6.2 380.84
1.6 -6 363.6
1.6 -5.8 346.76
1.6 -5.6 330.32
1.6 -5.4 314.28
1.6 -5.2 298.64
1.6 -5 283.4
1.6 -4.8 268.56
1.6 -4.6 254.12
1.6 -4.4 240.08
1.6 -4.2 226.44
1.6 -4 213.2
1.6 -3.8 200.36
1.6 -3.6 187.92
1.6 -3.4 175.88
1.6 -3.2 164.24
1.6 -3 153
1.6 -2.8 142.16
1.6 -2.6 131.72
1.6 -2.4 121.68
1.6 -2.2 112.04
1.6 -2 102.8
1.6 -1.8 93.96
1.6 -1.6 85.52
1.6 -1.4 77.48
1.6 -1.2 69.84
1.6 -1 62.6
1.6 -0.800000000000001 55.76
1.6 -0.6 49.32
1.6 -0.4 43.28
1.6 -0.199999999999999 37.64
1.6 0 32.4
1.6 0.199999999999999 27.56
1.6 0.4 23.12
1.6 0.6 19.08
1.6 0.800000000000001 15.44
1.6 1 12.2
1.6 1.2 9.36000000000001
1.6 1.4 6.92
1.6 1.6 4.88
1.6 1.8 3.24
1.6 2 2
1.6 2.2 1.16
1.6 2.4 0.719999999999999
1.6 2.6 0.679999999999999
1.6 2.8 1.04
1.6 3 1.8
1.6 3.2 2.95999999999999
1.6 3.4 4.52
1.6 3.6 6.47999999999999
1.6 3.8 8.84
1.6 4 11.6
1.6 4.2 14.76
1.6 4.4 18.32
1.6 4.6 22.28
1.6 4.8 26.64
1.6 5 31.4
1.6 5.2 36.56
1.6 5.4 42.12
1.6 5.6 48.08
1.6 5.8 54.44
1.6 6 61.2
1.6 6.2 68.36
1.6 6.4 75.9199999999999
1.6 6.6 83.8800000000001
1.6 6.8 92.24
1.6 7 101
1.6 7.2 110.16
1.6 7.4 119.72
1.6 7.6 129.68
1.6 7.8 140.04
1.6 8 150.8
1.6 8.2 161.96
1.6 8.4 173.52
1.6 8.6 185.48
1.6 8.8 197.84
1.6 9 210.6
1.6 9.2 223.76
1.6 9.4 237.32
1.6 9.6 251.28
1.6 9.8 265.64
1.6 10 280.4

1.8 -10 765
1.8 -9.8 740.48
1.8 -9.6 716.36
1.8 -9.4 692.64
1.8 -9.2 669.32
1.8 -9 646.4
1.8 -8.8 623.88
1.8 -8.6 601.76
1.8 -8.4 580.04
1.8 -8.2 558.72
1.8 -8 537.8
1.8 -7.8 517.28
1.8 -7.6 497.16
1.8 -7.4 477.44
1.8 -7.2 458.12
1.8 -7 439.2
1.8 -6.8 420.68
1.8 -6.6 402.56
1.8 -6.4 384.84
1.8 -6.2 367.52
1.8 -6 350.6
1.8 -5.8 334.08
1.8 -5.6 317.96
1.8 -5.4 302.24
1.8 -5.2 286.92
1.8 -5 272
1.8 -4.8 257.48
1.8 -4.6 243.36
1.8 -4.4 229.64
1.8 -4.2 216.32
1.8 -4 203.4
1.8 -3.8 190.88
1.8 -3.6 178.76
1.8 -3.4 167.04
1.8 -3.2 155.72
1.8 -3 144.8
1.8 -2.8 134.28
1.8 -2.6 124.16
1.8 -2.4 114.44
1.8 -2.2 105.12
1.8 -2 96.2
1.8 -1.8 87.68
1.8 -1.6 79.56
1.8 -1.4 71.84
1.8 -1.2 64.52
1.8 -1 57.6
1.8 -0.800000000000001 51.08
1.8 -0.6 44.96
1.8 -0.4 39.24
1.8 -0.199999999999999 33.92
1.8 0 29
1.8 0.199999999999999 24.48
1.8 0.4 20.36
1.8 0.6 16.64
1.8 0.800000000000001 13.32
1.8 1 10.4
1.8 1.2 7.88
1.8 1.4 5.75999999999999
1.8 1.6 4.04
1.8 1.8 2.72
1.8 2 1.8
1.8 2.2 1.28
1.8 2.4 1.16
1.8 2.6 1.44
1.8 2.8 2.12000000000001
1.8 3 3.20000000000001
1.8 3.2 4.68
1.8 3.4 6.56000000000001
1.8 3.6 8.84
1.8 3.8 11.52
1.8 4 14.6
1.8 4.2 18.08
1.8 4.4 21.96
1.8 4.6 26.24
1.8 4.8 30.92
1.8 5 36
1.8 5.2 41.48
1.8 5.4 47.36
1.8 5.6 53.64
1.8 5.8 60.3200000000001
1.8 6 67.4
1.8 6.2 74.88
1.8 6.4 82.76
1.8 6.6 91.0400000000001
1.8 6.8 99.7200000000001
1.8 7 108.8
1.8 7.2 118.28
1.8 7.4 128.16
1.8 7.6 138.44
1.8 7.8 149.12
1.8 8 160.2
1.8 8.2 171.68
1.8 8.4 183.56
1.8 8.6 195.84
1.8 8.8 208.52
1.8 9 221.6
1.8 9.2 235.08
1.8 9.4 248.96
1.8 9.6 263.24
1.8 9.8 277.92
1.8 10 293

2 -10 746
2 -9.8 721.8
2 -9.6 698
2 -9.4 674.6
2 -9.2 651.6
2 -9 629
2 -8.8 606.8
2 -8.6 585
2 -8.4 563.6
2 -8.2 542.6
2 -8 522
2 -7.8 501.8
2 -7.6 482
2 -7.4 462.6
2 -7.2 443.6
2 -7 425
2 -6.8 406.8
2 -6.6 389
2 -6.4 371.6
2 -6.2 354.6
2 -6 338
2 -5.8 321.8
2 -5.6 306
2 -5.4 290.6
2 -5.2 275.6
2 -5 261
2 -4.8 246.8
2 -4.6 233
2 -4.4 219.6
2 -4.2 206.6
2 -4 194
2 -3.8 181.8
2 -3.6 170
2 -3.4 158.6
2 -3.2 147.6
2 -3 137
2 -2.8 126.8
2 -2.6 117
2 -2.4 107.6
2 -2.2 98.6
2 -2 90
2 -1.8 81.8
2 -1.6 74
2 -1.4 66.6
2 -1.2 59.6
2 -1 53
2 -0.800000000000001 46.8
2 -0.6 41
2 -0.4 35.6
2 -0.199999999999999 30.6
2 0 26
2 0.199999999999999 21.8
2 0.4 18
2 0.6 14.6
2 0.800000000000001 11.6
2 1 9
2 1.2 6.80000000000001
2 1.4 5
2 1.6 3.6
2 1.8 2.6
2 2 2
2 2.2 1.8
2 2.4 2
2 2.6 2.6
2 2.8 3.6
2 3 5
2 3.2 6.79999999999999
2 3.4 9
2 3.6 11.6
2 3.8 14.6
2 4 18
2 4.2 21.8
2 4.4 26
2 4.6 30.6
2 4.8 35.6
2 5 41
2 5.2 46.8
2 5.4 53
2 5.6 59.6
2 5.8 66.6
2 6 74
2 6.2 81.8
2 6.4 89.9999999999999
2 6.6 98.6000000000001
2 6.8 107.6
2 7 117
2 7.2 126.8
2 7.4 137
2 7.6 147.6
2 7.8 158.6
2 8 170
2 8.2 181.8
2 8.4 194
2 8.6 206.6
2 8.8 219.6
2 9 233
2 9.2 246.8
2 9.4 261
2 9.6 275.6
2 9.8 290.6
2 10 306

2.2 -10 727.4
2.2 -9.8 703.52
2.2 -9.6 680.04
2.2 -9.4 656.96
2.2 -9.2 634.28
2.2 -9 612
2.2 -8.8 590.12
2.2 -8.6 568.64
2.2 -8.4 547.56
2.2 -8.2 526.88
2.2 -8 506.6
2.2 -7.8 486.72
2.2 -7.6 467.24
2.2 -7.4 448.16
2.2 -7.2 429.48
2.2 -7 411.2
2.2 -6.8 393.32
2.2 -6.6 375.84
2.2 -6.4 358.76
2.2 -6.2 342.08
2.2 -6 325.8
2.2 -5.8 309.92
2.2 -5.6 294.44
2.2 -5.4 279.36
2.2 -5.2 264.68
2.2 -5 250.4
2.2 -4.8 236.52
2.2 -4.6 223.04
2.2 -4.4 209.96
2.2 -4.2 197.28
2.2 -4 185
2.2 -3.8 173.12
2.2 -3.6 161.64
2.2 -3.4 150.56
2.2 -3.2 139.88
2.2 -3 129.6
2.2 -2.8 119.72
2.2 -2.6 110.24
2.2 -2.4 101.16
2.2 -2.2 92.48
2.2 -2 84.2
2.2 -1.8 76.32
2.2 -1.6 68.84
2.2 -1.4 61.76
2.2 -1.2 55.08
2.2 -1 48.8
2.2 -0.800000000000001 42.92
2.2 -0.6 37.44
2.2 -0.4 32.36
2.2 -0.199999999999999 27.68
2.2 0 23.4
2.2 0.199999999999999 19.52
2.2 0.4 16.04
2.2 0.6 12.96
2.2 0.800000000000001 10.28
2.2 1 8
2.2 1.2 6.12000000000001
2.2 1.4 4.64
2.2 1.6 3.56
2.2 1.8 2.88
2.2 2 2.6
2.2 2.2 2.72
2.2 2.4 3.24
2.2 2.6 4.15999999999999
2.2 2.8 5.48
2.2 3 7.19999999999999
2.2 3.2 9.31999999999998
2.2 3.4 11.84
2.2 3.6 14.76
2.2 3.8 18.08
2.2 4 21.8
2.2 4.2 25.92
2.2 4.4 30.44
2.2 4.6 35.36
2.2 4.8 40.68
2.2 5 46.4
2.2 5.2 52.52
2.2 5.4 59.04
2.2 5.6 65.96
2.2 5.8 73.28
2.2 6 81
2.2 6.2 89.1199999999999
2.2 6.4 97.6399999999999
2.2 6.6 106.56
2.2 6.8 115.88
2.2 7 125.6
2.2 7.2 135.72
2.2 7.4 146.24
2.2 7.6 157.16
2.2 7.8 168.48
2.2 8 180.2
2.2 8.2 192.32
2.2 8.4 204.84
2.2 8.6 217.76
2.2 8.8 231.08
2.2 9 244.8
2.2 9.2 258.92
2.2 9.4 273.44
2.2 9.6 288.36
2.2 9.8 303.68
2.2 10 319.4

2.4 -10 709.2
2.4 -9.8 685.64
2.4 -9.6 662.48
2.4 -9.4 639.72
2.4 -9.2 617.36
2.4 -9 595.4
2.4 -8.8 573.84
2.4 -8.6 552.68
2.4 -8.4 531.92
2.4 -8.2 511.56
2.4 -8 491.6
2.4 -7.8 472.04
2.4 -7.6 452.88
2.4 -7.4 434.12
2.4 -7.2 415.76
2.4 -7 397.8
2.4 -6.8 380.24
2.4 -6.6 363.08
2.4 -6.4 346.32
2.4 -6.2 329.96
2.4 -6 314
2.4 -5.8 298.44
2.4 -5.6 283.28
2.4 -5.4 268.52
2.4 -5.2 254.16
2.4 -5 240.2
2.4 -4.8 226.64
2.4 -4.6 213.48
2.4 -4.4 200.72
2.4 -4.2 188.36
2.4 -4 176.4
2.4 -3.8 164.84
2.4 -3.6 153.68
2.4 -3.4 142.92
2.4 -3.2 132.56
2.4 -3 122.6
2.4 -2.8 113.04
2.4 -2.6 103.88
2.4 -2.4 95.12
2.4 -2.2 86.76
2.4 -2 78.8
2.4 -1.8 71.24
2.4 -1.6 64.08
2.4 -1.4 57.32
2.4 -1.2 50.96
2.4 -1 45
2.4 -0.800000000000001 39.44
2.4 -0.6 34.28
2.4 -0.4 29.52
2.4 -0.199999999999999 25.16
2.4 0 21.2
2.4 0.199999999999999 17.64
2.4 0.4 14.48
2.4 0.6 11.72
2.4 0.800000000000001 9.35999999999999
2.4 1 7.4
2.4 1.2 5.84
2.4 1.4 4.68
2.4 1.6 3.92
2.4 1.8 3.56
2.4 2 3.6
2.4 2.2 4.04
2.4 2.4 4.88
2.4 2.6 6.12
2.4 2.8 7.76000000000001
2.4 3 9.80000000000001
2.4 3.2 12.24
2.4 3.4 15.08
2.4 3.6 18.32
2.4 3.8 21.96
2.4 4 26
2.4 4.2 30.44
2.4 4.4 35.28
2.4 4.6 40.52
2.4 4.8 46.16
2.4 5 52.2
2.4 5.2 58.64
2.4 5.4 65.48
2.4 5.6 72.72
2.4 5.8 80.36
2.4 6 88.4
2.4 6.2 96.84
2.4 6.4 105.68
2.4 6.6 114.92
2.4 6.8 124.56
2.4 7 134.6
2.4 7.2 145.04
2.4 7.4 155.88
2.4 7.6 167.12
2.4 7.8 178.76
2.4 8 190.8
2.4 8.2 203.24
2.4 8.4 216.08
2.4 8.6 229.32
2.4 8.8 242.96
2.4 9 257
2.4 9.2 271.44
2.4 9.4 286.28
2.4 9.6 301.52
2.4 9.8 317.16
2.4 10 333.2

2.6 -10 691.4
2.6 -9.8 668.16
2.6 -9.6 645.32
2.6 -9.4 622.88
2.6 -9.2 600.84
2.6 -9 579.2
2.6 -8.8 557.96
2.6 -8.6 537.12
2.6 -8.4 516.68
2.6 -8.2 496.64
2.6 -8 477
2.6 -7.8 457.76
2.6 -7.6 438.92
2.6 -7.4 420.48
2.6 -7.2 402.44
2.6 -7 384.8
2.6 -6.8 367.56
2.6 -6.6 350.72
2.6 -6.4 334.28
2.6 -6.2 318.24
2.6 -6 302.6
2.6 -5.8 287.36
2.6 -5.6 272.52
2.6 -5.4 258.08
2.6 -5.2 244.04
2.6 -5 230.4
2.6 -4.8 217.16
2.6 -4.6 204.32
2.6 -4.4 191.88
2.6 -4.2 179.84
2.6 -4 168.2
2.6 -3.8 156.96
2.6 -3.6 146.12
2.6 -3.4 135.68
2.6 -3.2 125.64
2.6 -3 116
2.6 -2.8 106.76
2.6 -2.6 97.92
2.6 -2.4 89.48
2.6 -2.2 81.44
2.6 -2 73.8
2.6 -1.8 66.56
2.6 -1.6 59.72
2.6 -1.4 53.28
2.6 -1.2 47.24
2.6 -1 41.6
2.6 -0.800000000000001 36.36
2.6 -0.6 31.52
2.6 -0.4 27.08
2.6 -0.199999999999999 23.04
2.6 0 19.4
2.6 0.199999999999999 16.16
2.6 0.4 13.32
2.6 0.6 10.88
2.6 0.800000000000001 8.83999999999999
2.6 1 7.2
2.6 1.2 5.96
2.6 1.4 5.12
2.6 1.6 4.68
2.6 1.8 4.64
2.6 2 5
2.6 2.2 5.75999999999999
2.6 2.4 6.92
2.6 2.6 8.47999999999999
2.6 2.8 10.44
2.6 3 12.8
2.6 3.2 15.56
2.6 3.4 18.72
2.6 3.6 22.28
2.6 3.8 26.24
2.6 4 30.6
2.6 4.2 35.36
2.6 4.4 40.52
2.6 4.6 46.08
2.6 4.8 52.04
2.6 5 58.4
2.6 5.2 65.16
2.6 5.4 72.32
2.6 5.6 79.88
2.6 5.8 87.84
2.6 6 96.2
2.6 6.2 104.96
2.6 6.4 114.12
2.6 6.6 123.68
2.6 6.8 133.64
2.6 7 144
2.6 7.2 154.76
2.6 7.4 165.92
2.6 7.6 177.48
2.6 7.8 189.44
2.6 8 201.8
2.6 8.2 214.56
2.6 8.4 227.72
2.6 8.6 241.28
2.6 8.8 255.24
2.6 9 269.6
2.6 9.2 284.36
2.6 9.4 299.52
2.6 9.6 315.08
2.6 9.8 331.04
2.6 10 347.4

2.8 -10 674
2.8 -9.8 651.08
2.8 -9.6 628.56
2.8 -9.4 606.44
2.8 -9.2 584.72
2.8 -9 563.4
2.8 -8.8 542.48
2.8 -8.6 521.96
2.8 -8.4 501.84
2.8 -8.2 482.12
2.8 -8 462.8
2.8 -7.8 443.88
2.8 -7.6 425.36
2.8 -7.4 407.24
2.8 -7.2 389.52
2.8 -7 372.2
2.8 -6.8 355.28
2.8 -6.6 338.76
2.8 -6.4 322.64
2.8 -6.2 306.92
2.8 -6 291.6
2.8 -5.8 276.68
2.8 -5.6 262.16
2.8 -5.4 248.04
2.8 -5.2 234.32
2.8 -5 221
2.8 -4.8 208.08
2.8 -4.6 195.56
2.8 -4.4 183.44
2.8 -4.2 171.72
2.8 -4 160.4
2.8 -3.8 149.48
2.8 -3.6 138.96
2.8 -3.4 128.84
2.8 -3.2 119.12
2.8 -3 109.8
2.8 -2.8 100.88
2.8 -2.6 92.36
2.8 -2.4 84.24
2.8 -2.2 76.52
2.8 -2 69.2
2.8 -1.8 62.28
2.8 -1.6 55.76
2.8 -1.4 49.64
2.8 -1.2 43.92
2.8 -1 38.6
2.8 -0.800000000000001 33.68
2.8 -0.6 29.16
2.8 -0.4 25.04
2.8 -0.199999999999999 21.32
2.8 0 18
2.8 0.199999999999999 15.08
2.8 0.4 12.56
2.8 0.6 10.44
2.8 0.800000000000001 8.72
2.8 1 7.4
2.8 1.2 6.48
2.8 1.4 5.96
2.8 1.6 5.84
2.8 1.8 6.12000000000001
2.8 2 6.80000000000001
2.8 2.2 7.88
2.8 2.4 9.36000000000001
2.8 2.6 11.24
2.8 2.8 13.52
2.8 3 16.2
2.8 3.2 19.28
2.8 3.4 22.76
2.8 3.6 26.64
2.8 3.8 30.92
2.8 4 35.6
2.8 4.2 40.68
2.8 4.4 46.16
2.8 4.6 52.04
2.8 4.8 58.32
2.8 5 65
2.8 5.2 72.08
2.8 5.4 79.56
2.8 5.6 87.44
2.8 5.8 95.7200000000001
2.8 6 104.4
2.8 6.2 113.48
2.8 6.4 122.96
2.8 6.6 132.84
2.8 6.8 143.12
2.8 7 153.8
2.8 7.2 164.88
2.8 7.4 176.36
2.8 7.6 188.24
2.8 7.8 200.52
2.8 8 213.2
2.8 8.2 226.28
2.8 8.4 239.76
2.8 8.6 253.64
2.8 8.8 267.92
2.8 9 282.6
2.8 9.2 297.68
2.8 9.4 313.16
2.8 9.6 329.04
2.8 9.8 345.32
2.8 10 362

3 -10 657
3 -9.8 634.4
3 -9.6 612.2
3 -9.4 590.4
3 -9.2 569
3 -9 548
3 -8.8 527.4
3 -8.6 507.2
3 -8.4 487.4
3 -8.2 468
3 -8 449
3 -7.8 430.4
3 -7.6 412.2
3 -7.4 394.4
3 -7.2 377
3 -7 360
3 -6.8 343.4
3 -6.6 327.2
3 -6.4 311.4
3 -6.2 296
3 -6 281
3 -5.8 266.4
3 -5.6 252.2
3 -5.4 238.4
3 -5.2 225
3 -5 212
3 -4.8 199.4
3 -4.6 187.2
3 -4.4 175.4
3 -4.2 164
3 -4 153
3 -3.8 142.4
3 -3.6 132.2
3 -3.4 122.4
3 -3.2 113
3 -3 104
3 -2.8 95.4
3 -2.6 87.2
3 -2.4 79.4
3 -2.2 72
3 -2 65
3 -1.8 58.4
3 -1.6 52.2
3 -1.4 46.4
3 -1.2 41
3 -1 36
3 -0.800000000000001 31.4
3 -0.6 27.2
3 -0.4 23.4
3 -0.199999999999999 20
3 0 17
3 0.199999999999999 14.4
3 0.4 12.2
3 0.6 10.4
3 0.800000000000001 9
3 1 8
3 1.2 7.4
3 1.4 7.2
3 1.6 7.4
3 1.8 8
3 2 9
3 2.2 10.4
3 2.4 12.2
3 2.6 14.4
3 2.8 17
3 3 20
3 3.2 23.4
3 3.4 27.2
3 3.6 31.4
3 3.8 36
3 4 41
3 4.2 46.4
3 4.4 52.2
3 4.6 58.4
3 4.8 65
3 5 72
3 5.2 79.4
3 5.4 87.2
3 5.6 95.4
3 5.8 104
3 6 113
3 6.2 122.4
3 6.4 132.2
3 6.6 142.4
3 6.8 153
3 7 164
3 7.2 175.4
3 7.4 187.2
3 7.6 199.4
3 7.8 212
3 8 225
3 8.2 238.4
3 8.4 252.2
3 8.6 266.4
3 8.8 281
3 9 296
3 9.2 311.4
3 9.4 327.2
3 9.6 343.4
3 9.8 360
3 10 377

3.2 -10 640.4
3.2 -9.8 618.12
3.2 -9.6 596.24
3.2 -9.4 574.76
3.2 -9.2 553.68
3.2 -9 533
3.2 -8.8 512.72
3.2 -8.6 492.84
3.2 -8.4 473.36
3.2 -8.2 454.28
3.2 -8 435.6
3.2 -7.8 417.32
3.2 -7.6 399.44
3.2 -7.4 381.96
3.2 -7.2 364.88
3.2 -7 348.2
3.2 -6.8 331.92
3.2 -6.6 316.04
3.2 -6.4 300.56
3.2 -6.2 285.48
3.2 -6 270.8
3.2 -5.8 256.52
3.2 -5.6 242.64
3.2 -5.4 229.16
3.2 -5.2 216.08
3.2 -5 203.4
3.2 -4.8 191.12
3.2 -4.6 179.24
3.2 -4.4 167.76
3.2 -4.2 156.68
3.2 -4 146
3.2 -3.8 135.72
3.2 -3.6 125.84
3.2 -3.4 116.36
3.2 -3.2 107.28
3.2 -3 98.6
3.2 -2.8 90.32
3.2 -2.6 82.44
3.2 -2.4 74.96
3.2 -2.2 67.88
3.2 -2 61.2
3.2 -1.8 54.92
3.2 -1.6 49.04
3.2 -1.4 43.56
3.2 -1.2 38.48
3.2 -1 33.8
3.2 -0.800000000000001 29.52
3.2 -0.6 25.64
3.2 -0.4 22.16
3.2 -0.199999999999999 19.08
3.2 0 16.4
3.2 0.199999999999999 14.12
3.2 0.4 12.24
3.2 0.6 10.76
3.2 0.800000000000001 9.67999999999999
3.2 1 9
3.2 1.2 8.72
3.2 1.4 8.83999999999999
3.2 1.6 9.35999999999999
3.2 1.8 10.28
3.2 2 11.6
3.2 2.2 13.32
3.2 2.4 15.44
3.2 2.6 17.96
3.2 2.8 20.88
3.2 3 24.2
3.2 3.2 27.92
3.2 3.4 32.04
3.2 3.6 36.56
3.2 3.8 41.48
3.2 4 46.8
3.2 4.2 52.52
3.2 4.4 58.64
3.2 4.6 65.16
3.2 4.8 72.08
3.2 5 79.4
3.2 5.2 87.1199999999999
3.2 5.4 95.24
3.2 5.6 103.76
3.2 5.8 112.68
3.2 6 122
3.2 6.2 131.72
3.2 6.4 141.84
3.2 6.6 152.36
3.2 6.8 163.28
3.2 7 174.6
3.2 7.2 186.32
3.2 7.4 198.44
3.2 7.6 210.96
3.2 7.8 223.88
3.2 8 237.2
3.2 8.2 250.92
3.2 8.4 265.04
3.2 8.6 279.56
3.2 8.8 294.48
3.2 9 309.8
3.2 9.2 325.52
3.2 9.4 341.64
3.2 9.6 358.16
3.2 9.8 375.08
3.2 10 392.4

3.4 -10 624.2
3.4 -9.8 602.24
3.4 -9.6 580.68
3.4 -9.4 559.52
3.4 -9.2 538.76
3.4 -9 518.4
3.4 -8.8 498.44
3.4 -8.6 478.88
3.4 -8.4 459.72
3.4 -8.2 440.96
3.4 -8 422.6
3.4 -7.8 404.64
3.4 -7.6 387.08
3.4 -7.4 369.92
3.4 -7.2 353.16
3.4 -7 336.8
3.4 -6.8 320.84
3.4 -6.6 305.28
3.4 -6.4 290.12
3.4 -6.2 275.36
3.4 -6 261
3.4 -5.8 247.04
3.4 -5.6 233.48
3.4 -5.4 220.32
3.4 -5.2 207.56
3.4 -5 195.2
3.4 -4.8 183.24
3.4 -4.6 171.68
3.4 -4.4 160.52
3.4 -4.2 149.76
3.4 -4 139.4
3.4 -3.8 129.44
3.4 -3.6 119.88
3.4 -3.4 110.72
3.4 -3.2 101.96
3.4 -3 93.6
3.4 -2.8 85.64
3.4 -2.6 78.08
3.4 -2.4 70.92
3.4 -2.2 64.16
3.4 -2 57.8
3.4 -1.8 51.84
3.4 -1.6 46.28
3.4 -1.4 41.12
3.4 -1.2 36.36
3.4 -1 32
3.4 -0.800000000000001 28.04
3.4 -0.6 24.48
3.4 -0.4 21.32
3.4 -0.199999999999999 18.56
3.4 0 16.2
3.4 0.199999999999999 14.24
3.4 0.4 12.68
3.4 0.6 11.52
3.4 0.800000000000001 10.76
3.4 1 10.4
3.4 1.2 10.44
3.4 1.4 10.88
3.4 1.6 11.72
3.4 1.8 12.96
3.4 2 14.6
3.4 2.2 16.64
3.4 2.4 19.08
3.4 2.6 21.92
3.4 2.8 25.16
3.4 3 28.8
3.4 3.2 32.84
3.4 3.4 37.28
3.4 3.6 42.12
3.4 3.8 47.36
3.4 4 53
3.4 4.2 59.04
3.4 4.4 65.48
3.4 4.6 72.32
3.4 4.8 79.56
3.4 5 87.2
3.4 5.2 95.24
3.4 5.4 103.68
3.4 5.6 112.52
3.4 5.8 121.76
3.4 6 131.4
3.4 6.2 141.44
3.4 6.4 151.88
3.4 6.6 162.72
3.4 6.8 173.96
3.4 7 185.6
3.4 7.2 197.64
3.4 7.4 210.08
3.4 7.6 222.92
3.4 7.8 236.16
3.4 8 249.8
3.4 8.2 263.84
3.4 8.4 278.28
3.4 8.6 293.12
3.4 8.8 308.36
3.4 9 324
3.4 9.2 340.04
3.4 9.4 356.48
3.4 9.6 373.32
3.4 9.8 390.56
3.4 10 408.2

3.6 -10 608.4
3.6 -9.8 586.76
3.6 -9.6 565.52
3.6 -9.4 544.68
3.6 -9.2 524.24
3.6 -9 504.2
3.6 -8.8 484.56
3.6 -8.6 465.32
3.6 -8.4 446.48
3.6 -8.2 428.04
3.6 -8 410
3.6 -7.8 392.36
3.6 -7.6 375.12
3.6 -7.4 358.28
3.6 -7.2 341.84
3.6 -7 325.8
3.6 -6.8 310.16
3.6 -6.6 294.92
3.6 -6.4 280.08
3.6 -6.2 265.64
3.6 -6 251.6
3.6 -5.8 237.96
3.6 -5.6 224.72
3.6 -5.4 211.88
3.6 -5.2 199.44
3.6 -5 187.4
3.6 -4.8 175.76
3.6 -4.6 164.52
3.6 -4.4 153.68
3.6 -4.2 143.24
3.6 -4 133.2
3.6 -3.8 123.56
3.6 -3.6 114.32
3.6 -3.4 105.48
3.6 -3.2 97.04
3.6 -3 89
3.6 -2.8 81.36
3.6 -2.6 74.12
3.6 -2.4 67.28
3.6 -2.2 60.84
3.6 -2 54.8
3.6 -1.8 49.16
3.6 -1.6 43.92
3.6 -1.4 39.08
3.6 -1.2 34.64
3.6 -1 30.6
3.6 -0.800000000000001 26.96
3.6 -0.6 23.72
3.6 -0.4 20.88
3.6 -0.199999999999999 18.44
3.6 0 16.4
3.6 0.199999999999999 14.76
3.6 0.4 13.52
3.6 0.6 12.68
3.6 0.800000000000001 12.24
3.6 1 12.2
3.6 1.2 12.56
3.6 1.4 13.32
3.6 1.6 14.48
3.6 1.8 16.04
3.6 2 18
3.6 2.2 20.36
3.6 2.4 23.12
3.6 2.6 26.28
3.6 2.8 29.84
3.6 3 33.8
3.6 3.2 38.16
3.6 3.4 42.92
3.6 3.6 48.08
3.6 3.8 53.64
3.6 4 59.6
3.6 4.2 65.96
3.6 4.4 72.72
3.6 4.6 79.88
3.6 4.8 87.44
3.6 5 95.4
3.6 5.2 103.76
3.6 5.4 112.52
3.6 5.6 121.68
3.6 5.8 131.24
3.6 6 141.2
3.6 6.2 151.56
3.6 6.4 162.32
3.6 6.6 173.48
3.6 6.8 185.04
3.6 7 197
3.6 7.2 209.36
3.6 7.4 222.12
3.6 7.6 235.28
3.6 7.8 248.84
3.6 8 262.8
3.6 8.2 277.16
3.6 8.4 291.92
3.6 8.6 307.08
3.6 8.8 322.64
3.6 9 338.6
3.6 9.2 354.96
3.6 9.4 371.72
3.6 9.6 388.88
3.6 9.8 406.44
3.6 10 424.4

3.8 -10 593
3.8 -9.8 571.68
3.8 -9.6 550.76
3.8 -9.4 530.24
3.8 -9.2 510.12
3.8 -9 490.4
3.8 -8.8 471.08
3.8 -8.6 452.16
3.8 -8.4 433.64
3.8 -8.2 415.52
3.8 -8 397.8
3.8 -7.8 380.48
3.8 -7.6 363.56
3.8 -7.4 347.04
3.8 -7.2 330.92
3.8 -7 315.2
3.8 -6.8 299.88
3.8 -6.6 284.96
3.8 -6.4 270.44
3.8 -6.2 256.32
3.8 -6 242.6
3.8 -5.8 229.28
3.8 -5.6 216.36
3.8 -5.4 203.84
3.8 -5.2 191.72
3.8 -5 180
3.8 -4.8 168.68
3.8 -4.6 157.76
3.8 -4.4 147.24
3.8 -4.2 137.12
3.8 -4 127.4
3.8 -3.8 118.08
3.8 -3.6 109.16
3.8 -3.4 100.64
3.8 -3.2 92.52
3.8 -3 84.8
3.8 -2.8 77.48
3.8 -2.6 70.56
3.8 -2.4 64.04
3.8 -2.2 57.92
3.8 -2 52.2
3.8 -1.8 46.88
3.8 -1.6 41.96
3.8 -1.4 37.44
3.8 -1.2 33.32
3.8 -1 29.6
3.8 -0.800000000000001 26.28
3.8 -0.6 23.36
3.8 -0.4 20.84
3.8 -0.199999999999999 18.72
3.8 0 17
3.8 0.199999999999999 15.68
3.8 0.4 14.76
3.8 0.6 14.24
3.8 0.800000000000001 14.12
3.8 1 14.4
3.8 1.2 15.08
3.8 1.4 16.16
3.8 1.6 17.64
3.8 1.8 19.52
3.8 2 21.8
3.8 2.2 24.48
3.8 2.4 27.56
3.8 2.6 31.04
3.8 2.8 34.92
3.8 3 39.2
3.8 3.2 43.88
3.8 3.4 48.96
3.8 3.6 54.44
3.8 3.8 60.3200000000001
3.8 4 66.6
3.8 4.2 73.28
3.8 4.4 80.36
3.8 4.6 87.84
3.8 4.8 95.7200000000001
3.8 5 104
3.8 5.2 112.68
3.8 5.4 121.76
3.8 5.6 131.24
3.8 5.8 141.12
3.8 6 151.4
3.8 6.2 162.08
3.8 6.4 173.16
3.8 6.6 184.64
3.8 6.8 196.52
3.8 7 208.8
3.8 7.2 221.48
3.8 7.4 234.56
3.8 7.6 248.04
3.8 7.8 261.92
3.8 8 276.2
3.8 8.2 290.88
3.8 8.4 305.96
3.8 8.6 321.44
3.8 8.8 337.32
3.8 9 353.6
3.8 9.2 370.28
3.8 9.4 387.36
3.8 9.6 404.84
3.8 9.8 422.72
3.8 10 441

4 -10 578
4 -9.8 557
4 -9.6 536.4
4 -9.4 516.2
4 -9.2 496.4
4 -9 477
4 -8.8 458
4 -8.6 439.4
4 -8.4 421.2
4 -8.2 403.4
4 -8 386
4 -7.8 369
4 -7.6 352.4
4 -7.4 336.2
4 -7.2 320.4
4 -7 305
4 -6.8 290
4 -6.6 275.4
4 -6.4 261.2
4 -6.2 247.4
4 -6 234
4 -5.8 221
4 -5.6 208.4
4 -5.4 196.2
4 -5.2 184.4
4 -5 173
4 -4.8 162
4 -4.6 151.4
4 -4.4 141.2
4 -4.2 131.4
4 -4 122
4 -3.8 113
4 -3.6 104.4
4 -3.4 96.2
4 -3.2 88.4
4 -3 81
4 -2.8 74
4 -2.6 67.4
4 -2.4 61.2
4 -2.2 55.4
4 -2 50
4 -1.8 45
4 -1.6 40.4
4 -1.4 36.2
4 -1.2 32.4
4 -1 29
4 -0.800000000000001 26
4 -0.6 23.4
4 -0.4 21.2
4 -0.199999999999999 19.4
4 0 18
4 0.199999999999999 17
4 0.4 16.4
4 0.6 16.2
4 0.800000000000001 16.4
4 1 17
4 1.2 18
4 1.4 19.4
4 1.6 21.2
4 1.8 23.4
4 2 26
4 2.2 29
4 2.4 32.4
4 2.6 36.2
4 2.8 40.4
4 3 45
4 3.2 50
4 3.4 55.4
4 3.6 61.2
4 3.8 67.4
4 4 74
4 4.2 81
4 4.4 88.4
4 4.6 96.2
4 4.8 104.4
4 5 113
4 5.2 122
4 5.4 131.4
4 5.6 141.2
4 5.8 151.4
4 6 162
4 6.2 173
4 6.4 184.4
4 6.6 196.2
4 6.8 208.4
4 7 221
4 7.2 234
4 7.4 247.4
4 7.6 261.2
4 7.8 275.4
4 8 290
4 8.2 305
4 8.4 320.4
4 8.6 336.2
4 8.8 352.4
4 9 369
4 9.2 386
4 9.4 403.4
4 9.6 421.2
4 9.8 439.4
4 10 458

4.2 -10 563.4
4.2 -9.8 542.72
4.2 -9.6 522.44
4.2 -9.4 502.56
4.2 -9.2 483.08
4.2 -9 464
4.2 -8.8 445.32
4.2 -8.6 427.04
4.2 -8.4 409.16
4.2 -8.2 391.68
4.2 -8 374.6
4.2 -7.8 357.92
4.2 -7.6 341.64
4.2 -7.4 325.76
4.2 -7.2 310.28
4.2 -7 295.2
4.2 -6.8 280.52
4.2 -6.6 266.24
4.2 -6.4 252.36
4.2 -6.2 238.88
4.2 -6 225.8
4.2 -5.8 213.12
4.2 -5.6 200.84
4.2 -5.4 188.96
4.2 -5.2 177.48
4.2 -5 166.4
4.2 -4.8 155.72
4.2 -4.6 145.44
4.2 -4.4 135.56
4.2 -4.2 126.08
4.2 -4 117
4.2 -3.8 108.32
4.2 -3.6 100.04
4.2 -3.4 92.16
4.2 -3.2 84.68
4.2 -3 77.6
4.2 -2.8 70.92
4.2 -2.6 64.64
4.2 -2.4 58.76
4.2 -2.2 53.28
4.2 -2 48.2
4.2 -1.8 43.52
4.2 -1.6 39.24
4.2 -1.4 35.36
4.2 -1.2 31.88
4.2 -1 28.8
4.2 -0.800000000000001 26.12
4.2 -0.6 23.84
4.2 -0.4 21.96
4.2 -0.199999999999999 20.48
4.2 0 19.4
4.2 0.199999999999999 18.72
4.2 0.4 18.44
4.2 0.6 18.56
4.2 0.800000000000001 19.08
4.2 1 20
4.2 1.2 21.32
4.2 1.4 23.04
4.2 1.6 25.16
4.2 1.8 27.68
4.2 2 30.6
4.2 2.2 33.92
4.2 2.4 37.64
4.2 2.6 41.76
4.2 2.8 46.28
4.2 3 51.2
4.2 3.2 56.52
4.2 3.4 62.24
4.2 3.6 68.36
4.2 3.8 74.88
4.2 4 81.8
4.2 4.2 89.1199999999999
4.2 4.4 96.84
4.2 4.6 104.96
4.2 4.8 113.48
4.2 5 122.4
4.2 5.2 131.72
4.2 5.4 141.44
4.2 5.6 151.56
4.2 5.8 162.08
4.2 6 173
4.2 6.2 184.32
4.2 6.4 196.04
4.2 6.6 208.16
4.2 6.8 220.68
4.2 7 233.6
4.2 7.2 246.92
4.2 7.4 260.64
4.2 7.6 274.76
4.2 7.8 289.28
4.2 8 304.2
4.2 8.2 319.52
4.2 8.4 335.24
4.2 8.6 351.36
4.2 8.8 367.88
4.2 9 384.8
4.2 9.2 402.12
4.2 9.4 419.84
4.2 9.6 437.96
4.2 9.8 456.48
4.2 10 475.4

4.4 -10 549.2
4.4 -9.8 528.84
4.4 -9.6 508.88
4.4 -9.4 489.32
4.4 -9.2 470.16
4.4 -9 451.4
4.4 -8.8 433.04
4.4 -8.6 415.08
4.4 -8.4 397.52
4.4 -8.2 380.36
4.4 -8 363.6
4.4 -7.8 347.24
4.4 -7.6 331.28
4.4 -7.4 315.72
4.4 -7.2 300.56
4.4 -7 285.8
4.4 -6.8 271.44
4.4 -6.6 257.48
4.4 -6.4 243.92
4.4 -6.2 230.76
4.4 -6 218
4.4 -5.8 205.64
4.4 -5.6 193.68
4.4 -5.4 182.12
4.4 -5.2 170.96
4.4 -5 160.2
4.4 -4.8 149.84
4.4 -4.6 139.88
4.4 -4.4 130.32
4.4 -4.2 121.16
4.4 -4 112.4
4.4 -3.8 104.04
4.4 -3.6 96.08
4.4 -3.4 88.52
4.4 -3.2 81.36
4.4 -3 74.6
4.4 -2.8 68.24
4.4 -2.6 62.28
4.4 -2.4 56.72
4.4 -2.2 51.56
4.4 -2 46.8
4.4 -1.8 42.44
4.4 -1.6 38.48
4.4 -1.4 34.92
4.4 -1.2 31.76
4.4 -1 29
4.4 -0.800000000000001 26.64
4.4 -0.6 24.68
4.4 -0.4 23.12
4.4 -0.199999999999999 21.96
4.4 0 21.2
4.4 0.199999999999999 20.84
4.4 0.4 20.88
4.4 0.6 21.32
4.4 0.800000000000001 22.16
4.4 1 23.4
4.4 1.2 25.04
4.4 1.4 27.08
4.4 1.6 29.52
4.4 1.8 32.36
4.4 2 35.6
4.4 2.2 39.24
4.4 2.4 43.28
4.4 2.6 47.72
4.4 2.8 52.56
4.4 3 57.8
4.4 3.2 63.44
4.4 3.4 69.48
4.4 3.6 75.92
4.4 3.8 82.76
4.4 4 90
4.4 4.2 97.64
4.4 4.4 105.68
4.4 4.6 114.12
4.4 4.8 122.96
4.4 5 132.2
4.4 5.2 141.84
4.4 5.4 151.88
4.4 5.6 162.32
4.4 5.8 173.16
4.4 6 184.4
4.4 6.2 196.04
4.4 6.4 208.08
4.4 6.6 220.52
4.4 6.8 233.36
4.4 7 246.6
4.4 7.2 260.24
4.4 7.4 274.28
4.4 7.6 288.72
4.4 7.8 303.56
4.4 8 318.8
4.4 8.2 334.44
4.4 8.4 350.48
4.4 8.6 366.92
4.4 8.8 383.76
4.4 9 401
4.4 9.2 418.64
4.4 9.4 436.68
4.4 9.6 455.12
4.4 9.8 473.96
4.4 10 493.2

4.6 -10 535.4
4.6 -9.8 515.36
4.6 -9.6 495.72
4.6 -9.4 476.48
4.6 -9.2 457.64
4.6 -9 439.2
4.6 -8.8 421.16
4.6 -8.6 403.52
4.6 -8.4 386.28
4.6 -8.2 369.44
4.6 -8 353
4.6 -7.8 336.96
4.6 -7.6 321.32
4.6 -7.4 306.08
4.6 -7.2 291.24
4.6 -7 276.8
4.6 -6.8 262.76
4.6 -6.6 249.12
4.6 -6.4 235.88
4.6 -6.2 223.04
4.6 -6 210.6
4.6 -5.8 198.56
4.6 -5.6 186.92
4.6 -5.4 175.68
4.6 -5.2 164.84
4.6 -5 154.4
4.6 -4.8 144.36
4.6 -4.6 134.72
4.6 -4.4 125.48
4.6 -4.2 116.64
4.6 -4 108.2
4.6 -3.8 100.16
4.6 -3.6 92.52
4.6 -3.4 85.28
4.6 -3.2 78.44
4.6 -3 72
4.6 -2.8 65.96
4.6 -2.6 60.32
4.6 -2.4 55.08
4.6 -2.2 50.24
4.6 -2 45.8
4.6 -1.8 41.76
4.6 -1.6 38.12
4.6 -1.4 34.88
4.6 -1.2 32.04
4.6 -1 29.6
4.6 -0.800000000000001 27.56
4.6 -0.6 25.92
4.6 -0.4 24.68
4.6 -0.199999999999999 23.84
4.6 0 23.4
4.6 0.199999999999999 23.36
4.6 0.4 23.72
4.6 0.6 24.48
4.6 0.800000000000001 25.64
4.6 1 27.2
4.6 1.2 29.16
4.6 1.4 31.52
4.6 1.6 34.28
4.6 1.8 37.44
4.6 2 41
4.6 2.2 44.96
4.6 2.4 49.32
4.6 2.6 54.08
4.6 2.8 59.24
4.6 3 64.8
4.6 3.2 70.76
4.6 3.4 77.12
4.6 3.6 83.88
4.6 3.8 91.04
4.6 4 98.6
4.6 4.2 106.56
4.6 4.4 114.92
4.6 4.6 123.68
4.6 4.8 132.84
4.6 5 142.4
4.6 5.2 152.36
4.6 5.4 162.72
4.6 5.6 173.48
4.6 5.8 184.64
4.6 6 196.2
4.6 6.2 208.16
4.6 6.4 220.52
4.6 6.6 233.28
4.6 6.8 246.44
4.6 7 260
4.6 7.2 273.96
4.6 7.4 288.32
4.6 7.6 303.08
4.6 7.8 318.24
4.6 8 333.8
4.6 8.2 349.76
4.6 8.4 366.12
4.6 8.6 382.88
4.6 8.8 400.04
4.6 9 417.6
4.6 9.2 435.56
4.6 9.4 453.92
4.6 9.6 472.68
4.6 9.8 491.84
4.6 10 511.4

4.8 -10 522
4.8 -9.8 502.28
4.8 -9.6 482.96
4.8 -9.4 464.04
4.8 -9.2 445.52
4.8 -9 427.4
4.8 -8.8 409.68
4.8 -8.6 392.36
4.8 -8.4 375.44
4.8 -8.2 358.92
4.8 -8 342.8
4.8 -7.8 327.08
4.8 -7.6 311.76
4.8 -7.4 296.84
4.8 -7.2 282.32
4.8 -7 268.2
4.8 -6.8 254.48
4.8 -6.6 241.16
4.8 -6.4 228.24
4.8 -6.2 215.72
4.8 -6 203.6
4.8 -5.8 191.88
4.8 -5.6 180.56
4.8 -5.4 169.64
4.8 -5.2 159.12
4.8 -5 149
4.8 -4.8 139.28
4.8 -4.6 129.96
4.8 -4.4 121.04
4.8 -4.2 112.52
4.8 -4 104.4
4.8 -3.8 96.68
4.8 -3.6 89.36
4.8 -3.4 82.44
4.8 -3.2 75.92
4.8 -3 69.8
4.8 -2.8 64.08
4.8 -2.6 58.76
4.8 -2.4 53.84
4.8 -2.2 49.32
4.8 -2 45.2
4.8 -1.8 41.48
4.8 -1.6 38.16
4.8 -1.4 35.24
4.8 -1.2 32.72
4.8 -1 30.6
4.8 -0.800000000000001 28.88
4.8 -0.6 27.56
4.8 -0.4 26.64
4.8 -0.199999999999999 26.12
4.8 0 26
4.8 0.199999999999999 26.28
4.8 0.4 26.96
4.8 0.6 28.04
4.8 0.800000000000001 29.52
4.8 1 31.4
4.8 1.2 33.68
4.8 1.4 36.36
4.8 1.6 39.44
4.8 1.8 42.92
4.8 2 46.8
4.8 2.2 51.08
4.8 2.4 55.76
4.8 2.6 60.84
4.8 2.8 66.3200000000001
4.8 3 72.2
4.8 3.2 78.48
4.8 3.4 85.16
4.8 3.6 92.24
4.8 3.8 99.7200000000001
4.8 4 107.6
4.8 4.2 115.88
4.8 4.4 124.56
4.8 4.6 133.64
4.8 4.8 143.12
4.8 5 153
4.8 5.2 163.28
4.8 5.4 173.96
4.8 5.6 185.04
4.8 5.8 196.52
4.8 6 208.4
4.8 6.2 220.68
4.8 6.4 233.36
4.8 6.6 246.44
4.8 6.8 259.92
4.8 7 273.8
4.8 7.2 288.08
4.8 7.4 302.76
4.8 7.6 317.84
4.8 7.8 333.32
4.8 8 349.2
4.8 8.2 365.48
4.8 8.4 382.16
4.8 8.6 399.24
4.8 8.8 416.72
4.8 9 434.6
4.8 9.2 452.88
4.8 9.4 471.56
4.8 9.6 490.64
4.8 9.8 510.12
4.8 10 530

5 -10 509
5 -9.8 489.6
5 -9.6 470.6
5 -9.4 452
5 -9.2 433.8
5 -9 416
5 -8.8 398.6
5 -8.6 381.6
5 -8.4 365
5 -8.2 348.8
5 -8 333
5 -7.8 317.6
5 -7.6 302.6
5 -7.4 288
5 -7.2 273.8
5 -7 260
5 -6.8 246.6
5 -6.6 233.6
5 -6.4 221
5 -6.2 208.8
5 -6 197
5 -5.8 185.6
5 -5.6 174.6
5 -5.4 164
5 -5.2 153.8
5 -5 144
5 -4.8 134.6
5 -4.6 125.6
5 -4.4 117
5 -4.2 108.8
5 -4 101
5 -3.8 93.6
5 -3.6 86.6
5 -3.4 80
5 -3.2 73.8
5 -3 68
5 -2.8 62.6
5 -2.6 57.6
5 -2.4 53
5 -2.2 48.8
5 -2 45
5 -1.8 41.6
5 -1.6 38.6
5 -1.4 36
5 -1.2 33.8
5 -1 32
5 -0.800000000000001 30.6
5 -0.6 29.6
5 -0.4 29
5 -0.199999999999999 28.8
5 0 29
5 0.199999999999999 29.6
5 0.4 30.6
5 0.6 32
5 0.800000000000001 33.8
5 1 36
5 1.2 38.6
5 1.4 41.6
5 1.6 45
5 1.8 48.8
5 2 53
5 2.2 57.6
5 2.4 62.6
5 2.6 68
5 2.8 73.8
5 3 80
5 3.2 86.6
5 3.4 93.6
5 3.6 101
5 3.8 108.8
5 4 117
5 4.2 125.6
5 4.4 134.6
5 4.6 144
5 4.8 153.8
5 5 164
5 5.2 174.6
5 5.4 185.6
5 5.6 197
5 5.8 208.8
5 6 221
5 6.2 233.6
5 6.4 246.6
5 6.6 260
5 6.8 273.8
5 7 288
5 7.2 302.6
5 7.4 317.6
5 7.6 333
5 7.8 348.8
5 8 365
5 8.2 381.6
5 8.4 398.6
5 8.6 416
5 8.8 433.8
5 9 452
5 9.2 470.6
5 9.4 489.6
5 9.6 509
5 9.8 528.8
5 10 549

5.2 -10 496.4
5.2 -9.8 477.32
5.2 -9.6 458.64
5.2 -9.4 440.36
5.2 -9.2 422.48
5.2 -9 405
5.2 -8.8 387.92
5.2 -8.6 371.24
5.2 -8.4 354.96
5.2 -8.2 339.08
5.2 -8 323.6
5.2 -7.8 308.52
5.2 -7.6 293.84
5.2 -7.4 279.56
5.2 -7.2 265.68
5.2 -7 252.2
5.2 -6.8 239.12
5.2 -6.6 226.44
5.2 -6.4 214.16
5.2 -6.2 202.28
5.2 -6 190.8
5.2 -5.8 179.72
5.2 -5.6 169.04
5.2 -5.4 158.76
5.2 -5.2 148.88
5.2 -5 139.4
5.2 -4.8 130.32
5.2 -4.6 121.64
5.2 -4.4 113.36
5.2 -4.2 105.48
5.2 -4 98
5.2 -3.8 90.92
5.2 -3.6 84.24
5.2 -3.4 77.96
5.2 -3.2 72.08
5.2 -3 66.6
5.2 -2.8 61.52
5.2 -2.6 56.84
5.2 -2.4 52.56
5.2 -2.2 48.68
5.2 -2 45.2
5.2 -1.8 42.12
5.2 -1.6 39.44
5.2 -1.4 37.16
5.2 -1.2 35.28
5.2 -1 33.8
5.2 -0.800000000000001 32.72
5.2 -0.6 32.04
5.2 -0.4 31.76
5.2 -0.199999999999999 31.88
5.2 0 32.4
5.2 0.199999999999999 33.32
5.2 0.4 34.64
5.2 0.6 36.36
5.2 0.800000000000001 38.48
5.2 1 41
5.2 1.2 43.92
5.2 1.4 47.24
5.2 1.6 50.96
5.2 1.8 55.08
5.2 2 59.6
5.2 2.2 64.52
5.2 2.4 69.84
5.2 2.6 75.56
5.2 2.8 81.68
5.2 3 88.2
5.2 3.2 95.1199999999999
5.2 3.4 102.44
5.2 3.6 110.16
5.2 3.8 118.28
5.2 4 126.8
5.2 4.2 135.72
5.2 4.4 145.04
5.2 4.6 154.76
5.2 4.8 164.88
5.2 5 175.4
5.2 5.2 186.32
5.2 5.4 197.64
5.2 5.6 209.36
5.2 5.8 221.48
5.2 6 234
5.2 6.2 246.92
5.2 6.4 260.24
5.2 6.6 273.96
5.2 6.8 288.08
5.2 7 302.6
5.2 7.2 317.52
5.2 7.4 332.84
5.2 7.6 348.56
5.2 7.8 364.68
5.2 8 381.2
5.2 8.2 398.12
5.2 8.4 415.44
5.2 8.6 433.16
5.2 8.8 451.28
5.2 9 469.8
5.2 9.2 488.72
5.2 9.4 508.04
5.2 9.6 527.76
5.2 9.8 547.88
5.2 10 568.4

5.4 -10 484.2
5.4 -9.8 465.44
5.4 -9.6 447.08
5.4 -9.4 429.12
5.4 -9.2 411.56
5.4 -9 394.4
5.4 -8.8 377.64
5.4 -8.6 361.28
5.4 -8.4 345.32
5.4 -8.2 329.76
5.4 -8 314.6
5.4 -7.8 299.84
5.4 -7.6 285.48
5.4 -7.4 271.52
5.4 -7.2 257.96
5.4 -7 244.8
5.4 -6.8 232.04
5.4 -6.6 219.68
5.4 -6.4 207.72
5.4 -6.2 196.16
5.4 -6 185
5.4 -5.8 174.24
5.4 -5.6 163.88
5.4 -5.4 153.92
5.4 -5.2 144.36
5.4 -5 135.2
5.4 -4.8 126.44
5.4 -4.6 118.08
5.4 -4.4 110.12
5.4 -4.2 102.56
5.4 -4 95.4
5.4 -3.8 88.64
5.4 -3.6 82.28
5.4 -3.4 76.32
5.4 -3.2 70.76
5.4 -3 65.6
5.4 -2.8 60.84
5.4 -2.6 56.48
5.4 -2.4 52.52
5.4 -2.2 48.96
5.4 -2 45.8
5.4 -1.8 43.04
5.4 -1.6 40.68
5.4 -1.4 38.72
5.4 -1.2 37.16
5.4 -1 36
5.4 -0.800000000000001 35.24
5.4 -0.6 34.88
5.4 -0.4 34.92
5.4 -0.199999999999999 35.36
5.4 0 36.2
5.4 0.199999999999999 37.44
5.4 0.4 39.08
5.4 0.6 41.12
5.4 0.800000000000001 43.56
5.4 1 46.4
5.4 1.2 49.64
5.4 1.4 53.28
5.4 1.6 57.32
5.4 1.8 61.76
5.4 2 66.6
5.4 2.2 71.84
5.4 2.4 77.48
5.4 2.6 83.52
5.4 2.8 89.96
5.4 3 96.8
5.4 3.2 104.04
5.4 3.4 111.68
5.4 3.6 119.72
5.4 3.8 128.16
5.4 4 137
5.4 4.2 146.24
5.4 4.4 155.88
5.4 4.6 165.92
5.4 4.8 176.36
5.4 5 187.2
5.4 5.2 198.44
5.4 5.4 210.08
5.4 5.6 222.12
5.4 5.8 234.56
5.4 6 247.4
5.4 6.2 260.64
5.4 6.4 274.28
5.4 6.6 288.32
5.4 6.8 302.76
5.4 7 317.6
5.4 7.2 332.84
5.4 7.4 348.48
5.4 7.6 364.52
5.4 7.8 380.96
5.4 8 397.8
5.4 8.2 415.04
5.4 8.4 432.68
5.4 8.6 450.72
5.4 8.8 469.16
5.4 9 488
5.4 9.2 507.24
5.4 9.4 526.88
5.4 9.6 546.92
5.4 9.8 567.36
5.4 10 588.2

5.6 -10 472.4
5.6 -9.8 453.96
5.6 -9.6 435.92
5.6 -9.4 418.28
5.6 -9.2 401.04
5.6 -9 384.2
5.6 -8.8 367.76
5.6 -8.6 351.72
5.6 -8.4 336.08
5.6 -8.2 320.84
5.6 -8 306
5.6 -7.8 291.56
5.6 -7.6 277.52
5.6 -7.4 263.88
5.6 -7.2 250.64
5.6 -7 237.8
5.6 -6.8 225.36
5.6 -6.6 213.32
5.6 -6.4 201.68
5.6 -6.2 190.44
5.6 -6 179.6
5.6 -5.8 169.16
5.6 -5.6 159.12
5.6 -5.4 149.48
5.6 -5.2 140.24
5.6 -5 131.4
5.6 -4.8 122.96
5.6 -4.6 114.92
5.6 -4.4 107.28
5.6 -4.2 100.04
5.6 -4 93.2
5.6 -3.8 86.76
5.6 -3.6 80.72
5.6 -3.4 75.08
5.6 -3.2 69.84
5.6 -3 65
5.6 -2.8 60.56
5.6 -2.6 56.52
5.6 -2.4 52.88
5.6 -2.2 49.64
5.6 -2 46.8
5.6 -1.8 44.36
5.6 -1.6 42.32
5.6 -1.4 40.68
5.6 -1.2 39.44
5.6 -1 38.6
5.6 -0.800000000000001 38.16
5.6 -0.6 38.12
5.6 -0.4 38.48
5.6 -0.199999999999999 39.24
5.6 0 40.4
5.6 0.199999999999999 41.96
5.6 0.4 43.92
5.6 0.6 46.28
5.6 0.800000000000001 49.04
5.6 1 52.2
5.6 1.2 55.76
5.6 1.4 59.72
5.6 1.6 64.08
5.6 1.8 68.84
5.6 2 74
5.6 2.2 79.56
5.6 2.4 85.52
5.6 2.6 91.88
5.6 2.8 98.64
5.6 3 105.8
5.6 3.2 113.36
5.6 3.4 121.32
5.6 3.6 129.68
5.6 3.8 138.44
5.6 4 147.6
5.6 4.2 157.16
5.6 4.4 167.12
5.6 4.6 177.48
5.6 4.8 188.24
5.6 5 199.4
5.6 5.2 210.96
5.6 5.4 222.92
5.6 5.6 235.28
5.6 5.8 248.04
5.6 6 261.2
5.6 6.2 274.76
5.6 6.4 288.72
5.6 6.6 303.08
5.6 6.8 317.84
5.6 7 333
5.6 7.2 348.56
5.6 7.4 364.52
5.6 7.6 380.88
5.6 7.8 397.64
5.6 8 414.8
5.6 8.2 432.36
5.6 8.4 450.32
5.6 8.6 468.68
5.6 8.8 487.44
5.6 9 506.6
5.6 9.2 526.16
5.6 9.4 546.12
5.6 9.6 566.48
5.6 9.8 587.24
5.6 10 608.4

5.8 -10 461
5.8 -9.8 442.88
5.8 -9.6 425.16
5.8 -9.4 407.84
5.8 -9.2 390.92
5.8 -9 374.4
5.8 -8.8 358.28
5.8 -8.6 342.56
5.8 -8.4 327.24
5.8 -8.2 312.32
5.8 -8 297.8
5.8 -7.8 283.68
5.8 -7.6 269.96
5.8 -7.4 256.64
5.8 -7.2 243.72
5.8 -7 231.2
5.8 -6.8 219.08
5.8 -6.6 207.36
5.8 -6.4 196.04
5.8 -6.2 185.12
5.8 -6 174.6
5.8 -5.8 164.48
5.8 -5.6 154.76
5.8 -5.4 145.44
5.8 -5.2 136.52
5.8 -5 128
5.8 -4.8 119.88
5.8 -4.6 112.16
5.8 -4.4 104.84
5.8 -4.2 97.92
5.8 -4 91.4
5.8 -3.8 85.28
5.8 -3.6 79.56
5.8 -3.4 74.24
5.8 -3.2 69.32
5.8 -3 64.8
5.8 -2.8 60.68
5.8 -2.6 56.96
5.8 -2.4 53.64
5.8 -2.2 50.72
5.8 -2 48.2
5.8 -1.8 46.08
5.8 -1.6 44.36
5.8 -1.4 43.04
5.8 -1.2 42.12
5.8 -1 41.6
5.8 -0.800000000000001 41.48
5.8 -0.6 41.76
5.8 -0.4 42.44
5.8 -0.199999999999999 43.52
5.8 0 45
5.8 0.199999999999999 46.88
5.8 0.4 49.16
5.8 0.6 51.84
5.8 0.800000000000001 54.92
5.8 1 58.4
5.8 1.2 62.28
5.8 1.4 66.56
5.8 1.6 71.24
5.8 1.8 76.32
5.8 2 81.8
5.8 2.2 87.68
5.8 2.4 93.96
5.8 2.6 100.64
5.8 2.8 107.72
5.8 3 115.2
5.8 3.2 123.08
5.8 3.4 131.36
5.8 3.6 140.04
5.8 3.8 149.12
5.8 4 158.6
5.8 4.2 168.48
5.8 4.4 178.76
5.8 4.6 189.44
5.8 4.8 200.52
5.8 5 212
5.8 5.2 223.88
5.8 5.4 236.16
5.8 5.6 248.84
5.8 5.8 261.92
5.8 6 275.4
5.8 6.2 289.28
5.8 6.4 303.56
5.8 6.6 318.24
5.8 6.8 333.32
5.8 7 348.8
5.8 7.2 364.68
5.8 7.4 380.96
5.8 7.6 397.64
5.8 7.8 414.72
5.8 8 432.2
5.8 8.2 450.08
5.8 8.4 468.36
5.8 8.6 487.04
5.8 8.8 506.12
5.8 9 525.6
5.8 9.2 545.48
5.8 9.4 565.76
5.8 9.6 586.44
5.8 9.8 607.52
5.8 10 629

6 -10 450
6 -9.8 432.2
6 -9.6 414.8
6 -9.4 397.8
6 -9.2 381.2
6 -9 365
6 -8.8 349.2
6 -8.6 333.8
6 -8.4 318.8
6 -8.2 304.2
6 -8 290
6 -7.8 276.2
6 -7.6 262.8
6 -7.4 249.8
6 -7.2 237.2
6 -7 225
6 -6.8 213.2
6 -6.6 201.8
6 -6.4 190.8
6 -6.2 180.2
6 -6 170
6 -5.8 160.2
6 -5.6 150.8
6 -5.4 141.8
6 -5.2 133.2
6 -5 125
6 -4.8 117.2
6 -4.6 109.8
6 -4.4 102.8
6 -4.2 96.2
6 -4 90
6 -3.8 84.2
6 -3.6 78.8
6 -3.4 73.8
6 -3.2 69.2
6 -3 65
6 -2.8 61.2
6 -2.6 57.8
6 -2.4 54.8
6 -2.2 52.2
6 -2 50
6 -1.8 48.2
6 -1.6 46.8
6 -1.4 45.8
6 -1.2 45.2
6 -1 45
6 -0.800000000000001 45.2
6 -0.6 45.8
6 -0.4 46.8
6 -0.199999999999999 48.2
6 0 50
6 0.199999999999999 52.2
6 0.4 54.8
6 0.6 57.8
6 0.800000000000001 61.2
6 1 65
6 1.2 69.2
6 1.4 73.8
6 1.6 78.8
6 1.8 84.2
6 2 90
6 2.2 96.2
6 2.4 102.8
6 2.6 109.8
6 2.8 117.2
6 3 125
6 3.2 133.2
6 3.4 141.8
6 3.6 150.8
6 3.8 160.2
6 4 170
6 4.2 180.2
6 4.4 190.8
6 4.6 201.8
6 4.8 213.2
6 5 225
6 5.2 237.2
6 5.4 249.8
6 5.6 262.8
6 5.8 276.2
6 6 290
6 6.2 304.2
6 6.4 318.8
6 6.6 333.8
6 6.8 349.2
6 7 365
6 7.2 381.2
6 7.4 397.8
6 7.6 414.8
6 7.8 432.2
6 8 450
6 8.2 468.2
6 8.4 486.8
6 8.6 505.8
6 8.8 525.2
6 9 545
6 9.2 565.2
6 9.4 585.8
6 9.6 606.8
6 9.8 628.2
6 10 650

6.2 -10 439.4
6.2 -9.8 421.92
6.2 -9.6 404.84
6.2 -9.4 388.16
6.2 -9.2 371.88
6.2 -9 356
6.2 -8.8 340.52
6.2 -8.6 325.44
6.2 -8.4 310.76
6.2 -8.2 296.48
6.2 -8 282.6
6.2 -7.8 269.12
6.2 -7.6 256.04
6.2 -7.4 243.36
6.2 -7.2 231.08
6.2 -7 219.2
6.2 -6.8 207.72
6.2 -6.6 196.64
6.2 -6.4 185.96
6.2 -6.2 175.68
6.2 -6 165.8
6.2 -5.8 156.32
6.2 -5.6 147.24
6.2 -5.4 138.56
6.2 -5.2 130.28
6.2 -5 122.4
6.2 -4.8 114.92
6.2 -4.6 107.84
6.2 -4.4 101.16
6.2 -4.2 94.88
6.2 -4 89
6.2 -3.8 83.52
6.2 -3.6 78.44
6.2 -3.4 73.76
6.2 -3.2 69.48
6.2 -3 65.6
6.2 -2.8 62.12
6.2 -2.6 59.04
6.2 -2.4 56.36
6.2 -2.2 54.08
6.2 -2 52.2
6.2 -1.8 50.72
6.2 -1.6 49.64
6.2 -1.4 48.96
6.2 -1.2 48.68
6.2 -1 48.8
6.2 -0.800000000000001 49.32
6.2 -0.6 50.24
6.2 -0.4 51.56
6.2 -0.199999999999999 53.28
6.2 0 55.4
6.2 0.199999999999999 57.92
6.2 0.4 60.84
6.2 0.6 64.16
6.2 0.800000000000001 67.88
6.2 1 72
6.2 1.2 76.52
6.2 1.4 81.44
6.2 1.6 86.76
6.2 1.8 92.48
6.2 2 98.6
6.2 2.2 105.12
6.2 2.4 112.04
6.2 2.6 119.36
6.2 2.8 127.08
6.2 3 135.2
6.2 3.2 143.72
6.2 3.4 152.64
6.2 3.6 161.96
6.2 3.8 171.68
6.2 4 181.8
6.2 4.2 192.32
6.2 4.4 203.24
6.2 4.6 214.56
6.2 4.8 226.28
6.2 5 238.4
6.2 5.2 250.92
6.2 5.4 263.84
6.2 5.6 277.16
6.2 5.8 290.88
6.2 6 305
6.2 6.2 319.52
6.2 6.4 334.44
6.2 6.6 349.76
6.2 6.8 365.48
6.2 7 381.6
6.2 7.2 398.12
6.2 7.4 415.04
6.2 7.6 432.36
6.2 7.8 450.08
6.2 8 468.2
6.2 8.2 486.72
6.2 8.4 505.64
6.2 8.6 524.96
6.2 8.8 544.68
6.2 9 564.8
6.2 9.2 585.32
6.2 9.4 606.24
6.2 9.6 627.56
6.2 9.8 649.28
6.2 10 671.4

6.4 -10 429.2
6.4 -9.8 412.04
6.4 -9.6 395.28
6.4 -9.4 378.92
6.4 -9.2 362.96
6.4 -9 347.4
6.4 -8.8 332.24
6.4 -8.6 317.48
6.4 -8.4 303.12
6.4 -8.2 289.16
6.4 -8 275.6
6.4 -7.8 262.44
6.4 -7.6 249.68
6.4 -7.4 237.32
6.4 -7.2 225.36
6.4 -7 213.8
6.4 -6.8 202.64
6.4 -6.6 191.88
6.4 -6.4 181.52
6.4 -6.2 171.56
6.4 -6 162
6.4 -5.8 152.84
6.4 -5.6 144.08
6.4 -5.4 135.72
6.4 -5.2 127.76
6.4 -5 120.2
6.4 -4.8 113.04
6.4 -4.6 106.28
6.4 -4.4 99.92
6.4 -4.2 93.96
6.4 -4 88.4
6.4 -3.8 83.24
6.4 -3.6 78.48
6.4 -3.4 74.12
6.4 -3.2 70.16
6.4 -3 66.6
6.4 -2.8 63.44
6.4 -2.6 60.68
6.4 -2.4 58.32
6.4 -2.2 56.36
6.4 -2 54.8
6.4 -1.8 53.64
6.4 -1.6 52.88
6.4 -1.4 52.52
6.4 -1.2 52.56
6.4 -1 53
6.4 -0.800000000000001 53.84
6.4 -0.6 55.08
6.4 -0.4 56.72
6.4 -0.199999999999999 58.76
6.4 0 61.2
6.4 0.199999999999999 64.0399999999999
6.4 0.4 67.28
6.4 0.6 70.9199999999999
6.4 0.800000000000001 74.96
6.4 1 79.3999999999999
6.4 1.2 84.2399999999999
6.4 1.4 89.48
6.4 1.6 95.1199999999999
6.4 1.8 101.16
6.4 2 107.6
6.4 2.2 114.44
6.4 2.4 121.68
6.4 2.6 129.32
6.4 2.8 137.36
6.4 3 145.8
6.4 3.2 154.64
6.4 3.4 163.88
6.4 3.6 173.52
6.4 3.8 183.56
6.4 4 194
6.4 4.2 204.84
6.4 4.4 216.08
6.4 4.6 227.72
6.4 4.8 239.76
6.4 5 252.2
6.4 5.2 265.04
6.4 5.4 278.28
6.4 5.6 291.92
6.4 5.8 305.96
6.4 6 320.4
6.4 6.2 335.24
6.4 6.4 350.48
6.4 6.6 366.12
6.4 6.8 382.16
6.4 7 398.6
6.4 7.2 415.44
6.4 7.4 432.68
6.4 7.6 450.32
6.4 7.8 468.36
6.4 8 486.8
6.4 8.2 505.64
6.4 8.4 524.88
6.4 8.6 544.52
6.4 8.8 564.56
6.4 9 585
6.4 9.2 605.84
6.4 9.4 627.08
6.4 9.6 648.72
6.4 9.8 670.76
6.4 10 693.2

6.6 -10 419.4
6.6 -9.8 402.56
6.6 -9.6 386.12
6.6 -9.4 370.08
6.6 -9.2 354.44
6.6 -9 339.2
6.6 -8.8 324.36
6.6 -8.6 309.92
6.6 -8.4 295.88
6.6 -8.2 282.24
6.6 -8 269
6.6 -7.8 256.16
6.6 -7.6 243.72
6.6 -7.4 231.68
6.6 -7.2 220.04
6.6 -7 208.8
6.6 -6.8 197.96
6.6 -6.6 187.52
6.6 -6.4 177.48
6.6 -6.2 167.84
6.6 -6 158.6
6.6 -5.8 149.76
6.6 -5.6 141.32
6.6 -5.4 133.28
6.6 -5.2 125.64
6.6 -5 118.4
6.6 -4.8 111.56
6.6 -4.6 105.12
6.6 -4.4 99.08
6.6 -4.2 93.44
6.6 -4 88.2
6.6 -3.8 83.36
6.6 -3.6 78.92
6.6 -3.4 74.88
6.6 -3.2 71.24
6.6 -3 68
6.6 -2.8 65.16
6.6 -2.6 62.72
6.6 -2.4 60.68
6.6 -2.2 59.04
6.6 -2 57.8
6.6 -1.8 56.96
6.6 -1.6 56.52
6.6 -1.4 56.48
6.6 -1.2 56.84
6.6 -1 57.6
6.6 -0.800000000000001 58.76
6.6 -0.6 60.32
6.6 -0.4 62.28
6.6 -0.199999999999999 64.6400000000001
6.6 0 67.4
6.6 0.199999999999999 70.56
6.6 0.4 74.12
6.6 0.6 78.08
6.6 0.800000000000001 82.4400000000001
6.6 1 87.2000000000001
6.6 1.2 92.36
6.6 1.4 97.9200000000001
6.6 1.6 103.88
6.6 1.8 110.24
6.6 2 117
6.6 2.2 124.16
6.6 2.4 131.72
6.6 2.6 139.68
6.6 2.8 148.04
6.6 3 156.8
6.6 3.2 165.96
6.6 3.4 175.52
6.6 3.6 185.48
6.6 3.8 195.84
6.6 4 206.6
6.6 4.2 217.76
6.6 4.4 229.32
6.6 4.6 241.28
6.6 4.8 253.64
6.6 5 266.4
6.6 5.2 279.56
6.6 5.4 293.12
6.6 5.6 307.08
6.6 5.8 321.44
6.6 6 336.2
6.6 6.2 351.36
6.6 6.4 366.92
6.6 6.6 382.88
6.6 6.8 399.24
6.6 7 416
6.6 7.2 433.16
6.6 7.4 450.72
6.6 7.6 468.68
6.6 7.8 487.04
6.6 8 505.8
6.6 8.2 524.96
6.6 8.4 544.52
6.6 8.6 564.48
6.6 8.8 584.84
6.6 9 605.6
6.6 9.2 626.76
6.6 9.4 648.32
6.6 9.6 670.28
6.6 9.8 692.64
6.6 10 715.4

6.8 -10 410
6.8 -9.8 393.48
6.8 -9.6 377.36
6.8 -9.4 361.64
6.8 -9.2 346.32
6.8 -9 331.4
6.8 -8.8 316.88
6.8 -8.6 302.76
6.8 -8.4 289.04
6.8 -8.2 275.72
6.8 -8 262.8
6.8 -7.8 250.28
6.8 -7.6 238.16
6.8 -7.4 226.44
6.8 -7.2 215.12
6.8 -7 204.2
6.8 -6.8 193.68
6.8 -6.6 183.56
6.8 -6.4 173.84
6.8 -6.2 164.52
6.8 -6 155.6
6.8 -5.8 147.08
6.8 -5.6 138.96
6.8 -5.4 131.24
6.8 -5.2 123.92
6.8 -5 117
6.8 -4.8 110.48
6.8 -4.6 104.36
6.8 -4.4 98.64
6.8 -4.2 93.32
6.8 -4 88.4
6.8 -3.8 83.88
6.8 -3.6 79.76
6.8 -3.4 76.04
6.8 -3.2 72.72
6.8 -3 69.8
6.8 -2.8 67.28
6.8 -2.6 65.16
6.8 -2.4 63.44
6.8 -2.2 62.12
6.8 -2 61.2
6.8 -1.8 60.68
6.8 -1.6 60.56
6.8 -1.4 60.84
6.8 -1.2 61.52
6.8 -1 62.6
6.8 -0.800000000000001 64.08
6.8 -0.6 65.96
6.8 -0.4 68.24
6.8 -0.199999999999999 70.92
6.8 0 74
6.8 0.199999999999999 77.48
6.8 0.4 81.36
6.8 0.6 85.64
6.8 0.800000000000001 90.3200000000001
6.8 1 95.4
6.8 1.2 100.88
6.8 1.4 106.76
6.8 1.6 113.04
6.8 1.8 119.72
6.8 2 126.8
6.8 2.2 134.28
6.8 2.4 142.16
6.8 2.6 150.44
6.8 2.8 159.12
6.8 3 168.2
6.8 3.2 177.68
6.8 3.4 187.56
6.8 3.6 197.84
6.8 3.8 208.52
6.8 4 219.6
6.8 4.2 231.08
6.8 4.4 242.96
6.8 4.6 255.24
6.8 4.8 267.92
6.8 5 281
6.8 5.2 294.48
6.8 5.4 308.36
6.8 5.6 322.64
6.8 5.8 337.32
6.8 6 352.4
6.8 6.2 367.88
6.8 6.4 383.76
6.8 6.6 400.04
6.8 6.8 416.72
6.8 7 433.8
6.8 7.2 451.28
6.8 7.4 469.16
6.8 7.6 487.44
6.8 7.8 506.12
6.8 8 525.2
6.8 8.2 544.68
6.8 8.4 564.56
6.8 8.6 584.84
6.8 8.8 605.52
6.8 9 626.6
6.8 9.2 648.08
6.8 9.4 669.96
6.8 9.6 692.24
6.8 9.8 714.92
6.8 10 738

7 -10 401
7 -9.8 384.8
7 -9.6 369
7 -9.4 353.6
7 -9.2 338.6
7 -9 324
7 -8.8 309.8
7 -8.6 296
7 -8.4 282.6
7 -8.2 269.6
7 -8 257
7 -7.8 244.8
7 -7.6 233
7 -7.4 221.6
7 -7.2 210.6
7 -7 200
7 -6.8 189.8
7 -6.6 180
7 -6.4 170.6
7 -6.2 161.6
7 -6 153
7 -5.8 144.8
7 -5.6 137
7 -5.4 129.6
7 -5.2 122.6
7 -5 116
7 -4.8 109.8
7 -4.6 104
7 -4.4 98.6
7 -4.2 93.6
7 -4 89
7 -3.8 84.8
7 -3.6 81
7 -3.4 77.6
7 -3.2 74.6
7 -3 72
7 -2.8 69.8
7 -2.6 68
7 -2.4 66.6
7 -2.2 65.6
7 -2 65
7 -1.8 64.8
7 -1.6 65
7 -1.4 65.6
7 -1.2 66.6
7 -1 68
7 -0.800000000000001 69.8
7 -0.6 72
7 -0.4 74.6
7 -0.199999999999999 77.6
7 0 81
7 0.199999999999999 84.8
7 0.4 89
7 0.6 93.6
7 0.800000000000001 98.6
7 1 104
7 1.2 109.8
7 1.4 116
7 1.6 122.6
7 1.8 129.6
7 2 137
7 2.2 144.8
7 2.4 153
7 2.6 161.6
7 2.8 170.6
7 3 180
7 3.2 189.8
7 3.4 200
7 3.6 210.6
7 3.8 221.6
7 4 233
7 4.2 244.8
7 4.4 257
7 4.6 269.6
7 4.8 282.6
7 5 296
7 5.2 309.8
7 5.4 324
7 5.6 338.6
7 5.8 353.6
7 6 369
7 6.2 384.8
7 6.4 401
7 6.6 417.6
7 6.8 434.6
7 7 452
7 7.2 469.8
7 7.4 488
7 7.6 506.6
7 7.8 525.6
7 8 545
7 8.2 564.8
7 8.4 585
7 8.6 605.6
7 8.8 626.6
7 9 648
7 9.2 669.8
7 9.4 692
7 9.6 714.6
7 9.8 737.6
7 10 761

7.2 -10 392.4
7.2 -9.8 376.52
7.2 -9.6 361.04
7.2 -9.4 345.96
7.2 -9.2 331.28
7.2 -9 317
7.2 -8.8 303.12
7.2 -8.6 289.64
7.2 -8.4 276.56
7.2 -8.2 263.88
7.2 -8 251.6
7.2 -7.8 239.72
7.2 -7.6 228.24
7.2 -7.4 217.16
7.2 -7.2 206.48
7.2 -7 196.2
7.2 -6.8 186.32
7.2 -6.6 176.84
7.2 -6.4 167.76
7.2 -6.2 159.08
7.2 -6 150.8
7.2 -5.8 142.92
7.2 -5.6 135.44
7.2 -5.4 128.36
7.2 -5.2 121.68
7.2 -5 115.4
7.2 -4.8 109.52
7.2 -4.6 104.04
7.2 -4.4 98.96
7.2 -4.2 94.28
7.2 -4 90
7.2 -3.8 86.12
7.2 -3.6 82.64
7.2 -3.4 79.56
7.2 -3.2 76.88
7.2 -3 74.6
7.2 -2.8 72.72
7.2 -2.6 71.24
7.2 -2.4 70.16
7.2 -2.2 69.48
7.2 -2 69.2
7.2 -1.8 69.32
7.2 -1.6 69.84
7.2 -1.4 70.76
7.2 -1.2 72.08
7.2 -1 73.8
7.2 -0.800000000000001 75.92
7.2 -0.6 78.44
7.2 -0.4 81.36
7.2 -0.199999999999999 84.68
7.2 0 88.4
7.2 0.199999999999999 92.52
7.2 0.4 97.04
7.2 0.6 101.96
7.2 0.800000000000001 107.28
7.2 1 113
7.2 1.2 119.12
7.2 1.4 125.64
7.2 1.6 132.56
7.2 1.8 139.88
7.2 2 147.6
7.2 2.2 155.72
7.2 2.4 164.24
7.2 2.6 173.16
7.2 2.8 182.48
7.2 3 192.2
7.2 3.2 202.32
7.2 3.4 212.84
7.2 3.6 223.76
7.2 3.8 235.08
7.2 4 246.8
7.2 4.2 258.92
7.2 4.4 271.44
7.2 4.6 284.36
7.2 4.8 297.68
7.2 5 311.4
7.2 5.2 325.52
7.2 5.4 340.04
7.2 5.6 354.96
7.2 5.8 370.28
7.2 6 386
7.2 6.2 402.12
7.2 6.4 418.64
7.2 6.6 435.56
7.2 6.8 452.88
7.2 7 470.6
7.2 7.2 488.72
7.2 7.4 507.24
7.2 7.6 526.16
7.2 7.8 545.48
7.2 8 565.2
7.2 8.2 585.32
7.2 8.4 605.84
7.2 8.6 626.76
7.2 8.8 648.08
7.2 9 669.8
7.2 9.2 691.92
7.2 9.4 714.44
7.2 9.6 737.36
7.2 9.8 760.68
7.2 10 784.4

7.4 -10 384.2
7.4 -9.8 368.64
7.4 -9.6 353.48
7.4 -9.4 338.72
7.4 -9.2 324.36
7.4 -9 310.4
7.4 -8.8 296.84
7.4 -8.6 283.68
7.4 -8.4 270.92
7.4 -8.2 258.56
7.4 -8 246.6
7.4 -7.8 235.04
7.4 -7.6 223.88
7.4 -7.4 213.12
7.4 -7.2 202.76
7.4 -7 192.8
7.4 -6.8 183.24
7.4 -6.6 174.08
7.4 -6.4 165.32
7.4 -6.2 156.96
7.4 -6 149
7.4 -5.8 141.44
7.4 -5.6 134.28
7.4 -5.4 127.52
7.4 -5.2 121.16
7.4 -5 115.2
7.4 -4.8 109.64
7.4 -4.6 104.48
7.4 -4.4 99.72
7.4 -4.2 95.36
7.4 -4 91.4
7.4 -3.8 87.84
7.4 -3.6 84.68
7.4 -3.4 81.92
7.4 -3.2 79.56
7.4 -3 77.6
7.4 -2.8 76.04
7.4 -2.6 74.88
7.4 -2.4 74.12
7.4 -2.2 73.76
7.4 -2 73.8
7.4 -1.8 74.24
7.4 -1.6 75.08
7.4 -1.4 76.32
7.4 -1.2 77.96
7.4 -1 80
7.4 -0.800000000000001 82.44
7.4 -0.6 85.28
7.4 -0.4 88.5199999999999
7.4 -0.199999999999999 92.16
7.4 0 96.1999999999999
7.4 0.199999999999999 100.64
7.4 0.4 105.48
7.4 0.6 110.72
7.4 0.800000000000001 116.36
7.4 1 122.4
7.4 1.2 128.84
7.4 1.4 135.68
7.4 1.6 142.92
7.4 1.8 150.56
7.4 2 158.6
7.4 2.2 167.04
7.4 2.4 175.88
7.4 2.6 185.12
7.4 2.8 194.76
7.4 3 204.8
7.4 3.2 215.24
7.4 3.4 226.08
7.4 3.6 237.32
7.4 3.8 248.96
7.4 4 261
7.4 4.2 273.44
7.4 4.4 286.28
7.4 4.6 299.52
7.4 4.8 313.16
7.4 5 327.2
7.4 5.2 341.64
7.4 5.4 356.48
7.4 5.6 371.72
7.4 5.8 387.36
7.4 6 403.4
7.4 6.2 419.84
7.4 6.4 436.68
7.4 6.6 453.92
7.4 6.8 471.56
7.4 7 489.6
7.4 7.2 508.04
7.4 7.4 526.88
7.4 7.6 546.12
7.4 7.8 565.76
7.4 8 585.8
7.4 8.2 606.24
7.4 8.4 627.08
7.4 8.6 648.32
7.4 8.8 669.96
7.4 9 692
7.4 9.2 714.44
7.4 9.4 737.28
7.4 9.6 760.52
7.4 9.8 784.16
7.4 10 808.2

7.6 -10 376.4
7.6 -9.8 361.16
7.6 -9.6 346.32
7.6 -9.4 331.88
7.6 -9.2 317.84
7.6 -9 304.2
7.6 -8.8 290.96
7.6 -8.6 278.12
7.6 -8.4 265.68
7.6 -8.2 253.64
7.6 -8 242
7.6 -7.8 230.76
7.6 -7.6 219.92
7.6 -7.4 209.48
7.6 -7.2 199.44
7.6 -7 189.8
7.6 -6.8 180.56
7.6 -6.6 171.72
7.6 -6.4 163.28
7.6 -6.2 155.24
7.6 -6 147.6
7.6 -5.8 140.36
7.6 -5.6 133.52
7.6 -5.4 127.08
7.6 -5.2 121.04
7.6 -5 115.4
7.6 -4.8 110.16
7.6 -4.6 105.32
7.6 -4.4 100.88
7.6 -4.2 96.84
7.6 -4 93.2
7.6 -3.8 89.96
7.6 -3.6 87.12
7.6 -3.4 84.68
7.6 -3.2 82.64
7.6 -3 81
7.6 -2.8 79.76
7.6 -2.6 78.92
7.6 -2.4 78.48
7.6 -2.2 78.4400000000001
7.6 -2 78.8
7.6 -1.8 79.56
7.6 -1.6 80.72
7.6 -1.4 82.28
7.6 -1.2 84.2400000000001
7.6 -1 86.6000000000001
7.6 -0.800000000000001 89.36
7.6 -0.6 92.5200000000001
7.6 -0.4 96.0800000000001
7.6 -0.199999999999999 100.04
7.6 0 104.4
7.6 0.199999999999999 109.16
7.6 0.4 114.32
7.6 0.6 119.88
7.6 0.800000000000001 125.84
7.6 1 132.2
7.6 1.2 138.96
7.6 1.4 146.12
7.6 1.6 153.68
7.6 1.8 161.64
7.6 2 170
7.6 2.2 178.76
7.6 2.4 187.92
7.6 2.6 197.48
7.6 2.8 207.44
7.6 3 217.8
7.6 3.2 228.56
7.6 3.4 239.72
7.6 3.6 251.28
7.6 3.8 263.24
7.6 4 275.6
7.6 4.2 288.36
7.6 4.4 301.52
7.6 4.6 315.08
7.6 4.8 329.04
7.6 5 343.4
7.6 5.2 358.16
7.6 5.4 373.32
7.6 5.6 388.88
7.6 5.8 404.84
7.6 6 421.2
7.6 6.2 437.96
7.6 6.4 455.12
7.6 6.6 472.68
7.6 6.8 490.64
7.6 7 509
7.6 7.2 527.76
7.6 7.4 546.92
7.6 7.6 566.48
7.6 7.8 586.44
7.6 8 606.8
7.6 8.2 627.56
7.6 8.4 648.72
7.6 8.6 670.28
7.6 8.8 692.24
7.6 9 714.6
7.6 9.2 737.36
7.6 9.4 760.52
7.6 9.6 784.08
7.6 9.8 808.04
7.6 10 832.4

7.8 -10 369
7.8 -9.8 354.08
7.8 -9.6 339.56
7.8 -9.4 325.44
7.8 -9.2 311.72
7.8 -9 298.4
7.8 -8.8 285.48
7.8 -8.6 272.96
7.8 -8.4 260.84
7.8 -8.2 249.12
7.8 -8 237.8
7.8 -7.8 226.88
7.8 -7.6 216.36
7.8 -7.4 206.24
7.8 -7.2 196.52
7.8 -7 187.2
7.8 -6.8 178.28
7.8 -6.6 169.76
7.8 -6.4 161.64
7.8 -6.2 153.92
7.8 -6 146.6
7.8 -5.8 139.68
7.8 -5.6 133.16
7.8 -5.4 127.04
7.8 -5.2 121.32
7.8 -5 116
7.8 -4.8 111.08
7.8 -4.6 106.56
7.8 -4.4 102.44
7.8 -4.2 98.72
7.8 -4 95.4
7.8 -3.8 92.48
7.8 -3.6 89.96
7.8 -3.4 87.84
7.8 -3.2 86.12
7.8 -3 84.8
7.8 -2.8 83.88
7.8 -2.6 83.36
7.8 -2.4 83.24
7.8 -2.2 83.52
7.8 -2 84.2
7.8 -1.8 85.28
7.8 -1.6 86.76
7.8 -1.4 88.64
7.8 -1.2 90.92
7.8 -1 93.6
7.8 -0.800000000000001 96.68
7.8 -0.6 100.16
7.8 -0.4 104.04
7.8 -0.199999999999999 108.32
7.8 0 113
7.8 0.199999999999999 118.08
7.8 0.4 123.56
7.8 0.6 129.44
7.8 0.800000000000001 135.72
7.8 1 142.4
7.8 1.2 149.48
7.8 1.4 156.96
7.8 1.6 164.84
7.8 1.8 173.12
7.8 2 181.8
7.8 2.2 190.88
7.8 2.4 200.36
7.8 2.6 210.24
7.8 2.8 220.52
7.8 3 231.2
7.8 3.2 242.28
7.8 3.4 253.76
7.8 3.6 265.64
7.8 3.8 277.92
7.8 4 290.6
7.8 4.2 303.68
7.8 4.4 317.16
7.8 4.6 331.04
7.8 4.8 345.32
7.8 5 360
7.8 5.2 375.08
7.8 5.4 390.56
7.8 5.6 406.44
7.8 5.8 422.72
7.8 6 439.4
7.8 6.2 456.48
7.8 6.4 473.96
7.8 6.6 491.84
7.8 6.8 510.12
7.8 7 528.8
7.8 7.2 547.88
7.8 7.4 567.36
7.8 7.6 587.24
7.8 7.8 607.52
7.8 8 628.2
7.8 8.2 649.28
7.8 8.4 670.76
7.8 8.6 692.64
7.8 8.8 714.92
7.8 9 737.6
7.8 9.2 760.68
7.8 9.4 784.16
7.8 9.6 808.04
7.8 9.8 832.32
7.8 10 857

8 -10 362
8 -9.8 347.4
8 -9.6 333.2
8 -9.4 319.4
8 -9.2 306
8 -9 293
8 -8.8 280.4
8 -8.6 268.2
8 -8.4 256.4
8 -8.2 245
8 -8 234
8 -7.8 223.4
8 -7.6 213.2
8 -7.4 203.4
8 -7.2 194
8 -7 185
8 -6.8 176.4
8 -6.6 168.2
8 -6.4 160.4
8 -6.2 153
8 -6 146
8 -5.8 139.4
8 -5.6 133.2
8 -5.4 127.4
8 -5.2 122
8 -5 117
8 -4.8 112.4
8 -4.6 108.2
8 -4.4 104.4
8 -4.2 101
8 -4 98
8 -3.8 95.4
8 -3.6 93.2
8 -3.4 91.4
8 -3.2 90
8 -3 89
8 -2.8 88.4
8 -2.6 88.2
8 -2.4 88.4
8 -2.2 89
8 -2 90
8 -1.8 91.4
8 -1.6 93.2
8 -1.4 95.4
8 -1.2 98
8 -1 101
8 -0.800000000000001 104.4
8 -0.6 108.2
8 -0.4 112.4
8 -0.199999999999999 117
8 0 122
8 0.199999999999999 127.4
8 0.4 133.2
8 0.6 139.4
8 0.800000000000001 146
8 1 153
8 1.2 160.4
8 1.4 168.2
8 1.6 176.4
8 1.8 185
8 2 194
8 2.2 203.4
8 2.4 213.2
8 2.6 223.4
8 2.8 234
8 3 245
8 3.2 256.4
8 3.4 268.2
8 3.6 280.4
8 3.8 293
8 4 306
8 4.2 319.4
8 4.4 333.2
8 4.6 347.4
8 4.8 362
8 5 377
8 5.2 392.4
8 5.4 408.2
8 5.6 424.4
8 5.8 441
8 6 458
8 6.2 475.4
8 6.4 493.2
8 6.6 511.4
8 6.8 530
8 7 549
8 7.2 568.4
8 7.4 588.2
8 7.6 608.4
8 7.8 629
8 8 650
8 8.2 671.4
8 8.4 693.2
8 8.6 715.4
8 8.8 738
8 9 761
8 9.2 784.4
8 9.4 808.2
8 9.6 832.4
8 9.8 857
8 10 882

8.2 -10 355.4
8.2 -9.8 341.12
8.2 -9.6 327.24
8.2 -9.4 313.76
8.2 -9.2 300.68
8.2 -9 288
8.2 -8.8 275.72
8.2 -8.6 263.84
8.2 -8.4 252.36
8.2 -8.2 241.28
8.2 -8 230.6
8.2 -7.8 220.32
8.2 -7.6 210.44
8.2 -7.4 200.96
8.2 -7.2 191.88
8.2 -7 183.2
8.2 -6.8 174.92
8.2 -6.6 167.04
8.2 -6.4 159.56
8.2 -6.2 152.48
8.2 -6 145.8
8.2 -5.8 139.52
8.2 -5.6 133.64
8.2 -5.4 128.16
8.2 -5.2 123.08
8.2 -5 118.4
8.2 -4.8 114.12
8.2 -4.6 110.24
8.2 -4.4 106.76
8.2 -4.2 103.68
8.2 -4 101
8.2 -3.8 98.72
8.2 -3.6 96.84
8.2 -3.4 95.36
8.2 -3.2 94.28
8.2 -3 93.6
8.2 -2.8 93.32
8.2 -2.6 93.44
8.2 -2.4 93.96
8.2 -2.2 94.88
8.2 -2 96.2
8.2 -1.8 97.92
8.2 -1.6 100.04
8.2 -1.4 102.56
8.2 -1.2 105.48
8.2 -1 108.8
8.2 -0.800000000000001 112.52
8.2 -0.6 116.64
8.2 -0.4 121.16
8.2 -0.199999999999999 126.08
8.2 0 131.4
8.2 0.199999999999999 137.12
8.2 0.4 143.24
8.2 0.6 149.76
8.2 0.800000000000001 156.68
8.2 1 164
8.2 1.2 171.72
8.2 1.4 179.84
8.2 1.6 188.36
8.2 1.8 197.28
8.2 2 206.6
8.2 2.2 216.32
8.2 2.4 226.44
8.2 2.6 236.96
8.2 2.8 247.88
8.2 3 259.2
8.2 3.2 270.92
8.2 3.4 283.04
8.2 3.6 295.56
8.2 3.8 308.48
8.2 4 321.8
8.2 4.2 335.52
8.2 4.4 349.64
8.2 4.6 364.16
8.2 4.8 379.08
8.2 5 394.4
8.2 5.2 410.12
8.2 5.4 426.24
8.2 5.6 442.76
8.2 5.8 459.68
8.2 6 477
8.2 6.2 494.72
8.2 6.4 512.84
8.2 6.6 531.36
8.2 6.8 550.28
8.2 7 569.6
8.2 7.2 589.32
8.2 7.4 609.44
8.2 7.6 629.96
8.2 7.8 650.88
8.2 8 672.2
8.2 8.2 693.92
8.2 8.4 716.04
8.2 8.6 738.56
8.2 8.8 761.48
8.2 9 784.8
8.2 9.2 808.52
8.2 9.4 832.64
8.2 9.6 857.16
8.2 9.8 882.08
8.2 10 907.4

8.4 -10 349.2
8.4 -9.8 335.24
8.4 -9.6 321.68
8.4 -9.4 308.52
8.4 -9.2 295.76
8.4 -9 283.4
8.4 -8.8 271.44
8.4 -8.6 259.88
8.4 -8.4 248.72
8.4 -8.2 237.96
8.4 -8 227.6
8.4 -7.8 217.64
8.4 -7.6 208.08
8.4 -7.4 198.92
8.4 -7.2 190.16
8.4 -7 181.8
8.4 -6.8 173.84
8.4 -6.6 166.28
8.4 -6.4 159.12
8.4 -6.2 152.36
8.4 -6 146
8.4 -5.8 140.04
8.4 -5.6 134.48
8.4 -5.4 129.32
8.4 -5.2 124.56
8.4 -5 120.2
8.4 -4.8 116.24
8.4 -4.6 112.68
8.4 -4.4 109.52
8.4 -4.2 106.76
8.4 -4 104.4
8.4 -3.8 102.44
8.4 -3.6 100.88
8.4 -3.4 99.72
8.4 -3.2 98.96
8.4 -3 98.6
8.4 -2.8 98.64
8.4 -2.6 99.08
8.4 -2.4 99.92
8.4 -2.2 101.16
8.4 -2 102.8
8.4 -1.8 104.84
8.4 -1.6 107.28
8.4 -1.4 110.12
8.4 -1.2 113.36
8.4 -1 117
8.4 -0.800000000000001 121.04
8.4 -0.6 125.48
8.4 -0.4 130.32
8.4 -0.199999999999999 135.56
8.4 0 141.2
8.4 0.199999999999999 147.24
8.4 0.4 153.68
8.4 0.6 160.52
8.4 0.800000000000001 167.76
8.4 1 175.4
8.4 1.2 183.44
8.4 1.4 191.88
8.4 1.6 200.72
8.4 1.8 209.96
8.4 2 219.6
8.4 2.2 229.64
8.4 2.4 240.08
8.4 2.6 250.92
8.4 2.8 262.16
8.4 3 273.8
8.4 3.2 285.84
8.4 3.4 298.28
8.4 3.6 311.12
8.4 3.8 324.36
8.4 4 338
8.4 4.2 352.04
8.4 4.4 366.48
8.4 4.6 381.32
8.4 4.8 396.56
8.4 5 412.2
8.4 5.2 428.24
8.4 5.4 444.68
8.4 5.6 461.52
8.4 5.8 478.76
8.4 6 496.4
8.4 6.2 514.44
8.4 6.4 532.88
8.4 6.6 551.72
8.4 6.8 570.96
8.4 7 590.6
8.4 7.2 610.64
8.4 7.4 631.08
8.4 7.6 651.92
8.4 7.8 673.16
8.4 8 694.8
8.4 8.2 716.84
8.4 8.4 739.28
8.4 8.6 762.12
8.4 8.8 785.36
8.4 9 809
8.4 9.2 833.04
8.4 9.4 857.48
8.4 9.6 882.32
8.4 9.8 907.56
8.4 10 933.2

8.6 -10 343.4
8.6 -9.8 329.76
8.6 -9.6 316.52
8.6 -9.4 303.68
8.6 -9.2 291.24
8.6 -9 279.2
8.6 -8.8 267.56
8.6 -8.6 256.32
8.6 -8.4 245.48
8.6 -8.2 235.04
8.6 -8 225
8.6 -7.8 215.36
8.6 -7.6 206.12
8.6 -7.4 197.28
8.6 -7.2 188.84
8.6 -7 180.8
8.6 -6.8 173.16
8.6 -6.6 165.92
8.6 -6.4 159.08
8.6 -6.2 152.64
8.6 -6 146.6
8.6 -5.8 140.96
8.6 -5.6 135.72
8.6 -5.4 130.88
8.6 -5.2 126.44
8.6 -5 122.4
8.6 -4.8 118.76
8.6 -4.6 115.52
8.6 -4.4 112.68
8.6 -4.2 110.24
8.6 -4 108.2
8.6 -3.8 106.56
8.6 -3.6 105.32
8.6 -3.4 104.48
8.6 -3.2 104.04
8.6 -3 104
8.6 -2.8 104.36
8.6 -2.6 105.12
8.6 -2.4 106.28
8.6 -2.2 107.84
8.6 -2 109.8
8.6 -1.8 112.16
8.6 -1.6 114.92
8.6 -1.4 118.08
8.6 -1.2 121.64
8.6 -1 125.6
8.6 -0.800000000000001 129.96
8.6 -0.6 134.72
8.6 -0.4 139.88
8.6 -0.199999999999999 145.44
8.6 0 151.4
8.6 0.199999999999999 157.76
8.6 0.4 164.52
8.6 0.6 171.68
8.6 0.800000000000001 179.24
8.6 1 187.2
8.6 1.2 195.56
8.6 1.4 204.32
8.6 1.6 213.48
8.6 1.8 223.04
8.6 2 233
8.6 2.2 243.36
8.6 2.4 254.12
8.6 2.6 265.28
8.6 2.8 276.84
8.6 3 288.8
8.6 3.2 301.16
8.6 3.4 313.92
8.6 3.6 327.08
8.6 3.8 340.64
8.6 4 354.6
8.6 4.2 368.96
8.6 4.4 383.72
8.6 4.6 398.88
8.6 4.8 414.44
8.6 5 430.4
8.6 5.2 446.76
8.6 5.4 463.52
8.6 5.6 480.68
8.6 5.8 498.24
8.6 6 516.2
8.6 6.2 534.56
8.6 6.4 553.32
8.6 6.6 572.48
8.6 6.8 592.04
8.6 7 612
8.6 7.2 632.36
8.6 7.4 653.12
8.6 7.6 674.28
8.6 7.8 695.84
8.6 8 717.8
8.6 8.2 740.16
8.6 8.4 762.92
8.6 8.6 786.08
8.6 8.8 809.64
8.6 9 833.6
8.6 9.2 857.96
8.6 9.4 882.72
8.6 9.6 907.88
8.6 9.8 933.44
8.6 10 959.4

8.8 -10 338
8.8 -9.8 324.68
8.8 -9.6 311.76
8.8 -9.4 299.24
8.8 -9.2 287.12
8.8 -9 275.4
8.8 -8.8 264.08
8.8 -8.6 253.16
8.8 -8.4 242.64
8.8 -8.2 232.52
8.8 -8 222.8
8.8 -7.8 213.48
8.8 -7.6 204.56
8.8 -7.4 196.04
8.8 -7.2 187.92
8.8 -7 180.2
8.8 -6.8 172.88
8.8 -6.6 165.96
8.8 -6.4 159.44
8.8 -6.2 153.32
8.8 -6 147.6
8.8 -5.8 142.28
8.8 -5.6 137.36
8.8 -5.4 132.84
8.8 -5.2 128.72
8.8 -5 125
8.8 -4.8 121.68
8.8 -4.6 118.76
8.8 -4.4 116.24
8.8 -4.2 114.12
8.8 -4 112.4
8.8 -3.8 111.08
8.8 -3.6 110.16
8.8 -3.4 109.64
8.8 -3.2 109.52
8.8 -3 109.8
8.8 -2.8 110.48
8.8 -2.6 111.56
8.8 -2.4 113.04
8.8 -2.2 114.92
8.8 -2 117.2
8.8 -1.8 119.88
8.8 -1.6 122.96
8.8 -1.4 126.44
8.8 -1.2 130.32
8.8 -1 134.6
8.8 -0.800000000000001 139.28
8.8 -0.6 144.36
8.8 -0.4 149.84
8.8 -0.199999999999999 155.72
8.8 0 162
8.8 0.199999999999999 168.68
8.8 0.4 175.76
8.8 0.6 183.24
8.8 0.800000000000001 191.12
8.8 1 199.4
8.8 1.2 208.08
8.8 1.4 217.16
8.8 1.6 226.64
8.8 1.8 236.52
8.8 2 246.8
8.8 2.2 257.48
8.8 2.4 268.56
8.8 2.6 280.04
8.8 2.8 291.92
8.8 3 304.2
8.8 3.2 316.88
8.8 3.4 329.96
8.8 3.6 343.44
8.8 3.8 357.32
8.8 4 371.6
8.8 4.2 386.28
8.8 4.4 401.36
8.8 4.6 416.84
8.8 4.8 432.72
8.8 5 449
8.8 5.2 465.68
8.8 5.4 482.76
8.8 5.6 500.24
8.8 5.8 518.12
8.8 6 536.4
8.8 6.2 555.08
8.8 6.4 574.16
8.8 6.6 593.64
8.8 6.8 613.52
8.8 7 633.8
8.8 7.2 654.48
8.8 7.4 675.56
8.8 7.6 697.04
8.8 7.8 718.92
8.8 8 741.2
8.8 8.2 763.88
8.8 8.4 786.96
8.8 8.6 810.44
8.8 8.8 834.32
8.8 9 858.6
8.8 9.2 883.28
8.8 9.4 908.36
8.8 9.6 933.84
8.8 9.8 959.72
8.8 10 986

9 -10 333
9 -9.8 320
9 -9.6 307.4
9 -9.4 295.2
9 -9.2 283.4
9 -9 272
9 -8.8 261
9 -8.6 250.4
9 -8.4 240.2
9 -8.2 230.4
9 -8 221
9 -7.8 212
9 -7.6 203.4
9 -7.4 195.2
9 -7.2 187.4
9 -7 180
9 -6.8 173
9 -6.6 166.4
9 -6.4 160.2
9 -6.2 154.4
9 -6 149
9 -5.8 144
9 -5.6 139.4
9 -5.4 135.2
9 -5.2 131.4
9 -5 128
9 -4.8 125
9 -4.6 122.4
9 -4.4 120.2
9 -4.2 118.4
9 -4 117
9 -3.8 116
9 -3.6 115.4
9 -3.4 115.2
9 -3.2 115.4
9 -3 116
9 -2.8 117
9 -2.6 118.4
9 -2.4 120.2
9 -2.2 122.4
9 -2 125
9 -1.8 128
9 -1.6 131.4
9 -1.4 135.2
9 -1.2 139.4
9 -1 144
9 -0.800000000000001 149
9 -0.6 154.4
9 -0.4 160.2
9 -0.199999999999999 166.4
9 0 173
9 0.199999999999999 180
9 0.4 187.4
9 0.6 195.2
9 0.800000000000001 203.4
9 1 212
9 1.2 221
9 1.4 230.4
9 1.6 240.2
9 1.8 250.4
9 2 261
9 2.2 272
9 2.4 283.4
9 2.6 295.2
9 2.8 307.4
9 3 320
9 3.2 333
9 3.4 346.4
9 3.6 360.2
9 3.8 374.4
9 4 389
9 4.2 404
9 4.4 419.4
9 4.6 435.2
9 4.8 451.4
9 5 468
9 5.2 485
9 5.4 502.4
9 5.6 520.2
9 5.8 538.4
9 6 557
9 6.2 576
9 6.4 595.4
9 6.6 615.2
9 6.8 635.4
9 7 656
9 7.2 677
9 7.4 698.4
9 7.6 720.2
9 7.8 742.4
9 8 765
9 8.2 788
9 8.4 811.4
9 8.6 835.2
9 8.8 859.4
9 9 884
9 9.2 909
9 9.4 934.4
9 9.6 960.2
9 9.8 986.4
9 10 1013

9.2 -10 328.4
9.2 -9.8 315.72
9.2 -9.6 303.44
9.2 -9.4 291.56
9.2 -9.2 280.08
9.2 -9 269
9.2 -8.8 258.32
9.2 -8.6 248.04
9.2 -8.4 238.16
9.2 -8.2 228.68
9.2 -8 219.6
9.2 -7.8 210.92
9.2 -7.6 202.64
9.2 -7.4 194.76
9.2 -7.2 187.28
9.2 -7 180.2
9.2 -6.8 173.52
9.2 -6.6 167.24
9.2 -6.4 161.36
9.2 -6.2 155.88
9.2 -6 150.8
9.2 -5.8 146.12
9.2 -5.6 141.84
9.2 -5.4 137.96
9.2 -5.2 134.48
9.2 -5 131.4
9.2 -4.8 128.72
9.2 -4.6 126.44
9.2 -4.4 124.56
9.2 -4.2 123.08
9.2 -4 122
9.2 -3.8 121.32
9.2 -3.6 121.04
9.2 -3.4 121.16
9.2 -3.2 121.68
9.2 -3 122.6
9.2 -2.8 123.92
9.2 -2.6 125.64
9.2 -2.4 127.76
9.2 -2.2 130.28
9.2 -2 133.2
9.2 -1.8 136.52
9.2 -1.6 140.24
9.2 -1.4 144.36
9.2 -1.2 148.88
9.2 -1 153.8
9.2 -0.800000000000001 159.12
9.2 -0.6 164.84
9.2 -0.4 170.96
9.2 -0.199999999999999 177.48
9.2 0 184.4
9.2 0.199999999999999 191.72
9.2 0.4 199.44
9.2 0.6 207.56
9.2 0.800000000000001 216.08
9.2 1 225
9.2 1.2 234.32
9.2 1.4 244.04
9.2 1.6 254.16
9.2 1.8 264.68
9.2 2 275.6
9.2 2.2 286.92
9.2 2.4 298.64
9.2 2.6 310.76
9.2 2.8 323.28
9.2 3 336.2
9.2 3.2 349.52
9.2 3.4 363.24
9.2 3.6 377.36
9.2 3.8 391.88
9.2 4 406.8
9.2 4.2 422.12
9.2 4.4 437.84
9.2 4.6 453.96
9.2 4.8 470.48
9.2 5 487.4
9.2 5.2 504.72
9.2 5.4 522.44
9.2 5.6 540.56
9.2 5.8 559.08
9.2 6 578
9.2 6.2 597.32
9.2 6.4 617.04
9.2 6.6 637.16
9.2 6.8 657.68
9.2 7 678.6
9.2 7.2 699.92
9.2 7.4 721.64
9.2 7.6 743.76
9.2 7.8 766.28
9.2 8 789.2
9.2 8.2 812.52
9.2 8.4 836.24
9.2 8.6 860.36
9.2 8.8 884.88
9.2 9 909.8
9.2 9.2 935.12
9.2 9.4 960.84
9.2 9.6 986.96
9.2 9.8 1013.48
9.2 10 1040.4

9.4 -10 324.2
9.4 -9.8 311.84
9.4 -9.6 299.88
9.4 -9.4 288.32
9.4 -9.2 277.16
9.4 -9 266.4
9.4 -8.8 256.04
9.4 -8.6 246.08
9.4 -8.4 236.52
9.4 -8.2 227.36
9.4 -8 218.6
9.4 -7.8 210.24
9.4 -7.6 202.28
9.4 -7.4 194.72
9.4 -7.2 187.56
9.4 -7 180.8
9.4 -6.8 174.44
9.4 -6.6 168.48
9.4 -6.4 162.92
9.4 -6.2 157.76
9.4 -6 153
9.4 -5.8 148.64
9.4 -5.6 144.68
9.4 -5.4 141.12
9.4 -5.2 137.96
9.4 -5 135.2
9.4 -4.8 132.84
9.4 -4.6 130.88
9.4 -4.4 129.32
9.4 -4.2 128.16
9.4 -4 127.4
9.4 -3.8 127.04
9.4 -3.6 127.08
9.4 -3.4 127.52
9.4 -3.2 128.36
9.4 -3 129.6
9.4 -2.8 131.24
9.4 -2.6 133.28
9.4 -2.4 135.72
9.4 -2.2 138.56
9.4 -2 141.8
9.4 -1.8 145.44
9.4 -1.6 149.48
9.4 -1.4 153.92
9.4 -1.2 158.76
9.4 -1 164
9.4 -0.800000000000001 169.64
9.4 -0.6 175.68
9.4 -0.4 182.12
9.4 -0.199999999999999 188.96
9.4 0 196.2
9.4 0.199999999999999 203.84
9.4 0.4 211.88
9.4 0.6 220.32
9.4 0.800000000000001 229.16
9.4 1 238.4
9.4 1.2 248.04
9.4 1.4 258.08
9.4 1.6 268.52
9.4 1.8 279.36
9.4 2 290.6
9.4 2.2 302.24
9.4 2.4 314.28
9.4 2.6 326.72
9.4 2.8 339.56
9.4 3 352.8
9.4 3.2 366.44
9.4 3.4 380.48
9.4 3.6 394.92
9.4 3.8 409.76
9.4 4 425
9.4 4.2 440.64
9.4 4.4 456.68
9.4 4.6 473.12
9.4 4.8 489.96
9.4 5 507.2
9.4 5.2 524.84
9.4 5.4 542.88
9.4 5.6 561.32
9.4 5.8 580.16
9.4 6 599.4
9.4 6.2 619.04
9.4 6.4 639.08
9.4 6.6 659.52
9.4 6.8 680.36
9.4 7 701.6
9.4 7.2 723.24
9.4 7.4 745.28
9.4 7.6 767.72
9.4 7.8 790.56
9.4 8 813.8
9.4 8.2 837.44
9.4 8.4 861.48
9.4 8.6 885.92
9.4 8.8 910.76
9.4 9 936
9.4 9.2 961.64
9.4 9.4 987.68
9.4 9.6 1014.12
9.4 9.8 1040.96
9.4 10 1068.2

9.6 -10 320.4
9.6 -9.8 308.36
9.6 -9.6 296.72
9.6 -9.4 285.48
9.6 -9.2 274.64
9.6 -9 264.2
9.6 -8.8 254.16
9.6 -8.6 244.52
9.6 -8.4 235.28
9.6 -8.2 226.44
9.6 -8 218
9.6 -7.8 209.96
9.6 -7.6 202.32
9.6 -7.4 195.08
9.6 -7.2 188.24
9.6 -7 181.8
9.6 -6.8 175.76
9.6 -6.6 170.12
9.6 -6.4 164.88
9.6 -6.2 160.04
9.6 -6 155.6
9.6 -5.8 151.56
9.6 -5.6 147.92
9.6 -5.4 144.68
9.6 -5.2 141.84
9.6 -5 139.4
9.6 -4.8 137.36
9.6 -4.6 135.72
9.6 -4.4 134.48
9.6 -4.2 133.64
9.6 -4 133.2
9.6 -3.8 133.16
9.6 -3.6 133.52
9.6 -3.4 134.28
9.6 -3.2 135.44
9.6 -3 137
9.6 -2.8 138.96
9.6 -2.6 141.32
9.6 -2.4 144.08
9.6 -2.2 147.24
9.6 -2 150.8
9.6 -1.8 154.76
9.6 -1.6 159.12
9.6 -1.4 163.88
9.6 -1.2 169.04
9.6 -1 174.6
9.6 -0.800000000000001 180.56
9.6 -0.6 186.92
9.6 -0.4 193.68
9.6 -0.199999999999999 200.84
9.6 0 208.4
9.6 0.199999999999999 216.36
9.6 0.4 224.72
9.6 0.6 233.48
9.6 0.800000000000001 242.64
9.6 1 252.2
9.6 1.2 262.16
9.6 1.4 272.52
9.6 1.6 283.28
9.6 1.8 294.44
9.6 2 306
9.6 2.2 317.96
9.6 2.4 330.32
9.6 2.6 343.08
9.6 2.8 356.24
9.6 3 369.8
9.6 3.2 383.76
9.6 3.4 398.12
9.6 3.6 412.88
9.6 3.8 428.04
9.6 4 443.6
9.6 4.2 459.56
9.6 4.4 475.92
9.6 4.6 492.68
9.6 4.8 509.84
9.6 5 527.4
9.6 5.2 545.36
9.6 5.4 563.72
9.6 5.6 582.48
9.6 5.8 601.64
9.6 6 621.2
9.6 6.2 641.16
9.6 6.4 661.52
9.6 6.6 682.28
9.6 6.8 703.44
9.6 7 725
9.6 7.2 746.96
9.6 7.4 769.32
9.6 7.6 792.08
9.6 7.8 815.24
9.6 8 838.8
9.6 8.2 862.76
9.6 8.4 887.12
9.6 8.6 911.88
9.6 8.8 937.04
9.6 9 962.6
9.6 9.2 988.56
9.6 9.4 1014.92
9.6 9.6 1041.68
9.6 9.8 1068.84
9.6 10 1096.4

9.8 -10 317
9.8 -9.8 305.28
9.8 -9.6 293.96
9.8 -9.4 283.04
9.8 -9.2 272.52
9.8 -9 262.4
9.8 -8.8 252.68
9.8 -8.6 243.36
9.8 -8.4 234.44
9.8 -8.2 225.92
9.8 -8 217.8
9.8 -7.8 210.08
9.8 -7.6 202.76
9.8 -7.4 195.84
9.8 -7.2 189.32
9.8 -7 183.2
9.8 -6.8 177.48
9.8 -6.6 172.16
9.8 -6.4 167.24
9.8 -6.2 162.72
9.8 -6 158.6
9.8 -5.8 154.88
9.8 -5.6 151.56
9.8 -5.4 148.64
9.8 -5.2 146.12
9.8 -5 144
9.8 -4.8 142.28
9.8 -4.6 140.96
9.8 -4.4 140.04
9.8 -4.2 139.52
9.8 -4 139.4
9.8 -3.8 139.68
9.8 -3.6 140.36
9.8 -3.4 141.44
9.8 -3.2 142.92
9.8 -3 144.8
9.8 -2.8 147.08
9.8 -2.6 149.76
9.8 -2.4 152.84
9.8 -2.2 156.32
9.8 -2 160.2
9.8 -1.8 164.48
9.8 -1.6 169.16
9.8 -1.4 174.24
9.8 -1.2 179.72
9.8 -1 185.6
9.8 -0.800000000000001 191.88
9.8 -0.6 198.56
9.8 -0.4 205.64
9.8 -0.199999999999999 213.12
9.8 0 221
9.8 0.199999999999999 229.28
9.8 0.4 237.96
9.8 0.6 247.04
9.8 0.800000000000001 256.52
9.8 1 266.4
9.8 1.2 276.68
9.8 1.4 287.36
9.8 1.6 298.44
9.8 1.8 309.92
9.8 2 321.8
9.8 2.2 334.08
9.8 2.4 346.76
9.8 2.6 359.84
9.8 2.8 373.32
9.8 3 387.2
9.8 3.2 401.48
9.8 3.4 416.16
9.8 3.6 431.24
9.8 3.8 446.72
9.8 4 462.6
9.8 4.2 478.88
9.8 4.4 495.56
9.8 4.6 512.64
9.8 4.8 530.12
9.8 5 548
9.8 5.2 566.28
9.8 5.4 584.96
9.8 5.6 604.04
9.8 5.8 623.52
9.8 6 643.4
9.8 6.2 663.68
9.8 6.4 684.36
9.8 6.6 705.44
9.8 6.8 726.92
9.8 7 748.8
9.8 7.2 771.08
9.8 7.4 793.76
9.8 7.6 816.84
9.8 7.8 840.32
9.8 8 864.2
9.8 8.2 888.48
9.8 8.4 913.16
9.8 8.6 938.24
9.8 8.8 963.72
9.8 9 989.6
9.8 9.2 1015.88
9.8 9.4 1042.56
9.8 9.6 1069.64
9.8 9.8 1097.12
9.8 10 1125

10 -10 314
10 -9.8 302.6
10 -9.6 291.6
10 -9.4 281
10 -9.2 270.8
10 -9 261
10 -8.8 251.6
10 -8.6 242.6
10 -8.4 234
10 -8.2 225.8
10 -8 218
10 -7.8 210.6
10 -7.6 203.6
10 -7.4 197
10 -7.2 190.8
10 -7 185
10 -6.8 179.6
10 -6.6 174.6
10 -6.4 170
10 -6.2 165.8
10 -6 162
10 -5.8 158.6
10 -5.6 155.6
10 -5.4 153
10 -5.2 150.8
10 -5 149
10 -4.8 147.6
10 -4.6 146.6
10 -4.4 146
10 -4.2 145.8
10 -4 146
10 -3.8 146.6
10 -3.6 147.6
10 -3.4 149
10 -3.2 150.8
10 -3 153
10 -2.8 155.6
10 -2.6 158.6
10 -2.4 162
10 -2.2 165.8
10 -2 170
10 -1.8 174.6
10 -1.6 179.6
10 -1.4 185
10 -1.2 190.8
10 -1 197
10 -0.800000000000001 203.6
10 -0.6 210.6
10 -0.4 218
10 -0.199999999999999 225.8
10 0 234
10 0.199999999999999 242.6
10 0.4 251.6
10 0.6 261
10 0.800000000000001 270.8
10 1 281
10 1.2 291.6
10 1.4 302.6
10 1.6 314
10 1.8 325.8
10 2 338
10 2.2 350.6
10 2.4 363.6
10 2.6 377
10 2.8 390.8
10 3 405
10 3.2 419.6
10 3.4 434.6
10 3.6 450
10 3.8 465.8
10 4 482
10 4.2 498.6
10 4.4 515.6
10 4.6 533
10 4.8 550.8
10 5 569
10 5.2 587.6
10 5.4 606.6
10 5.6 626
10 5.8 645.8
10 6 666
10 6.2 686.6
10 6.4 707.6
10 6.6 729
10 6.8 750.8
10 7 773
10 7.2 795.6
10 7.4 818.6
10 7.6 842
10 7.8 865.8
10 8 890
10 8.2 914.6
10 8.4 939.6
10 8.6 965
10 8.8 990.8
10 9 1017
10 9.2 1043.6
10 9.4 1070.6
10 9.6 1098
10 9.8 1125.8
10 10 1154

