-5 -5 250
-5 -4.9 227.0501
-5 -4.8 206.5216
-5 -4.7 188.2981
-5 -4.6 172.2656
-5 -4.5 158.3125
-5 -4.4 146.3296
-5 -4.3 136.2101
-5 -4.2 127.8496
-5 -4.1 121.1461
-5 -4 116
-5 -3.9 112.3141
-5 -3.8 109.9936
-5 -3.7 108.9461
-5 -3.6 109.0816
-5 -3.5 110.3125
-5 -3.4 112.5536
-5 -3.3 115.7221
-5 -3.2 119.7376
-5 -3.1 124.5221
-5 -3 130
-5 -2.9 136.0981
-5 -2.8 142.7456
-5 -2.7 149.8741
-5 -2.6 157.4176
-5 -2.5 165.3125
-5 -2.4 173.4976
-5 -2.3 181.9141
-5 -2.2 190.5056
-5 -2.1 199.2181
-5 -2 208
-5 -1.9 216.8021
-5 -1.8 225.5776
-5 -1.7 234.2821
-5 -1.6 242.8736
-5 -1.5 251.3125
-5 -1.4 259.5616
-5 -1.3 267.5861
-5 -1.2 275.3536
-5 -1.1 282.8341
-5 -1 290
-5 -0.9 296.8261
-5 -0.8 303.2896
-5 -0.7 309.3701
-5 -0.6 315.0496
-5 -0.5 320.3125
-5 -0.4 325.1456
-5 -0.3 329.5381
-5 -0.2 333.4816
-5 -0.0999999999999996 336.9701
-5 0 340
-5 0.0999999999999996 342.5701
-5 0.2 344.6816
-5 0.3 346.3381
-5 0.4 347.5456
-5 0.5 348.3125
-5 0.6 348.6496
-5 0.7 348.5701
-5 0.8 348.0896
-5 0.9 347.2261
-5 1 346
-5 1.1 344.4341
-5 1.2 342.5536
-5 1.3 340.3861
-5 1.4 337.9616
-5 1.5 335.3125
-5 1.6 332.4736
-5 1.7 329.4821
-5 1.8 326.3776
-5 1.9 323.2021
-5 2 320
-5 2.1 316.8181
-5 2.2 313.7056
-5 2.3 310.7141
-5 2.4 307.8976
-5 2.5 305.3125
-5 2.6 303.0176
-5 2.7 301.0741
-5 2.8 299.5456
-5 2.9 298.4981
-5 3 298
-5 3.1 298.1221
-5 3.2 298.9376
-5 3.3 300.5221
-5 3.4 302.9536
-5 3.5 306.3125
-5 3.6 310.6816
-5 3.7 316.1461
-5 3.8 322.7936
-5 3.9 330.7141
-5 4 340
-5 4.1 350.7461
-5 4.2 363.0496
-5 4.3 377.0101
-5 4.4 392.7296
-5 4.5 410.3125
-5 4.6 429.8656
-5 4.7 451.4981
-5 4.8 475.3216
-5 4.9 501.4501
-5 5 530

-4.9 -5 235.7701
-4.9 -4.9 212.4242
-4.9 -4.8 191.5037
-4.9 -4.7 172.8922
-4.9 -4.6 156.4757
-4.9 -4.5 142.1426
-4.9 -4.4 129.7837
-4.9 -4.3 119.2922
-4.9 -4.2 110.5637
-4.9 -4.1 103.4962
-4.9 -4 97.9901000000001
-4.9 -3.9 93.9482000000001
-4.9 -3.8 91.2757000000001
-4.9 -3.7 89.8802000000001
-4.9 -3.6 89.6717000000001
-4.9 -3.5 90.5626000000001
-4.9 -3.4 92.4677000000001
-4.9 -3.3 95.3042000000001
-4.9 -3.2 98.9917000000001
-4.9 -3.1 103.4522
-4.9 -3 108.6101
-4.9 -2.9 114.3922
-4.9 -2.8 120.7277
-4.9 -2.7 127.5482
-4.9 -2.6 134.7877
-4.9 -2.5 142.3826
-4.9 -2.4 150.2717
-4.9 -2.3 158.3962
-4.9 -2.2 166.6997
-4.9 -2.1 175.1282
-4.9 -2 183.6301
-4.9 -1.9 192.1562
-4.9 -1.8 200.6597
-4.9 -1.7 209.0962
-4.9 -1.6 217.4237
-4.9 -1.5 225.6026
-4.9 -1.4 233.5957
-4.9 -1.3 241.3682
-4.9 -1.2 248.8877
-4.9 -1.1 256.1242
-4.9 -1 263.0501
-4.9 -0.9 269.6402
-4.9 -0.8 275.8717
-4.9 -0.7 281.7242
-4.9 -0.6 287.1797
-4.9 -0.5 292.2226
-4.9 -0.4 296.8397
-4.9 -0.3 301.0202
-4.9 -0.2 304.7557
-4.9 -0.0999999999999996 308.0402
-4.9 0 310.8701
-4.9 0.0999999999999996 313.2442
-4.9 0.2 315.1637
-4.9 0.3 316.6322
-4.9 0.4 317.6557
-4.9 0.5 318.2426
-4.9 0.6 318.4037
-4.9 0.7 318.1522
-4.9 0.8 317.5037
-4.9 0.9 316.4762
-4.9 1 315.0901
-4.9 1.1 313.3682
-4.9 1.2 311.3357
-4.9 1.3 309.0202
-4.9 1.4 306.4517
-4.9 1.5 303.6626
-4.9 1.6 300.6877
-4.9 1.7 297.5642
-4.9 1.8 294.3317
-4.9 1.9 291.0322
-4.9 2 287.7101
-4.9 2.1 284.4122
-4.9 2.2 281.1877
-4.9 2.3 278.0882
-4.9 2.4 275.1677
-4.9 2.5 272.4826
-4.9 2.6 270.0917
-4.9 2.7 268.0562
-4.9 2.8 266.4397
-4.9 2.9 265.3082
-4.9 3 264.7301
-4.9 3.1 264.7762
-4.9 3.2 265.5197
-4.9 3.3 267.0362
-4.9 3.4 269.4037
-4.9 3.5 272.7026
-4.9 3.6 277.0157
-4.9 3.7 282.4282
-4.9 3.8 289.0277
-4.9 3.9 296.9042
-4.9 4 306.1501
-4.9 4.1 316.8602
-4.9 4.2 329.1317
-4.9 4.3 343.0642
-4.9 4.4 358.7597
-4.9 4.5 376.3226
-4.9 4.6 395.8597
-4.9 4.7 417.4802
-4.9 4.8 441.2957
-4.9 4.9 467.4202
-4.9 5 495.9701

-4.8 -5 223.8016
-4.8 -4.9 200.0637
-4.8 -4.8 178.7552
-4.8 -4.7 159.7597
-4.8 -4.6 142.9632
-4.8 -4.5 128.2541
-4.8 -4.4 115.5232
-4.8 -4.3 104.6637
-4.8 -4.2 95.5712
-4.8 -4.1 88.1436999999999
-4.8 -4 82.2816
-4.8 -3.9 77.8877
-4.8 -3.8 74.8672
-4.8 -3.7 73.1277
-4.8 -3.6 72.5792
-4.8 -3.5 73.1341
-4.8 -3.4 74.7072
-4.8 -3.3 77.2157
-4.8 -3.2 80.5792
-4.8 -3.1 84.7197
-4.8 -3 89.5616
-4.8 -2.9 95.0317
-4.8 -2.8 101.0592
-4.8 -2.7 107.5757
-4.8 -2.6 114.5152
-4.8 -2.5 121.8141
-4.8 -2.4 129.4112
-4.8 -2.3 137.2477
-4.8 -2.2 145.2672
-4.8 -2.1 153.4157
-4.8 -2 161.6416
-4.8 -1.9 169.8957
-4.8 -1.8 178.1312
-4.8 -1.7 186.3037
-4.8 -1.6 194.3712
-4.8 -1.5 202.2941
-4.8 -1.4 210.0352
-4.8 -1.3 217.5597
-4.8 -1.2 224.8352
-4.8 -1.1 231.8317
-4.8 -1 238.5216
-4.8 -0.9 244.8797
-4.8 -0.8 250.8832
-4.8 -0.7 256.5117
-4.8 -0.6 261.7472
-4.8 -0.5 266.5741
-4.8 -0.4 270.9792
-4.8 -0.3 274.9517
-4.8 -0.2 278.4832
-4.8 -0.0999999999999996 281.5677
-4.8 0 284.2016
-4.8 0.0999999999999996 286.3837
-4.8 0.2 288.1152
-4.8 0.3 289.3997
-4.8 0.4 290.2432
-4.8 0.5 290.6541
-4.8 0.6 290.6432
-4.8 0.7 290.2237
-4.8 0.8 289.4112
-4.8 0.9 288.2237
-4.8 1 286.6816
-4.8 1.1 284.8077
-4.8 1.2 282.6272
-4.8 1.3 280.1677
-4.8 1.4 277.4592
-4.8 1.5 274.5341
-4.8 1.6 271.4272
-4.8 1.7 268.1757
-4.8 1.8 264.8192
-4.8 1.9 261.3997
-4.8 2 257.9616
-4.8 2.1 254.5517
-4.8 2.2 251.2192
-4.8 2.3 248.0157
-4.8 2.4 244.9952
-4.8 2.5 242.2141
-4.8 2.6 239.7312
-4.8 2.7 237.6077
-4.8 2.8 235.9072
-4.8 2.9 234.6957
-4.8 3 234.0416
-4.8 3.1 234.0157
-4.8 3.2 234.6912
-4.8 3.3 236.1437
-4.8 3.4 238.4512
-4.8 3.5 241.6941
-4.8 3.6 245.9552
-4.8 3.7 251.3197
-4.8 3.8 257.8752
-4.8 3.9 265.7117
-4.8 4 274.9216
-4.8 4.1 285.5997
-4.8 4.2 297.8432
-4.8 4.3 311.7517
-4.8 4.4 327.4272
-4.8 4.5 344.9741
-4.8 4.6 364.4992
-4.8 4.7 386.1117
-4.8 4.8 409.9232
-4.8 4.9 436.0477
-4.8 5 464.6016

-4.7 -5 213.9781
-4.7 -4.9 189.8522
-4.7 -4.8 168.1597
-4.7 -4.7 148.7842
-4.7 -4.6 131.6117
-4.7 -4.5 116.5306
-4.7 -4.4 103.4317
-4.7 -4.3 92.2082
-4.7 -4.2 82.7557000000001
-4.7 -4.1 74.9722
-4.7 -4 68.7581000000001
-4.7 -3.9 64.0162000000001
-4.7 -3.8 60.6517
-4.7 -3.7 58.5722000000001
-4.7 -3.6 57.6877
-4.7 -3.5 57.9106000000001
-4.7 -3.4 59.1557000000001
-4.7 -3.3 61.3402
-4.7 -3.2 64.3837000000001
-4.7 -3.1 68.2082
-4.7 -3 72.7381000000001
-4.7 -2.9 77.9002000000001
-4.7 -2.8 83.6237000000001
-4.7 -2.7 89.8402000000001
-4.7 -2.6 96.4837
-4.7 -2.5 103.4906
-4.7 -2.4 110.7997
-4.7 -2.3 118.3522
-4.7 -2.2 126.0917
-4.7 -2.1 133.9642
-4.7 -2 141.9181
-4.7 -1.9 149.9042
-4.7 -1.8 157.8757
-4.7 -1.7 165.7882
-4.7 -1.6 173.5997
-4.7 -1.5 181.2706
-4.7 -1.4 188.7637
-4.7 -1.3 196.0442
-4.7 -1.2 203.0797
-4.7 -1.1 209.8402
-4.7 -1 216.2981
-4.7 -0.9 222.4282
-4.7 -0.8 228.2077
-4.7 -0.7 233.6162
-4.7 -0.6 238.6357
-4.7 -0.5 243.2506
-4.7 -0.4 247.4477
-4.7 -0.3 251.2162
-4.7 -0.2 254.5477
-4.7 -0.0999999999999996 257.4362
-4.7 0 259.8781
-4.7 0.0999999999999996 261.8722
-4.7 0.2 263.4197
-4.7 0.3 264.5242
-4.7 0.4 265.1917
-4.7 0.5 265.4306
-4.7 0.6 265.2517
-4.7 0.7 264.6682
-4.7 0.8 263.6957
-4.7 0.9 262.3522
-4.7 1 260.6581
-4.7 1.1 258.6362
-4.7 1.2 256.3117
-4.7 1.3 253.7122
-4.7 1.4 250.8677
-4.7 1.5 247.8106
-4.7 1.6 244.5757
-4.7 1.7 241.2002
-4.7 1.8 237.7237
-4.7 1.9 234.1882
-4.7 2 230.6381
-4.7 2.1 227.1202
-4.7 2.2 223.6837
-4.7 2.3 220.3802
-4.7 2.4 217.2637
-4.7 2.5 214.3906
-4.7 2.6 211.8197
-4.7 2.7 209.6122
-4.7 2.8 207.8317
-4.7 2.9 206.5442
-4.7 3 205.8181
-4.7 3.1 205.7242
-4.7 3.2 206.3357
-4.7 3.3 207.7282
-4.7 3.4 209.9797
-4.7 3.5 213.1706
-4.7 3.6 217.3837
-4.7 3.7 222.7042
-4.7 3.8 229.2197
-4.7 3.9 237.0202
-4.7 4 246.1981
-4.7 4.1 256.8482
-4.7 4.2 269.0677
-4.7 4.3 282.9562
-4.7 4.4 298.6157
-4.7 4.5 316.1506
-4.7 4.6 335.6677
-4.7 4.7 357.2762
-4.7 4.8 381.0877
-4.7 4.9 407.2162
-4.7 5 435.7781

-4.6 -5 206.1856
-4.6 -4.9 181.6757
-4.6 -4.8 159.6032
-4.6 -4.7 139.8517
-4.6 -4.6 122.3072
-4.6 -4.5 106.8581
-4.6 -4.4 93.3952
-4.6 -4.3 81.8116999999999
-4.6 -4.2 72.0032
-4.6 -4.1 63.8676999999999
-4.6 -4 57.3056
-4.6 -3.9 52.2197
-4.6 -3.8 48.5152
-4.6 -3.7 46.0997
-4.6 -3.6 44.8831999999999
-4.6 -3.5 44.7781
-4.6 -3.4 45.6992
-4.6 -3.3 47.5636999999999
-4.6 -3.2 50.2912
-4.6 -3.1 53.8036999999999
-4.6 -3 58.0255999999999
-4.6 -2.9 62.8837
-4.6 -2.8 68.3071999999999
-4.6 -2.7 74.2276999999999
-4.6 -2.6 80.5791999999999
-4.6 -2.5 87.2980999999999
-4.6 -2.4 94.3232
-4.6 -2.3 101.5957
-4.6 -2.2 109.0592
-4.6 -2.1 116.6597
-4.6 -2 124.3456
-4.6 -1.9 132.0677
-4.6 -1.8 139.7792
-4.6 -1.7 147.4357
-4.6 -1.6 154.9952
-4.6 -1.5 162.4181
-4.6 -1.4 169.6672
-4.6 -1.3 176.7077
-4.6 -1.2 183.5072
-4.6 -1.1 190.0357
-4.6 -1 196.2656
-4.6 -0.9 202.1717
-4.6 -0.8 207.7312
-4.6 -0.7 212.9237
-4.6 -0.6 217.7312
-4.6 -0.5 222.1381
-4.6 -0.4 226.1312
-4.6 -0.3 229.6997
-4.6 -0.2 232.8352
-4.6 -0.0999999999999996 235.5317
-4.6 0 237.7856
-4.6 0.0999999999999996 239.5957
-4.6 0.2 240.9632
-4.6 0.3 241.8917
-4.6 0.4 242.3872
-4.6 0.5 242.4581
-4.6 0.6 242.1152
-4.6 0.7 241.3717
-4.6 0.8 240.2432
-4.6 0.9 238.7477
-4.6 1 236.9056
-4.6 1.1 234.7397
-4.6 1.2 232.2752
-4.6 1.3 229.5397
-4.6 1.4 226.5632
-4.6 1.5 223.3781
-4.6 1.6 220.0192
-4.6 1.7 216.5237
-4.6 1.8 212.9312
-4.6 1.9 209.2837
-4.6 2 205.6256
-4.6 2.1 202.0037
-4.6 2.2 198.4672
-4.6 2.3 195.0677
-4.6 2.4 191.8592
-4.6 2.5 188.8981
-4.6 2.6 186.2432
-4.6 2.7 183.9557
-4.6 2.8 182.0992
-4.6 2.9 180.7397
-4.6 3 179.9456
-4.6 3.1 179.7877
-4.6 3.2 180.3392
-4.6 3.3 181.6757
-4.6 3.4 183.8752
-4.6 3.5 187.0181
-4.6 3.6 191.1872
-4.6 3.7 196.4677
-4.6 3.8 202.9472
-4.6 3.9 210.7157
-4.6 4 219.8656
-4.6 4.1 230.4917
-4.6 4.2 242.6912
-4.6 4.3 256.5637
-4.6 4.4 272.2112
-4.6 4.5 289.7381
-4.6 4.6 309.2512
-4.6 4.7 330.8597
-4.6 4.8 354.6752
-4.6 4.9 380.8117
-4.6 5 409.3856

-4.5 -5 200.3125
-4.5 -4.9 175.4226
-4.5 -4.8 152.9741
-4.5 -4.7 132.8506
-4.5 -4.6 114.9381
-4.5 -4.5 99.125
-4.5 -4.4 85.3021
-4.5 -4.3 73.3626
-4.5 -4.2 63.2021
-4.5 -4.1 54.7186
-4.5 -4 47.8125
-4.5 -3.9 42.3866
-4.5 -3.8 38.3461
-4.5 -3.7 35.5986
-4.5 -3.6 34.0541
-4.5 -3.5 33.625
-4.5 -3.4 34.2261
-4.5 -3.3 35.7746
-4.5 -3.2 38.1901
-4.5 -3.1 41.3946
-4.5 -3 45.3125
-4.5 -2.9 49.8706
-4.5 -2.8 54.9981
-4.5 -2.7 60.6266
-4.5 -2.6 66.6901
-4.5 -2.5 73.125
-4.5 -2.4 79.8701
-4.5 -2.3 86.8666
-4.5 -2.2 94.0581
-4.5 -2.1 101.3906
-4.5 -2 108.8125
-4.5 -1.9 116.2746
-4.5 -1.8 123.7301
-4.5 -1.7 131.1346
-4.5 -1.6 138.4461
-4.5 -1.5 145.625
-4.5 -1.4 152.6341
-4.5 -1.3 159.4386
-4.5 -1.2 166.0061
-4.5 -1.1 172.3066
-4.5 -1 178.3125
-4.5 -0.9 183.9986
-4.5 -0.8 189.3421
-4.5 -0.7 194.3226
-4.5 -0.6 198.9221
-4.5 -0.5 203.125
-4.5 -0.4 206.9181
-4.5 -0.3 210.2906
-4.5 -0.2 213.2341
-4.5 -0.0999999999999996 215.7426
-4.5 0 217.8125
-4.5 0.0999999999999996 219.4426
-4.5 0.2 220.6341
-4.5 0.3 221.3906
-4.5 0.4 221.7181
-4.5 0.5 221.625
-4.5 0.6 221.1221
-4.5 0.7 220.2226
-4.5 0.8 218.9421
-4.5 0.9 217.2986
-4.5 1 215.3125
-4.5 1.1 213.0066
-4.5 1.2 210.4061
-4.5 1.3 207.5386
-4.5 1.4 204.4341
-4.5 1.5 201.125
-4.5 1.6 197.6461
-4.5 1.7 194.0346
-4.5 1.8 190.3301
-4.5 1.9 186.5746
-4.5 2 182.8125
-4.5 2.1 179.0906
-4.5 2.2 175.4581
-4.5 2.3 171.9666
-4.5 2.4 168.6701
-4.5 2.5 165.625
-4.5 2.6 162.8901
-4.5 2.7 160.5266
-4.5 2.8 158.5981
-4.5 2.9 157.1706
-4.5 3 156.3125
-4.5 3.1 156.0946
-4.5 3.2 156.5901
-4.5 3.3 157.8746
-4.5 3.4 160.0261
-4.5 3.5 163.125
-4.5 3.6 167.2541
-4.5 3.7 172.4986
-4.5 3.8 178.9461
-4.5 3.9 186.6866
-4.5 4 195.8125
-4.5 4.1 206.4186
-4.5 4.2 218.6021
-4.5 4.3 232.4626
-4.5 4.4 248.1021
-4.5 4.5 265.625
-4.5 4.6 285.1381
-4.5 4.7 306.7506
-4.5 4.8 330.5741
-4.5 4.9 356.7226
-4.5 5 385.3125

-4.4 -5 196.2496
-4.4 -4.9 170.9837
-4.4 -4.8 148.1632
-4.4 -4.7 127.6717
-4.4 -4.6 109.3952
-4.4 -4.5 93.2221
-4.4 -4.4 79.0432000000001
-4.4 -4.3 66.7517
-4.4 -4.2 56.2432
-4.4 -4.1 47.4157
-4.4 -4 40.1696
-4.4 -3.9 34.4077
-4.4 -3.8 30.0352
-4.4 -3.7 26.9597
-4.4 -3.6 25.0912
-4.4 -3.5 24.3421
-4.4 -3.4 24.6272
-4.4 -3.3 25.8637
-4.4 -3.2 27.9712
-4.4 -3.1 30.8717
-4.4 -3 34.4896
-4.4 -2.9 38.7517
-4.4 -2.8 43.5872
-4.4 -2.7 48.9277
-4.4 -2.6 54.7072
-4.4 -2.5 60.8621
-4.4 -2.4 67.3312000000001
-4.4 -2.3 74.0557
-4.4 -2.2 80.9792
-4.4 -2.1 88.0477
-4.4 -2 95.2096000000001
-4.4 -1.9 102.4157
-4.4 -1.8 109.6192
-4.4 -1.7 116.7757
-4.4 -1.6 123.8432
-4.4 -1.5 130.7821
-4.4 -1.4 137.5552
-4.4 -1.3 144.1277
-4.4 -1.2 150.4672
-4.4 -1.1 156.5437
-4.4 -1 162.3296
-4.4 -0.9 167.7997
-4.4 -0.8 172.9312
-4.4 -0.7 177.7037
-4.4 -0.6 182.0992
-4.4 -0.5 186.1021
-4.4 -0.4 189.6992
-4.4 -0.3 192.8797
-4.4 -0.2 195.6352
-4.4 -0.0999999999999996 197.9597
-4.4 0 199.8496
-4.4 0.0999999999999996 201.3037
-4.4 0.2 202.3232
-4.4 0.3 202.9117
-4.4 0.4 203.0752
-4.4 0.5 202.8221
-4.4 0.6 202.1632
-4.4 0.7 201.1117
-4.4 0.8 199.6832
-4.4 0.9 197.8957
-4.4 1 195.7696
-4.4 1.1 193.3277
-4.4 1.2 190.5952
-4.4 1.3 187.5997
-4.4 1.4 184.3712
-4.4 1.5 180.9421
-4.4 1.6 177.3472
-4.4 1.7 173.6237
-4.4 1.8 169.8112
-4.4 1.9 165.9517
-4.4 2 162.0896
-4.4 2.1 158.2717
-4.4 2.2 154.5472
-4.4 2.3 150.9677
-4.4 2.4 147.5872
-4.4 2.5 144.4621
-4.4 2.6 141.6512
-4.4 2.7 139.2157
-4.4 2.8 137.2192
-4.4 2.9 135.7277
-4.4 3 134.8096
-4.4 3.1 134.5357
-4.4 3.2 134.9792
-4.4 3.3 136.2157
-4.4 3.4 138.3232
-4.4 3.5 141.3821
-4.4 3.6 145.4752
-4.4 3.7 150.6877
-4.4 3.8 157.1072
-4.4 3.9 164.8237
-4.4 4 173.9296
-4.4 4.1 184.5197
-4.4 4.2 196.6912
-4.4 4.3 210.5437
-4.4 4.4 226.1792
-4.4 4.5 243.7021
-4.4 4.6 263.2192
-4.4 4.7 284.8397
-4.4 4.8 308.6752
-4.4 4.9 334.8397
-4.4 5 363.4496

-4.3 -5 193.8901
-4.3 -4.9 168.2522
-4.3 -4.8 145.0637
-4.3 -4.7 124.2082
-4.3 -4.6 105.5717
-4.3 -4.5 89.0426
-4.3 -4.4 74.5117
-4.3 -4.3 61.8721999999999
-4.3 -4.2 51.0197
-4.3 -4.1 41.8522
-4.3 -4 34.2701
-4.3 -3.9 28.1762
-4.3 -3.8 23.4757
-4.3 -3.7 20.0762
-4.3 -3.6 17.8877
-4.3 -3.5 16.8226
-4.3 -3.4 16.7957
-4.3 -3.3 17.7242
-4.3 -3.2 19.5277
-4.3 -3.1 22.1282
-4.3 -3 25.4501
-4.3 -2.9 29.4202
-4.3 -2.8 33.9677
-4.3 -2.7 39.0242
-4.3 -2.6 44.5237
-4.3 -2.5 50.4026
-4.3 -2.4 56.5997
-4.3 -2.3 63.0562
-4.3 -2.2 69.7157
-4.3 -2.1 76.5242
-4.3 -2 83.4301
-4.3 -1.9 90.3842
-4.3 -1.8 97.3397
-4.3 -1.7 104.2522
-4.3 -1.6 111.0797
-4.3 -1.5 117.7826
-4.3 -1.4 124.3237
-4.3 -1.3 130.6682
-4.3 -1.2 136.7837
-4.3 -1.1 142.6402
-4.3 -1 148.2101
-4.3 -0.9 153.4682
-4.3 -0.8 158.3917
-4.3 -0.7 162.9602
-4.3 -0.6 167.1557
-4.3 -0.5 170.9626
-4.3 -0.4 174.3677
-4.3 -0.3 177.3602
-4.3 -0.2 179.9317
-4.3 -0.0999999999999996 182.0762
-4.3 0 183.7901
-4.3 0.0999999999999996 185.0722
-4.3 0.2 185.9237
-4.3 0.3 186.3482
-4.3 0.4 186.3517
-4.3 0.5 185.9426
-4.3 0.6 185.1317
-4.3 0.7 183.9322
-4.3 0.8 182.3597
-4.3 0.9 180.4322
-4.3 1 178.1701
-4.3 1.1 175.5962
-4.3 1.2 172.7357
-4.3 1.3 169.6162
-4.3 1.4 166.2677
-4.3 1.5 162.7226
-4.3 1.6 159.0157
-4.3 1.7 155.1842
-4.3 1.8 151.2677
-4.3 1.9 147.3082
-4.3 2 143.3501
-4.3 2.1 139.4402
-4.3 2.2 135.6277
-4.3 2.3 131.9642
-4.3 2.4 128.5037
-4.3 2.5 125.3026
-4.3 2.6 122.4197
-4.3 2.7 119.9162
-4.3 2.8 117.8557
-4.3 2.9 116.3042
-4.3 3 115.3301
-4.3 3.1 115.0042
-4.3 3.2 115.3997
-4.3 3.3 116.5922
-4.3 3.4 118.6597
-4.3 3.5 121.6826
-4.3 3.6 125.7437
-4.3 3.7 130.9282
-4.3 3.8 137.3237
-4.3 3.9 145.0202
-4.3 4 154.1101
-4.3 4.1 164.6882
-4.3 4.2 176.8517
-4.3 4.3 190.7002
-4.3 4.4 206.3357
-4.3 4.5 223.8626
-4.3 4.6 243.3877
-4.3 4.7 265.0202
-4.3 4.8 288.8717
-4.3 4.9 315.0562
-4.3 5 343.6901

-4.2 -5 193.1296
-4.2 -4.9 167.1237
-4.2 -4.8 143.5712
-4.2 -4.7 122.3557
-4.2 -4.6 103.3632
-4.2 -4.5 86.4821
-4.2 -4.4 71.6032000000001
-4.2 -4.3 58.6197
-4.2 -4.2 47.4272
-4.2 -4.1 37.9237
-4.2 -4 30.0096
-4.2 -3.9 23.5877
-4.2 -3.8 18.5632
-4.2 -3.7 14.8437
-4.2 -3.6 12.3392
-4.2 -3.5 10.9621
-4.2 -3.4 10.6272
-4.2 -3.3 11.2517
-4.2 -3.2 12.7552
-4.2 -3.1 15.0597
-4.2 -3 18.0896
-4.2 -2.9 21.7717
-4.2 -2.8 26.0352
-4.2 -2.7 30.8117
-4.2 -2.6 36.0352
-4.2 -2.5 41.6421
-4.2 -2.4 47.5712
-4.2 -2.3 53.7637
-4.2 -2.2 60.1632
-4.2 -2.1 66.7157
-4.2 -2 73.3696
-4.2 -1.9 80.0757
-4.2 -1.8 86.7872
-4.2 -1.7 93.4597
-4.2 -1.6 100.0512
-4.2 -1.5 106.5221
-4.2 -1.4 112.8352
-4.2 -1.3 118.9557
-4.2 -1.2 124.8512
-4.2 -1.1 130.4917
-4.2 -1 135.8496
-4.2 -0.9 140.8997
-4.2 -0.8 145.6192
-4.2 -0.7 149.9877
-4.2 -0.6 153.9872
-4.2 -0.5 157.6021
-4.2 -0.4 160.8192
-4.2 -0.3 163.6277
-4.2 -0.2 166.0192
-4.2 -0.0999999999999996 167.9877
-4.2 0 169.5296
-4.2 0.0999999999999996 170.6437
-4.2 0.2 171.3312
-4.2 0.3 171.5957
-4.2 0.4 171.4432
-4.2 0.5 170.8821
-4.2 0.6 169.9232
-4.2 0.7 168.5797
-4.2 0.8 166.8672
-4.2 0.9 164.8037
-4.2 1 162.4096
-4.2 1.1 159.7077
-4.2 1.2 156.7232
-4.2 1.3 153.4837
-4.2 1.4 150.0192
-4.2 1.5 146.3621
-4.2 1.6 142.5472
-4.2 1.7 138.6117
-4.2 1.8 134.5952
-4.2 1.9 130.5397
-4.2 2 126.4896
-4.2 2.1 122.4917
-4.2 2.2 118.5952
-4.2 2.3 114.8517
-4.2 2.4 111.3152
-4.2 2.5 108.0421
-4.2 2.6 105.0912
-4.2 2.7 102.5237
-4.2 2.8 100.4032
-4.2 2.9 98.7957
-4.2 3 97.7696
-4.2 3.1 97.3957
-4.2 3.2 97.7472
-4.2 3.3 98.8997
-4.2 3.4 100.9312
-4.2 3.5 103.9221
-4.2 3.6 107.9552
-4.2 3.7 113.1157
-4.2 3.8 119.4912
-4.2 3.9 127.1717
-4.2 4 136.2496
-4.2 4.1 146.8197
-4.2 4.2 158.9792
-4.2 4.3 172.8277
-4.2 4.4 188.4672
-4.2 4.5 206.0021
-4.2 4.6 225.5392
-4.2 4.7 247.1877
-4.2 4.8 271.0592
-4.2 4.9 297.2677
-4.2 5 325.9296

-4.1 -5 193.8661
-4.1 -4.9 167.4962
-4.1 -4.8 143.5837
-4.1 -4.7 122.0122
-4.1 -4.6 102.6677
-4.1 -4.5 85.4386
-4.1 -4.4 70.2157
-4.1 -4.3 56.8922
-4.1 -4.2 45.3637
-4.1 -4.1 35.5282
-4.1 -4 27.2861
-4.1 -3.9 20.5402
-4.1 -3.8 15.1957
-4.1 -3.7 11.1602
-4.1 -3.6 8.3437
-4.1 -3.5 6.65859999999999
-4.1 -3.4 6.01969999999999
-4.1 -3.3 6.34419999999999
-4.1 -3.2 7.55169999999999
-4.1 -3.1 9.56419999999999
-4.1 -3 12.3061
-4.1 -2.9 15.7042
-4.1 -2.8 19.6877
-4.1 -2.7 24.1882
-4.1 -2.6 29.1397
-4.1 -2.5 34.4786
-4.1 -2.4 40.1437
-4.1 -2.3 46.0762
-4.1 -2.2 52.2197
-4.1 -2.1 58.5202
-4.1 -2 64.9261
-4.1 -1.9 71.3882
-4.1 -1.8 77.8597
-4.1 -1.7 84.2962
-4.1 -1.6 90.6557
-4.1 -1.5 96.8986
-4.1 -1.4 102.9877
-4.1 -1.3 108.8882
-4.1 -1.2 114.5677
-4.1 -1.1 119.9962
-4.1 -1 125.1461
-4.1 -0.9 129.9922
-4.1 -0.8 134.5117
-4.1 -0.7 138.6842
-4.1 -0.6 142.4917
-4.1 -0.5 145.9186
-4.1 -0.4 148.9517
-4.1 -0.3 151.5802
-4.1 -0.2 153.7957
-4.1 -0.0999999999999996 155.5922
-4.1 0 156.9661
-4.1 0.0999999999999996 157.9162
-4.1 0.2 158.4437
-4.1 0.3 158.5522
-4.1 0.4 158.2477
-4.1 0.5 157.5386
-4.1 0.6 156.4357
-4.1 0.7 154.9522
-4.1 0.8 153.1037
-4.1 0.9 150.9082
-4.1 1 148.3861
-4.1 1.1 145.5602
-4.1 1.2 142.4557
-4.1 1.3 139.1002
-4.1 1.4 135.5237
-4.1 1.5 131.7586
-4.1 1.6 127.8397
-4.1 1.7 123.8042
-4.1 1.8 119.6917
-4.1 1.9 115.5442
-4.1 2 111.4061
-4.1 2.1 107.3242
-4.1 2.2 103.3477
-4.1 2.3 99.5282
-4.1 2.4 95.9197
-4.1 2.5 92.5786
-4.1 2.6 89.5637
-4.1 2.7 86.9362
-4.1 2.8 84.7597
-4.1 2.9 83.1002
-4.1 3 82.0261
-4.1 3.1 81.6081999999999
-4.1 3.2 81.9197
-4.1 3.3 83.0362
-4.1 3.4 85.0357
-4.1 3.5 87.9986
-4.1 3.6 92.0076999999999
-4.1 3.7 97.1481999999999
-4.1 3.8 103.5077
-4.1 3.9 111.1762
-4.1 4 120.2461
-4.1 4.1 130.8122
-4.1 4.2 142.9717
-4.1 4.3 156.8242
-4.1 4.4 172.4717
-4.1 4.5 190.0186
-4.1 4.6 209.5717
-4.1 4.7 231.2402
-4.1 4.8 255.1357
-4.1 4.9 281.3722
-4.1 5 310.0661

-4 -5 196
-4 -4.9 169.2701
-4 -4.8 145.0016
-4 -4.7 123.0781
-4 -4.6 103.3856
-4 -4.5 85.8125
-4 -4.4 70.2496
-4 -4.3 56.5901
-4 -4.2 44.7296
-4 -4.1 34.5661
-4 -4 26
-4 -3.9 18.9341
-4 -3.8 13.2736
-4 -3.7 8.92610000000001
-4 -3.6 5.8016
-4 -3.5 3.8125
-4 -3.4 2.8736
-4 -3.3 2.9021
-4 -3.2 3.8176
-4 -3.1 5.5421
-4 -3 8
-4 -2.9 11.1181
-4 -2.8 14.8256
-4 -2.7 19.0541
-4 -2.6 23.7376
-4 -2.5 28.8125
-4 -2.4 34.2176
-4 -2.3 39.8941
-4 -2.2 45.7856
-4 -2.1 51.8381
-4 -2 58
-4 -1.9 64.2221
-4 -1.8 70.4576
-4 -1.7 76.6621
-4 -1.6 82.7936
-4 -1.5 88.8125
-4 -1.4 94.6816
-4 -1.3 100.3661
-4 -1.2 105.8336
-4 -1.1 111.0541
-4 -1 116
-4 -0.9 120.6461
-4 -0.8 124.9696
-4 -0.7 128.9501
-4 -0.6 132.5696
-4 -0.5 135.8125
-4 -0.4 138.6656
-4 -0.3 141.1181
-4 -0.2 143.1616
-4 -0.0999999999999996 144.7901
-4 0 146
-4 0.0999999999999996 146.7901
-4 0.2 147.1616
-4 0.3 147.1181
-4 0.4 146.6656
-4 0.5 145.8125
-4 0.6 144.5696
-4 0.7 142.9501
-4 0.8 140.9696
-4 0.9 138.6461
-4 1 136
-4 1.1 133.0541
-4 1.2 129.8336
-4 1.3 126.3661
-4 1.4 122.6816
-4 1.5 118.8125
-4 1.6 114.7936
-4 1.7 110.6621
-4 1.8 106.4576
-4 1.9 102.2221
-4 2 98
-4 2.1 93.8381
-4 2.2 89.7856
-4 2.3 85.8941
-4 2.4 82.2176
-4 2.5 78.8125
-4 2.6 75.7376
-4 2.7 73.0541
-4 2.8 70.8256
-4 2.9 69.1181
-4 3 68
-4 3.1 67.5421
-4 3.2 67.8176
-4 3.3 68.9021
-4 3.4 70.8736
-4 3.5 73.8125
-4 3.6 77.8016
-4 3.7 82.9260999999999
-4 3.8 89.2736
-4 3.9 96.9341
-4 4 106
-4 4.1 116.5661
-4 4.2 128.7296
-4 4.3 142.5901
-4 4.4 158.2496
-4 4.5 175.8125
-4 4.6 195.3856
-4 4.7 217.0781
-4 4.8 241.0016
-4 4.9 267.2701
-4 5 296

-3.9 -5 199.4341
-3.9 -4.9 172.3482
-3.9 -4.8 147.7277
-3.9 -4.7 125.4562
-3.9 -4.6 105.4197
-3.9 -4.5 87.5066
-3.9 -4.4 71.6077000000001
-3.9 -4.3 57.6162
-3.9 -4.2 45.4277
-3.9 -4.1 34.9402
-3.9 -4 26.0541
-3.9 -3.9 18.6722
-3.9 -3.8 12.6997
-3.9 -3.7 8.0442
-3.9 -3.6 4.6157
-3.9 -3.5 2.3266
-3.9 -3.4 1.0917
-3.9 -3.3 0.8282
-3.9 -3.2 1.45569999999999
-3.9 -3.1 2.8962
-3.9 -3 5.0741
-3.9 -2.9 7.9162
-3.9 -2.8 11.3517
-3.9 -2.7 15.3122
-3.9 -2.6 19.7317
-3.9 -2.5 24.5466
-3.9 -2.4 29.6957
-3.9 -2.3 35.1202
-3.9 -2.2 40.7637
-3.9 -2.1 46.5722
-3.9 -2 52.4941
-3.9 -1.9 58.4802
-3.9 -1.8 64.4837
-3.9 -1.7 70.4602
-3.9 -1.6 76.3677
-3.9 -1.5 82.1666
-3.9 -1.4 87.8197
-3.9 -1.3 93.2922
-3.9 -1.2 98.5517
-3.9 -1.1 103.5682
-3.9 -1 108.3141
-3.9 -0.9 112.7642
-3.9 -0.8 116.8957
-3.9 -0.7 120.6882
-3.9 -0.6 124.1237
-3.9 -0.5 127.1866
-3.9 -0.4 129.8637
-3.9 -0.3 132.1442
-3.9 -0.2 134.0197
-3.9 -0.0999999999999996 135.4842
-3.9 0 136.5341
-3.9 0.0999999999999996 137.1682
-3.9 0.2 137.3877
-3.9 0.3 137.1962
-3.9 0.4 136.5997
-3.9 0.5 135.6066
-3.9 0.6 134.2277
-3.9 0.7 132.4762
-3.9 0.8 130.3677
-3.9 0.9 127.9202
-3.9 1 125.1541
-3.9 1.1 122.0922
-3.9 1.2 118.7597
-3.9 1.3 115.1842
-3.9 1.4 111.3957
-3.9 1.5 107.4266
-3.9 1.6 103.3117
-3.9 1.7 99.0882
-3.9 1.8 94.7957
-3.9 1.9 90.4762
-3.9 2 86.1741
-3.9 2.1 81.9362
-3.9 2.2 77.8117
-3.9 2.3 73.8522
-3.9 2.4 70.1117
-3.9 2.5 66.6466
-3.9 2.6 63.5157
-3.9 2.7 60.7802
-3.9 2.8 58.5037
-3.9 2.9 56.7522
-3.9 3 55.5941
-3.9 3.1 55.1002
-3.9 3.2 55.3437
-3.9 3.3 56.4002
-3.9 3.4 58.3477
-3.9 3.5 61.2666
-3.9 3.6 65.2397
-3.9 3.7 70.3521999999999
-3.9 3.8 76.6917
-3.9 3.9 84.3482
-3.9 4 93.4141
-3.9 4.1 103.9842
-3.9 4.2 116.1557
-3.9 4.3 130.0282
-3.9 4.4 145.7037
-3.9 4.5 163.2866
-3.9 4.6 182.8837
-3.9 4.7 204.6042
-3.9 4.8 228.5597
-3.9 4.9 254.8642
-3.9 5 283.6341

-3.8 -5 204.0736
-3.8 -4.9 176.6357
-3.8 -4.8 151.6672
-3.8 -4.7 129.0517
-3.8 -4.6 108.6752
-3.8 -4.5 90.4261
-3.8 -4.4 74.1952
-3.8 -4.3 59.8757
-3.8 -4.2 47.3632
-3.8 -4.1 36.5557
-3.8 -4 27.3536
-3.8 -3.9 19.6597
-3.8 -3.8 13.3792
-3.8 -3.7 8.4197
-3.8 -3.6 4.6912
-3.8 -3.5 2.1061
-3.8 -3.4 0.579199999999998
-3.8 -3.3 0.0277
-3.8 -3.2 0.371199999999997
-3.8 -3.1 1.5317
-3.8 -3 3.4336
-3.8 -2.9 6.0037
-3.8 -2.8 9.17120000000001
-3.8 -2.7 12.8677
-3.8 -2.6 17.0272
-3.8 -2.5 21.5861
-3.8 -2.4 26.4832
-3.8 -2.3 31.6597
-3.8 -2.2 37.0592
-3.8 -2.1 42.6277
-3.8 -2 48.3136
-3.8 -1.9 54.0677
-3.8 -1.8 59.8432
-3.8 -1.7 65.5957
-3.8 -1.6 71.2832
-3.8 -1.5 76.8661
-3.8 -1.4 82.3072
-3.8 -1.3 87.5717
-3.8 -1.2 92.6272
-3.8 -1.1 97.4437
-3.8 -1 101.9936
-3.8 -0.9 106.2517
-3.8 -0.8 110.1952
-3.8 -0.7 113.8037
-3.8 -0.6 117.0592
-3.8 -0.5 119.9461
-3.8 -0.4 122.4512
-3.8 -0.3 124.5637
-3.8 -0.2 126.2752
-3.8 -0.0999999999999996 127.5797
-3.8 0 128.4736
-3.8 0.0999999999999996 128.9557
-3.8 0.2 129.0272
-3.8 0.3 128.6917
-3.8 0.4 127.9552
-3.8 0.5 126.8261
-3.8 0.6 125.3152
-3.8 0.7 123.4357
-3.8 0.8 121.2032
-3.8 0.9 118.6357
-3.8 1 115.7536
-3.8 1.1 112.5797
-3.8 1.2 109.1392
-3.8 1.3 105.4597
-3.8 1.4 101.5712
-3.8 1.5 97.5061
-3.8 1.6 93.2992
-3.8 1.7 88.9877
-3.8 1.8 84.6112
-3.8 1.9 80.2117
-3.8 2 75.8336
-3.8 2.1 71.5237
-3.8 2.2 67.3312
-3.8 2.3 63.3077
-3.8 2.4 59.5072
-3.8 2.5 55.9861
-3.8 2.6 52.8032
-3.8 2.7 50.0197
-3.8 2.8 47.6992
-3.8 2.9 45.9077
-3.8 3 44.7136
-3.8 3.1 44.1877
-3.8 3.2 44.4032
-3.8 3.3 45.4357
-3.8 3.4 47.3632
-3.8 3.5 50.2661
-3.8 3.6 54.2272
-3.8 3.7 59.3317
-3.8 3.8 65.6672000000001
-3.8 3.9 73.3237
-3.8 4 82.3936
-3.8 4.1 92.9717
-3.8 4.2 105.1552
-3.8 4.3 119.0437
-3.8 4.4 134.7392
-3.8 4.5 152.3461
-3.8 4.6 171.9712
-3.8 4.7 193.7237
-3.8 4.8 217.7152
-3.8 4.9 244.0597
-3.8 5 272.8736

-3.7 -5 209.8261
-3.7 -4.9 182.0402
-3.7 -4.8 156.7277
-3.7 -4.7 133.7722
-3.7 -4.6 113.0597
-3.7 -4.5 94.4786
-3.7 -4.4 77.9197000000001
-3.7 -4.3 63.2762
-3.7 -4.2 50.4437
-3.7 -4.1 39.3202
-3.7 -4 29.8061
-3.7 -3.9 21.8042
-3.7 -3.8 15.2197
-3.7 -3.7 9.96020000000001
-3.7 -3.6 5.9357
-3.7 -3.5 3.0586
-3.7 -3.4 1.2437
-3.7 -3.3 0.408199999999999
-3.7 -3.2 0.471699999999996
-3.7 -3.1 1.3562
-3.7 -3 2.9861
-3.7 -2.9 5.2882
-3.7 -2.8 8.19170000000001
-3.7 -2.7 11.6282
-3.7 -2.6 15.5317
-3.7 -2.5 19.8386
-3.7 -2.4 24.4877
-3.7 -2.3 29.4202
-3.7 -2.2 34.5797
-3.7 -2.1 39.9122
-3.7 -2 45.3661
-3.7 -1.9 50.8922
-3.7 -1.8 56.4437
-3.7 -1.7 61.9762
-3.7 -1.6 67.4477
-3.7 -1.5 72.8186
-3.7 -1.4 78.0517
-3.7 -1.3 83.1122
-3.7 -1.2 87.9677
-3.7 -1.1 92.5882
-3.7 -1 96.9461
-3.7 -0.9 101.0162
-3.7 -0.8 104.7757
-3.7 -0.7 108.2042
-3.7 -0.6 111.2837
-3.7 -0.5 113.9986
-3.7 -0.4 116.3357
-3.7 -0.3 118.2842
-3.7 -0.2 119.8357
-3.7 -0.0999999999999996 120.9842
-3.7 0 121.7261
-3.7 0.0999999999999996 122.0602
-3.7 0.2 121.9877
-3.7 0.3 121.5122
-3.7 0.4 120.6397
-3.7 0.5 119.3786
-3.7 0.6 117.7397
-3.7 0.7 115.7362
-3.7 0.8 113.3837
-3.7 0.9 110.7002
-3.7 1 107.7061
-3.7 1.1 104.4242
-3.7 1.2 100.8797
-3.7 1.3 97.1002
-3.7 1.4 93.1157
-3.7 1.5 88.9586
-3.7 1.6 84.6637
-3.7 1.7 80.2682
-3.7 1.8 75.8117
-3.7 1.9 71.3362
-3.7 2 66.8861
-3.7 2.1 62.5082
-3.7 2.2 58.2517
-3.7 2.3 54.1682
-3.7 2.4 50.3117
-3.7 2.5 46.7386
-3.7 2.6 43.5077
-3.7 2.7 40.6802
-3.7 2.8 38.3197
-3.7 2.9 36.4922
-3.7 3 35.2661
-3.7 3.1 34.7122
-3.7 3.2 34.9037
-3.7 3.3 35.9162
-3.7 3.4 37.8277
-3.7 3.5 40.7186
-3.7 3.6 44.6717
-3.7 3.7 49.7722
-3.7 3.8 56.1077000000001
-3.7 3.9 63.7682000000001
-3.7 4 72.8461
-3.7 4.1 83.4362
-3.7 4.2 95.6356999999999
-3.7 4.3 109.5442
-3.7 4.4 125.2637
-3.7 4.5 142.8986
-3.7 4.6 162.5557
-3.7 4.7 184.3442
-3.7 4.8 208.3757
-3.7 4.9 234.7642
-3.7 5 263.6261

-3.6 -5 216.6016
-3.6 -4.9 188.4717
-3.6 -4.8 162.8192
-3.6 -4.7 139.5277
-3.6 -4.6 118.4832
-3.6 -4.5 99.5741
-3.6 -4.4 82.6912000000001
-3.6 -4.3 67.7277
-3.6 -4.2 54.5792
-3.6 -4.1 43.1437
-3.6 -4 33.3216
-3.6 -3.9 25.0157
-3.6 -3.8 18.1312
-3.6 -3.7 12.5757
-3.6 -3.6 8.2592
-3.6 -3.5 5.0941
-3.6 -3.4 2.9952
-3.6 -3.3 1.8797
-3.6 -3.2 1.66719999999999
-3.6 -3.1 2.27969999999999
-3.6 -3 3.6416
-3.6 -2.9 5.6797
-3.6 -2.8 8.32320000000001
-3.6 -2.7 11.5037
-3.6 -2.6 15.1552
-3.6 -2.5 19.2141
-3.6 -2.4 23.6192
-3.6 -2.3 28.3117
-3.6 -2.2 33.2352
-3.6 -2.1 38.3357
-3.6 -2 43.5616
-3.6 -1.9 48.8637
-3.6 -1.8 54.1952
-3.6 -1.7 59.5117
-3.6 -1.6 64.7712
-3.6 -1.5 69.9341
-3.6 -1.4 74.9632
-3.6 -1.3 79.8237
-3.6 -1.2 84.4832
-3.6 -1.1 88.9117
-3.6 -1 93.0816
-3.6 -0.9 96.9677
-3.6 -0.8 100.5472
-3.6 -0.7 103.7997
-3.6 -0.6 106.7072
-3.6 -0.5 109.2541
-3.6 -0.4 111.4272
-3.6 -0.3 113.2157
-3.6 -0.2 114.6112
-3.6 -0.0999999999999996 115.6077
-3.6 0 116.2016
-3.6 0.0999999999999996 116.3917
-3.6 0.2 116.1792
-3.6 0.3 115.5677
-3.6 0.4 114.5632
-3.6 0.5 113.1741
-3.6 0.6 111.4112
-3.6 0.7 109.2877
-3.6 0.8 106.8192
-3.6 0.9 104.0237
-3.6 1 100.9216
-3.6 1.1 97.5357
-3.6 1.2 93.8912
-3.6 1.3 90.0157
-3.6 1.4 85.9392
-3.6 1.5 81.6941
-3.6 1.6 77.3152
-3.6 1.7 72.8397
-3.6 1.8 68.3072
-3.6 1.9 63.7597
-3.6 2 59.2416
-3.6 2.1 54.7997
-3.6 2.2 50.4832
-3.6 2.3 46.3437
-3.6 2.4 42.4352
-3.6 2.5 38.8141
-3.6 2.6 35.5392
-3.6 2.7 32.6717
-3.6 2.8 30.2752
-3.6 2.9 28.4157
-3.6 3 27.1616
-3.6 3.1 26.5837
-3.6 3.2 26.7552
-3.6 3.3 27.7517
-3.6 3.4 29.6512
-3.6 3.5 32.5341
-3.6 3.6 36.4832
-3.6 3.7 41.5837
-3.6 3.8 47.9232000000001
-3.6 3.9 55.5917
-3.6 4 64.6816
-3.6 4.1 75.2877
-3.6 4.2 87.5071999999999
-3.6 4.3 101.4397
-3.6 4.4 117.1872
-3.6 4.5 134.8541
-3.6 4.6 154.5472
-3.6 4.7 176.3757
-3.6 4.8 200.4512
-3.6 4.9 226.8877
-3.6 5 255.8016

-3.5 -5 224.3125
-3.5 -4.9 195.8426
-3.5 -4.8 169.8541
-3.5 -4.7 146.2306
-3.5 -4.6 124.8581
-3.5 -4.5 105.625
-3.5 -4.4 88.4221000000001
-3.5 -4.3 73.1426
-3.5 -4.2 59.6821
-3.5 -4.1 47.9386
-3.5 -4 37.8125
-3.5 -3.9 29.2066
-3.5 -3.8 22.0261
-3.5 -3.7 16.1786
-3.5 -3.6 11.5741
-3.5 -3.5 8.125
-3.5 -3.4 5.7461
-3.5 -3.3 4.3546
-3.5 -3.2 3.8701
-3.5 -3.1 4.2146
-3.5 -3 5.3125
-3.5 -2.9 7.0906
-3.5 -2.8 9.47810000000001
-3.5 -2.7 12.4066
-3.5 -2.6 15.8101
-3.5 -2.5 19.625
-3.5 -2.4 23.7901
-3.5 -2.3 28.2466
-3.5 -2.2 32.9381
-3.5 -2.1 37.8106
-3.5 -2 42.8125
-3.5 -1.9 47.8946
-3.5 -1.8 53.0101
-3.5 -1.7 58.1146
-3.5 -1.6 63.1661
-3.5 -1.5 68.125
-3.5 -1.4 72.9541
-3.5 -1.3 77.6186
-3.5 -1.2 82.0861
-3.5 -1.1 86.3266
-3.5 -1 90.3125
-3.5 -0.9 94.0186
-3.5 -0.8 97.4221
-3.5 -0.7 100.5026
-3.5 -0.6 103.2421
-3.5 -0.5 105.625
-3.5 -0.4 107.6381
-3.5 -0.3 109.2706
-3.5 -0.2 110.5141
-3.5 -0.0999999999999996 111.3626
-3.5 0 111.8125
-3.5 0.0999999999999996 111.8626
-3.5 0.2 111.5141
-3.5 0.3 110.7706
-3.5 0.4 109.6381
-3.5 0.5 108.125
-3.5 0.6 106.2421
-3.5 0.7 104.0026
-3.5 0.8 101.4221
-3.5 0.9 98.5186
-3.5 1 95.3125
-3.5 1.1 91.8266
-3.5 1.2 88.0861
-3.5 1.3 84.1186
-3.5 1.4 79.9541
-3.5 1.5 75.625
-3.5 1.6 71.1661
-3.5 1.7 66.6146
-3.5 1.8 62.0101
-3.5 1.9 57.3946
-3.5 2 52.8125
-3.5 2.1 48.3106
-3.5 2.2 43.9381
-3.5 2.3 39.7466
-3.5 2.4 35.7901
-3.5 2.5 32.125
-3.5 2.6 28.8101
-3.5 2.7 25.9066
-3.5 2.8 23.4781
-3.5 2.9 21.5906
-3.5 3 20.3125
-3.5 3.1 19.7146
-3.5 3.2 19.8701
-3.5 3.3 20.8546
-3.5 3.4 22.7461
-3.5 3.5 25.625
-3.5 3.6 29.5741
-3.5 3.7 34.6786
-3.5 3.8 41.0261
-3.5 3.9 48.7066
-3.5 4 57.8125
-3.5 4.1 68.4386
-3.5 4.2 80.6820999999999
-3.5 4.3 94.6426000000001
-3.5 4.4 110.4221
-3.5 4.5 128.125
-3.5 4.6 147.8581
-3.5 4.7 169.7306
-3.5 4.8 193.8541
-3.5 4.9 220.3426
-3.5 5 249.3125

-3.4 -5 232.8736
-3.4 -4.9 204.0677
-3.4 -4.8 177.7472
-3.4 -4.7 153.7957
-3.4 -4.6 132.0992
-3.4 -4.5 112.5461
-3.4 -4.4 95.0272000000001
-3.4 -4.3 79.4357
-3.4 -4.2 65.6672
-3.4 -4.1 53.6197
-3.4 -4 43.1936
-3.4 -3.9 34.2917
-3.4 -3.8 26.8192
-3.4 -3.7 20.6837
-3.4 -3.6 15.7952
-3.4 -3.5 12.0661
-3.4 -3.4 9.4112
-3.4 -3.3 7.74770000000001
-3.4 -3.2 6.9952
-3.4 -3.1 7.0757
-3.4 -3 7.91360000000001
-3.4 -2.9 9.43570000000001
-3.4 -2.8 11.5712
-3.4 -2.7 14.2517
-3.4 -2.6 17.4112
-3.4 -2.5 20.9861
-3.4 -2.4 24.9152
-3.4 -2.3 29.1397
-3.4 -2.2 33.6032
-3.4 -2.1 38.2517
-3.4 -2 43.0336
-3.4 -1.9 47.8997
-3.4 -1.8 52.8032
-3.4 -1.7 57.6997
-3.4 -1.6 62.5472
-3.4 -1.5 67.3061
-3.4 -1.4 71.9392
-3.4 -1.3 76.4117
-3.4 -1.2 80.6912
-3.4 -1.1 84.7477
-3.4 -1 88.5536
-3.4 -0.9 92.0837
-3.4 -0.8 95.3152
-3.4 -0.7 98.2277
-3.4 -0.6 100.8032
-3.4 -0.5 103.0261
-3.4 -0.4 104.8832
-3.4 -0.3 106.3637
-3.4 -0.2 107.4592
-3.4 -0.0999999999999996 108.1637
-3.4 0 108.4736
-3.4 0.0999999999999996 108.3877
-3.4 0.2 107.9072
-3.4 0.3 107.0357
-3.4 0.4 105.7792
-3.4 0.5 104.1461
-3.4 0.6 102.1472
-3.4 0.7 99.7957
-3.4 0.8 97.1072
-3.4 0.9 94.0997
-3.4 1 90.7936
-3.4 1.1 87.2117
-3.4 1.2 83.3792
-3.4 1.3 79.3237
-3.4 1.4 75.0752
-3.4 1.5 70.6661
-3.4 1.6 66.1312
-3.4 1.7 61.5077
-3.4 1.8 56.8352
-3.4 1.9 52.1557
-3.4 2 47.5136
-3.4 2.1 42.9557
-3.4 2.2 38.5312
-3.4 2.3 34.2917
-3.4 2.4 30.2912
-3.4 2.5 26.5861
-3.4 2.6 23.2352
-3.4 2.7 20.2997
-3.4 2.8 17.8432
-3.4 2.9 15.9317
-3.4 3 14.6336
-3.4 3.1 14.0197
-3.4 3.2 14.1632
-3.4 3.3 15.1397
-3.4 3.4 17.0272
-3.4 3.5 19.9061
-3.4 3.6 23.8592
-3.4 3.7 28.9716999999999
-3.4 3.8 35.3312
-3.4 3.9 43.0277
-3.4 4 52.1536
-3.4 4.1 62.8037
-3.4 4.2 75.0751999999999
-3.4 4.3 89.0677000000001
-3.4 4.4 104.8832
-3.4 4.5 122.6261
-3.4 4.6 142.4032
-3.4 4.7 164.3237
-3.4 4.8 188.4992
-3.4 4.9 215.0437
-3.4 5 244.0736

-3.3 -5 242.2021
-3.3 -4.9 213.0642
-3.3 -4.8 186.4157
-3.3 -4.7 162.1402
-3.3 -4.6 140.1237
-3.3 -4.5 120.2546
-3.3 -4.4 102.4237
-3.3 -4.3 86.5242
-3.3 -4.2 72.4517
-3.3 -4.1 60.1042
-3.3 -4 49.3821
-3.3 -3.9 40.1882
-3.3 -3.8 32.4277
-3.3 -3.7 26.0082
-3.3 -3.6 20.8397
-3.3 -3.5 16.8346
-3.3 -3.4 13.9077
-3.3 -3.3 11.9762
-3.3 -3.2 10.9597
-3.3 -3.1 10.7802
-3.3 -3 11.3621
-3.3 -2.9 12.6322
-3.3 -2.8 14.5197
-3.3 -2.7 16.9562
-3.3 -2.6 19.8757
-3.3 -2.5 23.2146
-3.3 -2.4 26.9117
-3.3 -2.3 30.9082
-3.3 -2.2 35.1477
-3.3 -2.1 39.5762
-3.3 -2 44.1421
-3.3 -1.9 48.7962
-3.3 -1.8 53.4917
-3.3 -1.7 58.1842
-3.3 -1.6 62.8317
-3.3 -1.5 67.3946
-3.3 -1.4 71.8357
-3.3 -1.3 76.1202
-3.3 -1.2 80.2157
-3.3 -1.1 84.0922
-3.3 -1 87.7221
-3.3 -0.9 91.0802
-3.3 -0.8 94.1437
-3.3 -0.7 96.8922
-3.3 -0.6 99.3077
-3.3 -0.5 101.3746
-3.3 -0.4 103.0797
-3.3 -0.3 104.4122
-3.3 -0.2 105.3637
-3.3 -0.0999999999999996 105.9282
-3.3 0 106.1021
-3.3 0.0999999999999996 105.8842
-3.3 0.2 105.2757
-3.3 0.3 104.2802
-3.3 0.4 102.9037
-3.3 0.5 101.1546
-3.3 0.6 99.0437
-3.3 0.7 96.5842
-3.3 0.8 93.7917
-3.3 0.9 90.6842
-3.3 1 87.2821
-3.3 1.1 83.6082
-3.3 1.2 79.6877
-3.3 1.3 75.5482
-3.3 1.4 71.2197
-3.3 1.5 66.7346
-3.3 1.6 62.1277
-3.3 1.7 57.4362
-3.3 1.8 52.6997
-3.3 1.9 47.9602
-3.3 2 43.2621
-3.3 2.1 38.6522
-3.3 2.2 34.1797
-3.3 2.3 29.8962
-3.3 2.4 25.8557
-3.3 2.5 22.1146
-3.3 2.6 18.7317
-3.3 2.7 15.7682
-3.3 2.8 13.2877
-3.3 2.9 11.3562
-3.3 3 10.0421
-3.3 3.1 9.41619999999999
-3.3 3.2 9.55169999999999
-3.3 3.3 10.5242
-3.3 3.4 12.4117
-3.3 3.5 15.2946
-3.3 3.6 19.2557
-3.3 3.7 24.3801999999999
-3.3 3.8 30.7557
-3.3 3.9 38.4722
-3.3 4 47.6221
-3.3 4.1 58.3002
-3.3 4.2 70.6036999999999
-3.3 4.3 84.6322000000001
-3.3 4.4 100.4877
-3.3 4.5 118.2746
-3.3 4.6 138.0997
-3.3 4.7 160.0722
-3.3 4.8 184.3037
-3.3 4.9 210.9082
-3.3 5 240.0021

-3.2 -5 252.2176
-3.2 -4.9 222.7517
-3.2 -4.8 195.7792
-3.2 -4.7 171.1837
-3.2 -4.6 148.8512
-3.2 -4.5 128.6701
-3.2 -4.4 110.5312
-3.2 -4.3 94.3277
-3.2 -4.2 79.9552
-3.2 -4.1 67.3117
-3.2 -4 56.2976
-3.2 -3.9 46.8157
-3.2 -3.8 38.7712
-3.2 -3.7 32.0717
-3.2 -3.6 26.6272
-3.2 -3.5 22.3501
-3.2 -3.4 19.1552
-3.2 -3.3 16.9597
-3.2 -3.2 15.6832
-3.2 -3.1 15.2477
-3.2 -3 15.5776
-3.2 -2.9 16.5997
-3.2 -2.8 18.2432
-3.2 -2.7 20.4397
-3.2 -2.6 23.1232
-3.2 -2.5 26.2301
-3.2 -2.4 29.6992
-3.2 -2.3 33.4717
-3.2 -2.2 37.4912
-3.2 -2.1 41.7037
-3.2 -2 46.0576
-3.2 -1.9 50.5037
-3.2 -1.8 54.9952
-3.2 -1.7 59.4877
-3.2 -1.6 63.9392
-3.2 -1.5 68.3101
-3.2 -1.4 72.5632
-3.2 -1.3 76.6637
-3.2 -1.2 80.5792
-3.2 -1.1 84.2797
-3.2 -1 87.7376
-3.2 -0.9 90.9277
-3.2 -0.8 93.8272
-3.2 -0.7 96.4157
-3.2 -0.6 98.6752
-3.2 -0.5 100.5901
-3.2 -0.4 102.1472
-3.2 -0.3 103.3357
-3.2 -0.2 104.1472
-3.2 -0.0999999999999996 104.5757
-3.2 0 104.6176
-3.2 0.0999999999999996 104.2717
-3.2 0.2 103.5392
-3.2 0.3 102.4237
-3.2 0.4 100.9312
-3.2 0.5 99.0701
-3.2 0.6 96.8512
-3.2 0.7 94.2877
-3.2 0.8 91.3952
-3.2 0.9 88.1917
-3.2 1 84.6976
-3.2 1.1 80.9357
-3.2 1.2 76.9312
-3.2 1.3 72.7117
-3.2 1.4 68.3072
-3.2 1.5 63.7501
-3.2 1.6 59.0752
-3.2 1.7 54.3197
-3.2 1.8 49.5232
-3.2 1.9 44.7277
-3.2 2 39.9776
-3.2 2.1 35.3197
-3.2 2.2 30.8032
-3.2 2.3 26.4797
-3.2 2.4 22.4032
-3.2 2.5 18.6301
-3.2 2.6 15.2192
-3.2 2.7 12.2317
-3.2 2.8 9.73120000000002
-3.2 2.9 7.7837
-3.2 3 6.45760000000001
-3.2 3.1 5.82370000000001
-3.2 3.2 5.95520000000001
-3.2 3.3 6.92770000000002
-3.2 3.4 8.81920000000002
-3.2 3.5 11.7101
-3.2 3.6 15.6832
-3.2 3.7 20.8237
-3.2 3.8 27.2192000000001
-3.2 3.9 34.9597
-3.2 4 44.1376
-3.2 4.1 54.8477
-3.2 4.2 67.1871999999999
-3.2 4.3 81.2557000000001
-3.2 4.4 97.1552000000001
-3.2 4.5 114.9901
-3.2 4.6 134.8672
-3.2 4.7 156.8957
-3.2 4.8 181.1872
-3.2 4.9 207.8557
-3.2 5 237.0176

-3.1 -5 262.8421
-3.1 -4.9 233.0522
-3.1 -4.8 205.7597
-3.1 -4.7 180.8482
-3.1 -4.6 158.2037
-3.1 -4.5 137.7146
-3.1 -4.4 119.2717
-3.1 -4.3 102.7682
-3.1 -4.2 88.0997
-3.1 -4.1 75.1642
-3.1 -4 63.8621
-3.1 -3.9 54.0962
-3.1 -3.8 45.7717
-3.1 -3.7 38.7962
-3.1 -3.6 33.0797
-3.1 -3.5 28.5346
-3.1 -3.4 25.0757
-3.1 -3.3 22.6202
-3.1 -3.2 21.0877
-3.1 -3.1 20.4002
-3.1 -3 20.4821
-3.1 -2.9 21.2602
-3.1 -2.8 22.6637
-3.1 -2.7 24.6242
-3.1 -2.6 27.0757
-3.1 -2.5 29.9546
-3.1 -2.4 33.1997
-3.1 -2.3 36.7522
-3.1 -2.2 40.5557
-3.1 -2.1 44.5562
-3.1 -2 48.7021
-3.1 -1.9 52.9442
-3.1 -1.8 57.2357
-3.1 -1.7 61.5322
-3.1 -1.6 65.7917
-3.1 -1.5 69.9746
-3.1 -1.4 74.0437
-3.1 -1.3 77.9642
-3.1 -1.2 81.7037
-3.1 -1.1 85.2322
-3.1 -1 88.5221
-3.1 -0.9 91.5482
-3.1 -0.8 94.2877
-3.1 -0.7 96.7202
-3.1 -0.6 98.8277
-3.1 -0.5 100.5946
-3.1 -0.4 102.0077
-3.1 -0.3 103.0562
-3.1 -0.2 103.7317
-3.1 -0.0999999999999996 104.0282
-3.1 0 103.9421
-3.1 0.0999999999999996 103.4722
-3.1 0.2 102.6197
-3.1 0.3 101.3882
-3.1 0.4 99.7837
-3.1 0.5 97.8146
-3.1 0.6 95.4917
-3.1 0.7 92.8282
-3.1 0.8 89.8397
-3.1 0.9 86.5442
-3.1 1 82.9621
-3.1 1.1 79.1162
-3.1 1.2 75.0317
-3.1 1.3 70.7362
-3.1 1.4 66.2597
-3.1 1.5 61.6346
-3.1 1.6 56.8957
-3.1 1.7 52.0802
-3.1 1.8 47.2277
-3.1 1.9 42.3802
-3.1 2 37.5821
-3.1 2.1 32.8802
-3.1 2.2 28.3237
-3.1 2.3 23.9642
-3.1 2.4 19.8557
-3.1 2.5 16.0546
-3.1 2.6 12.6197
-3.1 2.7 9.6122
-3.1 2.8 7.09570000000001
-3.1 2.9 5.1362
-3.1 3 3.8021
-3.1 3.1 3.1642
-3.1 3.2 3.2957
-3.1 3.3 4.27220000000001
-3.1 3.4 6.17170000000001
-3.1 3.5 9.07460000000001
-3.1 3.6 13.0637
-3.1 3.7 18.2242
-3.1 3.8 24.6437000000001
-3.1 3.9 32.4122
-3.1 4 41.6221
-3.1 4.1 52.3682
-3.1 4.2 64.7476999999999
-3.1 4.3 78.8602000000001
-3.1 4.4 94.8077
-3.1 4.5 112.6946
-3.1 4.6 132.6277
-3.1 4.7 154.7162
-3.1 4.8 179.0717
-3.1 4.9 205.8082
-3.1 5 235.0421

-3 -5 274
-3 -4.9 243.8901
-3 -4.8 216.2816
-3 -4.7 191.0581
-3 -4.6 168.1056
-3 -4.5 147.3125
-3 -4.4 128.5696
-3 -4.3 111.7701
-3 -4.2 96.8096
-3 -4.1 83.5861
-3 -4 72
-3 -3.9 61.9541
-3 -3.8 53.3536
-3 -3.7 46.1061
-3 -3.6 40.1216
-3 -3.5 35.3125
-3 -3.4 31.5936
-3 -3.3 28.8821
-3 -3.2 27.0976
-3 -3.1 26.1621
-3 -3 26
-3 -2.9 26.5381
-3 -2.8 27.7056
-3 -2.7 29.4341
-3 -2.6 31.6576
-3 -2.5 34.3125
-3 -2.4 37.3376
-3 -2.3 40.6741
-3 -2.2 44.2656
-3 -2.1 48.0581
-3 -2 52
-3 -1.9 56.0421
-3 -1.8 60.1376
-3 -1.7 64.2421
-3 -1.6 68.3136
-3 -1.5 72.3125
-3 -1.4 76.2016
-3 -1.3 79.9461
-3 -1.2 83.5136
-3 -1.1 86.8741
-3 -1 90
-3 -0.9 92.8661
-3 -0.8 95.4496
-3 -0.7 97.7301
-3 -0.6 99.6896
-3 -0.5 101.3125
-3 -0.4 102.5856
-3 -0.3 103.4981
-3 -0.2 104.0416
-3 -0.0999999999999996 104.2101
-3 0 104
-3 0.0999999999999996 103.4101
-3 0.2 102.4416
-3 0.3 101.0981
-3 0.4 99.3856
-3 0.5 97.3125
-3 0.6 94.8896
-3 0.7 92.1301
-3 0.8 89.0496
-3 0.9 85.6661
-3 1 82
-3 1.1 78.0741
-3 1.2 73.9136
-3 1.3 69.5461
-3 1.4 65.0016
-3 1.5 60.3125
-3 1.6 55.5136
-3 1.7 50.6421
-3 1.8 45.7376
-3 1.9 40.8421
-3 2 36
-3 2.1 31.2581
-3 2.2 26.6656
-3 2.3 22.2741
-3 2.4 18.1376
-3 2.5 14.3125
-3 2.6 10.8576
-3 2.7 7.83409999999999
-3 2.8 5.30560000000001
-3 2.9 3.33809999999999
-3 3 2
-3 3.1 1.3621
-3 3.2 1.4976
-3 3.3 2.48210000000001
-3 3.4 4.39360000000001
-3 3.5 7.3125
-3 3.6 11.3216
-3 3.7 16.5061
-3 3.8 22.9536
-3 3.9 30.7541
-3 4 40
-3 4.1 50.7861
-3 4.2 63.2095999999999
-3 4.3 77.3701000000001
-3 4.4 93.3696000000001
-3 4.5 111.3125
-3 4.6 131.3056
-3 4.7 153.4581
-3 4.8 177.8816
-3 4.9 204.6901
-3 5 234

-2.9 -5 285.6181
-2.9 -4.9 255.1922
-2.9 -4.8 227.2717
-2.9 -4.7 201.7402
-2.9 -4.6 178.4837
-2.9 -4.5 157.3906
-2.9 -4.4 138.3517
-2.9 -4.3 121.2602
-2.9 -4.2 106.0117
-2.9 -4.1 92.5042
-2.9 -4 80.6381
-2.9 -3.9 70.3162
-2.9 -3.8 61.4437
-2.9 -3.7 53.9282
-2.9 -3.6 47.6797
-2.9 -3.5 42.6106
-2.9 -3.4 38.6357
-2.9 -3.3 35.6722
-2.9 -3.2 33.6397
-2.9 -3.1 32.4602
-2.9 -3 32.0581
-2.9 -2.9 32.3602
-2.9 -2.8 33.2957
-2.9 -2.7 34.7962
-2.9 -2.6 36.7957
-2.9 -2.5 39.2306
-2.9 -2.4 42.0397
-2.9 -2.3 45.1642
-2.9 -2.2 48.5477
-2.9 -2.1 52.1362
-2.9 -2 55.8781
-2.9 -1.9 59.7242
-2.9 -1.8 63.6277
-2.9 -1.7 67.5442
-2.9 -1.6 71.4317
-2.9 -1.5 75.2506
-2.9 -1.4 78.9637
-2.9 -1.3 82.5362
-2.9 -1.2 85.9357
-2.9 -1.1 89.1322
-2.9 -1 92.0981
-2.9 -0.9 94.8082
-2.9 -0.8 97.2397
-2.9 -0.7 99.3722
-2.9 -0.6 101.1877
-2.9 -0.5 102.6706
-2.9 -0.4 103.8077
-2.9 -0.3 104.5882
-2.9 -0.2 105.0037
-2.9 -0.0999999999999996 105.0482
-2.9 0 104.7181
-2.9 0.0999999999999996 104.0122
-2.9 0.2 102.9317
-2.9 0.3 101.4802
-2.9 0.4 99.6637
-2.9 0.5 97.4906
-2.9 0.6 94.9717
-2.9 0.7 92.1202
-2.9 0.8 88.9517
-2.9 0.9 85.4842
-2.9 1 81.7381
-2.9 1.1 77.7362
-2.9 1.2 73.5037
-2.9 1.3 69.0682
-2.9 1.4 64.4597
-2.9 1.5 59.7106
-2.9 1.6 54.8557
-2.9 1.7 49.9322
-2.9 1.8 44.9797
-2.9 1.9 40.0402
-2.9 2 35.1581
-2.9 2.1 30.3802
-2.9 2.2 25.7557
-2.9 2.3 21.3362
-2.9 2.4 17.1757
-2.9 2.5 13.3306
-2.9 2.6 9.85970000000001
-2.9 2.7 6.8242
-2.9 2.8 4.2877
-2.9 2.9 2.3162
-2.9 3 0.978100000000001
-2.9 3.1 0.344200000000001
-2.9 3.2 0.487699999999996
-2.9 3.3 1.48420000000001
-2.9 3.4 3.41170000000001
-2.9 3.5 6.3506
-2.9 3.6 10.3837
-2.9 3.7 15.5962
-2.9 3.8 22.0757
-2.9 3.9 29.9122
-2.9 4 39.1981
-2.9 4.1 50.0282
-2.9 4.2 62.4996999999999
-2.9 4.3 76.7122000000001
-2.9 4.4 92.7677000000001
-2.9 4.5 110.7706
-2.9 4.6 130.8277
-2.9 4.7 153.0482
-2.9 4.8 177.5437
-2.9 4.9 204.4282
-2.9 5 233.8181

-2.8 -5 297.6256
-2.8 -4.9 266.8877
-2.8 -4.8 238.6592
-2.8 -4.7 212.8237
-2.8 -4.6 189.2672
-2.8 -4.5 167.8781
-2.8 -4.4 148.5472
-2.8 -4.3 131.1677
-2.8 -4.2 115.6352
-2.8 -4.1 101.8477
-2.8 -4 89.7056
-2.8 -3.9 79.1117
-2.8 -3.8 69.9712
-2.8 -3.7 62.1917
-2.8 -3.6 55.6832
-2.8 -3.5 50.3581
-2.8 -3.4 46.1312
-2.8 -3.3 42.9197
-2.8 -3.2 40.6432
-2.8 -3.1 39.2237
-2.8 -3 38.5856
-2.8 -2.9 38.6557
-2.8 -2.8 39.3632
-2.8 -2.7 40.6397
-2.8 -2.6 42.4192
-2.8 -2.5 44.6381
-2.8 -2.4 47.2352
-2.8 -2.3 50.1517
-2.8 -2.2 53.3312
-2.8 -2.1 56.7197
-2.8 -2 60.2656
-2.8 -1.9 63.9197
-2.8 -1.8 67.6352
-2.8 -1.7 71.3677
-2.8 -1.6 75.0752
-2.8 -1.5 78.7181
-2.8 -1.4 82.2592
-2.8 -1.3 85.6637
-2.8 -1.2 88.8992
-2.8 -1.1 91.9357
-2.8 -1 94.7456
-2.8 -0.9 97.3037
-2.8 -0.8 99.5872
-2.8 -0.7 101.5757
-2.8 -0.6 103.2512
-2.8 -0.5 104.5981
-2.8 -0.4 105.6032
-2.8 -0.3 106.2557
-2.8 -0.2 106.5472
-2.8 -0.0999999999999996 106.4717
-2.8 0 106.0256
-2.8 0.0999999999999996 105.2077
-2.8 0.2 104.0192
-2.8 0.3 102.4637
-2.8 0.4 100.5472
-2.8 0.5 98.2781
-2.8 0.6 95.6672
-2.8 0.7 92.7277
-2.8 0.8 89.4752
-2.8 0.9 85.9277
-2.8 1 82.1056
-2.8 1.1 78.0317
-2.8 1.2 73.7312
-2.8 1.3 69.2317
-2.8 1.4 64.5632
-2.8 1.5 59.7581
-2.8 1.6 54.8512
-2.8 1.7 49.8797
-2.8 1.8 44.8832
-2.8 1.9 39.9037
-2.8 2 34.9856
-2.8 2.1 30.1757
-2.8 2.2 25.5232
-2.8 2.3 21.0797
-2.8 2.4 16.8992
-2.8 2.5 13.0381
-2.8 2.6 9.55520000000001
-2.8 2.7 6.51169999999999
-2.8 2.8 3.9712
-2.8 2.9 1.99969999999999
-2.8 3 0.6656
-2.8 3.1 0.0397000000000011
-2.8 3.2 0.195199999999996
-2.8 3.3 1.20770000000001
-2.8 3.4 3.15520000000001
-2.8 3.5 6.1181
-2.8 3.6 10.1792
-2.8 3.7 15.4236999999999
-2.8 3.8 21.9392
-2.8 3.9 29.8157
-2.8 4 39.1456
-2.8 4.1 50.0237
-2.8 4.2 62.5471999999999
-2.8 4.3 76.8157000000001
-2.8 4.4 92.9312
-2.8 4.5 110.9981
-2.8 4.6 131.1232
-2.8 4.7 153.4157
-2.8 4.8 177.9872
-2.8 4.9 204.9517
-2.8 5 234.4256

-2.7 -5 309.9541
-2.7 -4.9 278.9082
-2.7 -4.8 250.3757
-2.7 -4.7 224.2402
-2.7 -4.6 200.3877
-2.7 -4.5 178.7066
-2.7 -4.4 159.0877
-2.7 -4.3 141.4242
-2.7 -4.2 125.6117
-2.7 -4.1 111.5482
-2.7 -4 99.1341
-2.7 -3.9 88.2722
-2.7 -3.8 78.8677
-2.7 -3.7 70.8282
-2.7 -3.6 64.0637
-2.7 -3.5 58.4866
-2.7 -3.4 54.0117
-2.7 -3.3 50.5562
-2.7 -3.2 48.0397
-2.7 -3.1 46.3842
-2.7 -3 45.5141
-2.7 -2.9 45.3562
-2.7 -2.8 45.8397
-2.7 -2.7 46.8962
-2.7 -2.6 48.4597
-2.7 -2.5 50.4666
-2.7 -2.4 52.8557
-2.7 -2.3 55.5682
-2.7 -2.2 58.5477
-2.7 -2.1 61.7402
-2.7 -2 65.0941
-2.7 -1.9 68.5602
-2.7 -1.8 72.0917
-2.7 -1.7 75.6442
-2.7 -1.6 79.1757
-2.7 -1.5 82.6466
-2.7 -1.4 86.0197
-2.7 -1.3 89.2602
-2.7 -1.2 92.3357
-2.7 -1.1 95.2162
-2.7 -1 97.8741
-2.7 -0.9 100.2842
-2.7 -0.8 102.4237
-2.7 -0.7 104.2722
-2.7 -0.6 105.8117
-2.7 -0.5 107.0266
-2.7 -0.4 107.9037
-2.7 -0.3 108.4322
-2.7 -0.2 108.6037
-2.7 -0.0999999999999996 108.4122
-2.7 0 107.8541
-2.7 0.0999999999999996 106.9282
-2.7 0.2 105.6357
-2.7 0.3 103.9802
-2.7 0.4 101.9677
-2.7 0.5 99.6066
-2.7 0.6 96.9077
-2.7 0.7 93.8842
-2.7 0.8 90.5517
-2.7 0.9 86.9282
-2.7 1 83.0341
-2.7 1.1 78.8922
-2.7 1.2 74.5277
-2.7 1.3 69.9682
-2.7 1.4 65.2437
-2.7 1.5 60.3866
-2.7 1.6 55.4317
-2.7 1.7 50.4162
-2.7 1.8 45.3797
-2.7 1.9 40.3642
-2.7 2 35.4141
-2.7 2.1 30.5762
-2.7 2.2 25.8997
-2.7 2.3 21.4362
-2.7 2.4 17.2397
-2.7 2.5 13.3666
-2.7 2.6 9.87570000000001
-2.7 2.7 6.82819999999999
-2.7 2.8 4.2877
-2.7 2.9 2.32019999999999
-2.7 3 0.994099999999999
-2.7 3.1 0.3802
-2.7 3.2 0.551699999999994
-2.7 3.3 1.58420000000001
-2.7 3.4 3.55570000000001
-2.7 3.5 6.5466
-2.7 3.6 10.6397
-2.7 3.7 15.9202
-2.7 3.8 22.4757000000001
-2.7 3.9 30.3962
-2.7 4 39.7741
-2.7 4.1 50.7042
-2.7 4.2 63.2836999999999
-2.7 4.3 77.6122000000001
-2.7 4.4 93.7917000000001
-2.7 4.5 111.9266
-2.7 4.6 132.1237
-2.7 4.7 154.4922
-2.7 4.8 179.1437
-2.7 4.9 206.1922
-2.7 5 235.7541

-2.6 -5 322.5376
-2.6 -4.9 291.1877
-2.6 -4.8 262.3552
-2.6 -4.7 235.9237
-2.6 -4.6 211.7792
-2.6 -4.5 189.8101
-2.6 -4.4 169.9072
-2.6 -4.3 151.9637
-2.6 -4.2 135.8752
-2.6 -4.1 121.5397
-2.6 -4 108.8576
-2.6 -3.9 97.7317
-2.6 -3.8 88.0672
-2.6 -3.7 79.7717
-2.6 -3.6 72.7552
-2.6 -3.5 66.9301
-2.6 -3.4 62.2112
-2.6 -3.3 58.5157
-2.6 -3.2 55.7632
-2.6 -3.1 53.8757
-2.6 -3 52.7776
-2.6 -2.9 52.3957
-2.6 -2.8 52.6592
-2.6 -2.7 53.4997
-2.6 -2.6 54.8512
-2.6 -2.5 56.6501
-2.6 -2.4 58.8352
-2.6 -2.3 61.3477
-2.6 -2.2 64.1312
-2.6 -2.1 67.1317
-2.6 -2 70.2976
-2.6 -1.9 73.5797
-2.6 -1.8 76.9312
-2.6 -1.7 80.3077
-2.6 -1.6 83.6672
-2.6 -1.5 86.9701
-2.6 -1.4 90.1792
-2.6 -1.3 93.2597
-2.6 -1.2 96.1792
-2.6 -1.1 98.9077
-2.6 -1 101.4176
-2.6 -0.9 103.6837
-2.6 -0.8 105.6832
-2.6 -0.7 107.3957
-2.6 -0.6 108.8032
-2.6 -0.5 109.8901
-2.6 -0.4 110.6432
-2.6 -0.3 111.0517
-2.6 -0.2 111.1072
-2.6 -0.0999999999999996 110.8037
-2.6 0 110.1376
-2.6 0.0999999999999996 109.1077
-2.6 0.2 107.7152
-2.6 0.3 105.9637
-2.6 0.4 103.8592
-2.6 0.5 101.4101
-2.6 0.6 98.6272
-2.6 0.7 95.5237
-2.6 0.8 92.1152
-2.6 0.9 88.4197
-2.6 1 84.4576
-2.6 1.1 80.2517
-2.6 1.2 75.8272
-2.6 1.3 71.2117
-2.6 1.4 66.4352
-2.6 1.5 61.5301
-2.6 1.6 56.5312
-2.6 1.7 51.4757
-2.6 1.8 46.4032
-2.6 1.9 41.3557
-2.6 2 36.3776
-2.6 2.1 31.5157
-2.6 2.2 26.8192
-2.6 2.3 22.3397
-2.6 2.4 18.1312
-2.6 2.5 14.2501
-2.6 2.6 10.7552
-2.6 2.7 7.70769999999999
-2.6 2.8 5.1712
-2.6 2.9 3.21169999999999
-2.6 3 1.8976
-2.6 3.1 1.2997
-2.6 3.2 1.49119999999999
-2.6 3.3 2.54770000000001
-2.6 3.4 4.54720000000001
-2.6 3.5 7.5701
-2.6 3.6 11.6992
-2.6 3.7 17.0197
-2.6 3.8 23.6192
-2.6 3.9 31.5877
-2.6 4 41.0176
-2.6 4.1 52.0037
-2.6 4.2 64.6431999999999
-2.6 4.3 79.0357000000001
-2.6 4.4 95.2832
-2.6 4.5 113.4901
-2.6 4.6 133.7632
-2.6 4.7 156.2117
-2.6 4.8 180.9472
-2.6 4.9 208.0837
-2.6 5 237.7376

-2.5 -5 335.3125
-2.5 -4.9 303.6626
-2.5 -4.8 274.5341
-2.5 -4.7 247.8106
-2.5 -4.6 223.3781
-2.5 -4.5 201.125
-2.5 -4.4 180.9421
-2.5 -4.3 162.7226
-2.5 -4.2 146.3621
-2.5 -4.1 131.7586
-2.5 -4 118.8125
-2.5 -3.9 107.4266
-2.5 -3.8 97.5061
-2.5 -3.7 88.9586
-2.5 -3.6 81.6941
-2.5 -3.5 75.625
-2.5 -3.4 70.6661
-2.5 -3.3 66.7346
-2.5 -3.2 63.7501
-2.5 -3.1 61.6346
-2.5 -3 60.3125
-2.5 -2.9 59.7106
-2.5 -2.8 59.7581
-2.5 -2.7 60.3866
-2.5 -2.6 61.5301
-2.5 -2.5 63.125
-2.5 -2.4 65.1101
-2.5 -2.3 67.4266
-2.5 -2.2 70.0181
-2.5 -2.1 72.8306
-2.5 -2 75.8125
-2.5 -1.9 78.9146
-2.5 -1.8 82.0901
-2.5 -1.7 85.2946
-2.5 -1.6 88.4861
-2.5 -1.5 91.625
-2.5 -1.4 94.6741
-2.5 -1.3 97.5986
-2.5 -1.2 100.3661
-2.5 -1.1 102.9466
-2.5 -1 105.3125
-2.5 -0.9 107.4386
-2.5 -0.8 109.3021
-2.5 -0.7 110.8826
-2.5 -0.6 112.1621
-2.5 -0.5 113.125
-2.5 -0.4 113.7581
-2.5 -0.3 114.0506
-2.5 -0.2 113.9941
-2.5 -0.0999999999999996 113.5826
-2.5 0 112.8125
-2.5 0.0999999999999996 111.6826
-2.5 0.2 110.1941
-2.5 0.3 108.3506
-2.5 0.4 106.1581
-2.5 0.5 103.625
-2.5 0.6 100.7621
-2.5 0.7 97.5826
-2.5 0.8 94.1021
-2.5 0.9 90.3386
-2.5 1 86.3125
-2.5 1.1 82.0466
-2.5 1.2 77.5661
-2.5 1.3 72.8986
-2.5 1.4 68.0741
-2.5 1.5 63.125
-2.5 1.6 58.0861
-2.5 1.7 52.9946
-2.5 1.8 47.8901
-2.5 1.9 42.8146
-2.5 2 37.8125
-2.5 2.1 32.9306
-2.5 2.2 28.2181
-2.5 2.3 23.7266
-2.5 2.4 19.5101
-2.5 2.5 15.625
-2.5 2.6 12.1301
-2.5 2.7 9.0866
-2.5 2.8 6.5581
-2.5 2.9 4.61059999999999
-2.5 3 3.3125
-2.5 3.1 2.7346
-2.5 3.2 2.95009999999999
-2.5 3.3 4.03460000000001
-2.5 3.4 6.06610000000001
-2.5 3.5 9.125
-2.5 3.6 13.2941
-2.5 3.7 18.6586
-2.5 3.8 25.3061
-2.5 3.9 33.3266
-2.5 4 42.8125
-2.5 4.1 53.8586
-2.5 4.2 66.5620999999999
-2.5 4.3 81.0226000000001
-2.5 4.4 97.3421000000001
-2.5 4.5 115.625
-2.5 4.6 135.9781
-2.5 4.7 158.5106
-2.5 4.8 183.3341
-2.5 4.9 210.5626
-2.5 5 240.3125

-2.4 -5 348.2176
-2.4 -4.9 316.2717
-2.4 -4.8 286.8512
-2.4 -4.7 259.8397
-2.4 -4.6 235.1232
-2.4 -4.5 212.5901
-2.4 -4.4 192.1312
-2.4 -4.3 173.6397
-2.4 -4.2 157.0112
-2.4 -4.1 142.1437
-2.4 -4 128.9376
-2.4 -3.9 117.2957
-2.4 -3.8 107.1232
-2.4 -3.7 98.3277
-2.4 -3.6 90.8192
-2.4 -3.5 84.5101
-2.4 -3.4 79.3152
-2.4 -3.3 75.1517
-2.4 -3.2 71.9392
-2.4 -3.1 69.5997
-2.4 -3 68.0576
-2.4 -2.9 67.2397
-2.4 -2.8 67.0752
-2.4 -2.7 67.4957
-2.4 -2.6 68.4352
-2.4 -2.5 69.8301
-2.4 -2.4 71.6192
-2.4 -2.3 73.7437
-2.4 -2.2 76.1472
-2.4 -2.1 78.7757
-2.4 -2 81.5776
-2.4 -1.9 84.5037
-2.4 -1.8 87.5072
-2.4 -1.7 90.5437
-2.4 -1.6 93.5712
-2.4 -1.5 96.5501
-2.4 -1.4 99.4432
-2.4 -1.3 102.2157
-2.4 -1.2 104.8352
-2.4 -1.1 107.2717
-2.4 -1 109.4976
-2.4 -0.9 111.4877
-2.4 -0.8 113.2192
-2.4 -0.7 114.6717
-2.4 -0.6 115.8272
-2.4 -0.5 116.6701
-2.4 -0.4 117.1872
-2.4 -0.3 117.3677
-2.4 -0.2 117.2032
-2.4 -0.0999999999999996 116.6877
-2.4 0 115.8176
-2.4 0.0999999999999996 114.5917
-2.4 0.2 113.0112
-2.4 0.3 111.0797
-2.4 0.4 108.8032
-2.4 0.5 106.1901
-2.4 0.6 103.2512
-2.4 0.7 99.9997
-2.4 0.8 96.4512
-2.4 0.9 92.6237
-2.4 1 88.5376
-2.4 1.1 84.2157
-2.4 1.2 79.6832
-2.4 1.3 74.9677
-2.4 1.4 70.0992
-2.4 1.5 65.1101
-2.4 1.6 60.0352
-2.4 1.7 54.9117
-2.4 1.8 49.7792
-2.4 1.9 44.6797
-2.4 2 39.6576
-2.4 2.1 34.7597
-2.4 2.2 30.0352
-2.4 2.3 25.5357
-2.4 2.4 21.3152
-2.4 2.5 17.4301
-2.4 2.6 13.9392
-2.4 2.7 10.9037
-2.4 2.8 8.38720000000001
-2.4 2.9 6.4557
-2.4 3 5.1776
-2.4 3.1 4.6237
-2.4 3.2 4.86719999999999
-2.4 3.3 5.98370000000001
-2.4 3.4 8.05120000000001
-2.4 3.5 11.1501
-2.4 3.6 15.3632
-2.4 3.7 20.7757
-2.4 3.8 27.4752
-2.4 3.9 35.5517
-2.4 4 45.0976
-2.4 4.1 56.2077
-2.4 4.2 68.9791999999999
-2.4 4.3 83.5117000000001
-2.4 4.4 99.9072000000001
-2.4 4.5 118.2701
-2.4 4.6 138.7072
-2.4 4.7 161.3277
-2.4 4.8 186.2432
-2.4 4.9 213.5677
-2.4 5 243.4176

-2.3 -5 361.1941
-2.3 -4.9 328.9562
-2.3 -4.8 299.2477
-2.3 -4.7 271.9522
-2.3 -4.6 246.9557
-2.3 -4.5 224.1466
-2.3 -4.4 203.4157
-2.3 -4.3 184.6562
-2.3 -4.2 167.7637
-2.3 -4.1 152.6362
-2.3 -4 139.1741
-2.3 -3.9 127.2802
-2.3 -3.8 116.8597
-2.3 -3.7 107.8202
-2.3 -3.6 100.0717
-2.3 -3.5 93.5266
-2.3 -3.4 88.0997
-2.3 -3.3 83.7082
-2.3 -3.2 80.2717
-2.3 -3.1 77.7122
-2.3 -3 75.9541
-2.3 -2.9 74.9242
-2.3 -2.8 74.5517
-2.3 -2.7 74.7682
-2.3 -2.6 75.5077
-2.3 -2.5 76.7066
-2.3 -2.4 78.3037
-2.3 -2.3 80.2402
-2.3 -2.2 82.4597
-2.3 -2.1 84.9082
-2.3 -2 87.5341
-2.3 -1.9 90.2882
-2.3 -1.8 93.1237
-2.3 -1.7 95.9962
-2.3 -1.6 98.8637
-2.3 -1.5 101.6866
-2.3 -1.4 104.4277
-2.3 -1.3 107.0522
-2.3 -1.2 109.5277
-2.3 -1.1 111.8242
-2.3 -1 113.9141
-2.3 -0.9 115.7722
-2.3 -0.8 117.3757
-2.3 -0.7 118.7042
-2.3 -0.6 119.7397
-2.3 -0.5 120.4666
-2.3 -0.4 120.8717
-2.3 -0.3 120.9442
-2.3 -0.2 120.6757
-2.3 -0.0999999999999996 120.0602
-2.3 0 119.0941
-2.3 0.0999999999999996 117.7762
-2.3 0.2 116.1077
-2.3 0.3 114.0922
-2.3 0.4 111.7357
-2.3 0.5 109.0466
-2.3 0.6 106.0357
-2.3 0.7 102.7162
-2.3 0.8 99.1037
-2.3 0.9 95.2162
-2.3 1 91.0741
-2.3 1.1 86.7002
-2.3 1.2 82.1197
-2.3 1.3 77.3602
-2.3 1.4 72.4517
-2.3 1.5 67.4266
-2.3 1.6 62.3197
-2.3 1.7 57.1682
-2.3 1.8 52.0117
-2.3 1.9 46.8922
-2.3 2 41.8541
-2.3 2.1 36.9442
-2.3 2.2 32.2117
-2.3 2.3 27.7082
-2.3 2.4 23.4877
-2.3 2.5 19.6066
-2.3 2.6 16.1237
-2.3 2.7 13.1002
-2.3 2.8 10.5997
-2.3 2.9 8.6882
-2.3 3 7.4341
-2.3 3.1 6.90820000000001
-2.3 3.2 7.1837
-2.3 3.3 8.33620000000001
-2.3 3.4 10.4437
-2.3 3.5 13.5866
-2.3 3.6 17.8477
-2.3 3.7 23.3121999999999
-2.3 3.8 30.0677
-2.3 3.9 38.2042
-2.3 4 47.8141
-2.3 4.1 58.9922
-2.3 4.2 71.8356999999999
-2.3 4.3 86.4442000000001
-2.3 4.4 102.9197
-2.3 4.5 121.3666
-2.3 4.6 141.8917
-2.3 4.7 164.6042
-2.3 4.8 189.6157
-2.3 4.9 217.0402
-2.3 5 246.9941

-2.2 -5 374.1856
-2.2 -4.9 341.6597
-2.2 -4.8 311.6672
-2.2 -4.7 284.0917
-2.2 -4.6 258.8192
-2.2 -4.5 235.7381
-2.2 -4.4 214.7392
-2.2 -4.3 195.7157
-2.2 -4.2 178.5632
-2.2 -4.1 163.1797
-2.2 -4 149.4656
-2.2 -3.9 137.3237
-2.2 -3.8 126.6592
-2.2 -3.7 117.3797
-2.2 -3.6 109.3952
-2.2 -3.5 102.6181
-2.2 -3.4 96.9632
-2.2 -3.3 92.3477
-2.2 -3.2 88.6912
-2.2 -3.1 85.9157
-2.2 -3 83.9456
-2.2 -2.9 82.7077
-2.2 -2.8 82.1312
-2.2 -2.7 82.1477
-2.2 -2.6 82.6912
-2.2 -2.5 83.6981
-2.2 -2.4 85.1072
-2.2 -2.3 86.8597
-2.2 -2.2 88.8992
-2.2 -2.1 91.1717
-2.2 -2 93.6256
-2.2 -1.9 96.2117
-2.2 -1.8 98.8832
-2.2 -1.7 101.5957
-2.2 -1.6 104.3072
-2.2 -1.5 106.9781
-2.2 -1.4 109.5712
-2.2 -1.3 112.0517
-2.2 -1.2 114.3872
-2.2 -1.1 116.5477
-2.2 -1 118.5056
-2.2 -0.9 120.2357
-2.2 -0.8 121.7152
-2.2 -0.7 122.9237
-2.2 -0.6 123.8432
-2.2 -0.5 124.4581
-2.2 -0.4 124.7552
-2.2 -0.3 124.7237
-2.2 -0.2 124.3552
-2.2 -0.0999999999999996 123.6437
-2.2 0 122.5856
-2.2 0.0999999999999996 121.1797
-2.2 0.2 119.4272
-2.2 0.3 117.3317
-2.2 0.4 114.8992
-2.2 0.5 112.1381
-2.2 0.6 109.0592
-2.2 0.7 105.6757
-2.2 0.8 102.0032
-2.2 0.9 98.0597
-2.2 1 93.8656
-2.2 1.1 89.4437
-2.2 1.2 84.8192
-2.2 1.3 80.0197
-2.2 1.4 75.0752
-2.2 1.5 70.0181
-2.2 1.6 64.8832
-2.2 1.7 59.7077
-2.2 1.8 54.5312
-2.2 1.9 49.3957
-2.2 2 44.3456
-2.2 2.1 39.4277
-2.2 2.2 34.6912
-2.2 2.3 30.1877
-2.2 2.4 25.9712
-2.2 2.5 22.0981
-2.2 2.6 18.6272
-2.2 2.7 15.6197
-2.2 2.8 13.1392
-2.2 2.9 11.2517
-2.2 3 10.0256
-2.2 3.1 9.5317
-2.2 3.2 9.8432
-2.2 3.3 11.0357
-2.2 3.4 13.1872
-2.2 3.5 16.3781
-2.2 3.6 20.6912
-2.2 3.7 26.2117
-2.2 3.8 33.0272000000001
-2.2 3.9 41.2277
-2.2 4 50.9056
-2.2 4.1 62.1557
-2.2 4.2 75.0751999999999
-2.2 4.3 89.7637000000001
-2.2 4.4 106.3232
-2.2 4.5 124.8581
-2.2 4.6 145.4752
-2.2 4.7 168.2837
-2.2 4.8 193.3952
-2.2 4.9 220.9237
-2.2 5 250.9856

-2.1 -5 387.1381
-2.1 -4.9 354.3282
-2.1 -4.8 324.0557
-2.1 -4.7 296.2042
-2.1 -4.6 270.6597
-2.1 -4.5 247.3106
-2.1 -4.4 226.0477
-2.1 -4.3 206.7642
-2.1 -4.2 189.3557
-2.1 -4.1 173.7202
-2.1 -4 159.7581
-2.1 -3.9 147.3722
-2.1 -3.8 136.4677
-2.1 -3.7 126.9522
-2.1 -3.6 118.7357
-2.1 -3.5 111.7306
-2.1 -3.4 105.8517
-2.1 -3.3 101.0162
-2.1 -3.2 97.1437
-2.1 -3.1 94.1562
-2.1 -3 91.9781
-2.1 -2.9 90.5362
-2.1 -2.8 89.7597
-2.1 -2.7 89.5802
-2.1 -2.6 89.9317
-2.1 -2.5 90.7506
-2.1 -2.4 91.9757
-2.1 -2.3 93.5482
-2.1 -2.2 95.4117
-2.1 -2.1 97.5122
-2.1 -2 99.7981
-2.1 -1.9 102.2202
-2.1 -1.8 104.7317
-2.1 -1.7 107.2882
-2.1 -1.6 109.8477
-2.1 -1.5 112.3706
-2.1 -1.4 114.8197
-2.1 -1.3 117.1602
-2.1 -1.2 119.3597
-2.1 -1.1 121.3882
-2.1 -1 123.2181
-2.1 -0.9 124.8242
-2.1 -0.8 126.1837
-2.1 -0.7 127.2762
-2.1 -0.6 128.0837
-2.1 -0.5 128.5906
-2.1 -0.4 128.7837
-2.1 -0.3 128.6522
-2.1 -0.2 128.1877
-2.1 -0.0999999999999996 127.3842
-2.1 0 126.2381
-2.1 0.0999999999999996 124.7482
-2.1 0.2 122.9157
-2.1 0.3 120.7442
-2.1 0.4 118.2397
-2.1 0.5 115.4106
-2.1 0.6 112.2677
-2.1 0.7 108.8242
-2.1 0.8 105.0957
-2.1 0.9 101.1002
-2.1 1 96.8581
-2.1 1.1 92.3922
-2.1 1.2 87.7277
-2.1 1.3 82.8922
-2.1 1.4 77.9157
-2.1 1.5 72.8306
-2.1 1.6 67.6717
-2.1 1.7 62.4762
-2.1 1.8 57.2837
-2.1 1.9 52.1362
-2.1 2 47.0781
-2.1 2.1 42.1562
-2.1 2.2 37.4197
-2.1 2.3 32.9202
-2.1 2.4 28.7117
-2.1 2.5 24.8506
-2.1 2.6 21.3957
-2.1 2.7 18.4082
-2.1 2.8 15.9517
-2.1 2.9 14.0922
-2.1 3 12.8981
-2.1 3.1 12.4402
-2.1 3.2 12.7917
-2.1 3.3 14.0282
-2.1 3.4 16.2277
-2.1 3.5 19.4706
-2.1 3.6 23.8397
-2.1 3.7 29.4202
-2.1 3.8 36.2997000000001
-2.1 3.9 44.5682
-2.1 4 54.3181
-2.1 4.1 65.6442
-2.1 4.2 78.6436999999999
-2.1 4.3 93.4162000000001
-2.1 4.4 110.0637
-2.1 4.5 128.6906
-2.1 4.6 149.4037
-2.1 4.7 172.3122
-2.1 4.8 197.5277
-2.1 4.9 225.1642
-2.1 5 255.3381

-2 -5 400
-2 -4.9 366.9101
-2 -4.8 336.3616
-2 -4.7 308.2381
-2 -4.6 282.4256
-2 -4.5 258.8125
-2 -4.4 237.2896
-2 -4.3 217.7501
-2 -4.2 200.0896
-2 -4.1 184.2061
-2 -4 170
-2 -3.9 157.3741
-2 -3.8 146.2336
-2 -3.7 136.4861
-2 -3.6 128.0416
-2 -3.5 120.8125
-2 -3.4 114.7136
-2 -3.3 109.6621
-2 -3.2 105.5776
-2 -3.1 102.3821
-2 -3 100
-2 -2.9 98.3581
-2 -2.8 97.3856
-2 -2.7 97.0141
-2 -2.6 97.1776
-2 -2.5 97.8125
-2 -2.4 98.8576
-2 -2.3 100.2541
-2 -2.2 101.9456
-2 -2.1 103.8781
-2 -2 106
-2 -1.9 108.2621
-2 -1.8 110.6176
-2 -1.7 113.0221
-2 -1.6 115.4336
-2 -1.5 117.8125
-2 -1.4 120.1216
-2 -1.3 122.3261
-2 -1.2 124.3936
-2 -1.1 126.2941
-2 -1 128
-2 -0.9 129.4861
-2 -0.8 130.7296
-2 -0.7 131.7101
-2 -0.6 132.4096
-2 -0.5 132.8125
-2 -0.4 132.9056
-2 -0.3 132.6781
-2 -0.2 132.1216
-2 -0.0999999999999996 131.2301
-2 0 130
-2 0.0999999999999996 128.4301
-2 0.2 126.5216
-2 0.3 124.2781
-2 0.4 121.7056
-2 0.5 118.8125
-2 0.6 115.6096
-2 0.7 112.1101
-2 0.8 108.3296
-2 0.9 104.2861
-2 1 100
-2 1.1 95.4941
-2 1.2 90.7936
-2 1.3 85.9261
-2 1.4 80.9216
-2 1.5 75.8125
-2 1.6 70.6336
-2 1.7 65.4221
-2 1.8 60.2176
-2 1.9 55.0621
-2 2 50
-2 2.1 45.0781
-2 2.2 40.3456
-2 2.3 35.8541
-2 2.4 31.6576
-2 2.5 27.8125
-2 2.6 24.3776
-2 2.7 21.4141
-2 2.8 18.9856
-2 2.9 17.1581
-2 3 16
-2 3.1 15.5821
-2 3.2 15.9776
-2 3.3 17.2621
-2 3.4 19.5136
-2 3.5 22.8125
-2 3.6 27.2416
-2 3.7 32.8860999999999
-2 3.8 39.8336
-2 3.9 48.1741
-2 4 58
-2 4.1 69.4061
-2 4.2 82.4895999999999
-2 4.3 97.3501000000001
-2 4.4 114.0896
-2 4.5 132.8125
-2 4.6 153.6256
-2 4.7 176.6381
-2 4.8 201.9616
-2 4.9 229.7101
-2 5 260

-1.9 -5 412.7221
-1.9 -4.9 379.3562
-1.9 -4.8 348.5357
-1.9 -4.7 320.1442
-1.9 -4.6 294.0677
-1.9 -4.5 270.1946
-1.9 -4.4 248.4157
-1.9 -4.3 228.6242
-1.9 -4.2 210.7157
-1.9 -4.1 194.5882
-1.9 -4 180.1421
-1.9 -3.9 167.2802
-1.9 -3.8 155.9077
-1.9 -3.7 145.9322
-1.9 -3.6 137.2637
-1.9 -3.5 129.8146
-1.9 -3.4 123.4997
-1.9 -3.3 118.2362
-1.9 -3.2 113.9437
-1.9 -3.1 110.5442
-1.9 -3 107.9621
-1.9 -2.9 106.1242
-1.9 -2.8 104.9597
-1.9 -2.7 104.4002
-1.9 -2.6 104.3797
-1.9 -2.5 104.8346
-1.9 -2.4 105.7037
-1.9 -2.3 106.9282
-1.9 -2.2 108.4517
-1.9 -2.1 110.2202
-1.9 -2 112.1821
-1.9 -1.9 114.2882
-1.9 -1.8 116.4917
-1.9 -1.7 118.7482
-1.9 -1.6 121.0157
-1.9 -1.5 123.2546
-1.9 -1.4 125.4277
-1.9 -1.3 127.5002
-1.9 -1.2 129.4397
-1.9 -1.1 131.2162
-1.9 -1 132.8021
-1.9 -0.9 134.1722
-1.9 -0.8 135.3037
-1.9 -0.7 136.1762
-1.9 -0.6 136.7717
-1.9 -0.5 137.0746
-1.9 -0.4 137.0717
-1.9 -0.3 136.7522
-1.9 -0.2 136.1077
-1.9 -0.0999999999999996 135.1322
-1.9 0 133.8221
-1.9 0.0999999999999996 132.1762
-1.9 0.2 130.1957
-1.9 0.3 127.8842
-1.9 0.4 125.2477
-1.9 0.5 122.2946
-1.9 0.6 119.0357
-1.9 0.7 115.4842
-1.9 0.8 111.6557
-1.9 0.9 107.5682
-1.9 1 103.2421
-1.9 1.1 98.7002
-1.9 1.2 93.9677
-1.9 1.3 89.0722
-1.9 1.4 84.0437
-1.9 1.5 78.9146
-1.9 1.6 73.7197
-1.9 1.7 68.4962
-1.9 1.8 63.2837
-1.9 1.9 58.1242
-1.9 2 53.0621
-1.9 2.1 48.1442
-1.9 2.2 43.4197
-1.9 2.3 38.9402
-1.9 2.4 34.7597
-1.9 2.5 30.9346
-1.9 2.6 27.5237
-1.9 2.7 24.5882
-1.9 2.8 22.1917
-1.9 2.9 20.4002
-1.9 3 19.2821
-1.9 3.1 18.9082
-1.9 3.2 19.3517
-1.9 3.3 20.6882
-1.9 3.4 22.9957
-1.9 3.5 26.3546
-1.9 3.6 30.8477
-1.9 3.7 36.5602
-1.9 3.8 43.5797000000001
-1.9 3.9 51.9962
-1.9 4 61.9021
-1.9 4.1 73.3922
-1.9 4.2 86.5636999999999
-1.9 4.3 101.5162
-1.9 4.4 118.3517
-1.9 4.5 137.1746
-1.9 4.6 158.0917
-1.9 4.7 181.2122
-1.9 4.8 206.6477
-1.9 4.9 234.5122
-1.9 5 264.9221

-1.8 -5 425.2576
-1.8 -4.9 391.6197
-1.8 -4.8 360.5312
-1.8 -4.7 331.8757
-1.8 -4.6 305.5392
-1.8 -4.5 281.4101
-1.8 -4.4 259.3792
-1.8 -4.3 239.3397
-1.8 -4.2 221.1872
-1.8 -4.1 204.8197
-1.8 -4 190.1376
-1.8 -3.9 177.0437
-1.8 -3.8 165.4432
-1.8 -3.7 155.2437
-1.8 -3.6 146.3552
-1.8 -3.5 138.6901
-1.8 -3.4 132.1632
-1.8 -3.3 126.6917
-1.8 -3.2 122.1952
-1.8 -3.1 118.5957
-1.8 -3 115.8176
-1.8 -2.9 113.7877
-1.8 -2.8 112.4352
-1.8 -2.7 111.6917
-1.8 -2.6 111.4912
-1.8 -2.5 111.7701
-1.8 -2.4 112.4672
-1.8 -2.3 113.5237
-1.8 -2.2 114.8832
-1.8 -2.1 116.4917
-1.8 -2 118.2976
-1.8 -1.9 120.2517
-1.8 -1.8 122.3072
-1.8 -1.7 124.4197
-1.8 -1.6 126.5472
-1.8 -1.5 128.6501
-1.8 -1.4 130.6912
-1.8 -1.3 132.6357
-1.8 -1.2 134.4512
-1.8 -1.1 136.1077
-1.8 -1 137.5776
-1.8 -0.9 138.8357
-1.8 -0.8 139.8592
-1.8 -0.7 140.6277
-1.8 -0.6 141.1232
-1.8 -0.5 141.3301
-1.8 -0.4 141.2352
-1.8 -0.3 140.8277
-1.8 -0.2 140.0992
-1.8 -0.0999999999999996 139.0437
-1.8 0 137.6576
-1.8 0.0999999999999996 135.9397
-1.8 0.2 133.8912
-1.8 0.3 131.5157
-1.8 0.4 128.8192
-1.8 0.5 125.8101
-1.8 0.6 122.4992
-1.8 0.7 118.8997
-1.8 0.8 115.0272
-1.8 0.9 110.8997
-1.8 1 106.5376
-1.8 1.1 101.9637
-1.8 1.2 97.2032
-1.8 1.3 92.2837
-1.8 1.4 87.2352
-1.8 1.5 82.0901
-1.8 1.6 76.8832
-1.8 1.7 71.6517
-1.8 1.8 66.4352
-1.8 1.9 61.2757
-1.8 2 56.2176
-1.8 2.1 51.3077
-1.8 2.2 46.5952
-1.8 2.3 42.1317
-1.8 2.4 37.9712
-1.8 2.5 34.1701
-1.8 2.6 30.7872
-1.8 2.7 27.8837
-1.8 2.8 25.5232
-1.8 2.9 23.7717
-1.8 3 22.6976
-1.8 3.1 22.3717
-1.8 3.2 22.8672
-1.8 3.3 24.2597
-1.8 3.4 26.6272
-1.8 3.5 30.0501
-1.8 3.6 34.6112
-1.8 3.7 40.3956999999999
-1.8 3.8 47.4912
-1.8 3.9 55.9877
-1.8 4 65.9776
-1.8 4.1 77.5557
-1.8 4.2 90.8191999999999
-1.8 4.3 105.8677
-1.8 4.4 122.8032
-1.8 4.5 141.7301
-1.8 4.6 162.7552
-1.8 4.7 185.9877
-1.8 4.8 211.5392
-1.8 4.9 239.5237
-1.8 5 270.0576

-1.7 -5 437.5621
-1.7 -4.9 403.6562
-1.7 -4.8 372.3037
-1.7 -4.7 343.3882
-1.7 -4.6 316.7957
-1.7 -4.5 292.4146
-1.7 -4.4 270.1357
-1.7 -4.3 249.8522
-1.7 -4.2 231.4597
-1.7 -4.1 214.8562
-1.7 -4 199.9421
-1.7 -3.9 186.6202
-1.7 -3.8 174.7957
-1.7 -3.7 164.3762
-1.7 -3.6 155.2717
-1.7 -3.5 147.3946
-1.7 -3.4 140.6597
-1.7 -3.3 134.9842
-1.7 -3.2 130.2877
-1.7 -3.1 126.4922
-1.7 -3 123.5221
-1.7 -2.9 121.3042
-1.7 -2.8 119.7677
-1.7 -2.7 118.8442
-1.7 -2.6 118.4677
-1.7 -2.5 118.5746
-1.7 -2.4 119.1037
-1.7 -2.3 119.9962
-1.7 -2.2 121.1957
-1.7 -2.1 122.6482
-1.7 -2 124.3021
-1.7 -1.9 126.1082
-1.7 -1.8 128.0197
-1.7 -1.7 129.9922
-1.7 -1.6 131.9837
-1.7 -1.5 133.9546
-1.7 -1.4 135.8677
-1.7 -1.3 137.6882
-1.7 -1.2 139.3837
-1.7 -1.1 140.9242
-1.7 -1 142.2821
-1.7 -0.9 143.4322
-1.7 -0.8 144.3517
-1.7 -0.7 145.0202
-1.7 -0.6 145.4197
-1.7 -0.5 145.5346
-1.7 -0.4 145.3517
-1.7 -0.3 144.8602
-1.7 -0.2 144.0517
-1.7 -0.0999999999999996 142.9202
-1.7 0 141.4621
-1.7 0.0999999999999996 139.6762
-1.7 0.2 137.5637
-1.7 0.3 135.1282
-1.7 0.4 132.3757
-1.7 0.5 129.3146
-1.7 0.6 125.9557
-1.7 0.7 122.3122
-1.7 0.8 118.3997
-1.7 0.9 114.2362
-1.7 1 109.8421
-1.7 1.1 105.2402
-1.7 1.2 100.4557
-1.7 1.3 95.5162
-1.7 1.4 90.4517
-1.7 1.5 85.2946
-1.7 1.6 80.0797
-1.7 1.7 74.8442
-1.7 1.8 69.6277
-1.7 1.9 64.4722
-1.7 2 59.4221
-1.7 2.1 54.5242
-1.7 2.2 49.8277
-1.7 2.3 45.3842
-1.7 2.4 41.2477
-1.7 2.5 37.4746
-1.7 2.6 34.1237
-1.7 2.7 31.2562
-1.7 2.8 28.9357
-1.7 2.9 27.2282
-1.7 3 26.2021
-1.7 3.1 25.9282
-1.7 3.2 26.4797
-1.7 3.3 27.9322
-1.7 3.4 30.3637
-1.7 3.5 33.8546
-1.7 3.6 38.4877
-1.7 3.7 44.3481999999999
-1.7 3.8 51.5237000000001
-1.7 3.9 60.1042
-1.7 4 70.1821
-1.7 4.1 81.8522
-1.7 4.2 95.2116999999999
-1.7 4.3 110.3602
-1.7 4.4 127.3997
-1.7 4.5 146.4346
-1.7 4.6 167.5717
-1.7 4.7 190.9202
-1.7 4.8 216.5917
-1.7 4.9 244.7002
-1.7 5 275.3621

-1.6 -5 449.5936
-1.6 -4.9 415.4237
-1.6 -4.8 383.8112
-1.6 -4.7 354.6397
-1.6 -4.6 327.7952
-1.6 -4.5 303.1661
-1.6 -4.4 280.6432
-1.6 -4.3 260.1197
-1.6 -4.2 241.4912
-1.6 -4.1 224.6557
-1.6 -4 209.5136
-1.6 -3.9 195.9677
-1.6 -3.8 183.9232
-1.6 -3.7 173.2877
-1.6 -3.6 163.9712
-1.6 -3.5 155.8861
-1.6 -3.4 148.9472
-1.6 -3.3 143.0717
-1.6 -3.2 138.1792
-1.6 -3.1 134.1917
-1.6 -3 131.0336
-1.6 -2.9 128.6317
-1.6 -2.8 126.9152
-1.6 -2.7 125.8157
-1.6 -2.6 125.2672
-1.6 -2.5 125.2061
-1.6 -2.4 125.5712
-1.6 -2.3 126.3037
-1.6 -2.2 127.3472
-1.6 -2.1 128.6477
-1.6 -2 130.1536
-1.6 -1.9 131.8157
-1.6 -1.8 133.5872
-1.6 -1.7 135.4237
-1.6 -1.6 137.2832
-1.6 -1.5 139.1261
-1.6 -1.4 140.9152
-1.6 -1.3 142.6157
-1.6 -1.2 144.1952
-1.6 -1.1 145.6237
-1.6 -1 146.8736
-1.6 -0.9 147.9197
-1.6 -0.8 148.7392
-1.6 -0.7 149.3117
-1.6 -0.6 149.6192
-1.6 -0.5 149.6461
-1.6 -0.4 149.3792
-1.6 -0.3 148.8077
-1.6 -0.2 147.9232
-1.6 -0.0999999999999996 146.7197
-1.6 0 145.1936
-1.6 0.0999999999999996 143.3437
-1.6 0.2 141.1712
-1.6 0.3 138.6797
-1.6 0.4 135.8752
-1.6 0.5 132.7661
-1.6 0.6 129.3632
-1.6 0.7 125.6797
-1.6 0.8 121.7312
-1.6 0.9 117.5357
-1.6 1 113.1136
-1.6 1.1 108.4877
-1.6 1.2 103.6832
-1.6 1.3 98.7277
-1.6 1.4 93.6512
-1.6 1.5 88.4861
-1.6 1.6 83.2672
-1.6 1.7 78.0317
-1.6 1.8 72.8192
-1.6 1.9 67.6717
-1.6 2 62.6336
-1.6 2.1 57.7517
-1.6 2.2 53.0752
-1.6 2.3 48.6557
-1.6 2.4 44.5472
-1.6 2.5 40.8061
-1.6 2.6 37.4912
-1.6 2.7 34.6637
-1.6 2.8 32.3872
-1.6 2.9 30.7277
-1.6 3 29.7536
-1.6 3.1 29.5357
-1.6 3.2 30.1472
-1.6 3.3 31.6637
-1.6 3.4 34.1632
-1.6 3.5 37.7261
-1.6 3.6 42.4352
-1.6 3.7 48.3756999999999
-1.6 3.8 55.6352
-1.6 3.9 64.3037
-1.6 4 74.4736
-1.6 4.1 86.2397
-1.6 4.2 99.6991999999998
-1.6 4.3 114.9517
-1.6 4.4 132.0992
-1.6 4.5 151.2461
-1.6 4.6 172.4992
-1.6 4.7 195.9677
-1.6 4.8 221.7632
-1.6 4.9 249.9997
-1.6 5 280.7936

-1.5 -5 461.3125
-1.5 -4.9 426.8826
-1.5 -4.8 395.0141
-1.5 -4.7 365.5906
-1.5 -4.6 338.4981
-1.5 -4.5 313.625
-1.5 -4.4 290.8621
-1.5 -4.3 270.1026
-1.5 -4.2 251.2421
-1.5 -4.1 234.1786
-1.5 -4 218.8125
-1.5 -3.9 205.0466
-1.5 -3.8 192.7861
-1.5 -3.7 181.9386
-1.5 -3.6 172.4141
-1.5 -3.5 164.125
-1.5 -3.4 156.9861
-1.5 -3.3 150.9146
-1.5 -3.2 145.8301
-1.5 -3.1 141.6546
-1.5 -3 138.3125
-1.5 -2.9 135.7306
-1.5 -2.8 133.8381
-1.5 -2.7 132.5666
-1.5 -2.6 131.8501
-1.5 -2.5 131.625
-1.5 -2.4 131.8301
-1.5 -2.3 132.4066
-1.5 -2.2 133.2981
-1.5 -2.1 134.4506
-1.5 -2 135.8125
-1.5 -1.9 137.3346
-1.5 -1.8 138.9701
-1.5 -1.7 140.6746
-1.5 -1.6 142.4061
-1.5 -1.5 144.125
-1.5 -1.4 145.7941
-1.5 -1.3 147.3786
-1.5 -1.2 148.8461
-1.5 -1.1 150.1666
-1.5 -1 151.3125
-1.5 -0.9 152.2586
-1.5 -0.8 152.9821
-1.5 -0.7 153.4626
-1.5 -0.6 153.6821
-1.5 -0.5 153.625
-1.5 -0.4 153.2781
-1.5 -0.3 152.6306
-1.5 -0.2 151.6741
-1.5 -0.0999999999999996 150.4026
-1.5 0 148.8125
-1.5 0.0999999999999996 146.9026
-1.5 0.2 144.6741
-1.5 0.3 142.1306
-1.5 0.4 139.2781
-1.5 0.5 136.125
-1.5 0.6 132.6821
-1.5 0.7 128.9626
-1.5 0.8 124.9821
-1.5 0.9 120.7586
-1.5 1 116.3125
-1.5 1.1 111.6666
-1.5 1.2 106.8461
-1.5 1.3 101.8786
-1.5 1.4 96.7941
-1.5 1.5 91.625
-1.5 1.6 86.4061
-1.5 1.7 81.1746
-1.5 1.8 75.9701
-1.5 1.9 70.8346
-1.5 2 65.8125
-1.5 2.1 60.9506
-1.5 2.2 56.2981
-1.5 2.3 51.9066
-1.5 2.4 47.8301
-1.5 2.5 44.125
-1.5 2.6 40.8501
-1.5 2.7 38.0666
-1.5 2.8 35.8381
-1.5 2.9 34.2306
-1.5 3 33.3125
-1.5 3.1 33.1546
-1.5 3.2 33.8301
-1.5 3.3 35.4146
-1.5 3.4 37.9861
-1.5 3.5 41.625
-1.5 3.6 46.4141
-1.5 3.7 52.4386
-1.5 3.8 59.7861
-1.5 3.9 68.5466
-1.5 4 78.8125
-1.5 4.1 90.6786
-1.5 4.2 104.2421
-1.5 4.3 119.6026
-1.5 4.4 136.8621
-1.5 4.5 156.125
-1.5 4.6 177.4981
-1.5 4.7 201.0906
-1.5 4.8 227.0141
-1.5 4.9 255.3826
-1.5 5 286.3125

-1.4 -5 472.6816
-1.4 -4.9 437.9957
-1.4 -4.8 405.8752
-1.4 -4.7 376.2037
-1.4 -4.6 348.8672
-1.4 -4.5 323.7541
-1.4 -4.4 300.7552
-1.4 -4.3 279.7637
-1.4 -4.2 260.6752
-1.4 -4.1 243.3877
-1.4 -4 227.8016
-1.4 -3.9 213.8197
-1.4 -3.8 201.3472
-1.4 -3.7 190.2917
-1.4 -3.6 180.5632
-1.4 -3.5 172.0741
-1.4 -3.4 164.7392
-1.4 -3.3 158.4757
-1.4 -3.2 153.2032
-1.4 -3.1 148.8437
-1.4 -3 145.3216
-1.4 -2.9 142.5637
-1.4 -2.8 140.4992
-1.4 -2.7 139.0597
-1.4 -2.6 138.1792
-1.4 -2.5 137.7941
-1.4 -2.4 137.8432
-1.4 -2.3 138.2677
-1.4 -2.2 139.0112
-1.4 -2.1 140.0197
-1.4 -2 141.2416
-1.4 -1.9 142.6277
-1.4 -1.8 144.1312
-1.4 -1.7 145.7077
-1.4 -1.6 147.3152
-1.4 -1.5 148.9141
-1.4 -1.4 150.4672
-1.4 -1.3 151.9397
-1.4 -1.2 153.2992
-1.4 -1.1 154.5157
-1.4 -1 155.5616
-1.4 -0.9 156.4117
-1.4 -0.8 157.0432
-1.4 -0.7 157.4357
-1.4 -0.6 157.5712
-1.4 -0.5 157.4341
-1.4 -0.4 157.0112
-1.4 -0.3 156.2917
-1.4 -0.2 155.2672
-1.4 -0.0999999999999996 153.9317
-1.4 0 152.2816
-1.4 0.0999999999999996 150.3157
-1.4 0.2 148.0352
-1.4 0.3 145.4437
-1.4 0.4 142.5472
-1.4 0.5 139.3541
-1.4 0.6 135.8752
-1.4 0.7 132.1237
-1.4 0.8 128.1152
-1.4 0.9 123.8677
-1.4 1 119.4016
-1.4 1.1 114.7397
-1.4 1.2 109.9072
-1.4 1.3 104.9317
-1.4 1.4 99.8432
-1.4 1.5 94.6741
-1.4 1.6 89.4592
-1.4 1.7 84.2357
-1.4 1.8 79.0432
-1.4 1.9 73.9237
-1.4 2 68.9216
-1.4 2.1 64.0837
-1.4 2.2 59.4592
-1.4 2.3 55.0997
-1.4 2.4 51.0592
-1.4 2.5 47.3941
-1.4 2.6 44.1632
-1.4 2.7 41.4277
-1.4 2.8 39.2512
-1.4 2.9 37.6997
-1.4 3 36.8416
-1.4 3.1 36.7477
-1.4 3.2 37.4912
-1.4 3.3 39.1477
-1.4 3.4 41.7952
-1.4 3.5 45.5141
-1.4 3.6 50.3872
-1.4 3.7 56.4996999999999
-1.4 3.8 63.9392
-1.4 3.9 72.7957
-1.4 4 83.1616
-1.4 4.1 95.1317
-1.4 4.2 108.8032
-1.4 4.3 124.2757
-1.4 4.4 141.6512
-1.4 4.5 161.0341
-1.4 4.6 182.5312
-1.4 4.7 206.2517
-1.4 4.8 232.3072
-1.4 4.9 260.8117
-1.4 5 291.8816

-1.3 -5 483.6661
-1.3 -4.9 448.7282
-1.3 -4.8 416.3597
-1.3 -4.7 386.4442
-1.3 -4.6 358.8677
-1.3 -4.5 333.5186
-1.3 -4.4 310.2877
-1.3 -4.3 289.0682
-1.3 -4.2 269.7557
-1.3 -4.1 252.2482
-1.3 -4 236.4461
-1.3 -3.9 222.2522
-1.3 -3.8 209.5717
-1.3 -3.7 198.3122
-1.3 -3.6 188.3837
-1.3 -3.5 179.6986
-1.3 -3.4 172.1717
-1.3 -3.3 165.7202
-1.3 -3.2 160.2637
-1.3 -3.1 155.7242
-1.3 -3 152.0261
-1.3 -2.9 149.0962
-1.3 -2.8 146.8637
-1.3 -2.7 145.2602
-1.3 -2.6 144.2197
-1.3 -2.5 143.6786
-1.3 -2.4 143.5757
-1.3 -2.3 143.8522
-1.3 -2.2 144.4517
-1.3 -2.1 145.3202
-1.3 -2 146.4061
-1.3 -1.9 147.6602
-1.3 -1.8 149.0357
-1.3 -1.7 150.4882
-1.3 -1.6 151.9757
-1.3 -1.5 153.4586
-1.3 -1.4 154.8997
-1.3 -1.3 156.2642
-1.3 -1.2 157.5197
-1.3 -1.1 158.6362
-1.3 -1 159.5861
-1.3 -0.9 160.3442
-1.3 -0.8 160.8877
-1.3 -0.7 161.1962
-1.3 -0.6 161.2517
-1.3 -0.5 161.0386
-1.3 -0.4 160.5437
-1.3 -0.3 159.7562
-1.3 -0.2 158.6677
-1.3 -0.0999999999999996 157.2722
-1.3 0 155.5661
-1.3 0.0999999999999996 153.5482
-1.3 0.2 151.2197
-1.3 0.3 148.5842
-1.3 0.4 145.6477
-1.3 0.5 142.4186
-1.3 0.6 138.9077
-1.3 0.7 135.1282
-1.3 0.8 131.0957
-1.3 0.9 126.8282
-1.3 1 122.3461
-1.3 1.1 117.6722
-1.3 1.2 112.8317
-1.3 1.3 107.8522
-1.3 1.4 102.7637
-1.3 1.5 97.5986
-1.3 1.6 92.3917
-1.3 1.7 87.1802
-1.3 1.8 82.0037
-1.3 1.9 76.9042
-1.3 2 71.9261
-1.3 2.1 67.1162
-1.3 2.2 62.5237
-1.3 2.3 58.2002
-1.3 2.4 54.1997
-1.3 2.5 50.5786
-1.3 2.6 47.3957
-1.3 2.7 44.7122
-1.3 2.8 42.5917
-1.3 2.9 41.1002
-1.3 3 40.3061
-1.3 3.1 40.2802
-1.3 3.2 41.0957
-1.3 3.3 42.8282
-1.3 3.4 45.5557
-1.3 3.5 49.3586
-1.3 3.6 54.3197
-1.3 3.7 60.5241999999999
-1.3 3.8 68.0597
-1.3 3.9 77.0162000000001
-1.3 4 87.4861
-1.3 4.1 99.5642
-1.3 4.2 113.3477
-1.3 4.3 128.9362
-1.3 4.4 146.4317
-1.3 4.5 165.9386
-1.3 4.6 187.5637
-1.3 4.7 211.4162
-1.3 4.8 237.6077
-1.3 4.9 266.2522
-1.3 5 297.4661

-1.2 -5 494.2336
-1.2 -4.9 459.0477
-1.2 -4.8 426.4352
-1.2 -4.7 396.2797
-1.2 -4.6 368.4672
-1.2 -4.5 342.8861
-1.2 -4.4 319.4272
-1.2 -4.3 297.9837
-1.2 -4.2 278.4512
-1.2 -4.1 260.7277
-1.2 -4 244.7136
-1.2 -3.9 230.3117
-1.2 -3.8 217.4272
-1.2 -3.7 205.9677
-1.2 -3.6 195.8432
-1.2 -3.5 186.9661
-1.2 -3.4 179.2512
-1.2 -3.3 172.6157
-1.2 -3.2 166.9792
-1.2 -3.1 162.2637
-1.2 -3 158.3936
-1.2 -2.9 155.2957
-1.2 -2.8 152.8992
-1.2 -2.7 151.1357
-1.2 -2.6 149.9392
-1.2 -2.5 149.2461
-1.2 -2.4 148.9952
-1.2 -2.3 149.1277
-1.2 -2.2 149.5872
-1.2 -2.1 150.3197
-1.2 -2 151.2736
-1.2 -1.9 152.3997
-1.2 -1.8 153.6512
-1.2 -1.7 154.9837
-1.2 -1.6 156.3552
-1.2 -1.5 157.7261
-1.2 -1.4 159.0592
-1.2 -1.3 160.3197
-1.2 -1.2 161.4752
-1.2 -1.1 162.4957
-1.2 -1 163.3536
-1.2 -0.9 164.0237
-1.2 -0.8 164.4832
-1.2 -0.7 164.7117
-1.2 -0.6 164.6912
-1.2 -0.5 164.4061
-1.2 -0.4 163.8432
-1.2 -0.3 162.9917
-1.2 -0.2 161.8432
-1.2 -0.0999999999999996 160.3917
-1.2 0 158.6336
-1.2 0.0999999999999996 156.5677
-1.2 0.2 154.1952
-1.2 0.3 151.5197
-1.2 0.4 148.5472
-1.2 0.5 145.2861
-1.2 0.6 141.7472
-1.2 0.7 137.9437
-1.2 0.8 133.8912
-1.2 0.9 129.6077
-1.2 1 125.1136
-1.2 1.1 120.4317
-1.2 1.2 115.5872
-1.2 1.3 110.6077
-1.2 1.4 105.5232
-1.2 1.5 100.3661
-1.2 1.6 95.1712
-1.2 1.7 89.9757
-1.2 1.8 84.8192
-1.2 1.9 79.7437
-1.2 2 74.7936
-1.2 2.1 70.0157
-1.2 2.2 65.4592
-1.2 2.3 61.1757
-1.2 2.4 57.2192
-1.2 2.5 53.6461
-1.2 2.6 50.5152
-1.2 2.7 47.8877
-1.2 2.8 45.8272
-1.2 2.9 44.3997
-1.2 3 43.6736
-1.2 3.1 43.7197
-1.2 3.2 44.6112
-1.2 3.3 46.4237
-1.2 3.4 49.2352
-1.2 3.5 53.1261
-1.2 3.6 58.1792
-1.2 3.7 64.4797
-1.2 3.8 72.1152
-1.2 3.9 81.1757
-1.2 4 91.7536
-1.2 4.1 103.9437
-1.2 4.2 117.8432
-1.2 4.3 133.5517
-1.2 4.4 151.1712
-1.2 4.5 170.8061
-1.2 4.6 192.5632
-1.2 4.7 216.5517
-1.2 4.8 242.8832
-1.2 4.9 271.6717
-1.2 5 303.0336

-1.1 -5 504.3541
-1.1 -4.9 468.9242
-1.1 -4.8 436.0717
-1.1 -4.7 405.6802
-1.1 -4.6 377.6357
-1.1 -4.5 351.8266
-1.1 -4.4 328.1437
-1.1 -4.3 306.4802
-1.1 -4.2 286.7317
-1.1 -4.1 268.7962
-1.1 -4 252.5741
-1.1 -3.9 237.9682
-1.1 -3.8 224.8837
-1.1 -3.7 213.2282
-1.1 -3.6 202.9117
-1.1 -3.5 193.8466
-1.1 -3.4 185.9477
-1.1 -3.3 179.1322
-1.1 -3.2 173.3197
-1.1 -3.1 168.4322
-1.1 -3 164.3941
-1.1 -2.9 161.1322
-1.1 -2.8 158.5757
-1.1 -2.7 156.6562
-1.1 -2.6 155.3077
-1.1 -2.5 154.4666
-1.1 -2.4 154.0717
-1.1 -2.3 154.0642
-1.1 -2.2 154.3877
-1.1 -2.1 154.9882
-1.1 -2 155.8141
-1.1 -1.9 156.8162
-1.1 -1.8 157.9477
-1.1 -1.7 159.1642
-1.1 -1.6 160.4237
-1.1 -1.5 161.6866
-1.1 -1.4 162.9157
-1.1 -1.3 164.0762
-1.1 -1.2 165.1357
-1.1 -1.1 166.0642
-1.1 -1 166.8341
-1.1 -0.9 167.4202
-1.1 -0.8 167.7997
-1.1 -0.7 167.9522
-1.1 -0.6 167.8597
-1.1 -0.5 167.5066
-1.1 -0.4 166.8797
-1.1 -0.3 165.9682
-1.1 -0.2 164.7637
-1.1 -0.0999999999999996 163.2602
-1.1 0 161.4541
-1.1 0.0999999999999996 159.3442
-1.1 0.2 156.9317
-1.1 0.3 154.2202
-1.1 0.4 151.2157
-1.1 0.5 147.9266
-1.1 0.6 144.3637
-1.1 0.7 140.5402
-1.1 0.8 136.4717
-1.1 0.9 132.1762
-1.1 1 127.6741
-1.1 1.1 122.9882
-1.1 1.2 118.1437
-1.1 1.3 113.1682
-1.1 1.4 108.0917
-1.1 1.5 102.9466
-1.1 1.6 97.7677
-1.1 1.7 92.5922
-1.1 1.8 87.4597
-1.1 1.9 82.4122
-1.1 2 77.4941
-1.1 2.1 72.7522
-1.1 2.2 68.2357
-1.1 2.3 63.9962
-1.1 2.4 60.0877
-1.1 2.5 56.5666
-1.1 2.6 53.4917
-1.1 2.7 50.9242
-1.1 2.8 48.9277
-1.1 2.9 47.5682
-1.1 3 46.9141
-1.1 3.1 47.0362
-1.1 3.2 48.0077
-1.1 3.3 49.9042
-1.1 3.4 52.8037
-1.1 3.5 56.7866
-1.1 3.6 61.9357
-1.1 3.7 68.3361999999999
-1.1 3.8 76.0757000000001
-1.1 3.9 85.2442
-1.1 4 95.9341
-1.1 4.1 108.2402
-1.1 4.2 122.2597
-1.1 4.3 138.0922
-1.1 4.4 155.8397
-1.1 4.5 175.6066
-1.1 4.6 197.4997
-1.1 4.7 221.6282
-1.1 4.8 248.1037
-1.1 4.9 277.0402
-1.1 5 308.5541

-1 -5 514
-1 -4.9 478.3301
-1 -4.8 445.2416
-1 -4.7 414.6181
-1 -4.6 386.3456
-1 -4.5 360.3125
-1 -4.4 336.4096
-1 -4.3 314.5301
-1 -4.2 294.5696
-1 -4.1 276.4261
-1 -4 260
-1 -3.9 245.1941
-1 -3.8 231.9136
-1 -3.7 220.0661
-1 -3.6 209.5616
-1 -3.5 200.3125
-1 -3.4 192.2336
-1 -3.3 185.2421
-1 -3.2 179.2576
-1 -3.1 174.2021
-1 -3 170
-1 -2.9 166.5781
-1 -2.8 163.8656
-1 -2.7 161.7941
-1 -2.6 160.2976
-1 -2.5 159.3125
-1 -2.4 158.7776
-1 -2.3 158.6341
-1 -2.2 158.8256
-1 -2.1 159.2981
-1 -2 160
-1 -1.9 160.8821
-1 -1.8 161.8976
-1 -1.7 163.0021
-1 -1.6 164.1536
-1 -1.5 165.3125
-1 -1.4 166.4416
-1 -1.3 167.5061
-1 -1.2 168.4736
-1 -1.1 169.3141
-1 -1 170
-1 -0.9 170.5061
-1 -0.8 170.8096
-1 -0.7 170.8901
-1 -0.6 170.7296
-1 -0.5 170.3125
-1 -0.4 169.6256
-1 -0.3 168.6581
-1 -0.2 167.4016
-1 -0.0999999999999996 165.8501
-1 0 164
-1 0.0999999999999996 161.8501
-1 0.2 159.4016
-1 0.3 156.6581
-1 0.4 153.6256
-1 0.5 150.3125
-1 0.6 146.7296
-1 0.7 142.8901
-1 0.8 138.8096
-1 0.9 134.5061
-1 1 130
-1 1.1 125.3141
-1 1.2 120.4736
-1 1.3 115.5061
-1 1.4 110.4416
-1 1.5 105.3125
-1 1.6 100.1536
-1 1.7 95.0021
-1 1.8 89.8976
-1 1.9 84.8821
-1 2 80
-1 2.1 75.2981
-1 2.2 70.8256
-1 2.3 66.6341
-1 2.4 62.7776
-1 2.5 59.3125
-1 2.6 56.2976
-1 2.7 53.7941
-1 2.8 51.8656
-1 2.9 50.5781
-1 3 50
-1 3.1 50.2021
-1 3.2 51.2576
-1 3.3 53.2421
-1 3.4 56.2336
-1 3.5 60.3125
-1 3.6 65.5616
-1 3.7 72.0660999999999
-1 3.8 79.9136000000001
-1 3.9 89.1941
-1 4 100
-1 4.1 112.4261
-1 4.2 126.5696
-1 4.3 142.5301
-1 4.4 160.4096
-1 4.5 180.3125
-1 4.6 202.3456
-1 4.7 226.6181
-1 4.8 253.2416
-1 4.9 282.3301
-1 5 314

-0.9 -5 523.1461
-0.9 -4.9 487.2402
-0.9 -4.8 453.9197
-0.9 -4.7 423.0682
-0.9 -4.6 394.5717
-0.9 -4.5 368.3186
-0.9 -4.4 344.1997
-0.9 -4.3 322.1082
-0.9 -4.2 301.9397
-0.9 -4.1 283.5922
-0.9 -4 266.9661
-0.9 -3.9 251.9642
-0.9 -3.8 238.4917
-0.9 -3.7 226.4562
-0.9 -3.6 215.7677
-0.9 -3.5 206.3386
-0.9 -3.4 198.0837
-0.9 -3.3 190.9202
-0.9 -3.2 184.7677
-0.9 -3.1 179.5482
-0.9 -3 175.1861
-0.9 -2.9 171.6082
-0.9 -2.8 168.7437
-0.9 -2.7 166.5242
-0.9 -2.6 164.8837
-0.9 -2.5 163.7586
-0.9 -2.4 163.0877
-0.9 -2.3 162.8122
-0.9 -2.2 162.8757
-0.9 -2.1 163.2242
-0.9 -2 163.8061
-0.9 -1.9 164.5722
-0.9 -1.8 165.4757
-0.9 -1.7 166.4722
-0.9 -1.6 167.5197
-0.9 -1.5 168.5786
-0.9 -1.4 169.6117
-0.9 -1.3 170.5842
-0.9 -1.2 171.4637
-0.9 -1.1 172.2202
-0.9 -1 172.8261
-0.9 -0.9 173.2562
-0.9 -0.8 173.4877
-0.9 -0.7 173.5002
-0.9 -0.6 173.2757
-0.9 -0.5 172.7986
-0.9 -0.4 172.0557
-0.9 -0.3 171.0362
-0.9 -0.2 169.7317
-0.9 -0.0999999999999996 168.1362
-0.9 0 166.2461
-0.9 0.0999999999999996 164.0602
-0.9 0.2 161.5797
-0.9 0.3 158.8082
-0.9 0.4 155.7517
-0.9 0.5 152.4186
-0.9 0.6 148.8197
-0.9 0.7 144.9682
-0.9 0.8 140.8797
-0.9 0.9 136.5722
-0.9 1 132.0661
-0.9 1.1 127.3842
-0.9 1.2 122.5517
-0.9 1.3 117.5962
-0.9 1.4 112.5477
-0.9 1.5 107.4386
-0.9 1.6 102.3037
-0.9 1.7 97.1802
-0.9 1.8 92.1077
-0.9 1.9 87.1282
-0.9 2 82.2861
-0.9 2.1 77.6282
-0.9 2.2 73.2037
-0.9 2.3 69.0642
-0.9 2.4 65.2637
-0.9 2.5 61.8586
-0.9 2.6 58.9077
-0.9 2.7 56.4722
-0.9 2.8 54.6157
-0.9 2.9 53.4042
-0.9 3 52.9061
-0.9 3.1 53.1922
-0.9 3.2 54.3357
-0.9 3.3 56.4122
-0.9 3.4 59.4997
-0.9 3.5 63.6786
-0.9 3.6 69.0317
-0.9 3.7 75.6441999999999
-0.9 3.8 83.6037
-0.9 3.9 93.0002
-0.9 4 103.9261
-0.9 4.1 116.4762
-0.9 4.2 130.7477
-0.9 4.3 146.8402
-0.9 4.4 164.8557
-0.9 4.5 184.8986
-0.9 4.6 207.0757
-0.9 4.7 231.4962
-0.9 4.8 258.2717
-0.9 4.9 287.5162
-0.9 5 319.3461

-0.8 -5 531.7696
-0.8 -4.9 495.6317
-0.8 -4.8 462.0832
-0.8 -4.7 431.0077
-0.8 -4.6 402.2912
-0.8 -4.5 375.8221
-0.8 -4.4 351.4912
-0.8 -4.3 329.1917
-0.8 -4.2 308.8192
-0.8 -4.1 290.2717
-0.8 -4 273.4496
-0.8 -3.9 258.2557
-0.8 -3.8 244.5952
-0.8 -3.7 232.3757
-0.8 -3.6 221.5072
-0.8 -3.5 211.9021
-0.8 -3.4 203.4752
-0.8 -3.3 196.1437
-0.8 -3.2 189.8272
-0.8 -3.1 184.4477
-0.8 -3 179.9296
-0.8 -2.9 176.1997
-0.8 -2.8 173.1872
-0.8 -2.7 170.8237
-0.8 -2.6 169.0432
-0.8 -2.5 167.7821
-0.8 -2.4 166.9792
-0.8 -2.3 166.5757
-0.8 -2.2 166.5152
-0.8 -2.1 166.7437
-0.8 -2 167.2096
-0.8 -1.9 167.8637
-0.8 -1.8 168.6592
-0.8 -1.7 169.5517
-0.8 -1.6 170.4992
-0.8 -1.5 171.4621
-0.8 -1.4 172.4032
-0.8 -1.3 173.2877
-0.8 -1.2 174.0832
-0.8 -1.1 174.7597
-0.8 -1 175.2896
-0.8 -0.9 175.6477
-0.8 -0.8 175.8112
-0.8 -0.7 175.7597
-0.8 -0.6 175.4752
-0.8 -0.5 174.9421
-0.8 -0.4 174.1472
-0.8 -0.3 173.0797
-0.8 -0.2 171.7312
-0.8 -0.0999999999999996 170.0957
-0.8 0 168.1696
-0.8 0.0999999999999996 165.9517
-0.8 0.2 163.4432
-0.8 0.3 160.6477
-0.8 0.4 157.5712
-0.8 0.5 154.2221
-0.8 0.6 150.6112
-0.8 0.7 146.7517
-0.8 0.8 142.6592
-0.8 0.9 138.3517
-0.8 1 133.8496
-0.8 1.1 129.1757
-0.8 1.2 124.3552
-0.8 1.3 119.4157
-0.8 1.4 114.3872
-0.8 1.5 109.3021
-0.8 1.6 104.1952
-0.8 1.7 99.1037
-0.8 1.8 94.0672
-0.8 1.9 89.1277
-0.8 2 84.3296
-0.8 2.1 79.7197
-0.8 2.2 75.3472
-0.8 2.3 71.2637
-0.8 2.4 67.5232
-0.8 2.5 64.1821
-0.8 2.6 61.2992
-0.8 2.7 58.9357
-0.8 2.8 57.1552
-0.8 2.9 56.0237
-0.8 3 55.6096
-0.8 3.1 55.9837
-0.8 3.2 57.2192
-0.8 3.3 59.3917
-0.8 3.4 62.5792
-0.8 3.5 66.8621
-0.8 3.6 72.3232
-0.8 3.7 79.0476999999999
-0.8 3.8 87.1232000000001
-0.8 3.9 96.6397000000001
-0.8 4 107.6896
-0.8 4.1 120.3677
-0.8 4.2 134.7712
-0.8 4.3 150.9997
-0.8 4.4 169.1552
-0.8 4.5 189.3421
-0.8 4.6 211.6672
-0.8 4.7 236.2397
-0.8 4.8 263.1712
-0.8 4.9 292.5757
-0.8 5 324.5696

-0.7 -5 539.8501
-0.7 -4.9 503.4842
-0.7 -4.8 469.7117
-0.7 -4.7 438.4162
-0.7 -4.6 409.4837
-0.7 -4.5 382.8026
-0.7 -4.4 358.2637
-0.7 -4.3 335.7602
-0.7 -4.2 315.1877
-0.7 -4.1 296.4442
-0.7 -4 279.4301
-0.7 -3.9 264.0482
-0.7 -3.8 250.2037
-0.7 -3.7 237.8042
-0.7 -3.6 226.7597
-0.7 -3.5 216.9826
-0.7 -3.4 208.3877
-0.7 -3.3 200.8922
-0.7 -3.2 194.4157
-0.7 -3.1 188.8802
-0.7 -3 184.2101
-0.7 -2.9 180.3322
-0.7 -2.8 177.1757
-0.7 -2.7 174.6722
-0.7 -2.6 172.7557
-0.7 -2.5 171.3626
-0.7 -2.4 170.4317
-0.7 -2.3 169.9042
-0.7 -2.2 169.7237
-0.7 -2.1 169.8362
-0.7 -2 170.1901
-0.7 -1.9 170.7362
-0.7 -1.8 171.4277
-0.7 -1.7 172.2202
-0.7 -1.6 173.0717
-0.7 -1.5 173.9426
-0.7 -1.4 174.7957
-0.7 -1.3 175.5962
-0.7 -1.2 176.3117
-0.7 -1.1 176.9122
-0.7 -1 177.3701
-0.7 -0.9 177.6602
-0.7 -0.8 177.7597
-0.7 -0.7 177.6482
-0.7 -0.6 177.3077
-0.7 -0.5 176.7226
-0.7 -0.4 175.8797
-0.7 -0.3 174.7682
-0.7 -0.2 173.3797
-0.7 -0.0999999999999996 171.7082
-0.7 0 169.7501
-0.7 0.0999999999999996 167.5042
-0.7 0.2 164.9717
-0.7 0.3 162.1562
-0.7 0.4 159.0637
-0.7 0.5 155.7026
-0.7 0.6 152.0837
-0.7 0.7 148.2202
-0.7 0.8 144.1277
-0.7 0.9 139.8242
-0.7 1 135.3301
-0.7 1.1 130.6682
-0.7 1.2 125.8637
-0.7 1.3 120.9442
-0.7 1.4 115.9397
-0.7 1.5 110.8826
-0.7 1.6 105.8077
-0.7 1.7 100.7522
-0.7 1.8 95.7557
-0.7 1.9 90.8602
-0.7 2 86.1101
-0.7 2.1 81.5522
-0.7 2.2 77.2357
-0.7 2.3 73.2122
-0.7 2.4 69.5357
-0.7 2.5 66.2626
-0.7 2.6 63.4517
-0.7 2.7 61.1642
-0.7 2.8 59.4637
-0.7 2.9 58.4162
-0.7 3 58.0901
-0.7 3.1 58.5562
-0.7 3.2 59.8877
-0.7 3.3 62.1602
-0.7 3.4 65.4517
-0.7 3.5 69.8426
-0.7 3.6 75.4157
-0.7 3.7 82.2562
-0.7 3.8 90.4517000000001
-0.7 3.9 100.0922
-0.7 4 111.2701
-0.7 4.1 124.0802
-0.7 4.2 138.6197
-0.7 4.3 154.9882
-0.7 4.4 173.2877
-0.7 4.5 193.6226
-0.7 4.6 216.0997
-0.7 4.7 240.8282
-0.7 4.8 267.9197
-0.7 4.9 297.4882
-0.7 5 329.6501

-0.6 -5 547.3696
-0.6 -4.9 510.7797
-0.6 -4.8 476.7872
-0.6 -4.7 445.2757
-0.6 -4.6 416.1312
-0.6 -4.5 389.2421
-0.6 -4.4 364.4992
-0.6 -4.3 341.7957
-0.6 -4.2 321.0272
-0.6 -4.1 302.0917
-0.6 -4 284.8896
-0.6 -3.9 269.3237
-0.6 -3.8 255.2992
-0.6 -3.7 242.7237
-0.6 -3.6 231.5072
-0.6 -3.5 221.5621
-0.6 -3.4 212.8032
-0.6 -3.3 205.1477
-0.6 -3.2 198.5152
-0.6 -3.1 192.8277
-0.6 -3 188.0096
-0.6 -2.9 183.9877
-0.6 -2.8 180.6912
-0.6 -2.7 178.0517
-0.6 -2.6 176.0032
-0.6 -2.5 174.4821
-0.6 -2.4 173.4272
-0.6 -2.3 172.7797
-0.6 -2.2 172.4832
-0.6 -2.1 172.4837
-0.6 -2 172.7296
-0.6 -1.9 173.1717
-0.6 -1.8 173.7632
-0.6 -1.7 174.4597
-0.6 -1.6 175.2192
-0.6 -1.5 176.0021
-0.6 -1.4 176.7712
-0.6 -1.3 177.4917
-0.6 -1.2 178.1312
-0.6 -1.1 178.6597
-0.6 -1 179.0496
-0.6 -0.9 179.2757
-0.6 -0.8 179.3152
-0.6 -0.7 179.1477
-0.6 -0.6 178.7552
-0.6 -0.5 178.1221
-0.6 -0.4 177.2352
-0.6 -0.3 176.0837
-0.6 -0.2 174.6592
-0.6 -0.0999999999999996 172.9557
-0.6 0 170.9696
-0.6 0.0999999999999996 168.6997
-0.6 0.2 166.1472
-0.6 0.3 163.3157
-0.6 0.4 160.2112
-0.6 0.5 156.8421
-0.6 0.6 153.2192
-0.6 0.7 149.3557
-0.6 0.8 145.2672
-0.6 0.9 140.9717
-0.6 1 136.4896
-0.6 1.1 131.8437
-0.6 1.2 127.0592
-0.6 1.3 122.1637
-0.6 1.4 117.1872
-0.6 1.5 112.1621
-0.6 1.6 107.1232
-0.6 1.7 102.1077
-0.6 1.8 97.1552
-0.6 1.9 92.3077
-0.6 2 87.6096
-0.6 2.1 83.1077
-0.6 2.2 78.8512
-0.6 2.3 74.8917
-0.6 2.4 71.2832
-0.6 2.5 68.0821
-0.6 2.6 65.3472
-0.6 2.7 63.1397
-0.6 2.8 61.5232
-0.6 2.9 60.5637
-0.6 3 60.3296
-0.6 3.1 60.8917
-0.6 3.2 62.3232
-0.6 3.3 64.6997
-0.6 3.4 68.0992
-0.6 3.5 72.6021
-0.6 3.6 78.2912
-0.6 3.7 85.2516999999999
-0.6 3.8 93.5712000000001
-0.6 3.9 103.3397
-0.6 4 114.6496
-0.6 4.1 127.5957
-0.6 4.2 142.2752
-0.6 4.3 158.7877
-0.6 4.4 177.2352
-0.6 4.5 197.7221
-0.6 4.6 220.3552
-0.6 4.7 245.2437
-0.6 4.8 272.4992
-0.6 4.9 302.2357
-0.6 5 334.5696

-0.5 -5 554.3125
-0.5 -4.9 517.5026
-0.5 -4.8 483.2941
-0.5 -4.7 451.5706
-0.5 -4.6 422.2181
-0.5 -4.5 395.125
-0.5 -4.4 370.1821
-0.5 -4.3 347.2826
-0.5 -4.2 326.3221
-0.5 -4.1 307.1986
-0.5 -4 289.8125
-0.5 -3.9 274.0666
-0.5 -3.8 259.8661
-0.5 -3.7 247.1186
-0.5 -3.6 235.7341
-0.5 -3.5 225.625
-0.5 -3.4 216.7061
-0.5 -3.3 208.8946
-0.5 -3.2 202.1101
-0.5 -3.1 196.2746
-0.5 -3 191.3125
-0.5 -2.9 187.1506
-0.5 -2.8 183.7181
-0.5 -2.7 180.9466
-0.5 -2.6 178.7701
-0.5 -2.5 177.125
-0.5 -2.4 175.9501
-0.5 -2.3 175.1866
-0.5 -2.2 174.7781
-0.5 -2.1 174.6706
-0.5 -2 174.8125
-0.5 -1.9 175.1546
-0.5 -1.8 175.6501
-0.5 -1.7 176.2546
-0.5 -1.6 176.9261
-0.5 -1.5 177.625
-0.5 -1.4 178.3141
-0.5 -1.3 178.9586
-0.5 -1.2 179.5261
-0.5 -1.1 179.9866
-0.5 -1 180.3125
-0.5 -0.9 180.4786
-0.5 -0.8 180.4621
-0.5 -0.7 180.2426
-0.5 -0.6 179.8021
-0.5 -0.5 179.125
-0.5 -0.4 178.1981
-0.5 -0.3 177.0106
-0.5 -0.2 175.5541
-0.5 -0.0999999999999996 173.8226
-0.5 0 171.8125
-0.5 0.0999999999999996 169.5226
-0.5 0.2 166.9541
-0.5 0.3 164.1106
-0.5 0.4 160.9981
-0.5 0.5 157.625
-0.5 0.6 154.0021
-0.5 0.7 150.1426
-0.5 0.8 146.0621
-0.5 0.9 141.7786
-0.5 1 137.3125
-0.5 1.1 132.6866
-0.5 1.2 127.9261
-0.5 1.3 123.0586
-0.5 1.4 118.1141
-0.5 1.5 113.125
-0.5 1.6 108.1261
-0.5 1.7 103.1546
-0.5 1.8 98.2501
-0.5 1.9 93.4546
-0.5 2 88.8125
-0.5 2.1 84.3706
-0.5 2.2 80.1781
-0.5 2.3 76.2866
-0.5 2.4 72.7501
-0.5 2.5 69.625
-0.5 2.6 66.9701
-0.5 2.7 64.8466
-0.5 2.8 63.3181
-0.5 2.9 62.4506
-0.5 3 62.3125
-0.5 3.1 62.9746
-0.5 3.2 64.5101
-0.5 3.3 66.9946
-0.5 3.4 70.5061
-0.5 3.5 75.125
-0.5 3.6 80.9341
-0.5 3.7 88.0185999999999
-0.5 3.8 96.4661000000001
-0.5 3.9 106.3666
-0.5 4 117.8125
-0.5 4.1 130.8986
-0.5 4.2 145.7221
-0.5 4.3 162.3826
-0.5 4.4 180.9821
-0.5 4.5 201.625
-0.5 4.6 224.4181
-0.5 4.7 249.4706
-0.5 4.8 276.8941
-0.5 4.9 306.8026
-0.5 5 339.3125

-0.4 -5 560.6656
-0.4 -4.9 523.6397
-0.4 -4.8 489.2192
-0.4 -4.7 457.2877
-0.4 -4.6 427.7312
-0.4 -4.5 400.4381
-0.4 -4.4 375.2992
-0.4 -4.3 352.2077
-0.4 -4.2 331.0592
-0.4 -4.1 311.7517
-0.4 -4 294.1856
-0.4 -3.9 278.2637
-0.4 -3.8 263.8912
-0.4 -3.7 250.9757
-0.4 -3.6 239.4272
-0.4 -3.5 229.1581
-0.4 -3.4 220.0832
-0.4 -3.3 212.1197
-0.4 -3.2 205.1872
-0.4 -3.1 199.2077
-0.4 -3 194.1056
-0.4 -2.9 189.8077
-0.4 -2.8 186.2432
-0.4 -2.7 183.3437
-0.4 -2.6 181.0432
-0.4 -2.5 179.2781
-0.4 -2.4 177.9872
-0.4 -2.3 177.1117
-0.4 -2.2 176.5952
-0.4 -2.1 176.3837
-0.4 -2 176.4256
-0.4 -1.9 176.6717
-0.4 -1.8 177.0752
-0.4 -1.7 177.5917
-0.4 -1.6 178.1792
-0.4 -1.5 178.7981
-0.4 -1.4 179.4112
-0.4 -1.3 179.9837
-0.4 -1.2 180.4832
-0.4 -1.1 180.8797
-0.4 -1 181.1456
-0.4 -0.9 181.2557
-0.4 -0.8 181.1872
-0.4 -0.7 180.9197
-0.4 -0.6 180.4352
-0.4 -0.5 179.7181
-0.4 -0.4 178.7552
-0.4 -0.3 177.5357
-0.4 -0.2 176.0512
-0.4 -0.0999999999999996 174.2957
-0.4 0 172.2656
-0.4 0.0999999999999996 169.9597
-0.4 0.2 167.3792
-0.4 0.3 164.5277
-0.4 0.4 161.4112
-0.4 0.5 158.0381
-0.4 0.6 154.4192
-0.4 0.7 150.5677
-0.4 0.8 146.4992
-0.4 0.9 142.2317
-0.4 1 137.7856
-0.4 1.1 133.1837
-0.4 1.2 128.4512
-0.4 1.3 123.6157
-0.4 1.4 118.7072
-0.4 1.5 113.7581
-0.4 1.6 108.8032
-0.4 1.7 103.8797
-0.4 1.8 99.0272
-0.4 1.9 94.2877
-0.4 2 89.7056
-0.4 2.1 85.3277
-0.4 2.2 81.2032
-0.4 2.3 77.3837
-0.4 2.4 73.9232
-0.4 2.5 70.8781
-0.4 2.6 68.3072
-0.4 2.7 66.2717
-0.4 2.8 64.8352
-0.4 2.9 64.0637
-0.4 3 64.0256
-0.4 3.1 64.7917
-0.4 3.2 66.4352
-0.4 3.3 69.0317
-0.4 3.4 72.6592
-0.4 3.5 77.3981
-0.4 3.6 83.3312
-0.4 3.7 90.5436999999999
-0.4 3.8 99.1232000000001
-0.4 3.9 109.1597
-0.4 4 120.7456
-0.4 4.1 133.9757
-0.4 4.2 148.9472
-0.4 4.3 165.7597
-0.4 4.4 184.5152
-0.4 4.5 205.3181
-0.4 4.6 228.2752
-0.4 4.7 253.4957
-0.4 4.8 281.0912
-0.4 4.9 311.1757
-0.4 5 343.8656

-0.3 -5 566.4181
-0.3 -4.9 529.1802
-0.3 -4.8 494.5517
-0.3 -4.7 462.4162
-0.3 -4.6 432.6597
-0.3 -4.5 405.1706
-0.3 -4.4 379.8397
-0.3 -4.3 356.5602
-0.3 -4.2 335.2277
-0.3 -4.1 315.7402
-0.3 -4 297.9981
-0.3 -3.9 281.9042
-0.3 -3.8 267.3637
-0.3 -3.7 254.2842
-0.3 -3.6 242.5757
-0.3 -3.5 232.1506
-0.3 -3.4 222.9237
-0.3 -3.3 214.8122
-0.3 -3.2 207.7357
-0.3 -3.1 201.6162
-0.3 -3 196.3781
-0.3 -2.9 191.9482
-0.3 -2.8 188.2557
-0.3 -2.7 185.2322
-0.3 -2.6 182.8117
-0.3 -2.5 180.9306
-0.3 -2.4 179.5277
-0.3 -2.3 178.5442
-0.3 -2.2 177.9237
-0.3 -2.1 177.6122
-0.3 -2 177.5581
-0.3 -1.9 177.7122
-0.3 -1.8 178.0277
-0.3 -1.7 178.4602
-0.3 -1.6 178.9677
-0.3 -1.5 179.5106
-0.3 -1.4 180.0517
-0.3 -1.3 180.5562
-0.3 -1.2 180.9917
-0.3 -1.1 181.3282
-0.3 -1 181.5381
-0.3 -0.9 181.5962
-0.3 -0.8 181.4797
-0.3 -0.7 181.1682
-0.3 -0.6 180.6437
-0.3 -0.5 179.8906
-0.3 -0.4 178.8957
-0.3 -0.3 177.6482
-0.3 -0.2 176.1397
-0.3 -0.0999999999999996 174.3642
-0.3 0 172.3181
-0.3 0.0999999999999996 170.0002
-0.3 0.2 167.4117
-0.3 0.3 164.5562
-0.3 0.4 161.4397
-0.3 0.5 158.0706
-0.3 0.6 154.4597
-0.3 0.7 150.6202
-0.3 0.8 146.5677
-0.3 0.9 142.3202
-0.3 1 137.8981
-0.3 1.1 133.3242
-0.3 1.2 128.6237
-0.3 1.3 123.8242
-0.3 1.4 118.9557
-0.3 1.5 114.0506
-0.3 1.6 109.1437
-0.3 1.7 104.2722
-0.3 1.8 99.4757
-0.3 1.9 94.7962
-0.3 2 90.2781
-0.3 2.1 85.9682
-0.3 2.2 81.9157
-0.3 2.3 78.1722
-0.3 2.4 74.7917
-0.3 2.5 71.8306
-0.3 2.6 69.3477
-0.3 2.7 67.4042
-0.3 2.8 66.0637
-0.3 2.9 65.3922
-0.3 3 65.4581
-0.3 3.1 66.3322
-0.3 3.2 68.0877
-0.3 3.3 70.8002
-0.3 3.4 74.5477
-0.3 3.5 79.4106
-0.3 3.6 85.4717
-0.3 3.7 92.8161999999999
-0.3 3.8 101.5317
-0.3 3.9 111.7082
-0.3 4 123.4381
-0.3 4.1 136.8162
-0.3 4.2 151.9397
-0.3 4.3 168.9082
-0.3 4.4 187.8237
-0.3 4.5 208.7906
-0.3 4.6 231.9157
-0.3 4.7 257.3082
-0.3 4.8 285.0797
-0.3 4.9 315.3442
-0.3 5 348.2181

-0.2 -5 571.5616
-0.2 -4.9 534.1157
-0.2 -4.8 499.2832
-0.2 -4.7 466.9477
-0.2 -4.6 436.9952
-0.2 -4.5 409.3141
-0.2 -4.4 383.7952
-0.2 -4.3 360.3317
-0.2 -4.2 338.8192
-0.2 -4.1 319.1557
-0.2 -4 301.2416
-0.2 -3.9 284.9797
-0.2 -3.8 270.2752
-0.2 -3.7 257.0357
-0.2 -3.6 245.1712
-0.2 -3.5 234.5941
-0.2 -3.4 225.2192
-0.2 -3.3 216.9637
-0.2 -3.2 209.7472
-0.2 -3.1 203.4917
-0.2 -3 198.1216
-0.2 -2.9 193.5637
-0.2 -2.8 189.7472
-0.2 -2.7 186.6037
-0.2 -2.6 184.0672
-0.2 -2.5 182.0741
-0.2 -2.4 180.5632
-0.2 -2.3 179.4757
-0.2 -2.2 178.7552
-0.2 -2.1 178.3477
-0.2 -2 178.2016
-0.2 -1.9 178.2677
-0.2 -1.8 178.4992
-0.2 -1.7 178.8517
-0.2 -1.6 179.2832
-0.2 -1.5 179.7541
-0.2 -1.4 180.2272
-0.2 -1.3 180.6677
-0.2 -1.2 181.0432
-0.2 -1.1 181.3237
-0.2 -1 181.4816
-0.2 -0.9 181.4917
-0.2 -0.8 181.3312
-0.2 -0.7 180.9797
-0.2 -0.6 180.4192
-0.2 -0.5 179.6341
-0.2 -0.4 178.6112
-0.2 -0.3 177.3397
-0.2 -0.2 175.8112
-0.2 -0.0999999999999996 174.0197
-0.2 0 171.9616
-0.2 0.0999999999999996 169.6357
-0.2 0.2 167.0432
-0.2 0.3 164.1877
-0.2 0.4 161.0752
-0.2 0.5 157.7141
-0.2 0.6 154.1152
-0.2 0.7 150.2917
-0.2 0.8 146.2592
-0.2 0.9 142.0357
-0.2 1 137.6416
-0.2 1.1 133.0997
-0.2 1.2 128.4352
-0.2 1.3 123.6757
-0.2 1.4 118.8512
-0.2 1.5 113.9941
-0.2 1.6 109.1392
-0.2 1.7 104.3237
-0.2 1.8 99.5872
-0.2 1.9 94.9717
-0.2 2 90.5216
-0.2 2.1 86.2837
-0.2 2.2 82.3072
-0.2 2.3 78.6437
-0.2 2.4 75.3472
-0.2 2.5 72.4741
-0.2 2.6 70.0832
-0.2 2.7 68.2357
-0.2 2.8 66.9952
-0.2 2.9 66.4277
-0.2 3 66.6016
-0.2 3.1 67.5877
-0.2 3.2 69.4592
-0.2 3.3 72.2917
-0.2 3.4 76.1632
-0.2 3.5 81.1541
-0.2 3.6 87.3472
-0.2 3.7 94.8276999999999
-0.2 3.8 103.6832
-0.2 3.9 114.0037
-0.2 4 125.8816
-0.2 4.1 139.4117
-0.2 4.2 154.6912
-0.2 4.3 171.8197
-0.2 4.4 190.8992
-0.2 4.5 212.0341
-0.2 4.6 235.3312
-0.2 4.7 260.8997
-0.2 4.8 288.8512
-0.2 4.9 319.2997
-0.2 5 352.3616

-0.0999999999999996 -5 576.0901
-0.0999999999999996 -4.9 538.4402
-0.0999999999999996 -4.8 503.4077
-0.0999999999999996 -4.7 470.8762
-0.0999999999999996 -4.6 440.7317
-0.0999999999999996 -4.5 412.8626
-0.0999999999999996 -4.4 387.1597
-0.0999999999999996 -4.3 363.5162
-0.0999999999999996 -4.2 341.8277
-0.0999999999999996 -4.1 321.9922
-0.0999999999999996 -4 303.9101
-0.0999999999999996 -3.9 287.4842
-0.0999999999999996 -3.8 272.6197
-0.0999999999999996 -3.7 259.2242
-0.0999999999999996 -3.6 247.2077
-0.0999999999999996 -3.5 236.4826
-0.0999999999999996 -3.4 226.9637
-0.0999999999999996 -3.3 218.5682
-0.0999999999999996 -3.2 211.2157
-0.0999999999999996 -3.1 204.8282
-0.0999999999999996 -3 199.3301
-0.0999999999999996 -2.9 194.6482
-0.0999999999999996 -2.8 190.7117
-0.0999999999999996 -2.7 187.4522
-0.0999999999999996 -2.6 184.8037
-0.0999999999999996 -2.5 182.7026
-0.0999999999999996 -2.4 181.0877
-0.0999999999999996 -2.3 179.9002
-0.0999999999999996 -2.2 179.0837
-0.0999999999999996 -2.1 178.5842
-0.0999999999999996 -2 178.3501
-0.0999999999999996 -1.9 178.3322
-0.0999999999999996 -1.8 178.4837
-0.0999999999999996 -1.7 178.7602
-0.0999999999999996 -1.6 179.1197
-0.0999999999999996 -1.5 179.5226
-0.0999999999999996 -1.4 179.9317
-0.0999999999999996 -1.3 180.3122
-0.0999999999999996 -1.2 180.6317
-0.0999999999999996 -1.1 180.8602
-0.0999999999999996 -1 180.9701
-0.0999999999999996 -0.9 180.9362
-0.0999999999999996 -0.8 180.7357
-0.0999999999999996 -0.7 180.3482
-0.0999999999999996 -0.6 179.7557
-0.0999999999999996 -0.5 178.9426
-0.0999999999999996 -0.4 177.8957
-0.0999999999999996 -0.3 176.6042
-0.0999999999999996 -0.2 175.0597
-0.0999999999999996 -0.0999999999999996 173.2562
-0.0999999999999996 0 171.1901
-0.0999999999999996 0.0999999999999996 168.8602
-0.0999999999999996 0.2 166.2677
-0.0999999999999996 0.3 163.4162
-0.0999999999999996 0.4 160.3117
-0.0999999999999996 0.5 156.9626
-0.0999999999999996 0.6 153.3797
-0.0999999999999996 0.7 149.5762
-0.0999999999999996 0.8 145.5677
-0.0999999999999996 0.9 141.3722
-0.0999999999999996 1 137.0101
-0.0999999999999996 1.1 132.5042
-0.0999999999999996 1.2 127.8797
-0.0999999999999996 1.3 123.1642
-0.0999999999999996 1.4 118.3877
-0.0999999999999996 1.5 113.5826
-0.0999999999999996 1.6 108.7837
-0.0999999999999996 1.7 104.0282
-0.0999999999999996 1.8 99.3557
-0.0999999999999996 1.9 94.8082
-0.0999999999999996 2 90.4301
-0.0999999999999996 2.1 86.2682
-0.0999999999999996 2.2 82.3717
-0.0999999999999996 2.3 78.7922
-0.0999999999999996 2.4 75.5837
-0.0999999999999996 2.5 72.8026
-0.0999999999999996 2.6 70.5077
-0.0999999999999996 2.7 68.7602
-0.0999999999999996 2.8 67.6237
-0.0999999999999996 2.9 67.1642
-0.0999999999999996 3 67.4501
-0.0999999999999996 3.1 68.5522
-0.0999999999999996 3.2 70.5437
-0.0999999999999996 3.3 73.5002
-0.0999999999999996 3.4 77.4997
-0.0999999999999996 3.5 82.6226
-0.0999999999999996 3.6 88.9517
-0.0999999999999996 3.7 96.5722
-0.0999999999999996 3.8 105.5717
-0.0999999999999996 3.9 116.0402
-0.0999999999999996 4 128.0701
-0.0999999999999996 4.1 141.7562
-0.0999999999999996 4.2 157.1957
-0.0999999999999996 4.3 174.4882
-0.0999999999999996 4.4 193.7357
-0.0999999999999996 4.5 215.0426
-0.0999999999999996 4.6 238.5157
-0.0999999999999996 4.7 264.2642
-0.0999999999999996 4.8 292.3997
-0.0999999999999996 4.9 323.0362
-0.0999999999999996 5 356.2901

0 -5 580
0 -4.9 542.1501
0 -4.8 506.9216
0 -4.7 474.1981
0 -4.6 443.8656
0 -4.5 415.8125
0 -4.4 389.9296
0 -4.3 366.1101
0 -4.2 344.2496
0 -4.1 324.2461
0 -4 306
0 -3.9 289.4141
0 -3.8 274.3936
0 -3.7 260.8461
0 -3.6 248.6816
0 -3.5 237.8125
0 -3.4 228.1536
0 -3.3 219.6221
0 -3.2 212.1376
0 -3.1 205.6221
0 -3 200
0 -2.9 195.1981
0 -2.8 191.1456
0 -2.7 187.7741
0 -2.6 185.0176
0 -2.5 182.8125
0 -2.4 181.0976
0 -2.3 179.8141
0 -2.2 178.9056
0 -2.1 178.3181
0 -2 178
0 -1.9 177.9021
0 -1.8 177.9776
0 -1.7 178.1821
0 -1.6 178.4736
0 -1.5 178.8125
0 -1.4 179.1616
0 -1.3 179.4861
0 -1.2 179.7536
0 -1.1 179.9341
0 -1 180
0 -0.9 179.9261
0 -0.8 179.6896
0 -0.7 179.2701
0 -0.6 178.6496
0 -0.5 177.8125
0 -0.4 176.7456
0 -0.3 175.4381
0 -0.2 173.8816
0 -0.0999999999999996 172.0701
0 0 170
0 0.0999999999999996 167.6701
0 0.2 165.0816
0 0.3 162.2381
0 0.4 159.1456
0 0.5 155.8125
0 0.6 152.2496
0 0.7 148.4701
0 0.8 144.4896
0 0.9 140.3261
0 1 136
0 1.1 131.5341
0 1.2 126.9536
0 1.3 122.2861
0 1.4 117.5616
0 1.5 112.8125
0 1.6 108.0736
0 1.7 103.3821
0 1.8 98.7776
0 1.9 94.3021
0 2 90
0 2.1 85.9181
0 2.2 82.1056
0 2.3 78.6141
0 2.4 75.4976
0 2.5 72.8125
0 2.6 70.6176
0 2.7 68.9741
0 2.8 67.9456
0 2.9 67.5981
0 3 68
0 3.1 69.2221
0 3.2 71.3376
0 3.3 74.4221
0 3.4 78.5536
0 3.5 83.8125
0 3.6 90.2816
0 3.7 98.0460999999999
0 3.8 107.1936
0 3.9 117.8141
0 4 130
0 4.1 143.8461
0 4.2 159.4496
0 4.3 176.9101
0 4.4 196.3296
0 4.5 217.8125
0 4.6 241.4656
0 4.7 267.3981
0 4.8 295.7216
0 4.9 326.5501
0 5 360

0.0999999999999996 -5 583.2901
0.0999999999999996 -4.9 545.2442
0.0999999999999996 -4.8 509.8237
0.0999999999999996 -4.7 476.9122
0.0999999999999996 -4.6 446.3957
0.0999999999999996 -4.5 418.1626
0.0999999999999996 -4.4 392.1037
0.0999999999999996 -4.3 368.1122
0.0999999999999996 -4.2 346.0837
0.0999999999999996 -4.1 325.9162
0.0999999999999996 -4 307.5101
0.0999999999999996 -3.9 290.7682
0.0999999999999996 -3.8 275.5957
0.0999999999999996 -3.7 261.9002
0.0999999999999996 -3.6 249.5917
0.0999999999999996 -3.5 238.5826
0.0999999999999996 -3.4 228.7877
0.0999999999999996 -3.3 220.1242
0.0999999999999996 -3.2 212.5117
0.0999999999999996 -3.1 205.8722
0.0999999999999996 -3 200.1301
0.0999999999999996 -2.9 195.2122
0.0999999999999996 -2.8 191.0477
0.0999999999999996 -2.7 187.5682
0.0999999999999996 -2.6 184.7077
0.0999999999999996 -2.5 182.4026
0.0999999999999996 -2.4 180.5917
0.0999999999999996 -2.3 179.2162
0.0999999999999996 -2.2 178.2197
0.0999999999999996 -2.1 177.5482
0.0999999999999996 -2 177.1501
0.0999999999999996 -1.9 176.9762
0.0999999999999996 -1.8 176.9797
0.0999999999999996 -1.7 177.1162
0.0999999999999996 -1.6 177.3437
0.0999999999999996 -1.5 177.6226
0.0999999999999996 -1.4 177.9157
0.0999999999999996 -1.3 178.1882
0.0999999999999996 -1.2 178.4077
0.0999999999999996 -1.1 178.5442
0.0999999999999996 -1 178.5701
0.0999999999999996 -0.9 178.4602
0.0999999999999996 -0.8 178.1917
0.0999999999999996 -0.7 177.7442
0.0999999999999996 -0.6 177.0997
0.0999999999999996 -0.5 176.2426
0.0999999999999996 -0.4 175.1597
0.0999999999999996 -0.3 173.8402
0.0999999999999996 -0.2 172.2757
0.0999999999999996 -0.0999999999999996 170.4602
0.0999999999999996 0 168.3901
0.0999999999999996 0.0999999999999996 166.0642
0.0999999999999996 0.2 163.4837
0.0999999999999996 0.3 160.6522
0.0999999999999996 0.4 157.5757
0.0999999999999996 0.5 154.2626
0.0999999999999996 0.6 150.7237
0.0999999999999996 0.7 146.9722
0.0999999999999996 0.8 143.0237
0.0999999999999996 0.9 138.8962
0.0999999999999996 1 134.6101
0.0999999999999996 1.1 130.1882
0.0999999999999996 1.2 125.6557
0.0999999999999996 1.3 121.0402
0.0999999999999996 1.4 116.3717
0.0999999999999996 1.5 111.6826
0.0999999999999996 1.6 107.0077
0.0999999999999996 1.7 102.3842
0.0999999999999996 1.8 97.8517
0.0999999999999996 1.9 93.4522
0.0999999999999996 2 89.2301
0.0999999999999996 2.1 85.2322
0.0999999999999996 2.2 81.5077
0.0999999999999996 2.3 78.1082
0.0999999999999996 2.4 75.0877
0.0999999999999996 2.5 72.5026
0.0999999999999996 2.6 70.4117
0.0999999999999996 2.7 68.8762
0.0999999999999996 2.8 67.9597
0.0999999999999996 2.9 67.7282
0.0999999999999996 3 68.2501
0.0999999999999996 3.1 69.5962
0.0999999999999996 3.2 71.8397
0.0999999999999996 3.3 75.0562
0.0999999999999996 3.4 79.3237
0.0999999999999996 3.5 84.7226
0.0999999999999996 3.6 91.3357
0.0999999999999996 3.7 99.2481999999999
0.0999999999999996 3.8 108.5477
0.0999999999999996 3.9 119.3242
0.0999999999999996 4 131.6701
0.0999999999999996 4.1 145.6802
0.0999999999999996 4.2 161.4517
0.0999999999999996 4.3 179.0842
0.0999999999999996 4.4 198.6797
0.0999999999999996 4.5 220.3426
0.0999999999999996 4.6 244.1797
0.0999999999999996 4.7 270.3002
0.0999999999999996 4.8 298.8157
0.0999999999999996 4.9 329.8402
0.0999999999999996 5 363.4901

0.2 -5 585.9616
0.2 -4.9 547.7237
0.2 -4.8 512.1152
0.2 -4.7 479.0197
0.2 -4.6 448.3232
0.2 -4.5 419.9141
0.2 -4.4 393.6832
0.2 -4.3 369.5237
0.2 -4.2 347.3312
0.2 -4.1 327.0037
0.2 -4 308.4416
0.2 -3.9 291.5477
0.2 -3.8 276.2272
0.2 -3.7 262.3877
0.2 -3.6 249.9392
0.2 -3.5 238.7941
0.2 -3.4 228.8672
0.2 -3.3 220.0757
0.2 -3.2 212.3392
0.2 -3.1 205.5797
0.2 -3 199.7216
0.2 -2.9 194.6917
0.2 -2.8 190.4192
0.2 -2.7 186.8357
0.2 -2.6 183.8752
0.2 -2.5 181.4741
0.2 -2.4 179.5712
0.2 -2.3 178.1077
0.2 -2.2 177.0272
0.2 -2.1 176.2757
0.2 -2 175.8016
0.2 -1.9 175.5557
0.2 -1.8 175.4912
0.2 -1.7 175.5637
0.2 -1.6 175.7312
0.2 -1.5 175.9541
0.2 -1.4 176.1952
0.2 -1.3 176.4197
0.2 -1.2 176.5952
0.2 -1.1 176.6917
0.2 -1 176.6816
0.2 -0.9 176.5397
0.2 -0.8 176.2432
0.2 -0.7 175.7717
0.2 -0.6 175.1072
0.2 -0.5 174.2341
0.2 -0.4 173.1392
0.2 -0.3 171.8117
0.2 -0.2 170.2432
0.2 -0.0999999999999996 168.4277
0.2 0 166.3616
0.2 0.0999999999999996 164.0437
0.2 0.2 161.4752
0.2 0.3 158.6597
0.2 0.4 155.6032
0.2 0.5 152.3141
0.2 0.6 148.8032
0.2 0.7 145.0837
0.2 0.8 141.1712
0.2 0.9 137.0837
0.2 1 132.8416
0.2 1.1 128.4677
0.2 1.2 123.9872
0.2 1.3 119.4277
0.2 1.4 114.8192
0.2 1.5 110.1941
0.2 1.6 105.5872
0.2 1.7 101.0357
0.2 1.8 96.5792
0.2 1.9 92.2597
0.2 2 88.1216
0.2 2.1 84.2117
0.2 2.2 80.5792
0.2 2.3 77.2757
0.2 2.4 74.3552
0.2 2.5 71.8741
0.2 2.6 69.8912
0.2 2.7 68.4677
0.2 2.8 67.6672
0.2 2.9 67.5557
0.2 3 68.2016
0.2 3.1 69.6757
0.2 3.2 72.0512
0.2 3.3 75.4037
0.2 3.4 79.8112
0.2 3.5 85.3541
0.2 3.6 92.1152
0.2 3.7 100.1797
0.2 3.8 109.6352
0.2 3.9 120.5717
0.2 4 133.0816
0.2 4.1 147.2597
0.2 4.2 163.2032
0.2 4.3 181.0117
0.2 4.4 200.7872
0.2 4.5 222.6341
0.2 4.6 246.6592
0.2 4.7 272.9717
0.2 4.8 301.6832
0.2 4.9 332.9077
0.2 5 366.7616

0.3 -5 588.0181
0.3 -4.9 549.5922
0.3 -4.8 513.7997
0.3 -4.7 480.5242
0.3 -4.6 449.6517
0.3 -4.5 421.0706
0.3 -4.4 394.6717
0.3 -4.3 370.3482
0.3 -4.2 347.9957
0.3 -4.1 327.5122
0.3 -4 308.7981
0.3 -3.9 291.7562
0.3 -3.8 276.2917
0.3 -3.7 262.3122
0.3 -3.6 249.7277
0.3 -3.5 238.4506
0.3 -3.4 228.3957
0.3 -3.3 219.4802
0.3 -3.2 211.6237
0.3 -3.1 204.7482
0.3 -3 198.7781
0.3 -2.9 193.6402
0.3 -2.8 189.2637
0.3 -2.7 185.5802
0.3 -2.6 182.5237
0.3 -2.5 180.0306
0.3 -2.4 178.0397
0.3 -2.3 176.4922
0.3 -2.2 175.3317
0.3 -2.1 174.5042
0.3 -2 173.9581
0.3 -1.9 173.6442
0.3 -1.8 173.5157
0.3 -1.7 173.5282
0.3 -1.6 173.6397
0.3 -1.5 173.8106
0.3 -1.4 174.0037
0.3 -1.3 174.1842
0.3 -1.2 174.3197
0.3 -1.1 174.3802
0.3 -1 174.3381
0.3 -0.9 174.1682
0.3 -0.8 173.8477
0.3 -0.7 173.3562
0.3 -0.6 172.6757
0.3 -0.5 171.7906
0.3 -0.4 170.6877
0.3 -0.3 169.3562
0.3 -0.2 167.7877
0.3 -0.0999999999999996 165.9762
0.3 0 163.9181
0.3 0.0999999999999996 161.6122
0.3 0.2 159.0597
0.3 0.3 156.2642
0.3 0.4 153.2317
0.3 0.5 149.9706
0.3 0.6 146.4917
0.3 0.7 142.8082
0.3 0.8 138.9357
0.3 0.9 134.8922
0.3 1 130.6981
0.3 1.1 126.3762
0.3 1.2 121.9517
0.3 1.3 117.4522
0.3 1.4 112.9077
0.3 1.5 108.3506
0.3 1.6 103.8157
0.3 1.7 99.3402
0.3 1.8 94.9637
0.3 1.9 90.7282
0.3 2 86.6781
0.3 2.1 82.8602
0.3 2.2 79.3237
0.3 2.3 76.1202
0.3 2.4 73.3037
0.3 2.5 70.9306
0.3 2.6 69.0597
0.3 2.7 67.7522
0.3 2.8 67.0717
0.3 2.9 67.0842
0.3 3 67.8581
0.3 3.1 69.4642
0.3 3.2 71.9757
0.3 3.3 75.4682
0.3 3.4 80.0197
0.3 3.5 85.7106
0.3 3.6 92.6237
0.3 3.7 100.8442
0.3 3.8 110.4597
0.3 3.9 121.5602
0.3 4 134.2381
0.3 4.1 148.5882
0.3 4.2 164.7077
0.3 4.3 182.6962
0.3 4.4 202.6557
0.3 4.5 224.6906
0.3 4.6 248.9077
0.3 4.7 275.4162
0.3 4.8 304.3277
0.3 4.9 335.7562
0.3 5 369.8181

0.4 -5 589.4656
0.4 -4.9 550.8557
0.4 -4.8 514.8832
0.4 -4.7 481.4317
0.4 -4.6 450.3872
0.4 -4.5 421.6381
0.4 -4.4 395.0752
0.4 -4.3 370.5917
0.4 -4.2 348.0832
0.4 -4.1 327.4477
0.4 -4 308.5856
0.4 -3.9 291.3997
0.4 -3.8 275.7952
0.4 -3.7 261.6797
0.4 -3.6 248.9632
0.4 -3.5 237.5581
0.4 -3.4 227.3792
0.4 -3.3 218.3437
0.4 -3.2 210.3712
0.4 -3.1 203.3837
0.4 -3 197.3056
0.4 -2.9 192.0637
0.4 -2.8 187.5872
0.4 -2.7 183.8077
0.4 -2.6 180.6592
0.4 -2.5 178.0781
0.4 -2.4 176.0032
0.4 -2.3 174.3757
0.4 -2.2 173.1392
0.4 -2.1 172.2397
0.4 -2 171.6256
0.4 -1.9 171.2477
0.4 -1.8 171.0592
0.4 -1.7 171.0157
0.4 -1.6 171.0752
0.4 -1.5 171.1981
0.4 -1.4 171.3472
0.4 -1.3 171.4877
0.4 -1.2 171.5872
0.4 -1.1 171.6157
0.4 -1 171.5456
0.4 -0.9 171.3517
0.4 -0.8 171.0112
0.4 -0.7 170.5037
0.4 -0.6 169.8112
0.4 -0.5 168.9181
0.4 -0.4 167.8112
0.4 -0.3 166.4797
0.4 -0.2 164.9152
0.4 -0.0999999999999996 163.1117
0.4 0 161.0656
0.4 0.0999999999999996 158.7757
0.4 0.2 156.2432
0.4 0.3 153.4717
0.4 0.4 150.4672
0.4 0.5 147.2381
0.4 0.6 143.7952
0.4 0.7 140.1517
0.4 0.8 136.3232
0.4 0.9 132.3277
0.4 1 128.1856
0.4 1.1 123.9197
0.4 1.2 119.5552
0.4 1.3 115.1197
0.4 1.4 110.6432
0.4 1.5 106.1581
0.4 1.6 101.6992
0.4 1.7 97.3037
0.4 1.8 93.0112
0.4 1.9 88.8637
0.4 2 84.9056
0.4 2.1 81.1837
0.4 2.2 77.7472
0.4 2.3 74.6477
0.4 2.4 71.9392
0.4 2.5 69.6781
0.4 2.6 67.9232
0.4 2.7 66.7357
0.4 2.8 66.1792
0.4 2.9 66.3197
0.4 3 67.2256
0.4 3.1 68.9677
0.4 3.2 71.6192
0.4 3.3 75.2557
0.4 3.4 79.9552
0.4 3.5 85.7981
0.4 3.6 92.8672
0.4 3.7 101.2477
0.4 3.8 111.0272
0.4 3.9 122.2957
0.4 4 135.1456
0.4 4.1 149.6717
0.4 4.2 165.9712
0.4 4.3 184.1437
0.4 4.4 204.2912
0.4 4.5 226.5181
0.4 4.6 250.9312
0.4 4.7 277.6397
0.4 4.8 306.7552
0.4 4.9 338.3917
0.4 5 372.6656

0.5 -5 590.3125
0.5 -4.9 551.5226
0.5 -4.8 515.3741
0.5 -4.7 481.7506
0.5 -4.6 450.5381
0.5 -4.5 421.625
0.5 -4.4 394.9021
0.5 -4.3 370.2626
0.5 -4.2 347.6021
0.5 -4.1 326.8186
0.5 -4 307.8125
0.5 -3.9 290.4866
0.5 -3.8 274.7461
0.5 -3.7 260.4986
0.5 -3.6 247.6541
0.5 -3.5 236.125
0.5 -3.4 225.8261
0.5 -3.3 216.6746
0.5 -3.2 208.5901
0.5 -3.1 201.4946
0.5 -3 195.3125
0.5 -2.9 189.9706
0.5 -2.8 185.3981
0.5 -2.7 181.5266
0.5 -2.6 178.2901
0.5 -2.5 175.625
0.5 -2.4 173.4701
0.5 -2.3 171.7666
0.5 -2.2 170.4581
0.5 -2.1 169.4906
0.5 -2 168.8125
0.5 -1.9 168.3746
0.5 -1.8 168.1301
0.5 -1.7 168.0346
0.5 -1.6 168.0461
0.5 -1.5 168.125
0.5 -1.4 168.2341
0.5 -1.3 168.3386
0.5 -1.2 168.4061
0.5 -1.1 168.4066
0.5 -1 168.3125
0.5 -0.9 168.0986
0.5 -0.8 167.7421
0.5 -0.7 167.2226
0.5 -0.6 166.5221
0.5 -0.5 165.625
0.5 -0.4 164.5181
0.5 -0.3 163.1906
0.5 -0.2 161.6341
0.5 -0.0999999999999996 159.8426
0.5 0 157.8125
0.5 0.0999999999999996 155.5426
0.5 0.2 153.0341
0.5 0.3 150.2906
0.5 0.4 147.3181
0.5 0.5 144.125
0.5 0.6 140.7221
0.5 0.7 137.1226
0.5 0.8 133.3421
0.5 0.9 129.3986
0.5 1 125.3125
0.5 1.1 121.1066
0.5 1.2 116.8061
0.5 1.3 112.4386
0.5 1.4 108.0341
0.5 1.5 103.625
0.5 1.6 99.2461
0.5 1.7 94.9346
0.5 1.8 90.7301
0.5 1.9 86.6746
0.5 2 82.8125
0.5 2.1 79.1906
0.5 2.2 75.8581
0.5 2.3 72.8666
0.5 2.4 70.2701
0.5 2.5 68.125
0.5 2.6 66.4901
0.5 2.7 65.4266
0.5 2.8 64.9981
0.5 2.9 65.2706
0.5 3 66.3125
0.5 3.1 68.1946
0.5 3.2 70.9901
0.5 3.3 74.7746
0.5 3.4 79.6261
0.5 3.5 85.625
0.5 3.6 92.8541
0.5 3.7 101.3986
0.5 3.8 111.3461
0.5 3.9 122.7866
0.5 4 135.8125
0.5 4.1 150.5186
0.5 4.2 167.0021
0.5 4.3 185.3626
0.5 4.4 205.7021
0.5 4.5 228.125
0.5 4.6 252.7381
0.5 4.7 279.6506
0.5 4.8 308.9741
0.5 4.9 340.8226
0.5 5 375.3125

0.6 -5 590.5696
0.6 -4.9 551.6037
0.6 -4.8 515.2832
0.6 -4.7 481.4917
0.6 -4.6 450.1152
0.6 -4.5 421.0421
0.6 -4.4 394.1632
0.6 -4.3 369.3717
0.6 -4.2 346.5632
0.6 -4.1 325.6357
0.6 -4 306.4896
0.6 -3.9 289.0277
0.6 -3.8 273.1552
0.6 -3.7 258.7797
0.6 -3.6 245.8112
0.6 -3.5 234.1621
0.6 -3.4 223.7472
0.6 -3.3 214.4837
0.6 -3.2 206.2912
0.6 -3.1 199.0917
0.6 -3 192.8096
0.6 -2.9 187.3717
0.6 -2.8 182.7072
0.6 -2.7 178.7477
0.6 -2.6 175.4272
0.6 -2.5 172.6821
0.6 -2.4 170.4512
0.6 -2.3 168.6757
0.6 -2.2 167.2992
0.6 -2.1 166.2677
0.6 -2 165.5296
0.6 -1.9 165.0357
0.6 -1.8 164.7392
0.6 -1.7 164.5957
0.6 -1.6 164.5632
0.6 -1.5 164.6021
0.6 -1.4 164.6752
0.6 -1.3 164.7477
0.6 -1.2 164.7872
0.6 -1.1 164.7637
0.6 -1 164.6496
0.6 -0.9 164.4197
0.6 -0.8 164.0512
0.6 -0.7 163.5237
0.6 -0.6 162.8192
0.6 -0.5 161.9221
0.6 -0.4 160.8192
0.6 -0.3 159.4997
0.6 -0.2 157.9552
0.6 -0.0999999999999996 156.1797
0.6 0 154.1696
0.6 0.0999999999999996 151.9237
0.6 0.2 149.4432
0.6 0.3 146.7317
0.6 0.4 143.7952
0.6 0.5 140.6421
0.6 0.6 137.2832
0.6 0.7 133.7317
0.6 0.8 130.0032
0.6 0.9 126.1157
0.6 1 122.0896
0.6 1.1 117.9477
0.6 1.2 113.7152
0.6 1.3 109.4197
0.6 1.4 105.0912
0.6 1.5 100.7621
0.6 1.6 96.4672
0.6 1.7 92.2437
0.6 1.8 88.1312
0.6 1.9 84.1717
0.6 2 80.4096
0.6 2.1 76.8917
0.6 2.2 73.6672
0.6 2.3 70.7877
0.6 2.4 68.3072
0.6 2.5 66.2821
0.6 2.6 64.7712
0.6 2.7 63.8357
0.6 2.8 63.5392
0.6 2.9 63.9477
0.6 3 65.1296
0.6 3.1 67.1557
0.6 3.2 70.0992
0.6 3.3 74.0357
0.6 3.4 79.0432
0.6 3.5 85.2021
0.6 3.6 92.5952
0.6 3.7 101.3077
0.6 3.8 111.4272
0.6 3.9 123.0437
0.6 4 136.2496
0.6 4.1 151.1397
0.6 4.2 167.8112
0.6 4.3 186.3637
0.6 4.4 206.8992
0.6 4.5 229.5221
0.6 4.6 254.3392
0.6 4.7 281.4597
0.6 4.8 310.9952
0.6 4.9 343.0597
0.6 5 377.7696

0.7 -5 590.2501
0.7 -4.9 551.1122
0.7 -4.8 514.6237
0.7 -4.7 480.6682
0.7 -4.6 449.1317
0.7 -4.5 419.9026
0.7 -4.4 392.8717
0.7 -4.3 367.9322
0.7 -4.2 344.9797
0.7 -4.1 323.9122
0.7 -4 304.6301
0.7 -3.9 287.0362
0.7 -3.8 271.0357
0.7 -3.7 256.5362
0.7 -3.6 243.4477
0.7 -3.5 231.6826
0.7 -3.4 221.1557
0.7 -3.3 211.7842
0.7 -3.2 203.4877
0.7 -3.1 196.1882
0.7 -3 189.8101
0.7 -2.9 184.2802
0.7 -2.8 179.5277
0.7 -2.7 175.4842
0.7 -2.6 172.0837
0.7 -2.5 169.2626
0.7 -2.4 166.9597
0.7 -2.3 165.1162
0.7 -2.2 163.6757
0.7 -2.1 162.5842
0.7 -2 161.7901
0.7 -1.9 161.2442
0.7 -1.8 160.8997
0.7 -1.7 160.7122
0.7 -1.6 160.6397
0.7 -1.5 160.6426
0.7 -1.4 160.6837
0.7 -1.3 160.7282
0.7 -1.2 160.7437
0.7 -1.1 160.7002
0.7 -1 160.5701
0.7 -0.9 160.3282
0.7 -0.8 159.9517
0.7 -0.7 159.4202
0.7 -0.6 158.7157
0.7 -0.5 157.8226
0.7 -0.4 156.7277
0.7 -0.3 155.4202
0.7 -0.2 153.8917
0.7 -0.0999999999999996 152.1362
0.7 0 150.1501
0.7 0.0999999999999996 147.9322
0.7 0.2 145.4837
0.7 0.3 142.8082
0.7 0.4 139.9117
0.7 0.5 136.8026
0.7 0.6 133.4917
0.7 0.7 129.9922
0.7 0.8 126.3197
0.7 0.9 122.4922
0.7 1 118.5301
0.7 1.1 114.4562
0.7 1.2 110.2957
0.7 1.3 106.0762
0.7 1.4 101.8277
0.7 1.5 97.5826
0.7 1.6 93.3757
0.7 1.7 89.2442
0.7 1.8 85.2277
0.7 1.9 81.3682
0.7 2 77.7101
0.7 2.1 74.3002
0.7 2.2 71.1877
0.7 2.3 68.4242
0.7 2.4 66.0637
0.7 2.5 64.1626
0.7 2.6 62.7797
0.7 2.7 61.9762
0.7 2.8 61.8157
0.7 2.9 62.3642
0.7 3 63.6901
0.7 3.1 65.8642
0.7 3.2 68.9597
0.7 3.3 73.0522
0.7 3.4 78.2197
0.7 3.5 84.5426
0.7 3.6 92.1036999999999
0.7 3.7 100.9882
0.7 3.8 111.2837
0.7 3.9 123.0802
0.7 4 136.4701
0.7 4.1 151.5482
0.7 4.2 168.4117
0.7 4.3 187.1602
0.7 4.4 207.8957
0.7 4.5 230.7226
0.7 4.6 255.7477
0.7 4.7 283.0802
0.7 4.8 312.8317
0.7 4.9 345.1162
0.7 5 380.0501

0.8 -5 589.3696
0.8 -4.9 550.0637
0.8 -4.8 513.4112
0.8 -4.7 479.2957
0.8 -4.6 447.6032
0.8 -4.5 418.2221
0.8 -4.4 391.0432
0.8 -4.3 365.9597
0.8 -4.2 342.8672
0.8 -4.1 321.6637
0.8 -4 302.2496
0.8 -3.9 284.5277
0.8 -3.8 268.4032
0.8 -3.7 253.7837
0.8 -3.6 240.5792
0.8 -3.5 228.7021
0.8 -3.4 218.0672
0.8 -3.3 208.5917
0.8 -3.2 200.1952
0.8 -3.1 192.7997
0.8 -3 186.3296
0.8 -2.9 180.7117
0.8 -2.8 175.8752
0.8 -2.7 171.7517
0.8 -2.6 168.2752
0.8 -2.5 165.3821
0.8 -2.4 163.0112
0.8 -2.3 161.1037
0.8 -2.2 159.6032
0.8 -2.1 158.4557
0.8 -2 157.6096
0.8 -1.9 157.0157
0.8 -1.8 156.6272
0.8 -1.7 156.3997
0.8 -1.6 156.2912
0.8 -1.5 156.2621
0.8 -1.4 156.2752
0.8 -1.3 156.2957
0.8 -1.2 156.2912
0.8 -1.1 156.2317
0.8 -1 156.0896
0.8 -0.9 155.8397
0.8 -0.8 155.4592
0.8 -0.7 154.9277
0.8 -0.6 154.2272
0.8 -0.5 153.3421
0.8 -0.4 152.2592
0.8 -0.3 150.9677
0.8 -0.2 149.4592
0.8 -0.0999999999999996 147.7277
0.8 0 145.7696
0.8 0.0999999999999996 143.5837
0.8 0.2 141.1712
0.8 0.3 138.5357
0.8 0.4 135.6832
0.8 0.5 132.6221
0.8 0.6 129.3632
0.8 0.7 125.9197
0.8 0.8 122.3072
0.8 0.9 118.5437
0.8 1 114.6496
0.8 1.1 110.6477
0.8 1.2 106.5632
0.8 1.3 102.4237
0.8 1.4 98.2592
0.8 1.5 94.1021
0.8 1.6 89.9872
0.8 1.7 85.9517
0.8 1.8 82.0352
0.8 1.9 78.2797
0.8 2 74.7296
0.8 2.1 71.4317
0.8 2.2 68.4352
0.8 2.3 65.7917
0.8 2.4 63.5552
0.8 2.5 61.7821
0.8 2.6 60.5312
0.8 2.7 59.8637
0.8 2.8 59.8432
0.8 2.9 60.5357
0.8 3 62.0096
0.8 3.1 64.3357
0.8 3.2 67.5872
0.8 3.3 71.8397
0.8 3.4 77.1712
0.8 3.5 83.6621
0.8 3.6 91.3952
0.8 3.7 100.4557
0.8 3.8 110.9312
0.8 3.9 122.9117
0.8 4 136.4896
0.8 4.1 151.7597
0.8 4.2 168.8192
0.8 4.3 187.7677
0.8 4.4 208.7072
0.8 4.5 231.7421
0.8 4.6 256.9792
0.8 4.7 284.5277
0.8 4.8 314.4992
0.8 4.9 347.0077
0.8 5 382.1696

0.9 -5 587.9461
0.9 -4.9 548.4762
0.9 -4.8 511.6637
0.9 -4.7 477.3922
0.9 -4.6 445.5477
0.9 -4.5 416.0186
0.9 -4.4 388.6957
0.9 -4.3 363.4722
0.9 -4.2 340.2437
0.9 -4.1 318.9082
0.9 -4 299.3661
0.9 -3.9 281.5202
0.9 -3.8 265.2757
0.9 -3.7 250.5402
0.9 -3.6 237.2237
0.9 -3.5 225.2386
0.9 -3.4 214.4997
0.9 -3.3 204.9242
0.9 -3.2 196.4317
0.9 -3.1 188.9442
0.9 -3 182.3861
0.9 -2.9 176.6842
0.9 -2.8 171.7677
0.9 -2.7 167.5682
0.9 -2.6 164.0197
0.9 -2.5 161.0586
0.9 -2.4 158.6237
0.9 -2.3 156.6562
0.9 -2.2 155.0997
0.9 -2.1 153.9002
0.9 -2 153.0061
0.9 -1.9 152.3682
0.9 -1.8 151.9397
0.9 -1.7 151.6762
0.9 -1.6 151.5357
0.9 -1.5 151.4786
0.9 -1.4 151.4677
0.9 -1.3 151.4682
0.9 -1.2 151.4477
0.9 -1.1 151.3762
0.9 -1 151.2261
0.9 -0.9 150.9722
0.9 -0.8 150.5917
0.9 -0.7 150.0642
0.9 -0.6 149.3717
0.9 -0.5 148.4986
0.9 -0.4 147.4317
0.9 -0.3 146.1602
0.9 -0.2 144.6757
0.9 -0.0999999999999996 142.9722
0.9 0 141.0461
0.9 0.0999999999999996 138.8962
0.9 0.2 136.5237
0.9 0.3 133.9322
0.9 0.4 131.1277
0.9 0.5 128.1186
0.9 0.6 124.9157
0.9 0.7 121.5322
0.9 0.8 117.9837
0.9 0.9 114.2882
0.9 1 110.4661
0.9 1.1 106.5402
0.9 1.2 102.5357
0.9 1.3 98.4802
0.9 1.4 94.4037
0.9 1.5 90.3386
0.9 1.6 86.3197
0.9 1.7 82.3842
0.9 1.8 78.5717
0.9 1.9 74.9242
0.9 2 71.4861
0.9 2.1 68.3042
0.9 2.2 65.4277
0.9 2.3 62.9082
0.9 2.4 60.7997
0.9 2.5 59.1586
0.9 2.6 58.0437
0.9 2.7 57.5162
0.9 2.8 57.6397
0.9 2.9 58.4802
0.9 3 60.1061
0.9 3.1 62.5882
0.9 3.2 65.9997
0.9 3.3 70.4162
0.9 3.4 75.9157
0.9 3.5 82.5786
0.9 3.6 90.4877
0.9 3.7 99.7281999999999
0.9 3.8 110.3877
0.9 3.9 122.5562
0.9 4 136.3261
0.9 4.1 151.7922
0.9 4.2 169.0517
0.9 4.3 188.2042
0.9 4.4 209.3517
0.9 4.5 232.5986
0.9 4.6 258.0517
0.9 4.7 285.8202
0.9 4.8 316.0157
0.9 4.9 348.7522
0.9 5 384.1461

1 -5 586
1 -4.9 546.3701
1 -4.8 509.4016
1 -4.7 474.9781
1 -4.6 442.9856
1 -4.5 413.3125
1 -4.4 385.8496
1 -4.3 360.4901
1 -4.2 337.1296
1 -4.1 315.6661
1 -4 296
1 -3.9 278.0341
1 -3.8 261.6736
1 -3.7 246.8261
1 -3.6 233.4016
1 -3.5 221.3125
1 -3.4 210.4736
1 -3.3 200.8021
1 -3.2 192.2176
1 -3.1 184.6421
1 -3 178
1 -2.9 172.2181
1 -2.8 167.2256
1 -2.7 162.9541
1 -2.6 159.3376
1 -2.5 156.3125
1 -2.4 153.8176
1 -2.3 151.7941
1 -2.2 150.1856
1 -2.1 148.9381
1 -2 148
1 -1.9 147.3221
1 -1.8 146.8576
1 -1.7 146.5621
1 -1.6 146.3936
1 -1.5 146.3125
1 -1.4 146.2816
1 -1.3 146.2661
1 -1.2 146.2336
1 -1.1 146.1541
1 -1 146
1 -0.9 145.7461
1 -0.8 145.3696
1 -0.7 144.8501
1 -0.6 144.1696
1 -0.5 143.3125
1 -0.4 142.2656
1 -0.3 141.0181
1 -0.2 139.5616
1 -0.0999999999999996 137.8901
1 0 136
1 0.0999999999999996 133.8901
1 0.2 131.5616
1 0.3 129.0181
1 0.4 126.2656
1 0.5 123.3125
1 0.6 120.1696
1 0.7 116.8501
1 0.8 113.3696
1 0.9 109.7461
1 1 106
1 1.1 102.1541
1 1.2 98.2336
1 1.3 94.2661
1 1.4 90.2816
1 1.5 86.3125
1 1.6 82.3936
1 1.7 78.5621
1 1.8 74.8576
1 1.9 71.3221
1 2 68
1 2.1 64.9381
1 2.2 62.1856
1 2.3 59.7941
1 2.4 57.8176
1 2.5 56.3125
1 2.6 55.3376
1 2.7 54.9541
1 2.8 55.2256
1 2.9 56.2181
1 3 58
1 3.1 60.6421
1 3.2 64.2176
1 3.3 68.8021
1 3.4 74.4736
1 3.5 81.3125
1 3.6 89.4016
1 3.7 98.8260999999999
1 3.8 109.6736
1 3.9 122.0341
1 4 136
1 4.1 151.6661
1 4.2 169.1296
1 4.3 188.4901
1 4.4 209.8496
1 4.5 233.3125
1 4.6 258.9856
1 4.7 286.9781
1 4.8 317.4016
1 4.9 350.3701
1 5 386

1.1 -5 583.5541
1.1 -4.9 543.7682
1.1 -4.8 506.6477
1.1 -4.7 472.0762
1.1 -4.6 439.9397
1.1 -4.5 410.1266
1.1 -4.4 382.5277
1.1 -4.3 357.0362
1.1 -4.2 333.5477
1.1 -4.1 311.9602
1.1 -4 292.1741
1.1 -3.9 274.0922
1.1 -3.8 257.6197
1.1 -3.7 242.6642
1.1 -3.6 229.1357
1.1 -3.5 216.9466
1.1 -3.4 206.0117
1.1 -3.3 196.2482
1.1 -3.2 187.5757
1.1 -3.1 179.9162
1.1 -3 173.1941
1.1 -2.9 167.3362
1.1 -2.8 162.2717
1.1 -2.7 157.9322
1.1 -2.6 154.2517
1.1 -2.5 151.1666
1.1 -2.4 148.6157
1.1 -2.3 146.5402
1.1 -2.2 144.8837
1.1 -2.1 143.5922
1.1 -2 142.6141
1.1 -1.9 141.9002
1.1 -1.8 141.4037
1.1 -1.7 141.0802
1.1 -1.6 140.8877
1.1 -1.5 140.7866
1.1 -1.4 140.7397
1.1 -1.3 140.7122
1.1 -1.2 140.6717
1.1 -1.1 140.5882
1.1 -1 140.4341
1.1 -0.9 140.1842
1.1 -0.8 139.8157
1.1 -0.7 139.3082
1.1 -0.6 138.6437
1.1 -0.5 137.8066
1.1 -0.4 136.7837
1.1 -0.3 135.5642
1.1 -0.2 134.1397
1.1 -0.0999999999999996 132.5042
1.1 0 130.6541
1.1 0.0999999999999996 128.5882
1.1 0.2 126.3077
1.1 0.3 123.8162
1.1 0.4 121.1197
1.1 0.5 118.2266
1.1 0.6 115.1477
1.1 0.7 111.8962
1.1 0.8 108.4877
1.1 0.9 104.9402
1.1 1 101.2741
1.1 1.1 97.5122
1.1 1.2 93.6797
1.1 1.3 89.8042
1.1 1.4 85.9157
1.1 1.5 82.0466
1.1 1.6 78.2317
1.1 1.7 74.5082
1.1 1.8 70.9157
1.1 1.9 67.4962
1.1 2 64.2941
1.1 2.1 61.3562
1.1 2.2 58.7317
1.1 2.3 56.4722
1.1 2.4 54.6317
1.1 2.5 53.2666
1.1 2.6 52.4357
1.1 2.7 52.2002
1.1 2.8 52.6237
1.1 2.9 53.7722
1.1 3 55.7141
1.1 3.1 58.5202
1.1 3.2 62.2637
1.1 3.3 67.0202
1.1 3.4 72.8677
1.1 3.5 79.8866
1.1 3.6 88.1597
1.1 3.7 97.7721999999999
1.1 3.8 108.8117
1.1 3.9 121.3682
1.1 4 135.5341
1.1 4.1 151.4042
1.1 4.2 169.0757
1.1 4.3 188.6482
1.1 4.4 210.2237
1.1 4.5 233.9066
1.1 4.6 259.8037
1.1 4.7 288.0242
1.1 4.8 318.6797
1.1 4.9 351.8842
1.1 5 387.7541

1.2 -5 580.6336
1.2 -4.9 540.6957
1.2 -4.8 503.4272
1.2 -4.7 468.7117
1.2 -4.6 436.4352
1.2 -4.5 406.4861
1.2 -4.4 378.7552
1.2 -4.3 353.1357
1.2 -4.2 329.5232
1.2 -4.1 307.8157
1.2 -4 287.9136
1.2 -3.9 269.7197
1.2 -3.8 253.1392
1.2 -3.7 238.0797
1.2 -3.6 224.4512
1.2 -3.5 212.1661
1.2 -3.4 201.1392
1.2 -3.3 191.2877
1.2 -3.2 182.5312
1.2 -3.1 174.7917
1.2 -3 167.9936
1.2 -2.9 162.0637
1.2 -2.8 156.9312
1.2 -2.7 152.5277
1.2 -2.6 148.7872
1.2 -2.5 145.6461
1.2 -2.4 143.0432
1.2 -2.3 140.9197
1.2 -2.2 139.2192
1.2 -2.1 137.8877
1.2 -2 136.8736
1.2 -1.9 136.1277
1.2 -1.8 135.6032
1.2 -1.7 135.2557
1.2 -1.6 135.0432
1.2 -1.5 134.9261
1.2 -1.4 134.8672
1.2 -1.3 134.8317
1.2 -1.2 134.7872
1.2 -1.1 134.7037
1.2 -1 134.5536
1.2 -0.9 134.3117
1.2 -0.8 133.9552
1.2 -0.7 133.4637
1.2 -0.6 132.8192
1.2 -0.5 132.0061
1.2 -0.4 131.0112
1.2 -0.3 129.8237
1.2 -0.2 128.4352
1.2 -0.0999999999999996 126.8397
1.2 0 125.0336
1.2 0.0999999999999996 123.0157
1.2 0.2 120.7872
1.2 0.3 118.3517
1.2 0.4 115.7152
1.2 0.5 112.8861
1.2 0.6 109.8752
1.2 0.7 106.6957
1.2 0.8 103.3632
1.2 0.9 99.8957
1.2 1 96.3136
1.2 1.1 92.6397
1.2 1.2 88.8992
1.2 1.3 85.1197
1.2 1.4 81.3312
1.2 1.5 77.5661
1.2 1.6 73.8592
1.2 1.7 70.2477
1.2 1.8 66.7712
1.2 1.9 63.4717
1.2 2 60.3936
1.2 2.1 57.5837
1.2 2.2 55.0912
1.2 2.3 52.9677
1.2 2.4 51.2672
1.2 2.5 50.0461
1.2 2.6 49.3632
1.2 2.7 49.2797
1.2 2.8 49.8592
1.2 2.9 51.1677
1.2 3 53.2736
1.2 3.1 56.2477
1.2 3.2 60.1632
1.2 3.3 65.0957
1.2 3.4 71.1232
1.2 3.5 78.3261
1.2 3.6 86.7872
1.2 3.7 96.5916999999999
1.2 3.8 107.8272
1.2 3.9 120.5837
1.2 4 134.9536
1.2 4.1 151.0317
1.2 4.2 168.9152
1.2 4.3 188.7037
1.2 4.4 210.4992
1.2 4.5 234.4061
1.2 4.6 260.5312
1.2 4.7 288.9837
1.2 4.8 319.8752
1.2 4.9 353.3197
1.2 5 389.4336

1.3 -5 577.2661
1.3 -4.9 537.1802
1.3 -4.8 499.7677
1.3 -4.7 464.9122
1.3 -4.6 432.4997
1.3 -4.5 402.4186
1.3 -4.4 374.5597
1.3 -4.3 348.8162
1.3 -4.2 325.0837
1.3 -4.1 303.2602
1.3 -4 283.2461
1.3 -3.9 264.9442
1.3 -3.8 248.2597
1.3 -3.7 233.1002
1.3 -3.6 219.3757
1.3 -3.5 206.9986
1.3 -3.4 195.8837
1.3 -3.3 185.9482
1.3 -3.2 177.1117
1.3 -3.1 169.2962
1.3 -3 162.4261
1.3 -2.9 156.4282
1.3 -2.8 151.2317
1.3 -2.7 146.7682
1.3 -2.6 142.9717
1.3 -2.5 139.7786
1.3 -2.4 137.1277
1.3 -2.3 134.9602
1.3 -2.2 133.2197
1.3 -2.1 131.8522
1.3 -2 130.8061
1.3 -1.9 130.0322
1.3 -1.8 129.4837
1.3 -1.7 129.1162
1.3 -1.6 128.8877
1.3 -1.5 128.7586
1.3 -1.4 128.6917
1.3 -1.3 128.6522
1.3 -1.2 128.6077
1.3 -1.1 128.5282
1.3 -1 128.3861
1.3 -0.9 128.1562
1.3 -0.8 127.8157
1.3 -0.7 127.3442
1.3 -0.6 126.7237
1.3 -0.5 125.9386
1.3 -0.4 124.9757
1.3 -0.3 123.8242
1.3 -0.2 122.4757
1.3 -0.0999999999999996 120.9242
1.3 0 119.1661
1.3 0.0999999999999996 117.2002
1.3 0.2 115.0277
1.3 0.3 112.6522
1.3 0.4 110.0797
1.3 0.5 107.3186
1.3 0.6 104.3797
1.3 0.7 101.2762
1.3 0.8 98.0237
1.3 0.9 94.6402
1.3 1 91.1461
1.3 1.1 87.5642
1.3 1.2 83.9197
1.3 1.3 80.2402
1.3 1.4 76.5557
1.3 1.5 72.8986
1.3 1.6 69.3037
1.3 1.7 65.8082
1.3 1.8 62.4517
1.3 1.9 59.2762
1.3 2 56.3261
1.3 2.1 53.6482
1.3 2.2 51.2917
1.3 2.3 49.3082
1.3 2.4 47.7517
1.3 2.5 46.6786
1.3 2.6 46.1477
1.3 2.7 46.2202
1.3 2.8 46.9597
1.3 2.9 48.4322
1.3 3 50.7061
1.3 3.1 53.8522
1.3 3.2 57.9437
1.3 3.3 63.0562
1.3 3.4 69.2677
1.3 3.5 76.6586
1.3 3.6 85.3117
1.3 3.7 95.3121999999999
1.3 3.8 106.7477
1.3 3.9 119.7082
1.3 4 134.2861
1.3 4.1 150.5762
1.3 4.2 168.6757
1.3 4.3 188.6842
1.3 4.4 210.7037
1.3 4.5 234.8386
1.3 4.6 261.1957
1.3 4.7 289.8842
1.3 4.8 321.0157
1.3 4.9 354.7042
1.3 5 391.0661

1.4 -5 573.4816
1.4 -4.9 533.2517
1.4 -4.8 495.6992
1.4 -4.7 460.7077
1.4 -4.6 428.1632
1.4 -4.5 397.9541
1.4 -4.4 369.9712
1.4 -4.3 344.1077
1.4 -4.2 320.2592
1.4 -4.1 298.3237
1.4 -4 278.2016
1.4 -3.9 259.7957
1.4 -3.8 243.0112
1.4 -3.7 227.7557
1.4 -3.6 213.9392
1.4 -3.5 201.4741
1.4 -3.4 190.2752
1.4 -3.3 180.2597
1.4 -3.2 171.3472
1.4 -3.1 163.4597
1.4 -3 156.5216
1.4 -2.9 150.4597
1.4 -2.8 145.2032
1.4 -2.7 140.6837
1.4 -2.6 136.8352
1.4 -2.5 133.5941
1.4 -2.4 130.8992
1.4 -2.3 128.6917
1.4 -2.2 126.9152
1.4 -2.1 125.5157
1.4 -2 124.4416
1.4 -1.9 123.6437
1.4 -1.8 123.0752
1.4 -1.7 122.6917
1.4 -1.6 122.4512
1.4 -1.5 122.3141
1.4 -1.4 122.2432
1.4 -1.3 122.2037
1.4 -1.2 122.1632
1.4 -1.1 122.0917
1.4 -1 121.9616
1.4 -0.9 121.7477
1.4 -0.8 121.4272
1.4 -0.7 120.9797
1.4 -0.6 120.3872
1.4 -0.5 119.6341
1.4 -0.4 118.7072
1.4 -0.3 117.5957
1.4 -0.2 116.2912
1.4 -0.0999999999999996 114.7877
1.4 0 113.0816
1.4 0.0999999999999996 111.1717
1.4 0.2 109.0592
1.4 0.3 106.7477
1.4 0.4 104.2432
1.4 0.5 101.5541
1.4 0.6 98.6912
1.4 0.7 95.6677
1.4 0.8 92.4992
1.4 0.9 89.2037
1.4 1 85.8016
1.4 1.1 82.3157
1.4 1.2 78.7712
1.4 1.3 75.1957
1.4 1.4 71.6192
1.4 1.5 68.0741
1.4 1.6 64.5952
1.4 1.7 61.2197
1.4 1.8 57.9872
1.4 1.9 54.9397
1.4 2 52.1216
1.4 2.1 49.5797
1.4 2.2 47.3632
1.4 2.3 45.5237
1.4 2.4 44.1152
1.4 2.5 43.1941
1.4 2.6 42.8192
1.4 2.7 43.0517
1.4 2.8 43.9552
1.4 2.9 45.5957
1.4 3 48.0416
1.4 3.1 51.3637
1.4 3.2 55.6352
1.4 3.3 60.9317
1.4 3.4 67.3312
1.4 3.5 74.9141
1.4 3.6 83.7632
1.4 3.7 93.9636999999999
1.4 3.8 105.6032
1.4 3.9 118.7717
1.4 4 133.5616
1.4 4.1 150.0677
1.4 4.2 168.3872
1.4 4.3 188.6197
1.4 4.4 210.8672
1.4 4.5 235.2341
1.4 4.6 261.8272
1.4 4.7 290.7557
1.4 4.8 322.1312
1.4 4.9 356.0677
1.4 5 392.6816

1.5 -5 569.3125
1.5 -4.9 528.9426
1.5 -4.8 491.2541
1.5 -4.7 456.1306
1.5 -4.6 423.4581
1.5 -4.5 393.125
1.5 -4.4 365.0221
1.5 -4.3 339.0426
1.5 -4.2 315.0821
1.5 -4.1 293.0386
1.5 -4 272.8125
1.5 -3.9 254.3066
1.5 -3.8 237.4261
1.5 -3.7 222.0786
1.5 -3.6 208.1741
1.5 -3.5 195.625
1.5 -3.4 184.3461
1.5 -3.3 174.2546
1.5 -3.2 165.2701
1.5 -3.1 157.3146
1.5 -3 150.3125
1.5 -2.9 144.1906
1.5 -2.8 138.8781
1.5 -2.7 134.3066
1.5 -2.6 130.4101
1.5 -2.5 127.125
1.5 -2.4 124.3901
1.5 -2.3 122.1466
1.5 -2.2 120.3381
1.5 -2.1 118.9106
1.5 -2 117.8125
1.5 -1.9 116.9946
1.5 -1.8 116.4101
1.5 -1.7 116.0146
1.5 -1.6 115.7661
1.5 -1.5 115.625
1.5 -1.4 115.5541
1.5 -1.3 115.5186
1.5 -1.2 115.4861
1.5 -1.1 115.4266
1.5 -1 115.3125
1.5 -0.9 115.1186
1.5 -0.8 114.8221
1.5 -0.7 114.4026
1.5 -0.6 113.8421
1.5 -0.5 113.125
1.5 -0.4 112.2381
1.5 -0.3 111.1706
1.5 -0.2 109.9141
1.5 -0.0999999999999996 108.4626
1.5 0 106.8125
1.5 0.0999999999999996 104.9626
1.5 0.2 102.9141
1.5 0.3 100.6706
1.5 0.4 98.2381
1.5 0.5 95.625
1.5 0.6 92.8421
1.5 0.7 89.9026
1.5 0.8 86.8221
1.5 0.9 83.6186
1.5 1 80.3125
1.5 1.1 76.9266
1.5 1.2 73.4861
1.5 1.3 70.0186
1.5 1.4 66.5541
1.5 1.5 63.125
1.5 1.6 59.7661
1.5 1.7 56.5146
1.5 1.8 53.4101
1.5 1.9 50.4946
1.5 2 47.8125
1.5 2.1 45.4106
1.5 2.2 43.3381
1.5 2.3 41.6466
1.5 2.4 40.3901
1.5 2.5 39.625
1.5 2.6 39.4101
1.5 2.7 39.8066
1.5 2.8 40.8781
1.5 2.9 42.6906
1.5 3 45.3125
1.5 3.1 48.8146
1.5 3.2 53.2701
1.5 3.3 58.7546
1.5 3.4 65.3461
1.5 3.5 73.125
1.5 3.6 82.1741
1.5 3.7 92.5785999999999
1.5 3.8 104.4261
1.5 3.9 117.8066
1.5 4 132.8125
1.5 4.1 149.5386
1.5 4.2 168.0821
1.5 4.3 188.5426
1.5 4.4 211.0221
1.5 4.5 235.625
1.5 4.6 262.4581
1.5 4.7 291.6306
1.5 4.8 323.2541
1.5 4.9 357.4426
1.5 5 394.3125

1.6 -5 564.7936
1.6 -4.9 524.2877
1.6 -4.8 486.4672
1.6 -4.7 451.2157
1.6 -4.6 418.4192
1.6 -4.5 387.9661
1.6 -4.4 359.7472
1.6 -4.3 333.6557
1.6 -4.2 309.5872
1.6 -4.1 287.4397
1.6 -4 267.1136
1.6 -3.9 248.5117
1.6 -3.8 231.5392
1.6 -3.7 216.1037
1.6 -3.6 202.1152
1.6 -3.5 189.4861
1.6 -3.4 178.1312
1.6 -3.3 167.9677
1.6 -3.2 158.9152
1.6 -3.1 150.8957
1.6 -3 143.8336
1.6 -2.9 137.6557
1.6 -2.8 132.2912
1.6 -2.7 127.6717
1.6 -2.6 123.7312
1.6 -2.5 120.4061
1.6 -2.4 117.6352
1.6 -2.3 115.3597
1.6 -2.2 113.5232
1.6 -2.1 112.0717
1.6 -2 110.9536
1.6 -1.9 110.1197
1.6 -1.8 109.5232
1.6 -1.7 109.1197
1.6 -1.6 108.8672
1.6 -1.5 108.7261
1.6 -1.4 108.6592
1.6 -1.3 108.6317
1.6 -1.2 108.6112
1.6 -1.1 108.5677
1.6 -1 108.4736
1.6 -0.9 108.3037
1.6 -0.8 108.0352
1.6 -0.7 107.6477
1.6 -0.6 107.1232
1.6 -0.5 106.4461
1.6 -0.4 105.6032
1.6 -0.3 104.5837
1.6 -0.2 103.3792
1.6 -0.0999999999999996 101.9837
1.6 0 100.3936
1.6 0.0999999999999996 98.6077
1.6 0.2 96.6272
1.6 0.3 94.4557
1.6 0.4 92.0992
1.6 0.5 89.5661
1.6 0.6 86.8672
1.6 0.7 84.0157
1.6 0.8 81.0272
1.6 0.9 77.9197
1.6 1 74.7136
1.6 1.1 71.4317
1.6 1.2 68.0992
1.6 1.3 64.7437
1.6 1.4 61.3952
1.6 1.5 58.0861
1.6 1.6 54.8512
1.6 1.7 51.7277
1.6 1.8 48.7552
1.6 1.9 45.9757
1.6 2 43.4336
1.6 2.1 41.1757
1.6 2.2 39.2512
1.6 2.3 37.7117
1.6 2.4 36.6112
1.6 2.5 36.0061
1.6 2.6 35.9552
1.6 2.7 36.5197
1.6 2.8 37.7632
1.6 2.9 39.7517
1.6 3 42.5536
1.6 3.1 46.2397
1.6 3.2 50.8832
1.6 3.3 56.5597
1.6 3.4 63.3472
1.6 3.5 71.3261
1.6 3.6 80.5792
1.6 3.7 91.1916999999999
1.6 3.8 103.2512
1.6 3.9 116.8477
1.6 4 132.0736
1.6 4.1 149.0237
1.6 4.2 167.7952
1.6 4.3 188.4877
1.6 4.4 211.2032
1.6 4.5 236.0461
1.6 4.6 263.1232
1.6 4.7 292.5437
1.6 4.8 324.4192
1.6 4.9 358.8637
1.6 5 395.9936

1.7 -5 559.9621
1.7 -4.9 519.3242
1.7 -4.8 481.3757
1.7 -4.7 446.0002
1.7 -4.6 413.0837
1.7 -4.5 382.5146
1.7 -4.4 354.1837
1.7 -4.3 327.9842
1.7 -4.2 303.8117
1.7 -4.1 281.5642
1.7 -4 261.1421
1.7 -3.9 242.4482
1.7 -3.8 225.3877
1.7 -3.7 209.8682
1.7 -3.6 195.7997
1.7 -3.5 183.0946
1.7 -3.4 171.6677
1.7 -3.3 161.4362
1.7 -3.2 152.3197
1.7 -3.1 144.2402
1.7 -3 137.1221
1.7 -2.9 130.8922
1.7 -2.8 125.4797
1.7 -2.7 120.8162
1.7 -2.6 116.8357
1.7 -2.5 113.4746
1.7 -2.4 110.6717
1.7 -2.3 108.3682
1.7 -2.2 106.5077
1.7 -2.1 105.0362
1.7 -2 103.9021
1.7 -1.9 103.0562
1.7 -1.8 102.4517
1.7 -1.7 102.0442
1.7 -1.6 101.7917
1.7 -1.5 101.6546
1.7 -1.4 101.5957
1.7 -1.3 101.5802
1.7 -1.2 101.5757
1.7 -1.1 101.5522
1.7 -1 101.4821
1.7 -0.9 101.3402
1.7 -0.8 101.1037
1.7 -0.7 100.7522
1.7 -0.6 100.2677
1.7 -0.5 99.6346
1.7 -0.4 98.8397
1.7 -0.3 97.8722
1.7 -0.2 96.7237
1.7 -0.0999999999999996 95.3882
1.7 0 93.8621
1.7 0.0999999999999996 92.1442
1.7 0.2 90.2357
1.7 0.3 88.1402
1.7 0.4 85.8637
1.7 0.5 83.4146
1.7 0.6 80.8037
1.7 0.7 78.0442
1.7 0.8 75.1517
1.7 0.9 72.1442
1.7 1 69.0421
1.7 1.1 65.8682
1.7 1.2 62.6477
1.7 1.3 59.4082
1.7 1.4 56.1797
1.7 1.5 52.9946
1.7 1.6 49.8877
1.7 1.7 46.8962
1.7 1.8 44.0597
1.7 1.9 41.4202
1.7 2 39.0221
1.7 2.1 36.9122
1.7 2.2 35.1397
1.7 2.3 33.7562
1.7 2.4 32.8157
1.7 2.5 32.3746
1.7 2.6 32.4917
1.7 2.7 33.2282
1.7 2.8 34.6477
1.7 2.9 36.8162
1.7 3 39.8021
1.7 3.1 43.6762
1.7 3.2 48.5116999999999
1.7 3.3 54.3842
1.7 3.4 61.3717
1.7 3.5 69.5546
1.7 3.6 79.0157
1.7 3.7 89.8401999999999
1.7 3.8 102.1157
1.7 3.9 115.9322
1.7 4 131.3821
1.7 4.1 148.5602
1.7 4.2 167.5637
1.7 4.3 188.4922
1.7 4.4 211.4477
1.7 4.5 236.5346
1.7 4.6 263.8597
1.7 4.7 293.5322
1.7 4.8 325.6637
1.7 4.9 360.3682
1.7 5 397.7621

1.8 -5 554.8576
1.8 -4.9 514.0917
1.8 -4.8 476.0192
1.8 -4.7 440.5237
1.8 -4.6 407.4912
1.8 -4.5 376.8101
1.8 -4.4 348.3712
1.8 -4.3 322.0677
1.8 -4.2 297.7952
1.8 -4.1 275.4517
1.8 -4 254.9376
1.8 -3.9 236.1557
1.8 -3.8 219.0112
1.8 -3.7 203.4117
1.8 -3.6 189.2672
1.8 -3.5 176.4901
1.8 -3.4 164.9952
1.8 -3.3 154.6997
1.8 -3.2 145.5232
1.8 -3.1 137.3877
1.8 -3 130.2176
1.8 -2.9 123.9397
1.8 -2.8 118.4832
1.8 -2.7 113.7797
1.8 -2.6 109.7632
1.8 -2.5 106.3701
1.8 -2.4 103.5392
1.8 -2.3 101.2117
1.8 -2.2 99.3312
1.8 -2.1 97.8437
1.8 -2 96.6976
1.8 -1.9 95.8437
1.8 -1.8 95.2352
1.8 -1.7 94.8277
1.8 -1.6 94.5792
1.8 -1.5 94.4501
1.8 -1.4 94.4032
1.8 -1.3 94.4037
1.8 -1.2 94.4192
1.8 -1.1 94.4197
1.8 -1 94.3776
1.8 -0.9 94.2677
1.8 -0.8 94.0672
1.8 -0.7 93.7557
1.8 -0.6 93.3152
1.8 -0.5 92.7301
1.8 -0.4 91.9872
1.8 -0.3 91.0757
1.8 -0.2 89.9872
1.8 -0.0999999999999996 88.7157
1.8 0 87.2576
1.8 0.0999999999999996 85.6117
1.8 0.2 83.7792
1.8 0.3 81.7637
1.8 0.4 79.5712
1.8 0.5 77.2101
1.8 0.6 74.6912
1.8 0.7 72.0277
1.8 0.8 69.2352
1.8 0.9 66.3317
1.8 1 63.3376
1.8 1.1 60.2757
1.8 1.2 57.1712
1.8 1.3 54.0517
1.8 1.4 50.9472
1.8 1.5 47.8901
1.8 1.6 44.9152
1.8 1.7 42.0597
1.8 1.8 39.3632
1.8 1.9 36.8677
1.8 2 34.6176
1.8 2.1 32.6597
1.8 2.2 31.0432
1.8 2.3 29.8197
1.8 2.4 29.0432
1.8 2.5 28.7701
1.8 2.6 29.0592
1.8 2.7 29.9717
1.8 2.8 31.5712
1.8 2.9 33.9237
1.8 3 37.0976
1.8 3.1 41.1637
1.8 3.2 46.1952
1.8 3.3 52.2677000000001
1.8 3.4 59.4592
1.8 3.5 67.8501
1.8 3.6 77.5232
1.8 3.7 88.5636999999999
1.8 3.8 101.0592
1.8 3.9 115.0997
1.8 4 130.7776
1.8 4.1 148.1877
1.8 4.2 167.4272
1.8 4.3 188.5957
1.8 4.4 211.7952
1.8 4.5 237.1301
1.8 4.6 264.7072
1.8 4.7 294.6357
1.8 4.8 327.0272
1.8 4.9 361.9957
1.8 5 399.6576

1.9 -5 549.5221
1.9 -4.9 508.6322
1.9 -4.8 470.4397
1.9 -4.7 434.8282
1.9 -4.6 401.6837
1.9 -4.5 370.8946
1.9 -4.4 342.3517
1.9 -4.3 315.9482
1.9 -4.2 291.5797
1.9 -4.1 269.1442
1.9 -4 248.5421
1.9 -3.9 229.6762
1.9 -3.8 212.4517
1.9 -3.7 196.7762
1.9 -3.6 182.5597
1.9 -3.5 169.7146
1.9 -3.4 158.1557
1.9 -3.3 147.8002
1.9 -3.2 138.5677
1.9 -3.1 130.3802
1.9 -3 123.1621
1.9 -2.9 116.8402
1.9 -2.8 111.3437
1.9 -2.7 106.6042
1.9 -2.6 102.5557
1.9 -2.5 99.1346
1.9 -2.4 96.2797
1.9 -2.3 93.9322
1.9 -2.2 92.0357
1.9 -2.1 90.5362
1.9 -2 89.3821
1.9 -1.9 88.5242
1.9 -1.8 87.9157
1.9 -1.7 87.5122
1.9 -1.6 87.2717
1.9 -1.5 87.1546
1.9 -1.4 87.1237
1.9 -1.3 87.1442
1.9 -1.2 87.1837
1.9 -1.1 87.2122
1.9 -1 87.2021
1.9 -0.9 87.1282
1.9 -0.8 86.9677
1.9 -0.7 86.7002
1.9 -0.6 86.3077
1.9 -0.5 85.7746
1.9 -0.4 85.0877
1.9 -0.3 84.2362
1.9 -0.2 83.2117
1.9 -0.0999999999999996 82.0082
1.9 0 80.6221
1.9 0.0999999999999996 79.0522
1.9 0.2 77.2997
1.9 0.3 75.3682
1.9 0.4 73.2637
1.9 0.5 70.9946
1.9 0.6 68.5717
1.9 0.7 66.0082
1.9 0.8 63.3197
1.9 0.9 60.5242
1.9 1 57.6421
1.9 1.1 54.6962
1.9 1.2 51.7117
1.9 1.3 48.7162
1.9 1.4 45.7397
1.9 1.5 42.8146
1.9 1.6 39.9757
1.9 1.7 37.2602
1.9 1.8 34.7077
1.9 1.9 32.3602
1.9 2 30.2621
1.9 2.1 28.4602
1.9 2.2 27.0037
1.9 2.3 25.9442
1.9 2.4 25.3357
1.9 2.5 25.2346
1.9 2.6 25.6997
1.9 2.7 26.7922
1.9 2.8 28.5757
1.9 2.9 31.1162
1.9 3 34.4821
1.9 3.1 38.7442
1.9 3.2 43.9756999999999
1.9 3.3 50.2522
1.9 3.4 57.6517
1.9 3.5 66.2546
1.9 3.6 76.1437
1.9 3.7 87.4041999999999
1.9 3.8 100.1237
1.9 3.9 114.3922
1.9 4 130.3021
1.9 4.1 147.9482
1.9 4.2 167.4277
1.9 4.3 188.8402
1.9 4.4 212.2877
1.9 4.5 237.8746
1.9 4.6 265.7077
1.9 4.7 295.8962
1.9 4.8 328.5517
1.9 4.9 363.7882
1.9 5 401.7221

2 -5 544
2 -4.9 502.9901
2 -4.8 464.6816
2 -4.7 428.9581
2 -4.6 395.7056
2 -4.5 364.8125
2 -4.4 336.1696
2 -4.3 309.6701
2 -4.2 285.2096
2 -4.1 262.6861
2 -4 242
2 -3.9 223.0541
2 -3.8 205.7536
2 -3.7 190.0061
2 -3.6 175.7216
2 -3.5 162.8125
2 -3.4 151.1936
2 -3.3 140.7821
2 -3.2 131.4976
2 -3.1 123.2621
2 -3 116
2 -2.9 109.6381
2 -2.8 104.1056
2 -2.7 99.3341
2 -2.6 95.2576
2 -2.5 91.8125
2 -2.4 88.9376
2 -2.3 86.5741
2 -2.2 84.6656
2 -2.1 83.1581
2 -2 82
2 -1.9 81.1421
2 -1.8 80.5376
2 -1.7 80.1421
2 -1.6 79.9136
2 -1.5 79.8125
2 -1.4 79.8016
2 -1.3 79.8461
2 -1.2 79.9136
2 -1.1 79.9741
2 -1 80
2 -0.9 79.9661
2 -0.8 79.8496
2 -0.7 79.6301
2 -0.6 79.2896
2 -0.5 78.8125
2 -0.4 78.1856
2 -0.3 77.3981
2 -0.2 76.4416
2 -0.0999999999999996 75.3101
2 0 74
2 0.0999999999999996 72.5101
2 0.2 70.8416
2 0.3 68.9981
2 0.4 66.9856
2 0.5 64.8125
2 0.6 62.4896
2 0.7 60.0301
2 0.8 57.4496
2 0.9 54.7661
2 1 52
2 1.1 49.1741
2 1.2 46.3136
2 1.3 43.4461
2 1.4 40.6016
2 1.5 37.8125
2 1.6 35.1136
2 1.7 32.5421
2 1.8 30.1376
2 1.9 27.9421
2 2 26
2 2.1 24.3581
2 2.2 23.0656
2 2.3 22.1741
2 2.4 21.7376
2 2.5 21.8125
2 2.6 22.4576
2 2.7 23.7341
2 2.8 25.7056
2 2.9 28.4381
2 3 32
2 3.1 36.4621
2 3.2 41.8976
2 3.3 48.3821
2 3.4 55.9936
2 3.5 64.8125
2 3.6 74.9216
2 3.7 86.4060999999999
2 3.8 99.3536000000001
2 3.9 113.8541
2 4 130
2 4.1 147.8861
2 4.2 167.6096
2 4.3 189.2701
2 4.4 212.9696
2 4.5 238.8125
2 4.6 266.9056
2 4.7 297.3581
2 4.8 330.2816
2 4.9 365.7901
2 5 404

2.1 -5 538.3381
2.1 -4.9 497.2122
2.1 -4.8 458.7917
2.1 -4.7 422.9602
2.1 -4.6 389.6037
2.1 -4.5 358.6106
2.1 -4.4 329.8717
2.1 -4.3 303.2802
2.1 -4.2 278.7317
2.1 -4.1 256.1242
2.1 -4 235.3581
2.1 -3.9 216.3362
2.1 -3.8 198.9637
2.1 -3.7 183.1482
2.1 -3.6 168.7997
2.1 -3.5 155.8306
2.1 -3.4 144.1557
2.1 -3.3 133.6922
2.1 -3.2 124.3597
2.1 -3.1 116.0802
2.1 -3 108.7781
2.1 -2.9 102.3802
2.1 -2.8 96.8157
2.1 -2.7 92.0162000000001
2.1 -2.6 87.9157
2.1 -2.5 84.4506
2.1 -2.4 81.5597
2.1 -2.3 79.1842
2.1 -2.2 77.2677
2.1 -2.1 75.7562
2.1 -2 74.5981
2.1 -1.9 73.7442
2.1 -1.8 73.1477
2.1 -1.7 72.7642
2.1 -1.6 72.5517
2.1 -1.5 72.4706
2.1 -1.4 72.4837
2.1 -1.3 72.5562
2.1 -1.2 72.6557
2.1 -1.1 72.7522
2.1 -1 72.8181
2.1 -0.9 72.8282
2.1 -0.8 72.7597
2.1 -0.7 72.5922
2.1 -0.6 72.3077
2.1 -0.5 71.8906
2.1 -0.4 71.3277
2.1 -0.3 70.6082
2.1 -0.2 69.7237
2.1 -0.0999999999999996 68.6682
2.1 0 67.4381
2.1 0.0999999999999996 66.0322
2.1 0.2 64.4517
2.1 0.3 62.7002
2.1 0.4 60.7837
2.1 0.5 58.7106
2.1 0.6 56.4917
2.1 0.7 54.1402
2.1 0.8 51.6717
2.1 0.9 49.1042
2.1 1 46.4581
2.1 1.1 43.7562
2.1 1.2 41.0237
2.1 1.3 38.2882
2.1 1.4 35.5797
2.1 1.5 32.9306
2.1 1.6 30.3757
2.1 1.7 27.9522
2.1 1.8 25.6997
2.1 1.9 23.6602
2.1 2 21.8781
2.1 2.1 20.4002
2.1 2.2 19.2757
2.1 2.3 18.5562
2.1 2.4 18.2957
2.1 2.5 18.5506
2.1 2.6 19.3797
2.1 2.7 20.8442
2.1 2.8 23.0077
2.1 2.9 25.9362
2.1 3 29.6981
2.1 3.1 34.3642
2.1 3.2 40.0077
2.1 3.3 46.7042000000001
2.1 3.4 54.5317
2.1 3.5 63.5706
2.1 3.6 73.9037
2.1 3.7 85.6161999999999
2.1 3.8 98.7957000000001
2.1 3.9 113.5322
2.1 4 129.9181
2.1 4.1 148.0482
2.1 4.2 168.0197
2.1 4.3 189.9322
2.1 4.4 213.8877
2.1 4.5 239.9906
2.1 4.6 268.3477
2.1 4.7 299.0682
2.1 4.8 332.2637
2.1 4.9 368.0482
2.1 5 406.5381

2.2 -5 532.5856
2.2 -4.9 491.3477
2.2 -4.8 452.8192
2.2 -4.7 416.8837
2.2 -4.6 383.4272
2.2 -4.5 352.3381
2.2 -4.4 323.5072
2.2 -4.3 296.8277
2.2 -4.2 272.1952
2.2 -4.1 249.5077
2.2 -4 228.6656
2.2 -3.9 209.5717
2.2 -3.8 192.1312
2.2 -3.7 176.2517
2.2 -3.6 161.8432
2.2 -3.5 148.8181
2.2 -3.4 137.0912
2.2 -3.3 126.5797
2.2 -3.2 117.2032
2.2 -3.1 108.8837
2.2 -3 101.5456
2.2 -2.9 95.1157
2.2 -2.8 89.5232
2.2 -2.7 84.6997
2.2 -2.6 80.5792
2.2 -2.5 77.0981
2.2 -2.4 74.1952
2.2 -2.3 71.8117
2.2 -2.2 69.8912
2.2 -2.1 68.3797
2.2 -2 67.2256
2.2 -1.9 66.3797
2.2 -1.8 65.7952
2.2 -1.7 65.4277
2.2 -1.6 65.2352
2.2 -1.5 65.1781
2.2 -1.4 65.2192
2.2 -1.3 65.3237
2.2 -1.2 65.4592
2.2 -1.1 65.5957
2.2 -1 65.7056
2.2 -0.9 65.7637
2.2 -0.8 65.7472
2.2 -0.7 65.6357
2.2 -0.6 65.4112
2.2 -0.5 65.0581
2.2 -0.4 64.5632
2.2 -0.3 63.9157
2.2 -0.2 63.1072
2.2 -0.0999999999999996 62.1317
2.2 0 60.9856
2.2 0.0999999999999996 59.6677
2.2 0.2 58.1792
2.2 0.3 56.5237
2.2 0.4 54.7072
2.2 0.5 52.7381
2.2 0.6 50.6272
2.2 0.7 48.3877
2.2 0.8 46.0352
2.2 0.9 43.5877
2.2 1 41.0656
2.2 1.1 38.4917
2.2 1.2 35.8912
2.2 1.3 33.2917
2.2 1.4 30.7232
2.2 1.5 28.2181
2.2 1.6 25.8112
2.2 1.7 23.5397
2.2 1.8 21.4432
2.2 1.9 19.5637
2.2 2 17.9456
2.2 2.1 16.6357
2.2 2.2 15.6832
2.2 2.3 15.1397
2.2 2.4 15.0592
2.2 2.5 15.4981
2.2 2.6 16.5152
2.2 2.7 18.1717
2.2 2.8 20.5312
2.2 2.9 23.6597
2.2 3 27.6256
2.2 3.1 32.4997
2.2 3.2 38.3551999999999
2.2 3.3 45.2677
2.2 3.4 53.3152
2.2 3.5 62.5781
2.2 3.6 73.1391999999999
2.2 3.7 85.0836999999999
2.2 3.8 98.4992000000001
2.2 3.9 113.4757
2.2 4 130.1056
2.2 4.1 148.4837
2.2 4.2 168.7072
2.2 4.3 190.8757
2.2 4.4 215.0912
2.2 4.5 241.4581
2.2 4.6 270.0832
2.2 4.7 301.0757
2.2 4.8 334.5472
2.2 4.9 370.6117
2.2 5 409.3856

2.3 -5 526.7941
2.3 -4.9 485.4482
2.3 -4.8 446.8157
2.3 -4.7 410.7802
2.3 -4.6 377.2277
2.3 -4.5 346.0466
2.3 -4.4 317.1277
2.3 -4.3 290.3642
2.3 -4.2 265.6517
2.3 -4.1 242.8882
2.3 -4 221.9741
2.3 -3.9 202.8122
2.3 -3.8 185.3077
2.3 -3.7 169.3682
2.3 -3.6 154.9037
2.3 -3.5 141.8266
2.3 -3.4 130.0517
2.3 -3.3 119.4962
2.3 -3.2 110.0797
2.3 -3.1 101.7242
2.3 -3 94.3541
2.3 -2.9 87.8962
2.3 -2.8 82.2797
2.3 -2.7 77.4362
2.3 -2.6 73.2997
2.3 -2.5 69.8066
2.3 -2.4 66.8957
2.3 -2.3 64.5082
2.3 -2.2 62.5877
2.3 -2.1 61.0802
2.3 -2 59.9341
2.3 -1.9 59.1002
2.3 -1.8 58.5317
2.3 -1.7 58.1842
2.3 -1.6 58.0157
2.3 -1.5 57.9866
2.3 -1.4 58.0597
2.3 -1.3 58.2002
2.3 -1.2 58.3757
2.3 -1.1 58.5562
2.3 -1 58.7141
2.3 -0.9 58.8242
2.3 -0.8 58.8637
2.3 -0.7 58.8122
2.3 -0.6 58.6517
2.3 -0.5 58.3666
2.3 -0.4 57.9437
2.3 -0.3 57.3722
2.3 -0.2 56.6437
2.3 -0.0999999999999996 55.7522
2.3 0 54.6941
2.3 0.0999999999999996 53.4682
2.3 0.2 52.0757
2.3 0.3 50.5202
2.3 0.4 48.8077
2.3 0.5 46.9466
2.3 0.6 44.9477
2.3 0.7 42.8242
2.3 0.8 40.5917
2.3 0.9 38.2682
2.3 1 35.8741
2.3 1.1 33.4322
2.3 1.2 30.9677
2.3 1.3 28.5082
2.3 1.4 26.0837
2.3 1.5 23.7266
2.3 1.6 21.4717
2.3 1.7 19.3562
2.3 1.8 17.4197
2.3 1.9 15.7042
2.3 2 14.2541
2.3 2.1 13.1162
2.3 2.2 12.3397
2.3 2.3 11.9762
2.3 2.4 12.0797
2.3 2.5 12.7066
2.3 2.6 13.9157
2.3 2.7 15.7682
2.3 2.8 18.3277
2.3 2.9 21.6602
2.3 3 25.8341
2.3 3.1 30.9202
2.3 3.2 36.9917
2.3 3.3 44.1242000000001
2.3 3.4 52.3957
2.3 3.5 61.8866
2.3 3.6 72.6797
2.3 3.7 84.8601999999999
2.3 3.8 98.5157000000001
2.3 3.9 113.7362
2.3 4 130.6141
2.3 4.1 149.2442
2.3 4.2 169.7237
2.3 4.3 192.1522
2.3 4.4 216.6317
2.3 4.5 243.2666
2.3 4.6 272.1637
2.3 4.7 303.4322
2.3 4.8 337.1837
2.3 4.9 373.5322
2.3 5 412.5941

2.4 -5 521.0176
2.4 -4.9 479.5677
2.4 -4.8 440.8352
2.4 -4.7 404.7037
2.4 -4.6 371.0592
2.4 -4.5 339.7901
2.4 -4.4 310.7872
2.4 -4.3 283.9437
2.4 -4.2 259.1552
2.4 -4.1 236.3197
2.4 -4 215.3376
2.4 -3.9 196.1117
2.4 -3.8 178.5472
2.4 -3.7 162.5517
2.4 -3.6 148.0352
2.4 -3.5 134.9101
2.4 -3.4 123.0912
2.4 -3.3 112.4957
2.4 -3.2 103.0432
2.4 -3.1 94.6557
2.4 -3 87.2576
2.4 -2.9 80.7757
2.4 -2.8 75.1392
2.4 -2.7 70.2797
2.4 -2.6 66.1312
2.4 -2.5 62.6301
2.4 -2.4 59.7152
2.4 -2.3 57.3277
2.4 -2.2 55.4112
2.4 -2.1 53.9117
2.4 -2 52.7776
2.4 -1.9 51.9597
2.4 -1.8 51.4112
2.4 -1.7 51.0877
2.4 -1.6 50.9472
2.4 -1.5 50.9501
2.4 -1.4 51.0592
2.4 -1.3 51.2397
2.4 -1.2 51.4592
2.4 -1.1 51.6877
2.4 -1 51.8976
2.4 -0.9 52.0637
2.4 -0.8 52.1632
2.4 -0.7 52.1757
2.4 -0.6 52.0832
2.4 -0.5 51.8701
2.4 -0.4 51.5232
2.4 -0.3 51.0317
2.4 -0.2 50.3872
2.4 -0.0999999999999996 49.5837
2.4 0 48.6176
2.4 0.0999999999999996 47.4877
2.4 0.2 46.1952
2.4 0.3 44.7437
2.4 0.4 43.1392
2.4 0.5 41.3901
2.4 0.6 39.5072
2.4 0.7 37.5037
2.4 0.8 35.3952
2.4 0.9 33.1997
2.4 1 30.9376
2.4 1.1 28.6317
2.4 1.2 26.3072
2.4 1.3 23.9917
2.4 1.4 21.7152
2.4 1.5 19.5101
2.4 1.6 17.4112
2.4 1.7 15.4557
2.4 1.8 13.6832
2.4 1.9 12.1357
2.4 2 10.8576
2.4 2.1 9.89569999999999
2.4 2.2 9.29919999999999
2.4 2.3 9.11969999999999
2.4 2.4 9.41119999999999
2.4 2.5 10.2301
2.4 2.6 11.6352
2.4 2.7 13.6877
2.4 2.8 16.4512
2.4 2.9 19.9917
2.4 3 24.3776
2.4 3.1 29.6797
2.4 3.2 35.9711999999999
2.4 3.3 43.3277
2.4 3.4 51.8272
2.4 3.5 61.5501
2.4 3.6 72.5792
2.4 3.7 84.9996999999999
2.4 3.8 98.8992000000001
2.4 3.9 114.3677
2.4 4 131.4976
2.4 4.1 150.3837
2.4 4.2 171.1232
2.4 4.3 193.8157
2.4 4.4 218.5632
2.4 4.5 245.4701
2.4 4.6 274.6432
2.4 4.7 306.1917
2.4 4.8 340.2272
2.4 4.9 376.8637
2.4 5 416.2176

2.5 -5 515.3125
2.5 -4.9 473.7626
2.5 -4.8 434.9341
2.5 -4.7 398.7106
2.5 -4.6 364.9781
2.5 -4.5 333.625
2.5 -4.4 304.5421
2.5 -4.3 277.6226
2.5 -4.2 252.7621
2.5 -4.1 229.8586
2.5 -4 208.8125
2.5 -3.9 189.5266
2.5 -3.8 171.9061
2.5 -3.7 155.8586
2.5 -3.6 141.2941
2.5 -3.5 128.125
2.5 -3.4 116.2661
2.5 -3.3 105.6346
2.5 -3.2 96.1501
2.5 -3.1 87.7346
2.5 -3 80.3125
2.5 -2.9 73.8106
2.5 -2.8 68.1581
2.5 -2.7 63.2866
2.5 -2.6 59.1301
2.5 -2.5 55.625
2.5 -2.4 52.7101
2.5 -2.3 50.3266
2.5 -2.2 48.4181
2.5 -2.1 46.9306
2.5 -2 45.8125
2.5 -1.9 45.0146
2.5 -1.8 44.4901
2.5 -1.7 44.1946
2.5 -1.6 44.0861
2.5 -1.5 44.125
2.5 -1.4 44.2741
2.5 -1.3 44.4986
2.5 -1.2 44.7661
2.5 -1.1 45.0466
2.5 -1 45.3125
2.5 -0.9 45.5386
2.5 -0.8 45.7021
2.5 -0.7 45.7826
2.5 -0.6 45.7621
2.5 -0.5 45.625
2.5 -0.4 45.3581
2.5 -0.3 44.9506
2.5 -0.2 44.3941
2.5 -0.0999999999999996 43.6826
2.5 0 42.8125
2.5 0.0999999999999996 41.7826
2.5 0.2 40.5941
2.5 0.3 39.2506
2.5 0.4 37.7581
2.5 0.5 36.125
2.5 0.6 34.3621
2.5 0.7 32.4826
2.5 0.8 30.5021
2.5 0.9 28.4386
2.5 1 26.3125
2.5 1.1 24.1466
2.5 1.2 21.9661
2.5 1.3 19.7986
2.5 1.4 17.6741
2.5 1.5 15.625
2.5 1.6 13.6861
2.5 1.7 11.8946
2.5 1.8 10.2901
2.5 1.9 8.9146
2.5 2 7.8125
2.5 2.1 7.0306
2.5 2.2 6.6181
2.5 2.3 6.6266
2.5 2.4 7.1101
2.5 2.5 8.125
2.5 2.6 9.73009999999999
2.5 2.7 11.9866
2.5 2.8 14.9581
2.5 2.9 18.7106
2.5 3 23.3125
2.5 3.1 28.8346
2.5 3.2 35.3500999999999
2.5 3.3 42.9346000000001
2.5 3.4 51.6661
2.5 3.5 61.625
2.5 3.6 72.8941
2.5 3.7 85.5585999999999
2.5 3.8 99.7061000000001
2.5 3.9 115.4266
2.5 4 132.8125
2.5 4.1 151.9586
2.5 4.2 172.9621
2.5 4.3 195.9226
2.5 4.4 220.9421
2.5 4.5 248.125
2.5 4.6 277.5781
2.5 4.7 309.4106
2.5 4.8 343.7341
2.5 4.9 380.6626
2.5 5 420.3125

2.6 -5 509.7376
2.6 -4.9 468.0917
2.6 -4.8 429.1712
2.6 -4.7 392.8597
2.6 -4.6 359.0432
2.6 -4.5 327.6101
2.6 -4.4 298.4512
2.6 -4.3 271.4597
2.6 -4.2 246.5312
2.6 -4.1 223.5637
2.6 -4 202.4576
2.6 -3.9 183.1157
2.6 -3.8 165.4432
2.6 -3.7 149.3477
2.6 -3.6 134.7392
2.6 -3.5 121.5301
2.6 -3.4 109.6352
2.6 -3.3 98.9717
2.6 -3.2 89.4592000000001
2.6 -3.1 81.0197
2.6 -3 73.5776
2.6 -2.9 67.0597
2.6 -2.8 61.3952
2.6 -2.7 56.5157
2.6 -2.6 52.3552
2.6 -2.5 48.8501
2.6 -2.4 45.9392
2.6 -2.3 43.5637
2.6 -2.2 41.6672
2.6 -2.1 40.1957
2.6 -2 39.0976
2.6 -1.9 38.3237
2.6 -1.8 37.8272
2.6 -1.7 37.5637
2.6 -1.6 37.4912
2.6 -1.5 37.5701
2.6 -1.4 37.7632
2.6 -1.3 38.0357
2.6 -1.2 38.3552
2.6 -1.1 38.6917
2.6 -1 39.0176
2.6 -0.9 39.3077
2.6 -0.8 39.5392
2.6 -0.7 39.6917
2.6 -0.6 39.7472
2.6 -0.5 39.6901
2.6 -0.4 39.5072
2.6 -0.3 39.1877
2.6 -0.2 38.7232
2.6 -0.0999999999999996 38.1077
2.6 0 37.3376
2.6 0.0999999999999996 36.4117
2.6 0.2 35.3312
2.6 0.3 34.0997
2.6 0.4 32.7232
2.6 0.5 31.2101
2.6 0.6 29.5712
2.6 0.7 27.8197
2.6 0.8 25.9712
2.6 0.9 24.0437
2.6 1 22.0576
2.6 1.1 20.0357
2.6 1.2 18.0032
2.6 1.3 15.9877
2.6 1.4 14.0192
2.6 1.5 12.1301
2.6 1.6 10.3552
2.6 1.7 8.73170000000001
2.6 1.8 7.29920000000001
2.6 1.9 6.09970000000001
2.6 2 5.17760000000001
2.6 2.1 4.57970000000001
2.6 2.2 4.35520000000001
2.6 2.3 4.5557
2.6 2.4 5.23520000000001
2.6 2.5 6.45010000000001
2.6 2.6 8.2592
2.6 2.7 10.7237
2.6 2.8 13.9072
2.6 2.9 17.8757
2.6 3 22.6976
2.6 3.1 28.4437
2.6 3.2 35.1871999999999
2.6 3.3 43.0037000000001
2.6 3.4 51.9712
2.6 3.5 62.1701
2.6 3.6 73.6831999999999
2.6 3.7 86.5956999999999
2.6 3.8 100.9952
2.6 3.9 116.9717
2.6 4 134.6176
2.6 4.1 154.0277
2.6 4.2 175.2992
2.6 4.3 198.5317
2.6 4.4 223.8272
2.6 4.5 251.2901
2.6 4.6 281.0272
2.6 4.7 313.1477
2.6 4.8 347.7632
2.6 4.9 384.9877
2.6 5 424.9376

2.7 -5 504.3541
2.7 -4.9 462.6162
2.7 -4.8 423.6077
2.7 -4.7 387.2122
2.7 -4.6 353.3157
2.7 -4.5 321.8066
2.7 -4.4 292.5757
2.7 -4.3 265.5162
2.7 -4.2 240.5237
2.7 -4.1 217.4962
2.7 -4 196.3341
2.7 -3.9 176.9402
2.7 -3.8 159.2197
2.7 -3.7 143.0802
2.7 -3.6 128.4317
2.7 -3.5 115.1866
2.7 -3.4 103.2597
2.7 -3.3 92.5682
2.7 -3.2 83.0317
2.7 -3.1 74.5722
2.7 -3 67.1141
2.7 -2.9 60.5842
2.7 -2.8 54.9117
2.7 -2.7 50.0282
2.7 -2.6 45.8677
2.7 -2.5 42.3666
2.7 -2.4 39.4637
2.7 -2.3 37.1002
2.7 -2.2 35.2197
2.7 -2.1 33.7682
2.7 -2 32.6941
2.7 -1.9 31.9482
2.7 -1.8 31.4837
2.7 -1.7 31.2562
2.7 -1.6 31.2237
2.7 -1.5 31.3466
2.7 -1.4 31.5877
2.7 -1.3 31.9122
2.7 -1.2 32.2877
2.7 -1.1 32.6842
2.7 -1 33.0741
2.7 -0.9 33.4322
2.7 -0.8 33.7357
2.7 -0.7 33.9642
2.7 -0.6 34.0997
2.7 -0.5 34.1266
2.7 -0.4 34.0317
2.7 -0.3 33.8042
2.7 -0.2 33.4357
2.7 -0.0999999999999996 32.9202
2.7 0 32.2541
2.7 0.0999999999999996 31.4362
2.7 0.2 30.4677
2.7 0.3 29.3522
2.7 0.4 28.0957
2.7 0.5 26.7066
2.7 0.6 25.1957
2.7 0.7 23.5762
2.7 0.8 21.8637
2.7 0.9 20.0762
2.7 1 18.2341
2.7 1.1 16.3602
2.7 1.2 14.4797
2.7 1.3 12.6202
2.7 1.4 10.8117
2.7 1.5 9.0866
2.7 1.6 7.4797
2.7 1.7 6.02819999999999
2.7 1.8 4.7717
2.7 1.9 3.75219999999999
2.7 2 3.0141
2.7 2.1 2.6042
2.7 2.2 2.57169999999999
2.7 2.3 2.9682
2.7 2.4 3.8477
2.7 2.5 5.2666
2.7 2.6 7.28369999999999
2.7 2.7 9.96020000000001
2.7 2.8 13.3597
2.7 2.9 17.5482
2.7 3 22.5941
2.7 3.1 28.5682
2.7 3.2 35.5436999999999
2.7 3.3 43.5962
2.7 3.4 52.8037
2.7 3.5 63.2466
2.7 3.6 75.0076999999999
2.7 3.7 88.1721999999999
2.7 3.8 102.8277
2.7 3.9 119.0642
2.7 4 136.9741
2.7 4.1 156.6522
2.7 4.2 178.1957
2.7 4.3 201.7042
2.7 4.4 227.2797
2.7 4.5 255.0266
2.7 4.6 285.0517
2.7 4.7 317.4642
2.7 4.8 352.3757
2.7 4.9 389.9002
2.7 5 430.1541

2.8 -5 499.2256
2.8 -4.9 457.3997
2.8 -4.8 418.3072
2.8 -4.7 381.8317
2.8 -4.6 347.8592
2.8 -4.5 316.2781
2.8 -4.4 286.9792
2.8 -4.3 259.8557
2.8 -4.2 234.8032
2.8 -4.1 211.7197
2.8 -4 190.5056
2.8 -3.9 171.0637
2.8 -3.8 153.2992
2.8 -3.7 137.1197
2.8 -3.6 122.4352
2.8 -3.5 109.1581
2.8 -3.4 97.2032
2.8 -3.3 86.4877
2.8 -3.2 76.9312
2.8 -3.1 68.4557
2.8 -3 60.9856
2.8 -2.9 54.4477
2.8 -2.8 48.7712
2.8 -2.7 43.8877
2.8 -2.6 39.7312
2.8 -2.5 36.2381
2.8 -2.4 33.3472
2.8 -2.3 30.9997
2.8 -2.2 29.1392
2.8 -2.1 27.7117
2.8 -2 26.6656
2.8 -1.9 25.9517
2.8 -1.8 25.5232
2.8 -1.7 25.3357
2.8 -1.6 25.3472
2.8 -1.5 25.5181
2.8 -1.4 25.8112
2.8 -1.3 26.1917
2.8 -1.2 26.6272
2.8 -1.1 27.0877
2.8 -1 27.5456
2.8 -0.9 27.9757
2.8 -0.8 28.3552
2.8 -0.7 28.6637
2.8 -0.6 28.8832
2.8 -0.5 28.9981
2.8 -0.4 28.9952
2.8 -0.3 28.8637
2.8 -0.2 28.5952
2.8 -0.0999999999999996 28.1837
2.8 0 27.6256
2.8 0.0999999999999996 26.9197
2.8 0.2 26.0672
2.8 0.3 25.0717
2.8 0.4 23.9392
2.8 0.5 22.6781
2.8 0.6 21.2992
2.8 0.7 19.8157
2.8 0.8 18.2432
2.8 0.9 16.5997
2.8 1 14.9056
2.8 1.1 13.1837
2.8 1.2 11.4592
2.8 1.3 9.75970000000001
2.8 1.4 8.1152
2.8 1.5 6.5581
2.8 1.6 5.12320000000001
2.8 1.7 3.8477
2.8 1.8 2.7712
2.8 1.9 1.9357
2.8 2 1.3856
2.8 2.1 1.1677
2.8 2.2 1.3312
2.8 2.3 1.9277
2.8 2.4 3.01120000000001
2.8 2.5 4.6381
2.8 2.6 6.8672
2.8 2.7 9.7597
2.8 2.8 13.3792
2.8 2.9 17.7917
2.8 3 23.0656
2.8 3.1 29.2717
2.8 3.2 36.4831999999999
2.8 3.3 44.7757000000001
2.8 3.4 54.2272
2.8 3.5 64.9181
2.8 3.6 76.9312
2.8 3.7 90.3516999999999
2.8 3.8 105.2672
2.8 3.9 121.7677
2.8 4 139.9456
2.8 4.1 159.8957
2.8 4.2 181.7152
2.8 4.3 205.5037
2.8 4.4 231.3632
2.8 4.5 259.3981
2.8 4.6 289.7152
2.8 4.7 322.4237
2.8 4.8 357.6352
2.8 4.9 395.4637
2.8 5 436.0256

2.9 -5 494.4181
2.9 -4.9 452.5082
2.9 -4.8 413.3357
2.9 -4.7 376.7842
2.9 -4.6 342.7397
2.9 -4.5 311.0906
2.9 -4.4 281.7277
2.9 -4.3 254.5442
2.9 -4.2 229.4357
2.9 -4.1 206.3002
2.9 -4 185.0381
2.9 -3.9 165.5522
2.9 -3.8 147.7477
2.9 -3.7 131.5322
2.9 -3.6 116.8157
2.9 -3.5 103.5106
2.9 -3.4 91.5317
2.9 -3.3 80.7962
2.9 -3.2 71.2237
2.9 -3.1 62.7362
2.9 -3 55.2581
2.9 -2.9 48.7162
2.9 -2.8 43.0397
2.9 -2.7 38.1602
2.9 -2.6 34.0117
2.9 -2.5 30.5306
2.9 -2.4 27.6557
2.9 -2.3 25.3282
2.9 -2.2 23.4917
2.9 -2.1 22.0922
2.9 -2 21.0781
2.9 -1.9 20.4002
2.9 -1.8 20.0117
2.9 -1.7 19.8682
2.9 -1.6 19.9277
2.9 -1.5 20.1506
2.9 -1.4 20.4997
2.9 -1.3 20.9402
2.9 -1.2 21.4397
2.9 -1.1 21.9682
2.9 -1 22.4981
2.9 -0.9 23.0042
2.9 -0.8 23.4637
2.9 -0.7 23.8562
2.9 -0.6 24.1637
2.9 -0.5 24.3706
2.9 -0.4 24.4637
2.9 -0.3 24.4322
2.9 -0.2 24.2677
2.9 -0.0999999999999996 23.9642
2.9 0 23.5181
2.9 0.0999999999999996 22.9282
2.9 0.2 22.1957
2.9 0.3 21.3242
2.9 0.4 20.3197
2.9 0.5 19.1906
2.9 0.6 17.9477
2.9 0.7 16.6042
2.9 0.8 15.1757
2.9 0.9 13.6802
2.9 1 12.1381
2.9 1.1 10.5722
2.9 1.2 9.00769999999999
2.9 1.3 7.4722
2.9 1.4 5.99569999999999
2.9 1.5 4.61059999999999
2.9 1.6 3.3517
2.9 1.7 2.25619999999999
2.9 1.8 1.3637
2.9 1.9 0.716199999999995
2.9 2 0.358099999999998
2.9 2.1 0.336199999999998
2.9 2.2 0.699699999999999
2.9 2.3 1.5002
2.9 2.4 2.79170000000001
2.9 2.5 4.6306
2.9 2.6 7.07569999999999
2.9 2.7 10.1882
2.9 2.8 14.0317
2.9 2.9 18.6722
2.9 3 24.1781
2.9 3.1 30.6202
2.9 3.2 38.0716999999999
2.9 3.3 46.6082000000001
2.9 3.4 56.3077
2.9 3.5 67.2506
2.9 3.6 79.5197
2.9 3.7 93.2001999999999
2.9 3.8 108.3797
2.9 3.9 125.1482
2.9 4 143.5981
2.9 4.1 163.8242
2.9 4.2 185.9237
2.9 4.3 209.9962
2.9 4.4 236.1437
2.9 4.5 264.4706
2.9 4.6 295.0837
2.9 4.7 328.0922
2.9 4.8 363.6077
2.9 4.9 401.7442
2.9 5 442.6181

3 -5 490
3 -4.9 448.0101
3 -4.8 408.7616
3 -4.7 372.1381
3 -4.6 338.0256
3 -4.5 306.3125
3 -4.4 276.8896
3 -4.3 249.6501
3 -4.2 224.4896
3 -4.1 201.3061
3 -4 180
3 -3.9 160.4741
3 -3.8 142.6336
3 -3.7 126.3861
3 -3.6 111.6416
3 -3.5 98.3125
3 -3.4 86.3136
3 -3.3 75.5621
3 -3.2 65.9776
3 -3.1 57.4821
3 -3 50
3 -2.9 43.4581
3 -2.8 37.7856
3 -2.7 32.9141
3 -2.6 28.7776
3 -2.5 25.3125
3 -2.4 22.4576
3 -2.3 20.1541
3 -2.2 18.3456
3 -2.1 16.9781
3 -2 16
3 -1.9 15.3621
3 -1.8 15.0176
3 -1.7 14.9221
3 -1.6 15.0336
3 -1.5 15.3125
3 -1.4 15.7216
3 -1.3 16.2261
3 -1.2 16.7936
3 -1.1 17.3941
3 -1 18
3 -0.9 18.5861
3 -0.8 19.1296
3 -0.7 19.6101
3 -0.6 20.0096
3 -0.5 20.3125
3 -0.4 20.5056
3 -0.3 20.5781
3 -0.2 20.5216
3 -0.0999999999999996 20.3301
3 0 20
3 0.0999999999999996 19.5301
3 0.2 18.9216
3 0.3 18.1781
3 0.4 17.3056
3 0.5 16.3125
3 0.6 15.2096
3 0.7 14.0101
3 0.8 12.7296
3 0.9 11.3861
3 1 10
3 1.1 8.59410000000001
3 1.2 7.1936
3 1.3 5.8261
3 1.4 4.5216
3 1.5 3.3125
3 1.6 2.2336
3 1.7 1.3221
3 1.8 0.617600000000001
3 1.9 0.162099999999999
3 2 0
3 2.1 0.178099999999999
3 2.2 0.745600000000001
3 2.3 1.7541
3 2.4 3.25760000000001
3 2.5 5.3125
3 2.6 7.97759999999999
3 2.7 11.3141
3 2.8 15.3856
3 2.9 20.2581
3 3 26
3 3.1 32.6821
3 3.2 40.3775999999999
3 3.3 49.1621000000001
3 3.4 59.1136
3 3.5 70.3125
3 3.6 82.8416
3 3.7 96.7860999999999
3 3.8 112.2336
3 3.9 129.2741
3 4 148
3 4.1 168.5061
3 4.2 190.8896
3 4.3 215.2501
3 4.4 241.6896
3 4.5 270.3125
3 4.6 301.2256
3 4.7 334.5381
3 4.8 370.3616
3 4.9 408.8101
3 5 450

3.1 -5 486.0421
3.1 -4.9 443.9762
3.1 -4.8 404.6557
3.1 -4.7 367.9642
3.1 -4.6 333.7877
3.1 -4.5 302.0146
3.1 -4.4 272.5357
3.1 -4.3 245.2442
3.1 -4.2 220.0357
3.1 -4.1 196.8082
3.1 -4 175.4621
3.1 -3.9 155.9002
3.1 -3.8 138.0277
3.1 -3.7 121.7522
3.1 -3.6 106.9837
3.1 -3.5 93.6346
3.1 -3.4 81.6197
3.1 -3.3 70.8562
3.1 -3.2 61.2637
3.1 -3.1 52.7642
3.1 -3 45.2821
3.1 -2.9 38.7442
3.1 -2.8 33.0797
3.1 -2.7 28.2202
3.1 -2.6 24.0997
3.1 -2.5 20.6546
3.1 -2.4 17.8237
3.1 -2.3 15.5482
3.1 -2.2 13.7717
3.1 -2.1 12.4402
3.1 -2 11.5021
3.1 -1.9 10.9082
3.1 -1.8 10.6117
3.1 -1.7 10.5682
3.1 -1.6 10.7357
3.1 -1.5 11.0746
3.1 -1.4 11.5477
3.1 -1.3 12.1202
3.1 -1.2 12.7597
3.1 -1.1 13.4362
3.1 -1 14.1221
3.1 -0.9 14.7922
3.1 -0.8 15.4237
3.1 -0.7 15.9962
3.1 -0.6 16.4917
3.1 -0.5 16.8946
3.1 -0.4 17.1917
3.1 -0.3 17.3722
3.1 -0.2 17.4277
3.1 -0.0999999999999996 17.3522
3.1 0 17.1421
3.1 0.0999999999999996 16.7962
3.1 0.2 16.3157
3.1 0.3 15.7042
3.1 0.4 14.9677
3.1 0.5 14.1146
3.1 0.6 13.1557
3.1 0.7 12.1042
3.1 0.8 10.9757
3.1 0.9 9.7882
3.1 1 8.5621
3.1 1.1 7.32020000000001
3.1 1.2 6.0877
3.1 1.3 4.8922
3.1 1.4 3.7637
3.1 1.5 2.7346
3.1 1.6 1.8397
3.1 1.7 1.1162
3.1 1.8 0.603699999999999
3.1 1.9 0.344199999999997
3.1 2 0.382099999999997
3.1 2.1 0.764199999999994
3.1 2.2 1.5397
3.1 2.3 2.76019999999999
3.1 2.4 4.4797
3.1 2.5 6.75459999999999
3.1 2.6 9.64369999999998
3.1 2.7 13.2082
3.1 2.8 17.5117
3.1 2.9 22.6202
3.1 3 28.6021
3.1 3.1 35.5282
3.1 3.2 43.4716999999999
3.1 3.3 52.5082
3.1 3.4 62.7157
3.1 3.5 74.1746
3.1 3.6 86.9676999999999
3.1 3.7 101.1802
3.1 3.8 116.8997
3.1 3.9 134.2162
3.1 4 153.2221
3.1 4.1 174.0122
3.1 4.2 196.6837
3.1 4.3 221.3362
3.1 4.4 248.0717
3.1 4.5 276.9946
3.1 4.6 308.2117
3.1 4.7 341.8322
3.1 4.8 377.9677
3.1 4.9 416.7322
3.1 5 458.2421

3.2 -5 482.6176
3.2 -4.9 440.4797
3.2 -4.8 401.0912
3.2 -4.7 364.3357
3.2 -4.6 330.0992
3.2 -4.5 298.2701
3.2 -4.4 268.7392
3.2 -4.3 241.3997
3.2 -4.2 216.1472
3.2 -4.1 192.8797
3.2 -4 171.4976
3.2 -3.9 151.9037
3.2 -3.8 134.0032
3.2 -3.7 117.7037
3.2 -3.6 102.9152
3.2 -3.5 89.5501
3.2 -3.4 77.5232
3.2 -3.3 66.7517
3.2 -3.2 57.1552000000001
3.2 -3.1 48.6557
3.2 -3 41.1776
3.2 -2.9 34.6477
3.2 -2.8 28.9952
3.2 -2.7 24.1517
3.2 -2.6 20.0512
3.2 -2.5 16.6301
3.2 -2.4 13.8272
3.2 -2.3 11.5837
3.2 -2.2 9.84320000000002
3.2 -2.1 8.55170000000003
3.2 -2 7.65760000000003
3.2 -1.9 7.11170000000003
3.2 -1.8 6.86720000000003
3.2 -1.7 6.87970000000002
3.2 -1.6 7.10720000000002
3.2 -1.5 7.51010000000002
3.2 -1.4 8.05120000000003
3.2 -1.3 8.69570000000003
3.2 -1.2 9.41120000000002
3.2 -1.1 10.1677
3.2 -1 10.9376
3.2 -0.9 11.6957
3.2 -0.8 12.4192
3.2 -0.7 13.0877
3.2 -0.6 13.6832
3.2 -0.5 14.1901
3.2 -0.4 14.5952
3.2 -0.3 14.8877
3.2 -0.2 15.0592
3.2 -0.0999999999999996 15.1037
3.2 0 15.0176
3.2 0.0999999999999996 14.7997
3.2 0.2 14.4512
3.2 0.3 13.9757
3.2 0.4 13.3792
3.2 0.5 12.6701
3.2 0.6 11.8592
3.2 0.7 10.9597
3.2 0.8 9.98720000000001
3.2 0.9 8.9597
3.2 1 7.8976
3.2 1.1 6.8237
3.2 1.2 5.7632
3.2 1.3 4.7437
3.2 1.4 3.79519999999999
3.2 1.5 2.95009999999999
3.2 1.6 2.2432
3.2 1.7 1.71169999999999
3.2 1.8 1.39519999999999
3.2 1.9 1.33569999999999
3.2 2 1.57759999999999
3.2 2.1 2.16769999999998
3.2 2.2 3.15519999999998
3.2 2.3 4.59169999999998
3.2 2.4 6.53119999999999
3.2 2.5 9.03009999999998
3.2 2.6 12.1472
3.2 2.7 15.9437
3.2 2.8 20.4832
3.2 2.9 25.8317
3.2 3 32.0576
3.2 3.1 39.2316999999999
3.2 3.2 47.4271999999999
3.2 3.3 56.7197
3.2 3.4 67.1872
3.2 3.5 78.9101
3.2 3.6 91.9711999999999
3.2 3.7 106.4557
3.2 3.8 122.4512
3.2 3.9 140.0477
3.2 4 159.3376
3.2 4.1 180.4157
3.2 4.2 203.3792
3.2 4.3 228.3277
3.2 4.4 255.3632
3.2 4.5 284.5901
3.2 4.6 316.1152
3.2 4.7 350.0477
3.2 4.8 386.4992
3.2 4.9 425.5837
3.2 5 467.4176

3.3 -5 479.8021
3.3 -4.9 437.5962
3.3 -4.8 398.1437
3.3 -4.7 361.3282
3.3 -4.6 327.0357
3.3 -4.5 295.1546
3.3 -4.4 265.5757
3.3 -4.3 238.1922
3.3 -4.2 212.8997
3.3 -4.1 189.5962
3.3 -4 168.1821
3.3 -3.9 148.5602
3.3 -3.8 130.6357
3.3 -3.7 114.3162
3.3 -3.6 99.5117
3.3 -3.5 86.1346
3.3 -3.4 74.0997
3.3 -3.3 63.3242
3.3 -3.2 53.7277
3.3 -3.1 45.2322
3.3 -3 37.7621
3.3 -2.9 31.2442
3.3 -2.8 25.6077
3.3 -2.7 20.7842
3.3 -2.6 16.7077
3.3 -2.5 13.3146
3.3 -2.4 10.5437
3.3 -2.3 8.33619999999998
3.3 -2.2 6.63569999999998
3.3 -2.1 5.38819999999998
3.3 -2 4.54209999999998
3.3 -1.9 4.04819999999998
3.3 -1.8 3.85969999999999
3.3 -1.7 3.93219999999998
3.3 -1.6 4.22369999999998
3.3 -1.5 4.69459999999998
3.3 -1.4 5.30769999999999
3.3 -1.3 6.02819999999999
3.3 -1.2 6.82369999999998
3.3 -1.1 7.66419999999999
3.3 -1 8.52209999999999
3.3 -0.9 9.37219999999999
3.3 -0.8 10.1917
3.3 -0.7 10.9602
3.3 -0.6 11.6597
3.3 -0.5 12.2746
3.3 -0.4 12.7917
3.3 -0.3 13.2002
3.3 -0.2 13.4917
3.3 -0.0999999999999996 13.6602
3.3 0 13.7021
3.3 0.0999999999999996 13.6162
3.3 0.2 13.4037
3.3 0.3 13.0682
3.3 0.4 12.6157
3.3 0.5 12.0546
3.3 0.6 11.3957
3.3 0.7 10.6522
3.3 0.8 9.8397
3.3 0.9 8.9762
3.3 1 8.0821
3.3 1.1 7.18020000000001
3.3 1.2 6.2957
3.3 1.3 5.45620000000001
3.3 1.4 4.69170000000001
3.3 1.5 4.03460000000001
3.3 1.6 3.51970000000001
3.3 1.7 3.18420000000001
3.3 1.8 3.06770000000002
3.3 1.9 3.21220000000002
3.3 2 3.66210000000002
3.3 2.1 4.46420000000001
3.3 2.2 5.66770000000002
3.3 2.3 7.32420000000002
3.3 2.4 9.48770000000003
3.3 2.5 12.2146
3.3 2.6 15.5637
3.3 2.7 19.5962
3.3 2.8 24.3757
3.3 2.9 29.9682000000001
3.3 3 36.4421
3.3 3.1 43.8682
3.3 3.2 52.3197
3.3 3.3 61.8722000000001
3.3 3.4 72.6037000000001
3.3 3.5 84.5946
3.3 3.6 97.9277
3.3 3.7 112.6882
3.3 3.8 128.9637
3.3 3.9 146.8442
3.3 4 166.4221
3.3 4.1 187.7922
3.3 4.2 211.0517
3.3 4.3 236.3002
3.3 4.4 263.6397
3.3 4.5 293.1746
3.3 4.6 325.0117
3.3 4.7 359.2602
3.3 4.8 396.0317
3.3 4.9 435.4402
3.3 5 477.6021

3.4 -5 477.6736
3.4 -4.9 435.4037
3.4 -4.8 395.8912
3.4 -4.7 359.0197
3.4 -4.6 324.6752
3.4 -4.5 292.7461
3.4 -4.4 263.1232
3.4 -4.3 235.6997
3.4 -4.2 210.3712
3.4 -4.1 187.0357
3.4 -4 165.5936
3.4 -3.9 145.9477
3.4 -3.8 128.0032
3.4 -3.7 111.6677
3.4 -3.6 96.8512
3.4 -3.5 83.4661
3.4 -3.4 71.4272
3.4 -3.3 60.6517
3.4 -3.2 51.0592
3.4 -3.1 42.5717
3.4 -3 35.1136
3.4 -2.9 28.6117
3.4 -2.8 22.9952
3.4 -2.7 18.1957
3.4 -2.6 14.1472
3.4 -2.5 10.7861
3.4 -2.4 8.05119999999999
3.4 -2.3 5.88369999999999
3.4 -2.2 4.2272
3.4 -2.1 3.02769999999999
3.4 -2 2.23359999999999
3.4 -1.9 1.79569999999999
3.4 -1.8 1.6672
3.4 -1.7 1.80369999999999
3.4 -1.6 2.16319999999999
3.4 -1.5 2.70609999999999
3.4 -1.4 3.3952
3.4 -1.3 4.1957
3.4 -1.2 5.07519999999999
3.4 -1.1 6.0037
3.4 -1 6.9536
3.4 -0.9 7.89969999999999
3.4 -0.8 8.8192
3.4 -0.7 9.6917
3.4 -0.6 10.4992
3.4 -0.5 11.2261
3.4 -0.4 11.8592
3.4 -0.3 12.3877
3.4 -0.2 12.8032
3.4 -0.0999999999999996 13.0997
3.4 0 13.2736
3.4 0.0999999999999996 13.3237
3.4 0.2 13.2512
3.4 0.3 13.0597
3.4 0.4 12.7552
3.4 0.5 12.3461
3.4 0.6 11.8432
3.4 0.7 11.2597
3.4 0.8 10.6112
3.4 0.9 9.9157
3.4 1 9.19360000000001
3.4 1.1 8.46770000000001
3.4 1.2 7.7632
3.4 1.3 7.10770000000001
3.4 1.4 6.53120000000001
3.4 1.5 6.06610000000001
3.4 1.6 5.74720000000001
3.4 1.7 5.61170000000001
3.4 1.8 5.69920000000001
3.4 1.9 6.05170000000001
3.4 2 6.71360000000001
3.4 2.1 7.73170000000001
3.4 2.2 9.15520000000001
3.4 2.3 11.0357
3.4 2.4 13.4272
3.4 2.5 16.3861
3.4 2.6 19.9712
3.4 2.7 24.2437
3.4 2.8 29.2672
3.4 2.9 35.1077
3.4 3 41.8336
3.4 3.1 49.5157
3.4 3.2 58.2271999999999
3.4 3.3 68.0437000000001
3.4 3.4 79.0432000000001
3.4 3.5 91.3061
3.4 3.6 104.9152
3.4 3.7 119.9557
3.4 3.8 136.5152
3.4 3.9 154.6837
3.4 4 174.5536
3.4 4.1 196.2197
3.4 4.2 219.7792
3.4 4.3 245.3317
3.4 4.4 272.9792
3.4 4.5 302.8261
3.4 4.6 334.9792
3.4 4.7 369.5477
3.4 4.8 406.6432
3.4 4.9 446.3797
3.4 5 488.8736

3.5 -5 476.3125
3.5 -4.9 433.9826
3.5 -4.8 394.4141
3.5 -4.7 357.4906
3.5 -4.6 323.0981
3.5 -4.5 291.125
3.5 -4.4 261.4621
3.5 -4.3 234.0026
3.5 -4.2 208.6421
3.5 -4.1 185.2786
3.5 -4 163.8125
3.5 -3.9 144.1466
3.5 -3.8 126.1861
3.5 -3.7 109.8386
3.5 -3.6 95.0141
3.5 -3.5 81.625
3.5 -3.4 69.5861
3.5 -3.3 58.8146
3.5 -3.2 49.2301
3.5 -3.1 40.7546
3.5 -3 33.3125
3.5 -2.9 26.8306
3.5 -2.8 21.2381
3.5 -2.7 16.4666
3.5 -2.6 12.4501
3.5 -2.5 9.125
3.5 -2.4 6.4301
3.5 -2.3 4.3066
3.5 -2.2 2.6981
3.5 -2.1 1.5506
3.5 -2 0.8125
3.5 -1.9 0.4346
3.5 -1.8 0.370100000000001
3.5 -1.7 0.574599999999999
3.5 -1.6 1.0061
3.5 -1.5 1.625
3.5 -1.4 2.3941
3.5 -1.3 3.2786
3.5 -1.2 4.2461
3.5 -1.1 5.2666
3.5 -1 6.3125
3.5 -0.9 7.3586
3.5 -0.8 8.3821
3.5 -0.7 9.3626
3.5 -0.6 10.2821
3.5 -0.5 11.125
3.5 -0.4 11.8781
3.5 -0.3 12.5306
3.5 -0.2 13.0741
3.5 -0.0999999999999996 13.5026
3.5 0 13.8125
3.5 0.0999999999999996 14.0026
3.5 0.2 14.0741
3.5 0.3 14.0306
3.5 0.4 13.8781
3.5 0.5 13.625
3.5 0.6 13.2821
3.5 0.7 12.8626
3.5 0.8 12.3821
3.5 0.9 11.8586
3.5 1 11.3125
3.5 1.1 10.7666
3.5 1.2 10.2461
3.5 1.3 9.77860000000001
3.5 1.4 9.3941
3.5 1.5 9.125
3.5 1.6 9.0061
3.5 1.7 9.07459999999999
3.5 1.8 9.3701
3.5 1.9 9.9346
3.5 2 10.8125
3.5 2.1 12.0506
3.5 2.2 13.6981
3.5 2.3 15.8066
3.5 2.4 18.4301
3.5 2.5 21.625
3.5 2.6 25.4501
3.5 2.7 29.9666
3.5 2.8 35.2381
3.5 2.9 41.3306
3.5 3 48.3125
3.5 3.1 56.2546
3.5 3.2 65.2300999999999
3.5 3.3 75.3146000000001
3.5 3.4 86.5861
3.5 3.5 99.125
3.5 3.6 113.0141
3.5 3.7 128.3386
3.5 3.8 145.1861
3.5 3.9 163.6466
3.5 4 183.8125
3.5 4.1 205.7786
3.5 4.2 229.6421
3.5 4.3 255.5026
3.5 4.4 283.4621
3.5 4.5 313.625
3.5 4.6 346.0981
3.5 4.7 380.9906
3.5 4.8 418.4141
3.5 4.9 458.4826
3.5 5 501.3125

3.6 -5 475.8016
3.6 -4.9 433.4157
3.6 -4.8 393.7952
3.6 -4.7 356.8237
3.6 -4.6 322.3872
3.6 -4.5 290.3741
3.6 -4.4 260.6752
3.6 -4.3 233.1837
3.6 -4.2 207.7952
3.6 -4.1 184.4077
3.6 -4 162.9216
3.6 -3.9 143.2397
3.6 -3.8 125.2672
3.6 -3.7 108.9117
3.6 -3.6 94.0832000000001
3.6 -3.5 80.6941
3.6 -3.4 68.6592
3.6 -3.3 57.8957
3.6 -3.2 48.3232
3.6 -3.1 39.8637
3.6 -3 32.4416
3.6 -2.9 25.9837
3.6 -2.8 20.4192
3.6 -2.7 15.6797
3.6 -2.6 11.6992
3.6 -2.5 8.4141
3.6 -2.4 5.7632
3.6 -2.3 3.6877
3.6 -2.2 2.1312
3.6 -2.1 1.0397
3.6 -2 0.3616
3.6 -1.9 0.0476999999999992
3.6 -1.8 0.0511999999999992
3.6 -1.7 0.327699999999999
3.6 -1.6 0.835199999999998
3.6 -1.5 1.5341
3.6 -1.4 2.3872
3.6 -1.3 3.3597
3.6 -1.2 4.4192
3.6 -1.1 5.5357
3.6 -1 6.6816
3.6 -0.9 7.83169999999999
3.6 -0.8 8.9632
3.6 -0.7 10.0557
3.6 -0.6 11.0912
3.6 -0.5 12.0541
3.6 -0.4 12.9312
3.6 -0.3 13.7117
3.6 -0.2 14.3872
3.6 -0.0999999999999996 14.9517
3.6 0 15.4016
3.6 0.0999999999999996 15.7357
3.6 0.2 15.9552
3.6 0.3 16.0637
3.6 0.4 16.0672
3.6 0.5 15.9741
3.6 0.6 15.7952
3.6 0.7 15.5437
3.6 0.8 15.2352
3.6 0.9 14.8877
3.6 1 14.5216
3.6 1.1 14.1597
3.6 1.2 13.8272
3.6 1.3 13.5517
3.6 1.4 13.3632
3.6 1.5 13.2941
3.6 1.6 13.3792
3.6 1.7 13.6557
3.6 1.8 14.1632
3.6 1.9 14.9437
3.6 2 16.0416
3.6 2.1 17.5037
3.6 2.2 19.3792
3.6 2.3 21.7197
3.6 2.4 24.5792
3.6 2.5 28.0141
3.6 2.6 32.0832
3.6 2.7 36.8477
3.6 2.8 42.3712
3.6 2.9 48.7197
3.6 3 55.9616
3.6 3.1 64.1676999999999
3.6 3.2 73.4111999999999
3.6 3.3 83.7677
3.6 3.4 95.3152
3.6 3.5 108.1341
3.6 3.6 122.3072
3.6 3.7 137.9197
3.6 3.8 155.0592
3.6 3.9 173.8157
3.6 4 194.2816
3.6 4.1 216.5517
3.6 4.2 240.7232
3.6 4.3 266.8957
3.6 4.4 295.1712
3.6 4.5 325.6541
3.6 4.6 358.4512
3.6 4.7 393.6717
3.6 4.8 431.4272
3.6 4.9 471.8317
3.6 5 515.0016

3.7 -5 476.2261
3.7 -4.9 433.7882
3.7 -4.8 394.1197
3.7 -4.7 357.1042
3.7 -4.6 322.6277
3.7 -4.5 290.5786
3.7 -4.4 260.8477
3.7 -4.3 233.3282
3.7 -4.2 207.9157
3.7 -4.1 184.5082
3.7 -4 163.0061
3.7 -3.9 143.3122
3.7 -3.8 125.3317
3.7 -3.7 108.9722
3.7 -3.6 94.1437
3.7 -3.5 80.7586
3.7 -3.4 68.7317
3.7 -3.3 57.9802
3.7 -3.2 48.4237
3.7 -3.1 39.9842
3.7 -3 32.5861
3.7 -2.9 26.1562
3.7 -2.8 20.6237
3.7 -2.7 15.9202
3.7 -2.6 11.9797
3.7 -2.5 8.73859999999999
3.7 -2.4 6.13569999999999
3.7 -2.3 4.11219999999999
3.7 -2.2 2.61169999999999
3.7 -2.1 1.58019999999999
3.7 -2 0.966099999999991
3.7 -1.9 0.720199999999989
3.7 -1.8 0.795699999999989
3.7 -1.7 1.14819999999999
3.7 -1.6 1.73569999999999
3.7 -1.5 2.51859999999999
3.7 -1.4 3.45969999999999
3.7 -1.3 4.52419999999999
3.7 -1.2 5.67969999999999
3.7 -1.1 6.89619999999999
3.7 -1 8.14609999999998
3.7 -0.9 9.40419999999998
3.7 -0.8 10.6477
3.7 -0.7 11.8562
3.7 -0.6 13.0117
3.7 -0.5 14.0986
3.7 -0.4 15.1037
3.7 -0.3 16.0162
3.7 -0.2 16.8277
3.7 -0.0999999999999996 17.5322
3.7 0 18.1261
3.7 0.0999999999999996 18.6082
3.7 0.2 18.9797
3.7 0.3 19.2442
3.7 0.4 19.4077
3.7 0.5 19.4786
3.7 0.6 19.4677
3.7 0.7 19.3882
3.7 0.8 19.2557
3.7 0.9 19.0882
3.7 1 18.9061
3.7 1.1 18.7322
3.7 1.2 18.5916999999999
3.7 1.3 18.5122
3.7 1.4 18.5237
3.7 1.5 18.6586
3.7 1.6 18.9516999999999
3.7 1.7 19.4401999999999
3.7 1.8 20.1637
3.7 1.9 21.1642
3.7 2 22.4860999999999
3.7 2.1 24.1761999999999
3.7 2.2 26.2836999999999
3.7 2.3 28.8601999999999
3.7 2.4 31.9597
3.7 2.5 35.6385999999999
3.7 2.6 39.9556999999999
3.7 2.7 44.9721999999999
3.7 2.8 50.7516999999999
3.7 2.9 57.3602
3.7 3 64.8660999999999
3.7 3.1 73.3401999999999
3.7 3.2 82.8556999999998
3.7 3.3 93.4882
3.7 3.4 105.3157
3.7 3.5 118.4186
3.7 3.6 132.8797
3.7 3.7 148.7842
3.7 3.8 166.2197
3.7 3.9 185.2762
3.7 4 206.0461
3.7 4.1 228.6242
3.7 4.2 253.1077
3.7 4.3 279.5962
3.7 4.4 308.1917
3.7 4.5 338.9986
3.7 4.6 372.1237
3.7 4.7 407.6762
3.7 4.8 445.7677
3.7 4.9 486.5122
3.7 5 530.0261

3.8 -5 477.6736
3.8 -4.9 435.1877
3.8 -4.8 395.4752
3.8 -4.7 358.4197
3.8 -4.6 323.9072
3.8 -4.5 291.8261
3.8 -4.4 262.0672
3.8 -4.3 234.5237
3.8 -4.2 209.0912
3.8 -4.1 185.6677
3.8 -4 164.1536
3.8 -3.9 144.4517
3.8 -3.8 126.4672
3.8 -3.7 110.1077
3.8 -3.6 95.2832
3.8 -3.5 81.9061
3.8 -3.4 69.8912
3.8 -3.3 59.1557
3.8 -3.2 49.6192
3.8 -3.1 41.2037
3.8 -3 33.8336
3.8 -2.9 27.4357
3.8 -2.8 21.9392
3.8 -2.7 17.2757
3.8 -2.6 13.3792
3.8 -2.5 10.1861
3.8 -2.4 7.63520000000001
3.8 -2.3 5.66770000000001
3.8 -2.2 4.22720000000002
3.8 -2.1 3.25970000000002
3.8 -2 2.71360000000002
3.8 -1.9 2.53970000000001
3.8 -1.8 2.69120000000001
3.8 -1.7 3.12370000000002
3.8 -1.6 3.79520000000002
3.8 -1.5 4.66610000000002
3.8 -1.4 5.69920000000002
3.8 -1.3 6.85970000000002
3.8 -1.2 8.11520000000002
3.8 -1.1 9.43570000000002
3.8 -1 10.7936
3.8 -0.9 12.1637
3.8 -0.8 13.5232
3.8 -0.7 14.8517
3.8 -0.6 16.1312
3.8 -0.5 17.3461
3.8 -0.4 18.4832
3.8 -0.3 19.5317
3.8 -0.2 20.4832
3.8 -0.0999999999999996 21.3317
3.8 0 22.0736
3.8 0.0999999999999996 22.7077
3.8 0.2 23.2352
3.8 0.3 23.6597
3.8 0.4 23.9872
3.8 0.5 24.2261
3.8 0.6 24.3872
3.8 0.7 24.4837
3.8 0.8 24.5312
3.8 0.9 24.5477
3.8 1 24.5536
3.8 1.1 24.5717
3.8 1.2 24.6272
3.8 1.3 24.7477000000001
3.8 1.4 24.9632
3.8 1.5 25.3061
3.8 1.6 25.8112000000001
3.8 1.7 26.5157
3.8 1.8 27.4592000000001
3.8 1.9 28.6837
3.8 2 30.2336000000001
3.8 2.1 32.1557000000001
3.8 2.2 34.4992
3.8 2.3 37.3157000000001
3.8 2.4 40.6592
3.8 2.5 44.5861000000001
3.8 2.6 49.1552000000001
3.8 2.7 54.4277000000001
3.8 2.8 60.4672000000001
3.8 2.9 67.3397000000001
3.8 3 75.1136000000001
3.8 3.1 83.8597000000001
3.8 3.2 93.6512
3.8 3.3 104.5637
3.8 3.4 116.6752
3.8 3.5 130.0661
3.8 3.6 144.8192
3.8 3.7 161.0197
3.8 3.8 178.7552
3.8 3.9 198.1157
3.8 4 219.1936
3.8 4.1 242.0837
3.8 4.2 266.8832
3.8 4.3 293.6917
3.8 4.4 322.6112
3.8 4.5 353.7461
3.8 4.6 387.2032
3.8 4.7 423.0917
3.8 4.8 461.5232
3.8 4.9 502.6117
3.8 5 546.4736

3.9 -5 480.2341
3.9 -4.9 437.7042
3.9 -4.8 397.9517
3.9 -4.7 360.8602
3.9 -4.6 326.3157
3.9 -4.5 294.2066
3.9 -4.4 264.4237
3.9 -4.3 236.8602
3.9 -4.2 211.4117
3.9 -4.1 187.9762
3.9 -4 166.4541
3.9 -3.9 146.7482
3.9 -3.8 128.7637
3.9 -3.7 112.4082
3.9 -3.6 97.5917
3.9 -3.5 84.2266
3.9 -3.4 72.2277
3.9 -3.3 61.5122
3.9 -3.2 51.9997
3.9 -3.1 43.6122
3.9 -3 36.2741
3.9 -2.9 29.9122
3.9 -2.8 24.4557
3.9 -2.7 19.8362
3.9 -2.6 15.9877
3.9 -2.5 12.8466
3.9 -2.4 10.3517
3.9 -2.3 8.44420000000001
3.9 -2.2 7.06770000000001
3.9 -2.1 6.16820000000001
3.9 -2 5.69410000000001
3.9 -1.9 5.59620000000001
3.9 -1.8 5.82770000000002
3.9 -1.7 6.34420000000001
3.9 -1.6 7.10370000000001
3.9 -1.5 8.06660000000001
3.9 -1.4 9.19570000000001
3.9 -1.3 10.4562
3.9 -1.2 11.8157
3.9 -1.1 13.2442
3.9 -1 14.7141
3.9 -0.9 16.2002
3.9 -0.8 17.6797
3.9 -0.7 19.1322
3.9 -0.6 20.5397
3.9 -0.5 21.8866
3.9 -0.4 23.1597
3.9 -0.3 24.3482
3.9 -0.2 25.4437
3.9 -0.0999999999999996 26.4402
3.9 0 27.3341
3.9 0.0999999999999996 28.1242
3.9 0.2 28.8117
3.9 0.3 29.4002
3.9 0.4 29.8957
3.9 0.5 30.3066
3.9 0.6 30.6437
3.9 0.7 30.9202
3.9 0.8 31.1517
3.9 0.9 31.3562
3.9 1 31.5541
3.9 1.1 31.7682
3.9 1.2 32.0237
3.9 1.3 32.3482
3.9 1.4 32.7717
3.9 1.5 33.3266
3.9 1.6 34.0477
3.9 1.7 34.9722
3.9 1.8 36.1397
3.9 1.9 37.5922
3.9 2 39.3741
3.9 2.1 41.5322
3.9 2.2 44.1157000000001
3.9 2.3 47.1762
3.9 2.4 50.7677
3.9 2.5 54.9466
3.9 2.6 59.7717
3.9 2.7 65.3042000000001
3.9 2.8 71.6077
3.9 2.9 78.7482000000001
3.9 3 86.7941
3.9 3.1 95.8162
3.9 3.2 105.8877
3.9 3.3 117.0842
3.9 3.4 129.4837
3.9 3.5 143.1666
3.9 3.6 158.2157
3.9 3.7 174.7162
3.9 3.8 192.7557
3.9 3.9 212.4242
3.9 4 233.8141
3.9 4.1 257.0202
3.9 4.2 282.1397
3.9 4.3 309.2722
3.9 4.4 338.5197
3.9 4.5 369.9866
3.9 4.6 403.7797
3.9 4.7 440.0082
3.9 4.8 478.7837
3.9 4.9 520.2202
3.9 5 564.4341

4 -5 484
4 -4.9 441.4301
4 -4.8 401.6416
4 -4.7 364.5181
4 -4.6 329.9456
4 -4.5 297.8125
4 -4.4 268.0096
4 -4.3 240.4301
4 -4.2 214.9696
4 -4.1 191.5261
4 -4 170
4 -3.9 150.2941
4 -3.8 132.3136
4 -3.7 115.9661
4 -3.6 101.1616
4 -3.5 87.8125
4 -3.4 75.8336
4 -3.3 65.1421
4 -3.2 55.6576
4 -3.1 47.3021
4 -3 40
4 -2.9 33.6781
4 -2.8 28.2656
4 -2.7 23.6941
4 -2.6 19.8976
4 -2.5 16.8125
4 -2.4 14.3776
4 -2.3 12.5341
4 -2.2 11.2256
4 -2.1 10.3981
4 -2 10
4 -1.9 9.9821
4 -1.8 10.2976
4 -1.7 10.9021
4 -1.6 11.7536
4 -1.5 12.8125
4 -1.4 14.0416
4 -1.3 15.4061
4 -1.2 16.8736
4 -1.1 18.4141
4 -1 20
4 -0.9 21.6061
4 -0.8 23.2096
4 -0.7 24.7901
4 -0.6 26.3296
4 -0.5 27.8125
4 -0.4 29.2256
4 -0.3 30.5581
4 -0.2 31.8016
4 -0.0999999999999996 32.9501
4 0 34
4 0.0999999999999996 34.9501
4 0.2 35.8016
4 0.3 36.5581
4 0.4 37.2256
4 0.5 37.8125
4 0.6 38.3296
4 0.7 38.7901
4 0.8 39.2096
4 0.9 39.6061
4 1 40
4 1.1 40.4141
4 1.2 40.8736
4 1.3 41.4061
4 1.4 42.0416
4 1.5 42.8125
4 1.6 43.7536
4 1.7 44.9021
4 1.8 46.2976
4 1.9 47.9821
4 2 50
4 2.1 52.3981
4 2.2 55.2256
4 2.3 58.5341
4 2.4 62.3776
4 2.5 66.8125
4 2.6 71.8976
4 2.7 77.6941
4 2.8 84.2656
4 2.9 91.6781
4 3 100
4 3.1 109.3021
4 3.2 119.6576
4 3.3 131.1421
4 3.4 143.8336
4 3.5 157.8125
4 3.6 173.1616
4 3.7 189.9661
4 3.8 208.3136
4 3.9 228.2941
4 4 250
4 4.1 273.5261
4 4.2 298.9696
4 4.3 326.4301
4 4.4 356.0096
4 4.5 387.8125
4 4.6 421.9456
4 4.7 458.5181
4 4.8 497.6416
4 4.9 539.4301
4 5 584

4.1 -5 489.0661
4.1 -4.9 446.4602
4.1 -4.8 406.6397
4.1 -4.7 369.4882
4.1 -4.6 334.8917
4.1 -4.5 302.7386
4.1 -4.4 272.9197
4.1 -4.3 245.3282
4.1 -4.2 219.8597
4.1 -4.1 196.4122
4.1 -4 174.8861
4.1 -3.9 155.1842
4.1 -3.8 137.2117
4.1 -3.7 120.8762
4.1 -3.6 106.0877
4.1 -3.5 92.7586
4.1 -3.4 80.8037
4.1 -3.3 70.1402
4.1 -3.2 60.6877
4.1 -3.1 52.3682
4.1 -3 45.1061
4.1 -2.9 38.8282
4.1 -2.8 33.4637
4.1 -2.7 28.9442
4.1 -2.6 25.2037
4.1 -2.5 22.1786
4.1 -2.4 19.8077
4.1 -2.3 18.0322
4.1 -2.2 16.7957
4.1 -2.1 16.0442
4.1 -2 15.7261
4.1 -1.9 15.7922
4.1 -1.8 16.1957
4.1 -1.7 16.8922
4.1 -1.6 17.8397
4.1 -1.5 18.9986
4.1 -1.4 20.3317
4.1 -1.3 21.8042
4.1 -1.2 23.3837
4.1 -1.1 25.0402
4.1 -1 26.7461
4.1 -0.9 28.4762
4.1 -0.8 30.2077
4.1 -0.7 31.9202
4.1 -0.6 33.5957
4.1 -0.5 35.2186
4.1 -0.4 36.7757
4.1 -0.3 38.2562
4.1 -0.2 39.6517
4.1 -0.0999999999999996 40.9562
4.1 0 42.1661
4.1 0.0999999999999996 43.2802
4.1 0.2 44.2997
4.1 0.3 45.2282
4.1 0.4 46.0717
4.1 0.5 46.8386
4.1 0.6 47.5397
4.1 0.7 48.1882
4.1 0.8 48.7997
4.1 0.9 49.3922
4.1 1 49.9861
4.1 1.1 50.6042
4.1 1.2 51.2717
4.1 1.3 52.0162
4.1 1.4 52.8677
4.1 1.5 53.8586
4.1 1.6 55.0236999999999
4.1 1.7 56.4002
4.1 1.8 58.0277
4.1 1.9 59.9482
4.1 2 62.2061
4.1 2.1 64.8481999999999
4.1 2.2 67.9237
4.1 2.3 71.4842
4.1 2.4 75.5837
4.1 2.5 80.2786
4.1 2.6 85.6276999999999
4.1 2.7 91.6922
4.1 2.8 98.5357
4.1 2.9 106.2242
4.1 3 114.8261
4.1 3.1 124.4122
4.1 3.2 135.0557
4.1 3.3 146.8322
4.1 3.4 159.8197
4.1 3.5 174.0986
4.1 3.6 189.7517
4.1 3.7 206.8642
4.1 3.8 225.5237
4.1 3.9 245.8202
4.1 4 267.8461
4.1 4.1 291.6962
4.1 4.2 317.4677
4.1 4.3 345.2602
4.1 4.4 375.1757
4.1 4.5 407.3186
4.1 4.6 441.7957
4.1 4.7 478.7162
4.1 4.8 518.1917
4.1 4.9 560.3362
4.1 5 605.2661

4.2 -5 495.5296
4.2 -4.9 452.8917
4.2 -4.8 413.0432
4.2 -4.7 375.8677
4.2 -4.6 341.2512
4.2 -4.5 309.0821
4.2 -4.4 279.2512
4.2 -4.3 251.6517
4.2 -4.2 226.1792
4.2 -4.1 202.7317
4.2 -4 181.2096
4.2 -3.9 161.5157
4.2 -3.8 143.5552
4.2 -3.7 127.2357
4.2 -3.6 112.4672
4.2 -3.5 99.1620999999999
4.2 -3.4 87.2351999999999
4.2 -3.3 76.6036999999999
4.2 -3.2 67.1872
4.2 -3.1 58.9077
4.2 -3 51.6895999999999
4.2 -2.9 45.4596999999999
4.2 -2.8 40.1471999999999
4.2 -2.7 35.6837
4.2 -2.6 32.0032
4.2 -2.5 29.0420999999999
4.2 -2.4 26.7391999999999
4.2 -2.3 25.0356999999999
4.2 -2.2 23.8751999999999
4.2 -2.1 23.2036999999999
4.2 -2 22.9695999999999
4.2 -1.9 23.1236999999999
4.2 -1.8 23.6191999999999
4.2 -1.7 24.4116999999999
4.2 -1.6 25.4591999999999
4.2 -1.5 26.7220999999999
4.2 -1.4 28.1631999999999
4.2 -1.3 29.7476999999999
4.2 -1.2 31.4431999999999
4.2 -1.1 33.2196999999999
4.2 -1 35.0495999999999
4.2 -0.9 36.9076999999999
4.2 -0.8 38.7711999999999
4.2 -0.7 40.6196999999999
4.2 -0.6 42.4351999999999
4.2 -0.5 44.2020999999999
4.2 -0.4 45.9071999999999
4.2 -0.3 47.5396999999999
4.2 -0.2 49.0911999999999
4.2 -0.0999999999999996 50.5556999999999
4.2 0 51.9295999999999
4.2 0.0999999999999996 53.2116999999999
4.2 0.2 54.4031999999999
4.2 0.3 55.5076999999999
4.2 0.4 56.5311999999999
4.2 0.5 57.4820999999999
4.2 0.6 58.3711999999999
4.2 0.7 59.2116999999999
4.2 0.8 60.0191999999999
4.2 0.9 60.8116999999999
4.2 1 61.6095999999999
4.2 1.1 62.4356999999999
4.2 1.2 63.3151999999999
4.2 1.3 64.2756999999999
4.2 1.4 65.3471999999999
4.2 1.5 66.5620999999999
4.2 1.6 67.9551999999999
4.2 1.7 69.5636999999999
4.2 1.8 71.4271999999999
4.2 1.9 73.5876999999999
4.2 2 76.0895999999999
4.2 2.1 78.9796999999999
4.2 2.2 82.3071999999999
4.2 2.3 86.1236999999999
4.2 2.4 90.4831999999999
4.2 2.5 95.4420999999999
4.2 2.6 101.0592
4.2 2.7 107.3957
4.2 2.8 114.5152
4.2 2.9 122.4837
4.2 3 131.3696
4.2 3.1 141.2437
4.2 3.2 152.1792
4.2 3.3 164.2517
4.2 3.4 177.5392
4.2 3.5 192.1221
4.2 3.6 208.0832
4.2 3.7 225.5077
4.2 3.8 244.4832
4.2 3.9 265.0997
4.2 4 287.4496
4.2 4.1 311.6277
4.2 4.2 337.7312
4.2 4.3 365.8597
4.2 4.4 396.1152
4.2 4.5 428.6021
4.2 4.6 463.4272
4.2 4.7 500.6997
4.2 4.8 540.5312
4.2 4.9 583.0357
4.2 5 628.3296

4.3 -5 503.4901
4.3 -4.9 460.8242
4.3 -4.8 420.9517
4.3 -4.7 383.7562
4.3 -4.6 349.1237
4.3 -4.5 316.9426
4.3 -4.4 287.1037
4.3 -4.3 259.5002
4.3 -4.2 234.0277
4.3 -4.1 210.5842
4.3 -4 189.0701
4.3 -3.9 169.3882
4.3 -3.8 151.4437
4.3 -3.7 135.1442
4.3 -3.6 120.3997
4.3 -3.5 107.1226
4.3 -3.4 95.2277
4.3 -3.3 84.6322
4.3 -3.2 75.2557000000001
4.3 -3.1 67.0202000000001
4.3 -3 59.8501000000001
4.3 -2.9 53.6722000000001
4.3 -2.8 48.4157000000001
4.3 -2.7 44.0122000000001
4.3 -2.6 40.3957000000001
4.3 -2.5 37.5026000000001
4.3 -2.4 35.2717000000001
4.3 -2.3 33.6442
4.3 -2.2 32.5637000000001
4.3 -2.1 31.9762
4.3 -2 31.8301000000001
4.3 -1.9 32.0762000000001
4.3 -1.8 32.6677000000001
4.3 -1.7 33.5602000000001
4.3 -1.6 34.7117
4.3 -1.5 36.0826000000001
4.3 -1.4 37.6357000000001
4.3 -1.3 39.3362000000001
4.3 -1.2 41.1517000000001
4.3 -1.1 43.0522
4.3 -1 45.0101000000001
4.3 -0.9 47.0002
4.3 -0.8 48.9997000000001
4.3 -0.7 50.9882000000001
4.3 -0.6 52.9477000000001
4.3 -0.5 54.8626000000001
4.3 -0.4 56.7197
4.3 -0.3 58.5082000000001
4.3 -0.2 60.2197000000001
4.3 -0.0999999999999996 61.8482000000001
4.3 0 63.3901000000001
4.3 0.0999999999999996 64.8442
4.3 0.2 66.2117000000001
4.3 0.3 67.4962000000001
4.3 0.4 68.7037000000001
4.3 0.5 69.8426000000001
4.3 0.6 70.9237000000001
4.3 0.7 71.9602000000001
4.3 0.8 72.9677000000001
4.3 0.9 73.9642000000001
4.3 1 74.9701000000001
4.3 1.1 76.0082000000001
4.3 1.2 77.1037000000001
4.3 1.3 78.2842000000001
4.3 1.4 79.5797000000001
4.3 1.5 81.0226000000001
4.3 1.6 82.6477000000001
4.3 1.7 84.4922000000001
4.3 1.8 86.5957000000001
4.3 1.9 89.0002000000001
4.3 2 91.7501000000001
4.3 2.1 94.8922000000001
4.3 2.2 98.4757000000001
4.3 2.3 102.5522
4.3 2.4 107.1757
4.3 2.5 112.4026
4.3 2.6 118.2917
4.3 2.7 124.9042
4.3 2.8 132.3037
4.3 2.9 140.5562
4.3 3 149.7301
4.3 3.1 159.8962
4.3 3.2 171.1277
4.3 3.3 183.5002
4.3 3.4 197.0917
4.3 3.5 211.9826
4.3 3.6 228.2557
4.3 3.7 245.9962
4.3 3.8 265.2917
4.3 3.9 286.2322
4.3 4 308.9101
4.3 4.1 333.4202
4.3 4.2 359.8597
4.3 4.3 388.3282
4.3 4.4 418.9277
4.3 4.5 451.7626
4.3 4.6 486.9397
4.3 4.7 524.5682
4.3 4.8 564.7597
4.3 4.9 607.6282
4.3 5 653.2901

4.4 -5 513.0496
4.4 -4.9 470.3597
4.4 -4.8 430.4672
4.4 -4.7 393.2557
4.4 -4.6 358.6112
4.4 -4.5 326.4221
4.4 -4.4 296.5792
4.4 -4.3 268.9757
4.4 -4.2 243.5072
4.4 -4.1 220.0717
4.4 -4 198.5696
4.4 -3.9 178.9037
4.4 -3.8 160.9792
4.4 -3.7 144.7037
4.4 -3.6 129.9872
4.4 -3.5 116.7421
4.4 -3.4 104.8832
4.4 -3.3 94.3277
4.4 -3.2 84.9952000000001
4.4 -3.1 76.8077
4.4 -3 69.6896
4.4 -2.9 63.5677000000001
4.4 -2.8 58.3712
4.4 -2.7 54.0317000000001
4.4 -2.6 50.4832
4.4 -2.5 47.6621
4.4 -2.4 45.5072000000001
4.4 -2.3 43.9597
4.4 -2.2 42.9632000000001
4.4 -2.1 42.4637
4.4 -2 42.4096
4.4 -1.9 42.7517000000001
4.4 -1.8 43.4432
4.4 -1.7 44.4397000000001
4.4 -1.6 45.6992
4.4 -1.5 47.1821
4.4 -1.4 48.8512000000001
4.4 -1.3 50.6717
4.4 -1.2 52.6112000000001
4.4 -1.1 54.6397
4.4 -1 56.7296
4.4 -0.9 58.8557
4.4 -0.8 60.9952
4.4 -0.7 63.1277000000001
4.4 -0.6 65.2352000000001
4.4 -0.5 67.3021
4.4 -0.4 69.3152
4.4 -0.3 71.2637
4.4 -0.2 73.1392000000001
4.4 -0.0999999999999996 74.9357000000001
4.4 0 76.6496
4.4 0.0999999999999996 78.2797
4.4 0.2 79.8272
4.4 0.3 81.2957000000001
4.4 0.4 82.6912000000001
4.4 0.5 84.0221000000001
4.4 0.6 85.2992
4.4 0.7 86.5357
4.4 0.8 87.7472000000001
4.4 0.9 88.9517000000001
4.4 1 90.1696000000001
4.4 1.1 91.4237
4.4 1.2 92.7392000000001
4.4 1.3 94.1437000000001
4.4 1.4 95.6672000000001
4.4 1.5 97.3421000000001
4.4 1.6 99.2032
4.4 1.7 101.2877
4.4 1.8 103.6352
4.4 1.9 106.2877
4.4 2 109.2896
4.4 2.1 112.6877
4.4 2.2 116.5312
4.4 2.3 120.8717
4.4 2.4 125.7632
4.4 2.5 131.2621
4.4 2.6 137.4272
4.4 2.7 144.3197
4.4 2.8 152.0032
4.4 2.9 160.5437
4.4 3 170.0096
4.4 3.1 180.4717
4.4 3.2 192.0032
4.4 3.3 204.6797
4.4 3.4 218.5792
4.4 3.5 233.7821
4.4 3.6 250.3712
4.4 3.7 268.4317
4.4 3.8 288.0512
4.4 3.9 309.3197
4.4 4 332.3296
4.4 4.1 357.1757
4.4 4.2 383.9552
4.4 4.3 412.7677
4.4 4.4 443.7152
4.4 4.5 476.9021
4.4 4.6 512.4352
4.4 4.7 550.4237
4.4 4.8 590.9792
4.4 4.9 634.2157
4.4 5 680.2496

4.5 -5 524.3125
4.5 -4.9 481.6026
4.5 -4.8 441.6941
4.5 -4.7 404.4706
4.5 -4.6 369.8181
4.5 -4.5 337.625
4.5 -4.4 307.7821
4.5 -4.3 280.1826
4.5 -4.2 254.7221
4.5 -4.1 231.2986
4.5 -4 209.8125
4.5 -3.9 190.1666
4.5 -3.8 172.2661
4.5 -3.7 156.0186
4.5 -3.6 141.3341
4.5 -3.5 128.125
4.5 -3.4 116.3061
4.5 -3.3 105.7946
4.5 -3.2 96.5101
4.5 -3.1 88.3746
4.5 -3 81.3125
4.5 -2.9 75.2506
4.5 -2.8 70.1181
4.5 -2.7 65.8466
4.5 -2.6 62.3701
4.5 -2.5 59.625
4.5 -2.4 57.5501
4.5 -2.3 56.0866
4.5 -2.2 55.1781
4.5 -2.1 54.7706
4.5 -2 54.8125
4.5 -1.9 55.2546
4.5 -1.8 56.0501
4.5 -1.7 57.1546
4.5 -1.6 58.5261
4.5 -1.5 60.125
4.5 -1.4 61.9141
4.5 -1.3 63.8586
4.5 -1.2 65.9261
4.5 -1.1 68.0866
4.5 -1 70.3125
4.5 -0.9 72.5786
4.5 -0.8 74.8621
4.5 -0.7 77.1426
4.5 -0.6 79.4021
4.5 -0.5 81.625
4.5 -0.4 83.7981
4.5 -0.3 85.9106
4.5 -0.2 87.9541
4.5 -0.0999999999999996 89.9226
4.5 0 91.8125
4.5 0.0999999999999996 93.6226
4.5 0.2 95.3541
4.5 0.3 97.0106
4.5 0.4 98.5981
4.5 0.5 100.125
4.5 0.6 101.6021
4.5 0.7 103.0426
4.5 0.8 104.4621
4.5 0.9 105.8786
4.5 1 107.3125
4.5 1.1 108.7866
4.5 1.2 110.3261
4.5 1.3 111.9586
4.5 1.4 113.7141
4.5 1.5 115.625
4.5 1.6 117.7261
4.5 1.7 120.0546
4.5 1.8 122.6501
4.5 1.9 125.5546
4.5 2 128.8125
4.5 2.1 132.4706
4.5 2.2 136.5781
4.5 2.3 141.1866
4.5 2.4 146.3501
4.5 2.5 152.125
4.5 2.6 158.5701
4.5 2.7 165.7466
4.5 2.8 173.7181
4.5 2.9 182.5506
4.5 3 192.3125
4.5 3.1 203.0746
4.5 3.2 214.9101
4.5 3.3 227.8946
4.5 3.4 242.1061
4.5 3.5 257.625
4.5 3.6 274.5341
4.5 3.7 292.9186
4.5 3.8 312.8661
4.5 3.9 334.4666
4.5 4 357.8125
4.5 4.1 382.9986
4.5 4.2 410.1221
4.5 4.3 439.2826
4.5 4.4 470.5821
4.5 4.5 504.125
4.5 4.6 540.0181
4.5 4.7 578.3706
4.5 4.8 619.2941
4.5 4.9 662.9026
4.5 5 709.3125

4.6 -5 537.3856
4.6 -4.9 494.6597
4.6 -4.8 454.7392
4.6 -4.7 417.5077
4.6 -4.6 382.8512
4.6 -4.5 350.6581
4.6 -4.4 320.8192
4.6 -4.3 293.2277
4.6 -4.2 267.7792
4.6 -4.1 244.3717
4.6 -4 222.9056
4.6 -3.9 203.2837
4.6 -3.8 185.4112
4.6 -3.7 169.1957
4.6 -3.6 154.5472
4.6 -3.5 141.3781
4.6 -3.4 129.6032
4.6 -3.3 119.1397
4.6 -3.2 109.9072
4.6 -3.1 101.8277
4.6 -3 94.8256
4.6 -2.9 88.8277
4.6 -2.8 83.7631999999999
4.6 -2.7 79.5637
4.6 -2.6 76.1631999999999
4.6 -2.5 73.4980999999999
4.6 -2.4 71.5072
4.6 -2.3 70.1316999999999
4.6 -2.2 69.3152
4.6 -2.1 69.0036999999999
4.6 -2 69.1455999999999
4.6 -1.9 69.6917
4.6 -1.8 70.5951999999999
4.6 -1.7 71.8117
4.6 -1.6 73.2991999999999
4.6 -1.5 75.0180999999999
4.6 -1.4 76.9312
4.6 -1.3 79.0036999999999
4.6 -1.2 81.2032
4.6 -1.1 83.4996999999999
4.6 -1 85.8655999999999
4.6 -0.9 88.2757
4.6 -0.8 90.7071999999999
4.6 -0.7 93.1396999999999
4.6 -0.6 95.5551999999999
4.6 -0.5 97.9380999999999
4.6 -0.4 100.2752
4.6 -0.3 102.5557
4.6 -0.2 104.7712
4.6 -0.0999999999999996 106.9157
4.6 0 108.9856
4.6 0.0999999999999996 110.9797
4.6 0.2 112.8992
4.6 0.3 114.7477
4.6 0.4 116.5312
4.6 0.5 118.2581
4.6 0.6 119.9392
4.6 0.7 121.5877
4.6 0.8 123.2192
4.6 0.9 124.8517
4.6 1 126.5056
4.6 1.1 128.2037
4.6 1.2 129.9712
4.6 1.3 131.8357
4.6 1.4 133.8272
4.6 1.5 135.9781
4.6 1.6 138.3232
4.6 1.7 140.8997
4.6 1.8 143.7472
4.6 1.9 146.9077
4.6 2 150.4256
4.6 2.1 154.3477
4.6 2.2 158.7232
4.6 2.3 163.6037
4.6 2.4 169.0432
4.6 2.5 175.0981
4.6 2.6 181.8272
4.6 2.7 189.2917
4.6 2.8 197.5552
4.6 2.9 206.6837
4.6 3 216.7456
4.6 3.1 227.8117
4.6 3.2 239.9552
4.6 3.3 253.2517
4.6 3.4 267.7792
4.6 3.5 283.6181
4.6 3.6 300.8512
4.6 3.7 319.5637
4.6 3.8 339.8432
4.6 3.9 361.7797
4.6 4 385.4656
4.6 4.1 410.9957
4.6 4.2 438.4672
4.6 4.3 467.9797
4.6 4.4 499.6352
4.6 4.5 533.5381
4.6 4.6 569.7952
4.6 4.7 608.515699999999
4.6 4.8 649.8112
4.6 4.9 693.7957
4.6 5 740.5856

4.7 -5 552.3781
4.7 -4.9 509.6402
4.7 -4.8 469.7117
4.7 -4.7 432.4762
4.7 -4.6 397.8197
4.7 -4.5 365.6306
4.7 -4.4 335.7997
4.7 -4.3 308.2202
4.7 -4.2 282.7877
4.7 -4.1 259.4002
4.7 -4 237.9581
4.7 -3.9 218.3642
4.7 -3.8 200.5237
4.7 -3.7 184.3442
4.7 -3.6 169.7357
4.7 -3.5 156.6106
4.7 -3.4 144.8837
4.7 -3.3 134.4722
4.7 -3.2 125.2957
4.7 -3.1 117.2762
4.7 -3 110.3381
4.7 -2.9 104.4082
4.7 -2.8 99.4156999999999
4.7 -2.7 95.2921999999999
4.7 -2.6 91.9716999999999
4.7 -2.5 89.3905999999999
4.7 -2.4 87.4876999999999
4.7 -2.3 86.2041999999998
4.7 -2.2 85.4836999999999
4.7 -2.1 85.2721999999998
4.7 -2 85.5180999999999
4.7 -1.9 86.1721999999999
4.7 -1.8 87.1876999999999
4.7 -1.7 88.5201999999999
4.7 -1.6 90.1276999999998
4.7 -1.5 91.9705999999999
4.7 -1.4 94.0116999999999
4.7 -1.3 96.2161999999998
4.7 -1.2 98.5516999999999
4.7 -1.1 100.9882
4.7 -1 103.4981
4.7 -0.9 106.0562
4.7 -0.8 108.6397
4.7 -0.7 111.2282
4.7 -0.6 113.8037
4.7 -0.5 116.3506
4.7 -0.4 118.8557
4.7 -0.3 121.3082
4.7 -0.2 123.6997
4.7 -0.0999999999999996 126.0242
4.7 0 128.2781
4.7 0.0999999999999996 130.4602
4.7 0.2 132.5717
4.7 0.3 134.6162
4.7 0.4 136.5997
4.7 0.5 138.5306
4.7 0.6 140.4197
4.7 0.7 142.2802
4.7 0.8 144.1277
4.7 0.9 145.9802
4.7 1 147.8581
4.7 1.1 149.7842
4.7 1.2 151.7837
4.7 1.3 153.8842
4.7 1.4 156.1157
4.7 1.5 158.5106
4.7 1.6 161.1037
4.7 1.7 163.9322
4.7 1.8 167.0357
4.7 1.9 170.4562
4.7 2 174.2381
4.7 2.1 178.4282
4.7 2.2 183.0757
4.7 2.3 188.2322
4.7 2.4 193.9517
4.7 2.5 200.2906
4.7 2.6 207.3077
4.7 2.7 215.0642
4.7 2.8 223.6237
4.7 2.9 233.0522
4.7 3 243.4181
4.7 3.1 254.7922
4.7 3.2 267.2477
4.7 3.3 280.8602
4.7 3.4 295.7077
4.7 3.5 311.8706
4.7 3.6 329.4317
4.7 3.7 348.4762
4.7 3.8 369.0917
4.7 3.9 391.3682
4.7 4 415.3981
4.7 4.1 441.2762
4.7 4.2 469.0997
4.7 4.3 498.9682
4.7 4.4 530.9837
4.7 4.5 565.2506
4.7 4.6 601.8757
4.7 4.7 640.968199999999
4.7 4.8 682.6397
4.7 4.9 727.0042
4.7 5 774.1781

4.8 -5 569.4016
4.8 -4.9 526.6557
4.8 -4.8 486.7232
4.8 -4.7 449.4877
4.8 -4.6 414.8352
4.8 -4.5 382.6541
4.8 -4.4 352.8352
4.8 -4.3 325.2717
4.8 -4.2 299.8592
4.8 -4.1 276.4957
4.8 -4 255.0816
4.8 -3.9 235.5197
4.8 -3.8 217.7152
4.8 -3.7 201.5757
4.8 -3.6 187.0112
4.8 -3.5 173.9341
4.8 -3.4 162.2592
4.8 -3.3 151.9037
4.8 -3.2 142.7872
4.8 -3.1 134.8317
4.8 -3 127.9616
4.8 -2.9 122.1037
4.8 -2.8 117.1872
4.8 -2.7 113.1437
4.8 -2.6 109.9072
4.8 -2.5 107.4141
4.8 -2.4 105.6032
4.8 -2.3 104.4157
4.8 -2.2 103.7952
4.8 -2.1 103.6877
4.8 -2 104.0416
4.8 -1.9 104.8077
4.8 -1.8 105.9392
4.8 -1.7 107.3917
4.8 -1.6 109.1232
4.8 -1.5 111.0941
4.8 -1.4 113.2672
4.8 -1.3 115.6077
4.8 -1.2 118.0832
4.8 -1.1 120.6637
4.8 -1 123.3216
4.8 -0.9 126.0317
4.8 -0.8 128.7712
4.8 -0.7 131.5197
4.8 -0.6 134.2592
4.8 -0.5 136.9741
4.8 -0.4 139.6512
4.8 -0.3 142.2797
4.8 -0.2 144.8512
4.8 -0.0999999999999996 147.3597
4.8 0 149.8016
4.8 0.0999999999999996 152.1757
4.8 0.2 154.4832
4.8 0.3 156.7277
4.8 0.4 158.9152
4.8 0.5 161.0541
4.8 0.6 163.1552
4.8 0.7 165.2317
4.8 0.8 167.2992
4.8 0.9 169.3757
4.8 1 171.4816
4.8 1.1 173.6397
4.8 1.2 175.8752
4.8 1.3 178.2157
4.8 1.4 180.6912
4.8 1.5 183.3341
4.8 1.6 186.1792
4.8 1.7 189.2637
4.8 1.8 192.6272
4.8 1.9 196.3117
4.8 2 200.3616
4.8 2.1 204.8237
4.8 2.2 209.7472
4.8 2.3 215.1837
4.8 2.4 221.1872
4.8 2.5 227.8141
4.8 2.6 235.1232
4.8 2.7 243.1757
4.8 2.8 252.0352
4.8 2.9 261.7677
4.8 3 272.4416
4.8 3.1 284.1277
4.8 3.2 296.8992
4.8 3.3 310.8317
4.8 3.4 326.0032
4.8 3.5 342.4941
4.8 3.6 360.3872
4.8 3.7 379.7677
4.8 3.8 400.7232
4.8 3.9 423.3437
4.8 4 447.7216
4.8 4.1 473.9517
4.8 4.2 502.1312
4.8 4.3 532.3597
4.8 4.4 564.7392
4.8 4.5 599.3741
4.8 4.6 636.3712
4.8 4.7 675.8397
4.8 4.8 717.8912
4.8 4.9 762.6397
4.8 5 810.2016

4.9 -5 588.5701
4.9 -4.9 545.8202
4.9 -4.8 505.8877
4.9 -4.7 468.6562
4.9 -4.6 434.0117
4.9 -4.5 401.8426
4.9 -4.4 372.0397
4.9 -4.3 344.4962
4.9 -4.2 319.1077
4.9 -4.1 295.7722
4.9 -4 274.3901
4.9 -3.9 254.8642
4.9 -3.8 237.0997
4.9 -3.7 221.0042
4.9 -3.6 206.4877
4.9 -3.5 193.4626
4.9 -3.4 181.8437
4.9 -3.3 171.5482
4.9 -3.2 162.4957
4.9 -3.1 154.6082
4.9 -3 147.8101
4.9 -2.9 142.0282
4.9 -2.8 137.1917
4.9 -2.7 133.2322
4.9 -2.6 130.0837
4.9 -2.5 127.6826
4.9 -2.4 125.9677
4.9 -2.3 124.8802
4.9 -2.2 124.3637
4.9 -2.1 124.3642
4.9 -2 124.8301
4.9 -1.9 125.7122
4.9 -1.8 126.9637
4.9 -1.7 128.5402
4.9 -1.6 130.3997
4.9 -1.5 132.5026
4.9 -1.4 134.8117
4.9 -1.3 137.2922
4.9 -1.2 139.9117
4.9 -1.1 142.6402
4.9 -1 145.4501
4.9 -0.9 148.3162
4.9 -0.8 151.2157
4.9 -0.7 154.1282
4.9 -0.6 157.0357
4.9 -0.5 159.9226
4.9 -0.4 162.7757
4.9 -0.3 165.5842
4.9 -0.2 168.3397
4.9 -0.0999999999999996 171.0362
4.9 0 173.6701
4.9 0.0999999999999996 176.2402
4.9 0.2 178.7477
4.9 0.3 181.1962
4.9 0.4 183.5917
4.9 0.5 185.9426
4.9 0.6 188.2597
4.9 0.7 190.5562
4.9 0.8 192.8477
4.9 0.9 195.1522
4.9 1 197.4901
4.9 1.1 199.8842
4.9 1.2 202.3597
4.9 1.3 204.9442
4.9 1.4 207.6677
4.9 1.5 210.5626
4.9 1.6 213.6637
4.9 1.7 217.0082
4.9 1.8 220.6357
4.9 1.9 224.5882
4.9 2 228.9101
4.9 2.1 233.6482
4.9 2.2 238.8517
4.9 2.3 244.5722
4.9 2.4 250.8637
4.9 2.5 257.7826
4.9 2.6 265.3877
4.9 2.7 273.7402
4.9 2.8 282.9037
4.9 2.9 292.9442
4.9 3 303.9301
4.9 3.1 315.9322
4.9 3.2 329.0237
4.9 3.3 343.2802
4.9 3.4 358.7797
4.9 3.5 375.6026
4.9 3.6 393.8317
4.9 3.7 413.5522
4.9 3.8 434.8517
4.9 3.9 457.8202
4.9 4 482.5501
4.9 4.1 509.1362
4.9 4.2 537.6757
4.9 4.3 568.2682
4.9 4.4 601.0157
4.9 4.5 636.0226
4.9 4.6 673.3957
4.9 4.7 713.2442
4.9 4.8 755.6797
4.9 4.9 800.8162
4.9 5 848.7701

5 -5 610
5 -4.9 567.2501
5 -4.8 527.3216
5 -4.7 490.0981
5 -4.6 455.4656
5 -4.5 423.3125
5 -4.4 393.5296
5 -4.3 366.0101
5 -4.2 340.6496
5 -4.1 317.3461
5 -4 296
5 -3.9 276.5141
5 -3.8 258.7936
5 -3.7 242.7461
5 -3.6 228.2816
5 -3.5 215.3125
5 -3.4 203.7536
5 -3.3 193.5221
5 -3.2 184.5376
5 -3.1 176.7221
5 -3 170
5 -2.9 164.2981
5 -2.8 159.5456
5 -2.7 155.6741
5 -2.6 152.6176
5 -2.5 150.3125
5 -2.4 148.6976
5 -2.3 147.7141
5 -2.2 147.3056
5 -2.1 147.4181
5 -2 148
5 -1.9 149.0021
5 -1.8 150.3776
5 -1.7 152.0821
5 -1.6 154.0736
5 -1.5 156.3125
5 -1.4 158.7616
5 -1.3 161.3861
5 -1.2 164.1536
5 -1.1 167.0341
5 -1 170
5 -0.9 173.0261
5 -0.8 176.0896
5 -0.7 179.1701
5 -0.6 182.2496
5 -0.5 185.3125
5 -0.4 188.3456
5 -0.3 191.3381
5 -0.2 194.2816
5 -0.0999999999999996 197.1701
5 0 200
5 0.0999999999999996 202.7701
5 0.2 205.4816
5 0.3 208.1381
5 0.4 210.7456
5 0.5 213.3125
5 0.6 215.8496
5 0.7 218.3701
5 0.8 220.8896
5 0.9 223.4261
5 1 226
5 1.1 228.6341
5 1.2 231.3536
5 1.3 234.1861
5 1.4 237.1616
5 1.5 240.3125
5 1.6 243.6736
5 1.7 247.2821
5 1.8 251.1776
5 1.9 255.4021
5 2 260
5 2.1 265.0181
5 2.2 270.5056
5 2.3 276.5141
5 2.4 283.0976
5 2.5 290.3125
5 2.6 298.2176
5 2.7 306.8741
5 2.8 316.3456
5 2.9 326.6981
5 3 338
5 3.1 350.3221
5 3.2 363.7376
5 3.3 378.3221
5 3.4 394.1536
5 3.5 411.3125
5 3.6 429.8816
5 3.7 449.9461
5 3.8 471.5936
5 3.9 494.9141
5 4 520
5 4.1 546.9461
5 4.2 575.8496
5 4.3 606.8101
5 4.4 639.9296
5 4.5 675.3125
5 4.6 713.0656
5 4.7 753.2981
5 4.8 796.1216
5 4.9 841.6501
5 5 890

