-3 -3 14416
-3 -2.94 14272.36
-3 -2.88 14129.44
-3 -2.82 13987.24
-3 -2.76 13845.76
-3 -2.7 13705
-3 -2.64 13564.96
-3 -2.58 13425.64
-3 -2.52 13287.04
-3 -2.46 13149.16
-3 -2.4 13012
-3 -2.34 12875.56
-3 -2.28 12739.84
-3 -2.22 12604.84
-3 -2.16 12470.56
-3 -2.1 12337
-3 -2.04 12204.16
-3 -1.98 12072.04
-3 -1.92 11940.64
-3 -1.86 11809.96
-3 -1.8 11680
-3 -1.74 11550.76
-3 -1.68 11422.24
-3 -1.62 11294.44
-3 -1.56 11167.36
-3 -1.5 11041
-3 -1.44 10915.36
-3 -1.38 10790.44
-3 -1.32 10666.24
-3 -1.26 10542.76
-3 -1.2 10420
-3 -1.14 10297.96
-3 -1.08 10176.64
-3 -1.02 10056.04
-3 -0.96 9936.16
-3 -0.9 9817
-3 -0.84 9698.56
-3 -0.78 9580.84
-3 -0.72 9463.84
-3 -0.66 9347.56
-3 -0.6 9232
-3 -0.54 9117.16
-3 -0.48 9003.04
-3 -0.42 8889.64
-3 -0.36 8776.96
-3 -0.3 8665
-3 -0.24 8553.76
-3 -0.18 8443.24
-3 -0.12 8333.44
-3 -0.0600000000000001 8224.36
-3 0 8116
-3 0.0600000000000001 8008.36
-3 0.12 7901.44
-3 0.18 7795.24
-3 0.24 7689.76
-3 0.3 7585
-3 0.36 7480.96
-3 0.42 7377.64
-3 0.48 7275.04
-3 0.54 7173.16
-3 0.6 7072
-3 0.66 6971.56
-3 0.72 6871.84
-3 0.78 6772.84
-3 0.84 6674.56
-3 0.9 6577
-3 0.96 6480.16
-3 1.02 6384.04
-3 1.08 6288.64
-3 1.14 6193.96
-3 1.2 6100
-3 1.26 6006.76
-3 1.32 5914.24
-3 1.38 5822.44
-3 1.44 5731.36
-3 1.5 5641
-3 1.56 5551.36
-3 1.62 5462.44
-3 1.68 5374.24
-3 1.74 5286.76
-3 1.8 5200
-3 1.86 5113.96
-3 1.92 5028.64
-3 1.98 4944.04
-3 2.04 4860.16
-3 2.1 4777
-3 2.16 4694.56
-3 2.22 4612.84
-3 2.28 4531.84
-3 2.34 4451.56
-3 2.4 4372
-3 2.46 4293.16
-3 2.52 4215.04
-3 2.58 4137.64
-3 2.64 4060.96
-3 2.7 3985
-3 2.76 3909.76
-3 2.82 3835.24
-3 2.88 3761.44
-3 2.94 3688.36
-3 3 3616

-2.94 -3 13572.865696
-2.94 -2.94 13433.502496
-2.94 -2.88 13294.859296
-2.94 -2.82 13156.936096
-2.94 -2.76 13019.732896
-2.94 -2.7 12883.249696
-2.94 -2.64 12747.486496
-2.94 -2.58 12612.443296
-2.94 -2.52 12478.120096
-2.94 -2.46 12344.516896
-2.94 -2.4 12211.633696
-2.94 -2.34 12079.470496
-2.94 -2.28 11948.027296
-2.94 -2.22 11817.304096
-2.94 -2.16 11687.300896
-2.94 -2.1 11558.017696
-2.94 -2.04 11429.454496
-2.94 -1.98 11301.611296
-2.94 -1.92 11174.488096
-2.94 -1.86 11048.084896
-2.94 -1.8 10922.401696
-2.94 -1.74 10797.438496
-2.94 -1.68 10673.195296
-2.94 -1.62 10549.672096
-2.94 -1.56 10426.868896
-2.94 -1.5 10304.785696
-2.94 -1.44 10183.422496
-2.94 -1.38 10062.779296
-2.94 -1.32 9942.856096
-2.94 -1.26 9823.652896
-2.94 -1.2 9705.169696
-2.94 -1.14 9587.406496
-2.94 -1.08 9470.363296
-2.94 -1.02 9354.040096
-2.94 -0.96 9238.436896
-2.94 -0.9 9123.553696
-2.94 -0.84 9009.390496
-2.94 -0.78 8895.947296
-2.94 -0.72 8783.224096
-2.94 -0.66 8671.220896
-2.94 -0.6 8559.937696
-2.94 -0.54 8449.374496
-2.94 -0.48 8339.531296
-2.94 -0.42 8230.408096
-2.94 -0.36 8122.004896
-2.94 -0.3 8014.321696
-2.94 -0.24 7907.358496
-2.94 -0.18 7801.115296
-2.94 -0.12 7695.592096
-2.94 -0.0600000000000001 7590.788896
-2.94 0 7486.705696
-2.94 0.0600000000000001 7383.342496
-2.94 0.12 7280.699296
-2.94 0.18 7178.776096
-2.94 0.24 7077.572896
-2.94 0.3 6977.089696
-2.94 0.36 6877.326496
-2.94 0.42 6778.283296
-2.94 0.48 6679.960096
-2.94 0.54 6582.356896
-2.94 0.6 6485.473696
-2.94 0.66 6389.310496
-2.94 0.72 6293.867296
-2.94 0.78 6199.144096
-2.94 0.84 6105.140896
-2.94 0.9 6011.857696
-2.94 0.96 5919.294496
-2.94 1.02 5827.451296
-2.94 1.08 5736.328096
-2.94 1.14 5645.924896
-2.94 1.2 5556.241696
-2.94 1.26 5467.278496
-2.94 1.32 5379.035296
-2.94 1.38 5291.512096
-2.94 1.44 5204.708896
-2.94 1.5 5118.625696
-2.94 1.56 5033.262496
-2.94 1.62 4948.619296
-2.94 1.68 4864.696096
-2.94 1.74 4781.492896
-2.94 1.8 4699.009696
-2.94 1.86 4617.246496
-2.94 1.92 4536.203296
-2.94 1.98 4455.880096
-2.94 2.04 4376.276896
-2.94 2.1 4297.393696
-2.94 2.16 4219.230496
-2.94 2.22 4141.787296
-2.94 2.28 4065.064096
-2.94 2.34 3989.060896
-2.94 2.4 3913.777696
-2.94 2.46 3839.214496
-2.94 2.52 3765.371296
-2.94 2.58 3692.248096
-2.94 2.64 3619.844896
-2.94 2.7 3548.161696
-2.94 2.76 3477.198496
-2.94 2.82 3406.955296
-2.94 2.88 3337.432096
-2.94 2.94 3268.628896
-2.94 3 3200.545696

-2.88 -3 12771.401536
-2.88 -2.94 12636.228736
-2.88 -2.88 12501.775936
-2.88 -2.82 12368.043136
-2.88 -2.76 12235.030336
-2.88 -2.7 12102.737536
-2.88 -2.64 11971.164736
-2.88 -2.58 11840.311936
-2.88 -2.52 11710.179136
-2.88 -2.46 11580.766336
-2.88 -2.4 11452.073536
-2.88 -2.34 11324.100736
-2.88 -2.28 11196.847936
-2.88 -2.22 11070.315136
-2.88 -2.16 10944.502336
-2.88 -2.1 10819.409536
-2.88 -2.04 10695.036736
-2.88 -1.98 10571.383936
-2.88 -1.92 10448.451136
-2.88 -1.86 10326.238336
-2.88 -1.8 10204.745536
-2.88 -1.74 10083.972736
-2.88 -1.68 9963.919936
-2.88 -1.62 9844.587136
-2.88 -1.56 9725.974336
-2.88 -1.5 9608.081536
-2.88 -1.44 9490.908736
-2.88 -1.38 9374.455936
-2.88 -1.32 9258.723136
-2.88 -1.26 9143.710336
-2.88 -1.2 9029.417536
-2.88 -1.14 8915.844736
-2.88 -1.08 8802.991936
-2.88 -1.02 8690.859136
-2.88 -0.96 8579.446336
-2.88 -0.9 8468.753536
-2.88 -0.84 8358.780736
-2.88 -0.78 8249.527936
-2.88 -0.72 8140.995136
-2.88 -0.66 8033.182336
-2.88 -0.6 7926.089536
-2.88 -0.54 7819.716736
-2.88 -0.48 7714.063936
-2.88 -0.42 7609.131136
-2.88 -0.36 7504.918336
-2.88 -0.3 7401.425536
-2.88 -0.24 7298.652736
-2.88 -0.18 7196.599936
-2.88 -0.12 7095.267136
-2.88 -0.0600000000000001 6994.654336
-2.88 0 6894.761536
-2.88 0.0600000000000001 6795.588736
-2.88 0.12 6697.135936
-2.88 0.18 6599.403136
-2.88 0.24 6502.390336
-2.88 0.3 6406.097536
-2.88 0.36 6310.524736
-2.88 0.42 6215.671936
-2.88 0.48 6121.539136
-2.88 0.54 6028.126336
-2.88 0.6 5935.433536
-2.88 0.66 5843.460736
-2.88 0.72 5752.207936
-2.88 0.78 5661.675136
-2.88 0.84 5571.862336
-2.88 0.9 5482.769536
-2.88 0.96 5394.396736
-2.88 1.02 5306.743936
-2.88 1.08 5219.811136
-2.88 1.14 5133.598336
-2.88 1.2 5048.105536
-2.88 1.26 4963.332736
-2.88 1.32 4879.279936
-2.88 1.38 4795.947136
-2.88 1.44 4713.334336
-2.88 1.5 4631.441536
-2.88 1.56 4550.268736
-2.88 1.62 4469.815936
-2.88 1.68 4390.083136
-2.88 1.74 4311.070336
-2.88 1.8 4232.777536
-2.88 1.86 4155.204736
-2.88 1.92 4078.351936
-2.88 1.98 4002.219136
-2.88 2.04 3926.806336
-2.88 2.1 3852.113536
-2.88 2.16 3778.140736
-2.88 2.22 3704.887936
-2.88 2.28 3632.355136
-2.88 2.34 3560.542336
-2.88 2.4 3489.449536
-2.88 2.46 3419.076736
-2.88 2.52 3349.423936
-2.88 2.58 3280.491136
-2.88 2.64 3212.278336
-2.88 2.7 3144.785536
-2.88 2.76 3078.012736
-2.88 2.82 3011.959936
-2.88 2.88 2946.627136
-2.88 2.94 2882.014336
-2.88 3 2818.121536

-2.82 -3 12010.098976
-2.82 -2.94 11879.030176
-2.82 -2.88 11748.681376
-2.82 -2.82 11619.052576
-2.82 -2.76 11490.143776
-2.82 -2.7 11361.954976
-2.82 -2.64 11234.486176
-2.82 -2.58 11107.737376
-2.82 -2.52 10981.708576
-2.82 -2.46 10856.399776
-2.82 -2.4 10731.810976
-2.82 -2.34 10607.942176
-2.82 -2.28 10484.793376
-2.82 -2.22 10362.364576
-2.82 -2.16 10240.655776
-2.82 -2.1 10119.666976
-2.82 -2.04 9999.398176
-2.82 -1.98 9879.849376
-2.82 -1.92 9761.020576
-2.82 -1.86 9642.911776
-2.82 -1.8 9525.522976
-2.82 -1.74 9408.854176
-2.82 -1.68 9292.905376
-2.82 -1.62 9177.676576
-2.82 -1.56 9063.167776
-2.82 -1.5 8949.378976
-2.82 -1.44 8836.310176
-2.82 -1.38 8723.961376
-2.82 -1.32 8612.332576
-2.82 -1.26 8501.423776
-2.82 -1.2 8391.234976
-2.82 -1.14 8281.766176
-2.82 -1.08 8173.017376
-2.82 -1.02 8064.988576
-2.82 -0.96 7957.679776
-2.82 -0.9 7851.090976
-2.82 -0.84 7745.222176
-2.82 -0.78 7640.073376
-2.82 -0.72 7535.644576
-2.82 -0.66 7431.935776
-2.82 -0.6 7328.946976
-2.82 -0.54 7226.678176
-2.82 -0.48 7125.129376
-2.82 -0.42 7024.300576
-2.82 -0.36 6924.191776
-2.82 -0.3 6824.802976
-2.82 -0.24 6726.134176
-2.82 -0.18 6628.185376
-2.82 -0.12 6530.956576
-2.82 -0.0600000000000001 6434.447776
-2.82 0 6338.658976
-2.82 0.0600000000000001 6243.590176
-2.82 0.12 6149.241376
-2.82 0.18 6055.612576
-2.82 0.24 5962.703776
-2.82 0.3 5870.514976
-2.82 0.36 5779.046176
-2.82 0.42 5688.297376
-2.82 0.48 5598.268576
-2.82 0.54 5508.959776
-2.82 0.6 5420.370976
-2.82 0.66 5332.502176
-2.82 0.72 5245.353376
-2.82 0.78 5158.924576
-2.82 0.84 5073.215776
-2.82 0.9 4988.226976
-2.82 0.96 4903.958176
-2.82 1.02 4820.409376
-2.82 1.08 4737.580576
-2.82 1.14 4655.471776
-2.82 1.2 4574.082976
-2.82 1.26 4493.414176
-2.82 1.32 4413.465376
-2.82 1.38 4334.236576
-2.82 1.44 4255.727776
-2.82 1.5 4177.938976
-2.82 1.56 4100.870176
-2.82 1.62 4024.521376
-2.82 1.68 3948.892576
-2.82 1.74 3873.983776
-2.82 1.8 3799.794976
-2.82 1.86 3726.326176
-2.82 1.92 3653.577376
-2.82 1.98 3581.548576
-2.82 2.04 3510.239776
-2.82 2.1 3439.650976
-2.82 2.16 3369.782176
-2.82 2.22 3300.633376
-2.82 2.28 3232.204576
-2.82 2.34 3164.495776
-2.82 2.4 3097.506976
-2.82 2.46 3031.238176
-2.82 2.52 2965.689376
-2.82 2.58 2900.860576
-2.82 2.64 2836.751776
-2.82 2.7 2773.362976
-2.82 2.76 2710.694176
-2.82 2.82 2648.745376
-2.82 2.88 2587.516576
-2.82 2.94 2527.007776
-2.82 3 2467.218976

-2.76 -3 11287.480576
-2.76 -2.94 11160.429376
-2.76 -2.88 11034.098176
-2.76 -2.82 10908.486976
-2.76 -2.76 10783.595776
-2.76 -2.7 10659.424576
-2.76 -2.64 10535.973376
-2.76 -2.58 10413.242176
-2.76 -2.52 10291.230976
-2.76 -2.46 10169.939776
-2.76 -2.4 10049.368576
-2.76 -2.34 9929.517376
-2.76 -2.28 9810.386176
-2.76 -2.22 9691.974976
-2.76 -2.16 9574.283776
-2.76 -2.1 9457.312576
-2.76 -2.04 9341.061376
-2.76 -1.98 9225.530176
-2.76 -1.92 9110.718976
-2.76 -1.86 8996.627776
-2.76 -1.8 8883.256576
-2.76 -1.74 8770.605376
-2.76 -1.68 8658.674176
-2.76 -1.62 8547.462976
-2.76 -1.56 8436.971776
-2.76 -1.5 8327.200576
-2.76 -1.44 8218.149376
-2.76 -1.38 8109.818176
-2.76 -1.32 8002.206976
-2.76 -1.26 7895.315776
-2.76 -1.2 7789.144576
-2.76 -1.14 7683.693376
-2.76 -1.08 7578.962176
-2.76 -1.02 7474.950976
-2.76 -0.96 7371.659776
-2.76 -0.9 7269.088576
-2.76 -0.84 7167.237376
-2.76 -0.78 7066.106176
-2.76 -0.72 6965.694976
-2.76 -0.66 6866.003776
-2.76 -0.6 6767.032576
-2.76 -0.54 6668.781376
-2.76 -0.48 6571.250176
-2.76 -0.42 6474.438976
-2.76 -0.36 6378.347776
-2.76 -0.3 6282.976576
-2.76 -0.24 6188.325376
-2.76 -0.18 6094.394176
-2.76 -0.12 6001.182976
-2.76 -0.0600000000000001 5908.691776
-2.76 0 5816.920576
-2.76 0.0600000000000001 5725.869376
-2.76 0.12 5635.538176
-2.76 0.18 5545.926976
-2.76 0.24 5457.035776
-2.76 0.3 5368.864576
-2.76 0.36 5281.413376
-2.76 0.42 5194.682176
-2.76 0.48 5108.670976
-2.76 0.54 5023.379776
-2.76 0.6 4938.808576
-2.76 0.66 4854.957376
-2.76 0.72 4771.826176
-2.76 0.78 4689.414976
-2.76 0.84 4607.723776
-2.76 0.9 4526.752576
-2.76 0.96 4446.501376
-2.76 1.02 4366.970176
-2.76 1.08 4288.158976
-2.76 1.14 4210.067776
-2.76 1.2 4132.696576
-2.76 1.26 4056.045376
-2.76 1.32 3980.114176
-2.76 1.38 3904.902976
-2.76 1.44 3830.411776
-2.76 1.5 3756.640576
-2.76 1.56 3683.589376
-2.76 1.62 3611.258176
-2.76 1.68 3539.646976
-2.76 1.74 3468.755776
-2.76 1.8 3398.584576
-2.76 1.86 3329.133376
-2.76 1.92 3260.402176
-2.76 1.98 3192.390976
-2.76 2.04 3125.099776
-2.76 2.1 3058.528576
-2.76 2.16 2992.677376
-2.76 2.22 2927.546176
-2.76 2.28 2863.134976
-2.76 2.34 2799.443776
-2.76 2.4 2736.472576
-2.76 2.46 2674.221376
-2.76 2.52 2612.690176
-2.76 2.58 2551.878976
-2.76 2.64 2491.787776
-2.76 2.7 2432.416576
-2.76 2.76 2373.765376
-2.76 2.82 2315.834176
-2.76 2.88 2258.622976
-2.76 2.94 2202.131776
-2.76 3 2146.360576

-2.7 -3 10602.1
-2.7 -2.94 10478.98
-2.7 -2.88 10356.58
-2.7 -2.82 10234.9
-2.7 -2.76 10113.94
-2.7 -2.7 9993.7
-2.7 -2.64 9874.18
-2.7 -2.58 9755.38
-2.7 -2.52 9637.3
-2.7 -2.46 9519.94
-2.7 -2.4 9403.3
-2.7 -2.34 9287.38
-2.7 -2.28 9172.18
-2.7 -2.22 9057.7
-2.7 -2.16 8943.94
-2.7 -2.1 8830.9
-2.7 -2.04 8718.58
-2.7 -1.98 8606.98
-2.7 -1.92 8496.1
-2.7 -1.86 8385.94
-2.7 -1.8 8276.5
-2.7 -1.74 8167.78
-2.7 -1.68 8059.78
-2.7 -1.62 7952.5
-2.7 -1.56 7845.94
-2.7 -1.5 7740.1
-2.7 -1.44 7634.98
-2.7 -1.38 7530.58
-2.7 -1.32 7426.9
-2.7 -1.26 7323.94
-2.7 -1.2 7221.7
-2.7 -1.14 7120.18
-2.7 -1.08 7019.38
-2.7 -1.02 6919.3
-2.7 -0.96 6819.94
-2.7 -0.9 6721.3
-2.7 -0.84 6623.38
-2.7 -0.78 6526.18
-2.7 -0.72 6429.7
-2.7 -0.66 6333.94
-2.7 -0.6 6238.9
-2.7 -0.54 6144.58
-2.7 -0.48 6050.98
-2.7 -0.42 5958.1
-2.7 -0.36 5865.94
-2.7 -0.3 5774.5
-2.7 -0.24 5683.78
-2.7 -0.18 5593.78
-2.7 -0.12 5504.5
-2.7 -0.0600000000000001 5415.94
-2.7 0 5328.1
-2.7 0.0600000000000001 5240.98
-2.7 0.12 5154.58
-2.7 0.18 5068.9
-2.7 0.24 4983.94
-2.7 0.3 4899.7
-2.7 0.36 4816.18
-2.7 0.42 4733.38
-2.7 0.48 4651.3
-2.7 0.54 4569.94
-2.7 0.6 4489.3
-2.7 0.66 4409.38
-2.7 0.72 4330.18
-2.7 0.78 4251.7
-2.7 0.84 4173.94
-2.7 0.9 4096.9
-2.7 0.96 4020.58
-2.7 1.02 3944.98
-2.7 1.08 3870.1
-2.7 1.14 3795.94
-2.7 1.2 3722.5
-2.7 1.26 3649.78
-2.7 1.32 3577.78
-2.7 1.38 3506.5
-2.7 1.44 3435.94
-2.7 1.5 3366.1
-2.7 1.56 3296.98
-2.7 1.62 3228.58
-2.7 1.68 3160.9
-2.7 1.74 3093.94
-2.7 1.8 3027.7
-2.7 1.86 2962.18
-2.7 1.92 2897.38
-2.7 1.98 2833.3
-2.7 2.04 2769.94
-2.7 2.1 2707.3
-2.7 2.16 2645.38
-2.7 2.22 2584.18
-2.7 2.28 2523.7
-2.7 2.34 2463.94
-2.7 2.4 2404.9
-2.7 2.46 2346.58
-2.7 2.52 2288.98
-2.7 2.58 2232.1
-2.7 2.64 2175.94
-2.7 2.7 2120.5
-2.7 2.76 2065.78
-2.7 2.82 2011.78
-2.7 2.88 1958.5
-2.7 2.94 1905.94
-2.7 3 1854.1

-2.64 -3 9952.542016
-2.64 -2.94 9833.266816
-2.64 -2.88 9714.711616
-2.64 -2.82 9596.876416
-2.64 -2.76 9479.761216
-2.64 -2.7 9363.366016
-2.64 -2.64 9247.690816
-2.64 -2.58 9132.735616
-2.64 -2.52 9018.500416
-2.64 -2.46 8904.985216
-2.64 -2.4 8792.190016
-2.64 -2.34 8680.114816
-2.64 -2.28 8568.759616
-2.64 -2.22 8458.124416
-2.64 -2.16 8348.209216
-2.64 -2.1 8239.014016
-2.64 -2.04 8130.538816
-2.64 -1.98 8022.783616
-2.64 -1.92 7915.748416
-2.64 -1.86 7809.433216
-2.64 -1.8 7703.838016
-2.64 -1.74 7598.962816
-2.64 -1.68 7494.807616
-2.64 -1.62 7391.372416
-2.64 -1.56 7288.657216
-2.64 -1.5 7186.662016
-2.64 -1.44 7085.386816
-2.64 -1.38 6984.831616
-2.64 -1.32 6884.996416
-2.64 -1.26 6785.881216
-2.64 -1.2 6687.486016
-2.64 -1.14 6589.810816
-2.64 -1.08 6492.855616
-2.64 -1.02 6396.620416
-2.64 -0.96 6301.105216
-2.64 -0.9 6206.310016
-2.64 -0.84 6112.234816
-2.64 -0.78 6018.879616
-2.64 -0.72 5926.244416
-2.64 -0.66 5834.329216
-2.64 -0.6 5743.134016
-2.64 -0.54 5652.658816
-2.64 -0.48 5562.903616
-2.64 -0.42 5473.868416
-2.64 -0.36 5385.553216
-2.64 -0.3 5297.958016
-2.64 -0.24 5211.082816
-2.64 -0.18 5124.927616
-2.64 -0.12 5039.492416
-2.64 -0.0600000000000001 4954.777216
-2.64 0 4870.782016
-2.64 0.0600000000000001 4787.506816
-2.64 0.12 4704.951616
-2.64 0.18 4623.116416
-2.64 0.24 4542.001216
-2.64 0.3 4461.606016
-2.64 0.36 4381.930816
-2.64 0.42 4302.975616
-2.64 0.48 4224.740416
-2.64 0.54 4147.225216
-2.64 0.6 4070.430016
-2.64 0.66 3994.354816
-2.64 0.72 3918.999616
-2.64 0.78 3844.364416
-2.64 0.84 3770.449216
-2.64 0.9 3697.254016
-2.64 0.96 3624.778816
-2.64 1.02 3553.023616
-2.64 1.08 3481.988416
-2.64 1.14 3411.673216
-2.64 1.2 3342.078016
-2.64 1.26 3273.202816
-2.64 1.32 3205.047616
-2.64 1.38 3137.612416
-2.64 1.44 3070.897216
-2.64 1.5 3004.902016
-2.64 1.56 2939.626816
-2.64 1.62 2875.071616
-2.64 1.68 2811.236416
-2.64 1.74 2748.121216
-2.64 1.8 2685.726016
-2.64 1.86 2624.050816
-2.64 1.92 2563.095616
-2.64 1.98 2502.860416
-2.64 2.04 2443.345216
-2.64 2.1 2384.550016
-2.64 2.16 2326.474816
-2.64 2.22 2269.119616
-2.64 2.28 2212.484416
-2.64 2.34 2156.569216
-2.64 2.4 2101.374016
-2.64 2.46 2046.898816
-2.64 2.52 1993.143616
-2.64 2.58 1940.108416
-2.64 2.64 1887.793216
-2.64 2.7 1836.198016
-2.64 2.76 1785.322816
-2.64 2.82 1735.167616
-2.64 2.88 1685.732416
-2.64 2.94 1637.017216
-2.64 3 1589.022016

-2.58 -3 9337.422496
-2.58 -2.94 9221.905696
-2.58 -2.88 9107.108896
-2.58 -2.82 8993.032096
-2.58 -2.76 8879.675296
-2.58 -2.7 8767.038496
-2.58 -2.64 8655.121696
-2.58 -2.58 8543.924896
-2.58 -2.52 8433.448096
-2.58 -2.46 8323.691296
-2.58 -2.4 8214.654496
-2.58 -2.34 8106.337696
-2.58 -2.28 7998.740896
-2.58 -2.22 7891.864096
-2.58 -2.16 7785.707296
-2.58 -2.1 7680.270496
-2.58 -2.04 7575.553696
-2.58 -1.98 7471.556896
-2.58 -1.92 7368.280096
-2.58 -1.86 7265.723296
-2.58 -1.8 7163.886496
-2.58 -1.74 7062.769696
-2.58 -1.68 6962.372896
-2.58 -1.62 6862.696096
-2.58 -1.56 6763.739296
-2.58 -1.5 6665.502496
-2.58 -1.44 6567.985696
-2.58 -1.38 6471.188896
-2.58 -1.32 6375.112096
-2.58 -1.26 6279.755296
-2.58 -1.2 6185.118496
-2.58 -1.14 6091.201696
-2.58 -1.08 5998.004896
-2.58 -1.02 5905.528096
-2.58 -0.96 5813.771296
-2.58 -0.9 5722.734496
-2.58 -0.84 5632.417696
-2.58 -0.78 5542.820896
-2.58 -0.72 5453.944096
-2.58 -0.66 5365.787296
-2.58 -0.6 5278.350496
-2.58 -0.54 5191.633696
-2.58 -0.48 5105.636896
-2.58 -0.42 5020.360096
-2.58 -0.36 4935.803296
-2.58 -0.3 4851.966496
-2.58 -0.24 4768.849696
-2.58 -0.18 4686.452896
-2.58 -0.12 4604.776096
-2.58 -0.0600000000000001 4523.819296
-2.58 0 4443.582496
-2.58 0.0600000000000001 4364.065696
-2.58 0.12 4285.268896
-2.58 0.18 4207.192096
-2.58 0.24 4129.835296
-2.58 0.3 4053.198496
-2.58 0.36 3977.281696
-2.58 0.42 3902.084896
-2.58 0.48 3827.608096
-2.58 0.54 3753.851296
-2.58 0.6 3680.814496
-2.58 0.66 3608.497696
-2.58 0.72 3536.900896
-2.58 0.78 3466.024096
-2.58 0.84 3395.867296
-2.58 0.9 3326.430496
-2.58 0.96 3257.713696
-2.58 1.02 3189.716896
-2.58 1.08 3122.440096
-2.58 1.14 3055.883296
-2.58 1.2 2990.046496
-2.58 1.26 2924.929696
-2.58 1.32 2860.532896
-2.58 1.38 2796.856096
-2.58 1.44 2733.899296
-2.58 1.5 2671.662496
-2.58 1.56 2610.145696
-2.58 1.62 2549.348896
-2.58 1.68 2489.272096
-2.58 1.74 2429.915296
-2.58 1.8 2371.278496
-2.58 1.86 2313.361696
-2.58 1.92 2256.164896
-2.58 1.98 2199.688096
-2.58 2.04 2143.931296
-2.58 2.1 2088.894496
-2.58 2.16 2034.577696
-2.58 2.22 1980.980896
-2.58 2.28 1928.104096
-2.58 2.34 1875.947296
-2.58 2.4 1824.510496
-2.58 2.46 1773.793696
-2.58 2.52 1723.796896
-2.58 2.58 1674.520096
-2.58 2.64 1625.963296
-2.58 2.7 1578.126496
-2.58 2.76 1531.009696
-2.58 2.82 1484.612896
-2.58 2.88 1438.936096
-2.58 2.94 1393.979296
-2.58 3 1349.742496

-2.52 -3 8755.388416
-2.52 -2.94 8643.543616
-2.52 -2.88 8532.418816
-2.52 -2.82 8422.014016
-2.52 -2.76 8312.329216
-2.52 -2.7 8203.364416
-2.52 -2.64 8095.119616
-2.52 -2.58 7987.594816
-2.52 -2.52 7880.790016
-2.52 -2.46 7774.705216
-2.52 -2.4 7669.340416
-2.52 -2.34 7564.695616
-2.52 -2.28 7460.770816
-2.52 -2.22 7357.566016
-2.52 -2.16 7255.081216
-2.52 -2.1 7153.316416
-2.52 -2.04 7052.271616
-2.52 -1.98 6951.946816
-2.52 -1.92 6852.342016
-2.52 -1.86 6753.457216
-2.52 -1.8 6655.292416
-2.52 -1.74 6557.847616
-2.52 -1.68 6461.122816
-2.52 -1.62 6365.118016
-2.52 -1.56 6269.833216
-2.52 -1.5 6175.268416
-2.52 -1.44 6081.423616
-2.52 -1.38 5988.298816
-2.52 -1.32 5895.894016
-2.52 -1.26 5804.209216
-2.52 -1.2 5713.244416
-2.52 -1.14 5622.999616
-2.52 -1.08 5533.474816
-2.52 -1.02 5444.670016
-2.52 -0.96 5356.585216
-2.52 -0.9 5269.220416
-2.52 -0.84 5182.575616
-2.52 -0.78 5096.650816
-2.52 -0.72 5011.446016
-2.52 -0.66 4926.961216
-2.52 -0.6 4843.196416
-2.52 -0.54 4760.151616
-2.52 -0.48 4677.826816
-2.52 -0.42 4596.222016
-2.52 -0.36 4515.337216
-2.52 -0.3 4435.172416
-2.52 -0.24 4355.727616
-2.52 -0.18 4277.002816
-2.52 -0.12 4198.998016
-2.52 -0.0600000000000001 4121.713216
-2.52 0 4045.148416
-2.52 0.0600000000000001 3969.303616
-2.52 0.12 3894.178816
-2.52 0.18 3819.774016
-2.52 0.24 3746.089216
-2.52 0.3 3673.124416
-2.52 0.36 3600.879616
-2.52 0.42 3529.354816
-2.52 0.48 3458.550016
-2.52 0.54 3388.465216
-2.52 0.6 3319.100416
-2.52 0.66 3250.455616
-2.52 0.72 3182.530816
-2.52 0.78 3115.326016
-2.52 0.84 3048.841216
-2.52 0.9 2983.076416
-2.52 0.96 2918.031616
-2.52 1.02 2853.706816
-2.52 1.08 2790.102016
-2.52 1.14 2727.217216
-2.52 1.2 2665.052416
-2.52 1.26 2603.607616
-2.52 1.32 2542.882816
-2.52 1.38 2482.878016
-2.52 1.44 2423.593216
-2.52 1.5 2365.028416
-2.52 1.56 2307.183616
-2.52 1.62 2250.058816
-2.52 1.68 2193.654016
-2.52 1.74 2137.969216
-2.52 1.8 2083.004416
-2.52 1.86 2028.759616
-2.52 1.92 1975.234816
-2.52 1.98 1922.430016
-2.52 2.04 1870.345216
-2.52 2.1 1818.980416
-2.52 2.16 1768.335616
-2.52 2.22 1718.410816
-2.52 2.28 1669.206016
-2.52 2.34 1620.721216
-2.52 2.4 1572.956416
-2.52 2.46 1525.911616
-2.52 2.52 1479.586816
-2.52 2.58 1433.982016
-2.52 2.64 1389.097216
-2.52 2.7 1344.932416
-2.52 2.76 1301.487616
-2.52 2.82 1258.762816
-2.52 2.88 1216.758016
-2.52 2.94 1175.473216
-2.52 3 1134.908416

-2.46 -3 8205.117856
-2.46 -2.94 8096.858656
-2.46 -2.88 7989.319456
-2.46 -2.82 7882.500256
-2.46 -2.76 7776.401056
-2.46 -2.7 7671.021856
-2.46 -2.64 7566.362656
-2.46 -2.58 7462.423456
-2.46 -2.52 7359.204256
-2.46 -2.46 7256.705056
-2.46 -2.4 7154.925856
-2.46 -2.34 7053.866656
-2.46 -2.28 6953.527456
-2.46 -2.22 6853.908256
-2.46 -2.16 6755.009056
-2.46 -2.1 6656.829856
-2.46 -2.04 6559.370656
-2.46 -1.98 6462.631456
-2.46 -1.92 6366.612256
-2.46 -1.86 6271.313056
-2.46 -1.8 6176.733856
-2.46 -1.74 6082.874656
-2.46 -1.68 5989.735456
-2.46 -1.62 5897.316256
-2.46 -1.56 5805.617056
-2.46 -1.5 5714.637856
-2.46 -1.44 5624.378656
-2.46 -1.38 5534.839456
-2.46 -1.32 5446.020256
-2.46 -1.26 5357.921056
-2.46 -1.2 5270.541856
-2.46 -1.14 5183.882656
-2.46 -1.08 5097.943456
-2.46 -1.02 5012.724256
-2.46 -0.96 4928.225056
-2.46 -0.9 4844.445856
-2.46 -0.84 4761.386656
-2.46 -0.78 4679.047456
-2.46 -0.72 4597.428256
-2.46 -0.66 4516.529056
-2.46 -0.6 4436.349856
-2.46 -0.54 4356.890656
-2.46 -0.48 4278.151456
-2.46 -0.42 4200.132256
-2.46 -0.36 4122.833056
-2.46 -0.3 4046.253856
-2.46 -0.24 3970.394656
-2.46 -0.18 3895.255456
-2.46 -0.12 3820.836256
-2.46 -0.0600000000000001 3747.137056
-2.46 0 3674.157856
-2.46 0.0600000000000001 3601.898656
-2.46 0.12 3530.359456
-2.46 0.18 3459.540256
-2.46 0.24 3389.441056
-2.46 0.3 3320.061856
-2.46 0.36 3251.402656
-2.46 0.42 3183.463456
-2.46 0.48 3116.244256
-2.46 0.54 3049.745056
-2.46 0.6 2983.965856
-2.46 0.66 2918.906656
-2.46 0.72 2854.567456
-2.46 0.78 2790.948256
-2.46 0.84 2728.049056
-2.46 0.9 2665.869856
-2.46 0.96 2604.410656
-2.46 1.02 2543.671456
-2.46 1.08 2483.652256
-2.46 1.14 2424.353056
-2.46 1.2 2365.773856
-2.46 1.26 2307.914656
-2.46 1.32 2250.775456
-2.46 1.38 2194.356256
-2.46 1.44 2138.657056
-2.46 1.5 2083.677856
-2.46 1.56 2029.418656
-2.46 1.62 1975.879456
-2.46 1.68 1923.060256
-2.46 1.74 1870.961056
-2.46 1.8 1819.581856
-2.46 1.86 1768.922656
-2.46 1.92 1718.983456
-2.46 1.98 1669.764256
-2.46 2.04 1621.265056
-2.46 2.1 1573.485856
-2.46 2.16 1526.426656
-2.46 2.22 1480.087456
-2.46 2.28 1434.468256
-2.46 2.34 1389.569056
-2.46 2.4 1345.389856
-2.46 2.46 1301.930656
-2.46 2.52 1259.191456
-2.46 2.58 1217.172256
-2.46 2.64 1175.873056
-2.46 2.7 1135.293856
-2.46 2.76 1095.434656
-2.46 2.82 1056.295456
-2.46 2.88 1017.876256
-2.46 2.94 980.177056
-2.46 3 943.197856

-2.4 -3 7685.32
-2.4 -2.94 7580.56
-2.4 -2.88 7476.52
-2.4 -2.82 7373.2
-2.4 -2.76 7270.6
-2.4 -2.7 7168.72
-2.4 -2.64 7067.56
-2.4 -2.58 6967.12
-2.4 -2.52 6867.4
-2.4 -2.46 6768.4
-2.4 -2.4 6670.12
-2.4 -2.34 6572.56
-2.4 -2.28 6475.72
-2.4 -2.22 6379.6
-2.4 -2.16 6284.2
-2.4 -2.1 6189.52
-2.4 -2.04 6095.56
-2.4 -1.98 6002.32
-2.4 -1.92 5909.8
-2.4 -1.86 5818
-2.4 -1.8 5726.92
-2.4 -1.74 5636.56
-2.4 -1.68 5546.92
-2.4 -1.62 5458
-2.4 -1.56 5369.8
-2.4 -1.5 5282.32
-2.4 -1.44 5195.56
-2.4 -1.38 5109.52
-2.4 -1.32 5024.2
-2.4 -1.26 4939.6
-2.4 -1.2 4855.72
-2.4 -1.14 4772.56
-2.4 -1.08 4690.12
-2.4 -1.02 4608.4
-2.4 -0.96 4527.4
-2.4 -0.9 4447.12
-2.4 -0.84 4367.56
-2.4 -0.78 4288.72
-2.4 -0.72 4210.6
-2.4 -0.66 4133.2
-2.4 -0.6 4056.52
-2.4 -0.54 3980.56
-2.4 -0.48 3905.32
-2.4 -0.42 3830.8
-2.4 -0.36 3757
-2.4 -0.3 3683.92
-2.4 -0.24 3611.56
-2.4 -0.18 3539.92
-2.4 -0.12 3469
-2.4 -0.0600000000000001 3398.8
-2.4 0 3329.32
-2.4 0.0600000000000001 3260.56
-2.4 0.12 3192.52
-2.4 0.18 3125.2
-2.4 0.24 3058.6
-2.4 0.3 2992.72
-2.4 0.36 2927.56
-2.4 0.42 2863.12
-2.4 0.48 2799.4
-2.4 0.54 2736.4
-2.4 0.6 2674.12
-2.4 0.66 2612.56
-2.4 0.72 2551.72
-2.4 0.78 2491.6
-2.4 0.84 2432.2
-2.4 0.9 2373.52
-2.4 0.96 2315.56
-2.4 1.02 2258.32
-2.4 1.08 2201.8
-2.4 1.14 2146
-2.4 1.2 2090.92
-2.4 1.26 2036.56
-2.4 1.32 1982.92
-2.4 1.38 1930
-2.4 1.44 1877.8
-2.4 1.5 1826.32
-2.4 1.56 1775.56
-2.4 1.62 1725.52
-2.4 1.68 1676.2
-2.4 1.74 1627.6
-2.4 1.8 1579.72
-2.4 1.86 1532.56
-2.4 1.92 1486.12
-2.4 1.98 1440.4
-2.4 2.04 1395.4
-2.4 2.1 1351.12
-2.4 2.16 1307.56
-2.4 2.22 1264.72
-2.4 2.28 1222.6
-2.4 2.34 1181.2
-2.4 2.4 1140.52
-2.4 2.46 1100.56
-2.4 2.52 1061.32
-2.4 2.58 1022.8
-2.4 2.64 985
-2.4 2.7 947.92
-2.4 2.76 911.56
-2.4 2.82 875.92
-2.4 2.88 841
-2.4 2.94 806.8
-2.4 3 773.32

-2.34 -3 7194.735136
-2.34 -2.94 7093.387936
-2.34 -2.88 6992.760736
-2.34 -2.82 6892.853536
-2.34 -2.76 6793.666336
-2.34 -2.7 6695.199136
-2.34 -2.64 6597.451936
-2.34 -2.58 6500.424736
-2.34 -2.52 6404.117536
-2.34 -2.46 6308.530336
-2.34 -2.4 6213.663136
-2.34 -2.34 6119.515936
-2.34 -2.28 6026.088736
-2.34 -2.22 5933.381536
-2.34 -2.16 5841.394336
-2.34 -2.1 5750.127136
-2.34 -2.04 5659.579936
-2.34 -1.98 5569.752736
-2.34 -1.92 5480.645536
-2.34 -1.86 5392.258336
-2.34 -1.8 5304.591136
-2.34 -1.74 5217.643936
-2.34 -1.68 5131.416736
-2.34 -1.62 5045.909536
-2.34 -1.56 4961.122336
-2.34 -1.5 4877.055136
-2.34 -1.44 4793.707936
-2.34 -1.38 4711.080736
-2.34 -1.32 4629.173536
-2.34 -1.26 4547.986336
-2.34 -1.2 4467.519136
-2.34 -1.14 4387.771936
-2.34 -1.08 4308.744736
-2.34 -1.02 4230.437536
-2.34 -0.96 4152.850336
-2.34 -0.9 4075.983136
-2.34 -0.84 3999.835936
-2.34 -0.78 3924.408736
-2.34 -0.72 3849.701536
-2.34 -0.66 3775.714336
-2.34 -0.6 3702.447136
-2.34 -0.54 3629.899936
-2.34 -0.48 3558.072736
-2.34 -0.42 3486.965536
-2.34 -0.36 3416.578336
-2.34 -0.3 3346.911136
-2.34 -0.24 3277.963936
-2.34 -0.18 3209.736736
-2.34 -0.12 3142.229536
-2.34 -0.0600000000000001 3075.442336
-2.34 0 3009.375136
-2.34 0.0600000000000001 2944.027936
-2.34 0.12 2879.400736
-2.34 0.18 2815.493536
-2.34 0.24 2752.306336
-2.34 0.3 2689.839136
-2.34 0.36 2628.091936
-2.34 0.42 2567.064736
-2.34 0.48 2506.757536
-2.34 0.54 2447.170336
-2.34 0.6 2388.303136
-2.34 0.66 2330.155936
-2.34 0.72 2272.728736
-2.34 0.78 2216.021536
-2.34 0.84 2160.034336
-2.34 0.9 2104.767136
-2.34 0.96 2050.219936
-2.34 1.02 1996.392736
-2.34 1.08 1943.285536
-2.34 1.14 1890.898336
-2.34 1.2 1839.231136
-2.34 1.26 1788.283936
-2.34 1.32 1738.056736
-2.34 1.38 1688.549536
-2.34 1.44 1639.762336
-2.34 1.5 1591.695136
-2.34 1.56 1544.347936
-2.34 1.62 1497.720736
-2.34 1.68 1451.813536
-2.34 1.74 1406.626336
-2.34 1.8 1362.159136
-2.34 1.86 1318.411936
-2.34 1.92 1275.384736
-2.34 1.98 1233.077536
-2.34 2.04 1191.490336
-2.34 2.1 1150.623136
-2.34 2.16 1110.475936
-2.34 2.22 1071.048736
-2.34 2.28 1032.341536
-2.34 2.34 994.354336
-2.34 2.4 957.087135999999
-2.34 2.46 920.539936
-2.34 2.52 884.712736
-2.34 2.58 849.605535999999
-2.34 2.64 815.218336
-2.34 2.7 781.551135999999
-2.34 2.76 748.603936
-2.34 2.82 716.376735999999
-2.34 2.88 684.869536
-2.34 2.94 654.082335999999
-2.34 3 624.015136

-2.28 -3 6732.134656
-2.28 -2.94 6634.113856
-2.28 -2.88 6536.813056
-2.28 -2.82 6440.232256
-2.28 -2.76 6344.371456
-2.28 -2.7 6249.230656
-2.28 -2.64 6154.809856
-2.28 -2.58 6061.109056
-2.28 -2.52 5968.128256
-2.28 -2.46 5875.867456
-2.28 -2.4 5784.326656
-2.28 -2.34 5693.505856
-2.28 -2.28 5603.405056
-2.28 -2.22 5514.024256
-2.28 -2.16 5425.363456
-2.28 -2.1 5337.422656
-2.28 -2.04 5250.201856
-2.28 -1.98 5163.701056
-2.28 -1.92 5077.920256
-2.28 -1.86 4992.859456
-2.28 -1.8 4908.518656
-2.28 -1.74 4824.897856
-2.28 -1.68 4741.997056
-2.28 -1.62 4659.816256
-2.28 -1.56 4578.355456
-2.28 -1.5 4497.614656
-2.28 -1.44 4417.593856
-2.28 -1.38 4338.293056
-2.28 -1.32 4259.712256
-2.28 -1.26 4181.851456
-2.28 -1.2 4104.710656
-2.28 -1.14 4028.289856
-2.28 -1.08 3952.589056
-2.28 -1.02 3877.608256
-2.28 -0.96 3803.347456
-2.28 -0.9 3729.806656
-2.28 -0.84 3656.985856
-2.28 -0.78 3584.885056
-2.28 -0.72 3513.504256
-2.28 -0.66 3442.843456
-2.28 -0.6 3372.902656
-2.28 -0.54 3303.681856
-2.28 -0.48 3235.181056
-2.28 -0.42 3167.400256
-2.28 -0.36 3100.339456
-2.28 -0.3 3033.998656
-2.28 -0.24 2968.377856
-2.28 -0.18 2903.477056
-2.28 -0.12 2839.296256
-2.28 -0.0600000000000001 2775.835456
-2.28 0 2713.094656
-2.28 0.0600000000000001 2651.073856
-2.28 0.12 2589.773056
-2.28 0.18 2529.192256
-2.28 0.24 2469.331456
-2.28 0.3 2410.190656
-2.28 0.36 2351.769856
-2.28 0.42 2294.069056
-2.28 0.48 2237.088256
-2.28 0.54 2180.827456
-2.28 0.6 2125.286656
-2.28 0.66 2070.465856
-2.28 0.72 2016.365056
-2.28 0.78 1962.984256
-2.28 0.84 1910.323456
-2.28 0.9 1858.382656
-2.28 0.96 1807.161856
-2.28 1.02 1756.661056
-2.28 1.08 1706.880256
-2.28 1.14 1657.819456
-2.28 1.2 1609.478656
-2.28 1.26 1561.857856
-2.28 1.32 1514.957056
-2.28 1.38 1468.776256
-2.28 1.44 1423.315456
-2.28 1.5 1378.574656
-2.28 1.56 1334.553856
-2.28 1.62 1291.253056
-2.28 1.68 1248.672256
-2.28 1.74 1206.811456
-2.28 1.8 1165.670656
-2.28 1.86 1125.249856
-2.28 1.92 1085.549056
-2.28 1.98 1046.568256
-2.28 2.04 1008.307456
-2.28 2.1 970.766656000001
-2.28 2.16 933.945856000001
-2.28 2.22 897.845056000001
-2.28 2.28 862.464256000001
-2.28 2.34 827.803456000001
-2.28 2.4 793.862656
-2.28 2.46 760.641856000001
-2.28 2.52 728.141056000001
-2.28 2.58 696.360256000001
-2.28 2.64 665.299456000001
-2.28 2.7 634.958656000001
-2.28 2.76 605.337856000001
-2.28 2.82 576.437056000001
-2.28 2.88 548.256256000001
-2.28 2.94 520.795456
-2.28 3 494.054656000001

-2.22 -3 6296.321056
-2.22 -2.94 6201.540256
-2.22 -2.88 6107.479456
-2.22 -2.82 6014.138656
-2.22 -2.76 5921.517856
-2.22 -2.7 5829.617056
-2.22 -2.64 5738.436256
-2.22 -2.58 5647.975456
-2.22 -2.52 5558.234656
-2.22 -2.46 5469.213856
-2.22 -2.4 5380.913056
-2.22 -2.34 5293.332256
-2.22 -2.28 5206.471456
-2.22 -2.22 5120.330656
-2.22 -2.16 5034.909856
-2.22 -2.1 4950.209056
-2.22 -2.04 4866.228256
-2.22 -1.98 4782.967456
-2.22 -1.92 4700.426656
-2.22 -1.86 4618.605856
-2.22 -1.8 4537.505056
-2.22 -1.74 4457.124256
-2.22 -1.68 4377.463456
-2.22 -1.62 4298.522656
-2.22 -1.56 4220.301856
-2.22 -1.5 4142.801056
-2.22 -1.44 4066.020256
-2.22 -1.38 3989.959456
-2.22 -1.32 3914.618656
-2.22 -1.26 3839.997856
-2.22 -1.2 3766.097056
-2.22 -1.14 3692.916256
-2.22 -1.08 3620.455456
-2.22 -1.02 3548.714656
-2.22 -0.96 3477.693856
-2.22 -0.9 3407.393056
-2.22 -0.84 3337.812256
-2.22 -0.78 3268.951456
-2.22 -0.72 3200.810656
-2.22 -0.66 3133.389856
-2.22 -0.6 3066.689056
-2.22 -0.54 3000.708256
-2.22 -0.48 2935.447456
-2.22 -0.42 2870.906656
-2.22 -0.36 2807.085856
-2.22 -0.3 2743.985056
-2.22 -0.24 2681.604256
-2.22 -0.18 2619.943456
-2.22 -0.12 2559.002656
-2.22 -0.0600000000000001 2498.781856
-2.22 0 2439.281056
-2.22 0.0600000000000001 2380.500256
-2.22 0.12 2322.439456
-2.22 0.18 2265.098656
-2.22 0.24 2208.477856
-2.22 0.3 2152.577056
-2.22 0.36 2097.396256
-2.22 0.42 2042.935456
-2.22 0.48 1989.194656
-2.22 0.54 1936.173856
-2.22 0.6 1883.873056
-2.22 0.66 1832.292256
-2.22 0.72 1781.431456
-2.22 0.78 1731.290656
-2.22 0.84 1681.869856
-2.22 0.9 1633.169056
-2.22 0.96 1585.188256
-2.22 1.02 1537.927456
-2.22 1.08 1491.386656
-2.22 1.14 1445.565856
-2.22 1.2 1400.465056
-2.22 1.26 1356.084256
-2.22 1.32 1312.423456
-2.22 1.38 1269.482656
-2.22 1.44 1227.261856
-2.22 1.5 1185.761056
-2.22 1.56 1144.980256
-2.22 1.62 1104.919456
-2.22 1.68 1065.578656
-2.22 1.74 1026.957856
-2.22 1.8 989.057056
-2.22 1.86 951.876255999999
-2.22 1.92 915.415455999999
-2.22 1.98 879.674655999999
-2.22 2.04 844.653855999999
-2.22 2.1 810.353056
-2.22 2.16 776.772255999999
-2.22 2.22 743.911456
-2.22 2.28 711.770655999999
-2.22 2.34 680.349855999999
-2.22 2.4 649.649055999999
-2.22 2.46 619.668255999999
-2.22 2.52 590.407456
-2.22 2.58 561.866655999999
-2.22 2.64 534.045856
-2.22 2.7 506.945056
-2.22 2.76 480.564256
-2.22 2.82 454.903455999999
-2.22 2.88 429.962656
-2.22 2.94 405.741855999999
-2.22 3 382.241056

-2.16 -3 5886.127936
-2.16 -2.94 5794.500736
-2.16 -2.88 5703.593536
-2.16 -2.82 5613.406336
-2.16 -2.76 5523.939136
-2.16 -2.7 5435.191936
-2.16 -2.64 5347.164736
-2.16 -2.58 5259.857536
-2.16 -2.52 5173.270336
-2.16 -2.46 5087.403136
-2.16 -2.4 5002.255936
-2.16 -2.34 4917.828736
-2.16 -2.28 4834.121536
-2.16 -2.22 4751.134336
-2.16 -2.16 4668.867136
-2.16 -2.1 4587.319936
-2.16 -2.04 4506.492736
-2.16 -1.98 4426.385536
-2.16 -1.92 4346.998336
-2.16 -1.86 4268.331136
-2.16 -1.8 4190.383936
-2.16 -1.74 4113.156736
-2.16 -1.68 4036.649536
-2.16 -1.62 3960.862336
-2.16 -1.56 3885.795136
-2.16 -1.5 3811.447936
-2.16 -1.44 3737.820736
-2.16 -1.38 3664.913536
-2.16 -1.32 3592.726336
-2.16 -1.26 3521.259136
-2.16 -1.2 3450.511936
-2.16 -1.14 3380.484736
-2.16 -1.08 3311.177536
-2.16 -1.02 3242.590336
-2.16 -0.96 3174.723136
-2.16 -0.9 3107.575936
-2.16 -0.84 3041.148736
-2.16 -0.78 2975.441536
-2.16 -0.72 2910.454336
-2.16 -0.66 2846.187136
-2.16 -0.6 2782.639936
-2.16 -0.54 2719.812736
-2.16 -0.48 2657.705536
-2.16 -0.42 2596.318336
-2.16 -0.36 2535.651136
-2.16 -0.3 2475.703936
-2.16 -0.24 2416.476736
-2.16 -0.18 2357.969536
-2.16 -0.12 2300.182336
-2.16 -0.0600000000000001 2243.115136
-2.16 0 2186.767936
-2.16 0.0600000000000001 2131.140736
-2.16 0.12 2076.233536
-2.16 0.18 2022.046336
-2.16 0.24 1968.579136
-2.16 0.3 1915.831936
-2.16 0.36 1863.804736
-2.16 0.42 1812.497536
-2.16 0.48 1761.910336
-2.16 0.54 1712.043136
-2.16 0.6 1662.895936
-2.16 0.66 1614.468736
-2.16 0.72 1566.761536
-2.16 0.78 1519.774336
-2.16 0.84 1473.507136
-2.16 0.9 1427.959936
-2.16 0.96 1383.132736
-2.16 1.02 1339.025536
-2.16 1.08 1295.638336
-2.16 1.14 1252.971136
-2.16 1.2 1211.023936
-2.16 1.26 1169.796736
-2.16 1.32 1129.289536
-2.16 1.38 1089.502336
-2.16 1.44 1050.435136
-2.16 1.5 1012.087936
-2.16 1.56 974.460736
-2.16 1.62 937.553536
-2.16 1.68 901.366336
-2.16 1.74 865.899136
-2.16 1.8 831.151936
-2.16 1.86 797.124736
-2.16 1.92 763.817536
-2.16 1.98 731.230336
-2.16 2.04 699.363136
-2.16 2.1 668.215936
-2.16 2.16 637.788736
-2.16 2.22 608.081536
-2.16 2.28 579.094336
-2.16 2.34 550.827136
-2.16 2.4 523.279936
-2.16 2.46 496.452736
-2.16 2.52 470.345536
-2.16 2.58 444.958336
-2.16 2.64 420.291136
-2.16 2.7 396.343936
-2.16 2.76 373.116736
-2.16 2.82 350.609536
-2.16 2.88 328.822336
-2.16 2.94 307.755136
-2.16 3 287.407936

-2.1 -3 5500.42
-2.1 -2.94 5411.86
-2.1 -2.88 5324.02
-2.1 -2.82 5236.9
-2.1 -2.76 5150.5
-2.1 -2.7 5064.82
-2.1 -2.64 4979.86
-2.1 -2.58 4895.62
-2.1 -2.52 4812.1
-2.1 -2.46 4729.3
-2.1 -2.4 4647.22
-2.1 -2.34 4565.86
-2.1 -2.28 4485.22
-2.1 -2.22 4405.3
-2.1 -2.16 4326.1
-2.1 -2.1 4247.62
-2.1 -2.04 4169.86
-2.1 -1.98 4092.82
-2.1 -1.92 4016.5
-2.1 -1.86 3940.9
-2.1 -1.8 3866.02
-2.1 -1.74 3791.86
-2.1 -1.68 3718.42
-2.1 -1.62 3645.7
-2.1 -1.56 3573.7
-2.1 -1.5 3502.42
-2.1 -1.44 3431.86
-2.1 -1.38 3362.02
-2.1 -1.32 3292.9
-2.1 -1.26 3224.5
-2.1 -1.2 3156.82
-2.1 -1.14 3089.86
-2.1 -1.08 3023.62
-2.1 -1.02 2958.1
-2.1 -0.96 2893.3
-2.1 -0.9 2829.22
-2.1 -0.84 2765.86
-2.1 -0.78 2703.22
-2.1 -0.72 2641.3
-2.1 -0.66 2580.1
-2.1 -0.6 2519.62
-2.1 -0.54 2459.86
-2.1 -0.48 2400.82
-2.1 -0.42 2342.5
-2.1 -0.36 2284.9
-2.1 -0.3 2228.02
-2.1 -0.24 2171.86
-2.1 -0.18 2116.42
-2.1 -0.12 2061.7
-2.1 -0.0600000000000001 2007.7
-2.1 0 1954.42
-2.1 0.0600000000000001 1901.86
-2.1 0.12 1850.02
-2.1 0.18 1798.9
-2.1 0.24 1748.5
-2.1 0.3 1698.82
-2.1 0.36 1649.86
-2.1 0.42 1601.62
-2.1 0.48 1554.1
-2.1 0.54 1507.3
-2.1 0.6 1461.22
-2.1 0.66 1415.86
-2.1 0.72 1371.22
-2.1 0.78 1327.3
-2.1 0.84 1284.1
-2.1 0.9 1241.62
-2.1 0.96 1199.86
-2.1 1.02 1158.82
-2.1 1.08 1118.5
-2.1 1.14 1078.9
-2.1 1.2 1040.02
-2.1 1.26 1001.86
-2.1 1.32 964.42
-2.1 1.38 927.7
-2.1 1.44 891.7
-2.1 1.5 856.42
-2.1 1.56 821.86
-2.1 1.62 788.02
-2.1 1.68 754.9
-2.1 1.74 722.5
-2.1 1.8 690.82
-2.1 1.86 659.86
-2.1 1.92 629.62
-2.1 1.98 600.1
-2.1 2.04 571.3
-2.1 2.1 543.22
-2.1 2.16 515.86
-2.1 2.22 489.22
-2.1 2.28 463.3
-2.1 2.34 438.1
-2.1 2.4 413.62
-2.1 2.46 389.86
-2.1 2.52 366.82
-2.1 2.58 344.5
-2.1 2.64 322.9
-2.1 2.7 302.02
-2.1 2.76 281.86
-2.1 2.82 262.42
-2.1 2.88 243.7
-2.1 2.94 225.7
-2.1 3 208.42

-2.04 -3 5138.093056
-2.04 -2.94 5052.513856
-2.04 -2.88 4967.654656
-2.04 -2.82 4883.515456
-2.04 -2.76 4800.096256
-2.04 -2.7 4717.397056
-2.04 -2.64 4635.417856
-2.04 -2.58 4554.158656
-2.04 -2.52 4473.619456
-2.04 -2.46 4393.800256
-2.04 -2.4 4314.701056
-2.04 -2.34 4236.321856
-2.04 -2.28 4158.662656
-2.04 -2.22 4081.723456
-2.04 -2.16 4005.504256
-2.04 -2.1 3930.005056
-2.04 -2.04 3855.225856
-2.04 -1.98 3781.166656
-2.04 -1.92 3707.827456
-2.04 -1.86 3635.208256
-2.04 -1.8 3563.309056
-2.04 -1.74 3492.129856
-2.04 -1.68 3421.670656
-2.04 -1.62 3351.931456
-2.04 -1.56 3282.912256
-2.04 -1.5 3214.613056
-2.04 -1.44 3147.033856
-2.04 -1.38 3080.174656
-2.04 -1.32 3014.035456
-2.04 -1.26 2948.616256
-2.04 -1.2 2883.917056
-2.04 -1.14 2819.937856
-2.04 -1.08 2756.678656
-2.04 -1.02 2694.139456
-2.04 -0.96 2632.320256
-2.04 -0.9 2571.221056
-2.04 -0.84 2510.841856
-2.04 -0.78 2451.182656
-2.04 -0.72 2392.243456
-2.04 -0.66 2334.024256
-2.04 -0.6 2276.525056
-2.04 -0.54 2219.745856
-2.04 -0.48 2163.686656
-2.04 -0.42 2108.347456
-2.04 -0.36 2053.728256
-2.04 -0.3 1999.829056
-2.04 -0.24 1946.649856
-2.04 -0.18 1894.190656
-2.04 -0.12 1842.451456
-2.04 -0.0600000000000001 1791.432256
-2.04 0 1741.133056
-2.04 0.0600000000000001 1691.553856
-2.04 0.12 1642.694656
-2.04 0.18 1594.555456
-2.04 0.24 1547.136256
-2.04 0.3 1500.437056
-2.04 0.36 1454.457856
-2.04 0.42 1409.198656
-2.04 0.48 1364.659456
-2.04 0.54 1320.840256
-2.04 0.6 1277.741056
-2.04 0.66 1235.361856
-2.04 0.72 1193.702656
-2.04 0.78 1152.763456
-2.04 0.84 1112.544256
-2.04 0.9 1073.045056
-2.04 0.96 1034.265856
-2.04 1.02 996.206656
-2.04 1.08 958.867456
-2.04 1.14 922.248256
-2.04 1.2 886.349056
-2.04 1.26 851.169856
-2.04 1.32 816.710656
-2.04 1.38 782.971456
-2.04 1.44 749.952256
-2.04 1.5 717.653056
-2.04 1.56 686.073856
-2.04 1.62 655.214656
-2.04 1.68 625.075456
-2.04 1.74 595.656256
-2.04 1.8 566.957056
-2.04 1.86 538.977856
-2.04 1.92 511.718656
-2.04 1.98 485.179456
-2.04 2.04 459.360256
-2.04 2.1 434.261056
-2.04 2.16 409.881856
-2.04 2.22 386.222656
-2.04 2.28 363.283456
-2.04 2.34 341.064256
-2.04 2.4 319.565056
-2.04 2.46 298.785856
-2.04 2.52 278.726656
-2.04 2.58 259.387456
-2.04 2.64 240.768256
-2.04 2.7 222.869056
-2.04 2.76 205.689856
-2.04 2.82 189.230656
-2.04 2.88 173.491456
-2.04 2.94 158.472256
-2.04 3 144.173056

-1.98 -3 4798.074016
-1.98 -2.94 4715.389216
-1.98 -2.88 4633.424416
-1.98 -2.82 4552.179616
-1.98 -2.76 4471.654816
-1.98 -2.7 4391.850016
-1.98 -2.64 4312.765216
-1.98 -2.58 4234.400416
-1.98 -2.52 4156.755616
-1.98 -2.46 4079.830816
-1.98 -2.4 4003.626016
-1.98 -2.34 3928.141216
-1.98 -2.28 3853.376416
-1.98 -2.22 3779.331616
-1.98 -2.16 3706.006816
-1.98 -2.1 3633.402016
-1.98 -2.04 3561.517216
-1.98 -1.98 3490.352416
-1.98 -1.92 3419.907616
-1.98 -1.86 3350.182816
-1.98 -1.8 3281.178016
-1.98 -1.74 3212.893216
-1.98 -1.68 3145.328416
-1.98 -1.62 3078.483616
-1.98 -1.56 3012.358816
-1.98 -1.5 2946.954016
-1.98 -1.44 2882.269216
-1.98 -1.38 2818.304416
-1.98 -1.32 2755.059616
-1.98 -1.26 2692.534816
-1.98 -1.2 2630.730016
-1.98 -1.14 2569.645216
-1.98 -1.08 2509.280416
-1.98 -1.02 2449.635616
-1.98 -0.96 2390.710816
-1.98 -0.9 2332.506016
-1.98 -0.84 2275.021216
-1.98 -0.78 2218.256416
-1.98 -0.72 2162.211616
-1.98 -0.66 2106.886816
-1.98 -0.6 2052.282016
-1.98 -0.54 1998.397216
-1.98 -0.48 1945.232416
-1.98 -0.42 1892.787616
-1.98 -0.36 1841.062816
-1.98 -0.3 1790.058016
-1.98 -0.24 1739.773216
-1.98 -0.18 1690.208416
-1.98 -0.12 1641.363616
-1.98 -0.0600000000000001 1593.238816
-1.98 0 1545.834016
-1.98 0.0600000000000001 1499.149216
-1.98 0.12 1453.184416
-1.98 0.18 1407.939616
-1.98 0.24 1363.414816
-1.98 0.3 1319.610016
-1.98 0.36 1276.525216
-1.98 0.42 1234.160416
-1.98 0.48 1192.515616
-1.98 0.54 1151.590816
-1.98 0.6 1111.386016
-1.98 0.66 1071.901216
-1.98 0.72 1033.136416
-1.98 0.78 995.091616
-1.98 0.84 957.766816
-1.98 0.9 921.162016
-1.98 0.96 885.277216
-1.98 1.02 850.112416
-1.98 1.08 815.667616
-1.98 1.14 781.942816
-1.98 1.2 748.938016
-1.98 1.26 716.653216
-1.98 1.32 685.088416
-1.98 1.38 654.243616
-1.98 1.44 624.118816
-1.98 1.5 594.714016
-1.98 1.56 566.029216
-1.98 1.62 538.064416
-1.98 1.68 510.819616
-1.98 1.74 484.294816
-1.98 1.8 458.490016
-1.98 1.86 433.405216
-1.98 1.92 409.040416
-1.98 1.98 385.395616
-1.98 2.04 362.470816
-1.98 2.1 340.266016
-1.98 2.16 318.781216
-1.98 2.22 298.016416
-1.98 2.28 277.971616
-1.98 2.34 258.646816
-1.98 2.4 240.042016
-1.98 2.46 222.157216
-1.98 2.52 204.992416
-1.98 2.58 188.547616
-1.98 2.64 172.822816
-1.98 2.7 157.818016
-1.98 2.76 143.533216
-1.98 2.82 129.968416
-1.98 2.88 117.123616
-1.98 2.94 104.998816
-1.98 3 93.594016

-1.92 -3 4479.320896
-1.92 -2.94 4399.444096
-1.92 -2.88 4320.287296
-1.92 -2.82 4241.850496
-1.92 -2.76 4164.133696
-1.92 -2.7 4087.136896
-1.92 -2.64 4010.860096
-1.92 -2.58 3935.303296
-1.92 -2.52 3860.466496
-1.92 -2.46 3786.349696
-1.92 -2.4 3712.952896
-1.92 -2.34 3640.276096
-1.92 -2.28 3568.319296
-1.92 -2.22 3497.082496
-1.92 -2.16 3426.565696
-1.92 -2.1 3356.768896
-1.92 -2.04 3287.692096
-1.92 -1.98 3219.335296
-1.92 -1.92 3151.698496
-1.92 -1.86 3084.781696
-1.92 -1.8 3018.584896
-1.92 -1.74 2953.108096
-1.92 -1.68 2888.351296
-1.92 -1.62 2824.314496
-1.92 -1.56 2760.997696
-1.92 -1.5 2698.400896
-1.92 -1.44 2636.524096
-1.92 -1.38 2575.367296
-1.92 -1.32 2514.930496
-1.92 -1.26 2455.213696
-1.92 -1.2 2396.216896
-1.92 -1.14 2337.940096
-1.92 -1.08 2280.383296
-1.92 -1.02 2223.546496
-1.92 -0.96 2167.429696
-1.92 -0.9 2112.032896
-1.92 -0.84 2057.356096
-1.92 -0.78 2003.399296
-1.92 -0.72 1950.162496
-1.92 -0.66 1897.645696
-1.92 -0.6 1845.848896
-1.92 -0.54 1794.772096
-1.92 -0.48 1744.415296
-1.92 -0.42 1694.778496
-1.92 -0.36 1645.861696
-1.92 -0.3 1597.664896
-1.92 -0.24 1550.188096
-1.92 -0.18 1503.431296
-1.92 -0.12 1457.394496
-1.92 -0.0600000000000001 1412.077696
-1.92 0 1367.480896
-1.92 0.0600000000000001 1323.604096
-1.92 0.12 1280.447296
-1.92 0.18 1238.010496
-1.92 0.24 1196.293696
-1.92 0.3 1155.296896
-1.92 0.36 1115.020096
-1.92 0.42 1075.463296
-1.92 0.48 1036.626496
-1.92 0.54 998.509696
-1.92 0.6 961.112896
-1.92 0.66 924.436096
-1.92 0.72 888.479296
-1.92 0.78 853.242496
-1.92 0.84 818.725696
-1.92 0.9 784.928896
-1.92 0.96 751.852096
-1.92 1.02 719.495296
-1.92 1.08 687.858496
-1.92 1.14 656.941696
-1.92 1.2 626.744896
-1.92 1.26 597.268096
-1.92 1.32 568.511296
-1.92 1.38 540.474496
-1.92 1.44 513.157696
-1.92 1.5 486.560896
-1.92 1.56 460.684096
-1.92 1.62 435.527296
-1.92 1.68 411.090496
-1.92 1.74 387.373696
-1.92 1.8 364.376896
-1.92 1.86 342.100096
-1.92 1.92 320.543296
-1.92 1.98 299.706496
-1.92 2.04 279.589696
-1.92 2.1 260.192896
-1.92 2.16 241.516096
-1.92 2.22 223.559296
-1.92 2.28 206.322496
-1.92 2.34 189.805696
-1.92 2.4 174.008896
-1.92 2.46 158.932096
-1.92 2.52 144.575296
-1.92 2.58 130.938496
-1.92 2.64 118.021696
-1.92 2.7 105.824896
-1.92 2.76 94.348096
-1.92 2.82 83.5912959999999
-1.92 2.88 73.554496
-1.92 2.94 64.2376959999999
-1.92 3 55.640896

-1.86 -3 4180.822816
-1.86 -2.94 4103.667616
-1.86 -2.88 4027.232416
-1.86 -2.82 3951.517216
-1.86 -2.76 3876.522016
-1.86 -2.7 3802.246816
-1.86 -2.64 3728.691616
-1.86 -2.58 3655.856416
-1.86 -2.52 3583.741216
-1.86 -2.46 3512.346016
-1.86 -2.4 3441.670816
-1.86 -2.34 3371.715616
-1.86 -2.28 3302.480416
-1.86 -2.22 3233.965216
-1.86 -2.16 3166.170016
-1.86 -2.1 3099.094816
-1.86 -2.04 3032.739616
-1.86 -1.98 2967.104416
-1.86 -1.92 2902.189216
-1.86 -1.86 2837.994016
-1.86 -1.8 2774.518816
-1.86 -1.74 2711.763616
-1.86 -1.68 2649.728416
-1.86 -1.62 2588.413216
-1.86 -1.56 2527.818016
-1.86 -1.5 2467.942816
-1.86 -1.44 2408.787616
-1.86 -1.38 2350.352416
-1.86 -1.32 2292.637216
-1.86 -1.26 2235.642016
-1.86 -1.2 2179.366816
-1.86 -1.14 2123.811616
-1.86 -1.08 2068.976416
-1.86 -1.02 2014.861216
-1.86 -0.96 1961.466016
-1.86 -0.9 1908.790816
-1.86 -0.84 1856.835616
-1.86 -0.78 1805.600416
-1.86 -0.72 1755.085216
-1.86 -0.66 1705.290016
-1.86 -0.6 1656.214816
-1.86 -0.54 1607.859616
-1.86 -0.48 1560.224416
-1.86 -0.42 1513.309216
-1.86 -0.36 1467.114016
-1.86 -0.3 1421.638816
-1.86 -0.24 1376.883616
-1.86 -0.18 1332.848416
-1.86 -0.12 1289.533216
-1.86 -0.0600000000000001 1246.938016
-1.86 0 1205.062816
-1.86 0.0600000000000001 1163.907616
-1.86 0.12 1123.472416
-1.86 0.18 1083.757216
-1.86 0.24 1044.762016
-1.86 0.3 1006.486816
-1.86 0.36 968.931616
-1.86 0.42 932.096416
-1.86 0.48 895.981216
-1.86 0.54 860.586016
-1.86 0.6 825.910816
-1.86 0.66 791.955616
-1.86 0.72 758.720416
-1.86 0.78 726.205216
-1.86 0.84 694.410016
-1.86 0.9 663.334816
-1.86 0.96 632.979616
-1.86 1.02 603.344416
-1.86 1.08 574.429216
-1.86 1.14 546.234016
-1.86 1.2 518.758816
-1.86 1.26 492.003616
-1.86 1.32 465.968416
-1.86 1.38 440.653216
-1.86 1.44 416.058016
-1.86 1.5 392.182816
-1.86 1.56 369.027616
-1.86 1.62 346.592416
-1.86 1.68 324.877216
-1.86 1.74 303.882016
-1.86 1.8 283.606816
-1.86 1.86 264.051616
-1.86 1.92 245.216416
-1.86 1.98 227.101216
-1.86 2.04 209.706016
-1.86 2.1 193.030816
-1.86 2.16 177.075616
-1.86 2.22 161.840416
-1.86 2.28 147.325216
-1.86 2.34 133.530016
-1.86 2.4 120.454816
-1.86 2.46 108.099616
-1.86 2.52 96.4644160000002
-1.86 2.58 85.5492160000001
-1.86 2.64 75.3540160000001
-1.86 2.7 65.878816
-1.86 2.76 57.1236160000001
-1.86 2.82 49.088416
-1.86 2.88 41.7732160000001
-1.86 2.94 35.178016
-1.86 3 29.302816

-1.8 -3 3901.6
-1.8 -2.94 3827.08
-1.8 -2.88 3753.28
-1.8 -2.82 3680.2
-1.8 -2.76 3607.84
-1.8 -2.7 3536.2
-1.8 -2.64 3465.28
-1.8 -2.58 3395.08
-1.8 -2.52 3325.6
-1.8 -2.46 3256.84
-1.8 -2.4 3188.8
-1.8 -2.34 3121.48
-1.8 -2.28 3054.88
-1.8 -2.22 2989
-1.8 -2.16 2923.84
-1.8 -2.1 2859.4
-1.8 -2.04 2795.68
-1.8 -1.98 2732.68
-1.8 -1.92 2670.4
-1.8 -1.86 2608.84
-1.8 -1.8 2548
-1.8 -1.74 2487.88
-1.8 -1.68 2428.48
-1.8 -1.62 2369.8
-1.8 -1.56 2311.84
-1.8 -1.5 2254.6
-1.8 -1.44 2198.08
-1.8 -1.38 2142.28
-1.8 -1.32 2087.2
-1.8 -1.26 2032.84
-1.8 -1.2 1979.2
-1.8 -1.14 1926.28
-1.8 -1.08 1874.08
-1.8 -1.02 1822.6
-1.8 -0.96 1771.84
-1.8 -0.9 1721.8
-1.8 -0.84 1672.48
-1.8 -0.78 1623.88
-1.8 -0.72 1576
-1.8 -0.66 1528.84
-1.8 -0.6 1482.4
-1.8 -0.54 1436.68
-1.8 -0.48 1391.68
-1.8 -0.42 1347.4
-1.8 -0.36 1303.84
-1.8 -0.3 1261
-1.8 -0.24 1218.88
-1.8 -0.18 1177.48
-1.8 -0.12 1136.8
-1.8 -0.0600000000000001 1096.84
-1.8 0 1057.6
-1.8 0.0600000000000001 1019.08
-1.8 0.12 981.28
-1.8 0.18 944.2
-1.8 0.24 907.84
-1.8 0.3 872.2
-1.8 0.36 837.28
-1.8 0.42 803.08
-1.8 0.48 769.6
-1.8 0.54 736.84
-1.8 0.6 704.8
-1.8 0.66 673.48
-1.8 0.72 642.88
-1.8 0.78 613
-1.8 0.84 583.84
-1.8 0.9 555.4
-1.8 0.96 527.68
-1.8 1.02 500.68
-1.8 1.08 474.4
-1.8 1.14 448.84
-1.8 1.2 424
-1.8 1.26 399.88
-1.8 1.32 376.48
-1.8 1.38 353.8
-1.8 1.44 331.84
-1.8 1.5 310.6
-1.8 1.56 290.08
-1.8 1.62 270.28
-1.8 1.68 251.2
-1.8 1.74 232.84
-1.8 1.8 215.2
-1.8 1.86 198.28
-1.8 1.92 182.08
-1.8 1.98 166.6
-1.8 2.04 151.84
-1.8 2.1 137.8
-1.8 2.16 124.48
-1.8 2.22 111.88
-1.8 2.28 100
-1.8 2.34 88.8400000000001
-1.8 2.4 78.4
-1.8 2.46 68.68
-1.8 2.52 59.6800000000001
-1.8 2.58 51.4
-1.8 2.64 43.8400000000001
-1.8 2.7 37
-1.8 2.76 30.88
-1.8 2.82 25.48
-1.8 2.88 20.8
-1.8 2.94 16.84
-1.8 3 13.6

-1.74 -3 3640.703776
-1.74 -2.94 3568.732576
-1.74 -2.88 3497.481376
-1.74 -2.82 3426.950176
-1.74 -2.76 3357.138976
-1.74 -2.7 3288.047776
-1.74 -2.64 3219.676576
-1.74 -2.58 3152.025376
-1.74 -2.52 3085.094176
-1.74 -2.46 3018.882976
-1.74 -2.4 2953.391776
-1.74 -2.34 2888.620576
-1.74 -2.28 2824.569376
-1.74 -2.22 2761.238176
-1.74 -2.16 2698.626976
-1.74 -2.1 2636.735776
-1.74 -2.04 2575.564576
-1.74 -1.98 2515.113376
-1.74 -1.92 2455.382176
-1.74 -1.86 2396.370976
-1.74 -1.8 2338.079776
-1.74 -1.74 2280.508576
-1.74 -1.68 2223.657376
-1.74 -1.62 2167.526176
-1.74 -1.56 2112.114976
-1.74 -1.5 2057.423776
-1.74 -1.44 2003.452576
-1.74 -1.38 1950.201376
-1.74 -1.32 1897.670176
-1.74 -1.26 1845.858976
-1.74 -1.2 1794.767776
-1.74 -1.14 1744.396576
-1.74 -1.08 1694.745376
-1.74 -1.02 1645.814176
-1.74 -0.96 1597.602976
-1.74 -0.9 1550.111776
-1.74 -0.84 1503.340576
-1.74 -0.78 1457.289376
-1.74 -0.72 1411.958176
-1.74 -0.66 1367.346976
-1.74 -0.6 1323.455776
-1.74 -0.54 1280.284576
-1.74 -0.48 1237.833376
-1.74 -0.42 1196.102176
-1.74 -0.36 1155.090976
-1.74 -0.3 1114.799776
-1.74 -0.24 1075.228576
-1.74 -0.18 1036.377376
-1.74 -0.12 998.246176
-1.74 -0.0600000000000001 960.834976
-1.74 0 924.143776
-1.74 0.0600000000000001 888.172576
-1.74 0.12 852.921376
-1.74 0.18 818.390176
-1.74 0.24 784.578976
-1.74 0.3 751.487776
-1.74 0.36 719.116576
-1.74 0.42 687.465376
-1.74 0.48 656.534176
-1.74 0.54 626.322976
-1.74 0.6 596.831776
-1.74 0.66 568.060576
-1.74 0.72 540.009376
-1.74 0.78 512.678176
-1.74 0.84 486.066976
-1.74 0.9 460.175776
-1.74 0.96 435.004576
-1.74 1.02 410.553376
-1.74 1.08 386.822176
-1.74 1.14 363.810976
-1.74 1.2 341.519776
-1.74 1.26 319.948576
-1.74 1.32 299.097376
-1.74 1.38 278.966176
-1.74 1.44 259.554976
-1.74 1.5 240.863776
-1.74 1.56 222.892576
-1.74 1.62 205.641376
-1.74 1.68 189.110176
-1.74 1.74 173.298976
-1.74 1.8 158.207776
-1.74 1.86 143.836576
-1.74 1.92 130.185376
-1.74 1.98 117.254176
-1.74 2.04 105.042976
-1.74 2.1 93.5517760000001
-1.74 2.16 82.780576
-1.74 2.22 72.729376
-1.74 2.28 63.398176
-1.74 2.34 54.786976
-1.74 2.4 46.895776
-1.74 2.46 39.724576
-1.74 2.52 33.2733760000001
-1.74 2.58 27.542176
-1.74 2.64 22.530976
-1.74 2.7 18.239776
-1.74 2.76 14.668576
-1.74 2.82 11.817376
-1.74 2.88 9.68617600000001
-1.74 2.94 8.274976
-1.74 3 7.583776

-1.68 -3 3397.216576
-1.68 -2.94 3327.707776
-1.68 -2.88 3258.918976
-1.68 -2.82 3190.850176
-1.68 -2.76 3123.501376
-1.68 -2.7 3056.872576
-1.68 -2.64 2990.963776
-1.68 -2.58 2925.774976
-1.68 -2.52 2861.306176
-1.68 -2.46 2797.557376
-1.68 -2.4 2734.528576
-1.68 -2.34 2672.219776
-1.68 -2.28 2610.630976
-1.68 -2.22 2549.762176
-1.68 -2.16 2489.613376
-1.68 -2.1 2430.184576
-1.68 -2.04 2371.475776
-1.68 -1.98 2313.486976
-1.68 -1.92 2256.218176
-1.68 -1.86 2199.669376
-1.68 -1.8 2143.840576
-1.68 -1.74 2088.731776
-1.68 -1.68 2034.342976
-1.68 -1.62 1980.674176
-1.68 -1.56 1927.725376
-1.68 -1.5 1875.496576
-1.68 -1.44 1823.987776
-1.68 -1.38 1773.198976
-1.68 -1.32 1723.130176
-1.68 -1.26 1673.781376
-1.68 -1.2 1625.152576
-1.68 -1.14 1577.243776
-1.68 -1.08 1530.054976
-1.68 -1.02 1483.586176
-1.68 -0.96 1437.837376
-1.68 -0.9 1392.808576
-1.68 -0.84 1348.499776
-1.68 -0.78 1304.910976
-1.68 -0.72 1262.042176
-1.68 -0.66 1219.893376
-1.68 -0.6 1178.464576
-1.68 -0.54 1137.755776
-1.68 -0.48 1097.766976
-1.68 -0.42 1058.498176
-1.68 -0.36 1019.949376
-1.68 -0.3 982.120576
-1.68 -0.24 945.011776
-1.68 -0.18 908.622976
-1.68 -0.12 872.954176
-1.68 -0.0600000000000001 838.005376
-1.68 0 803.776576
-1.68 0.0600000000000001 770.267776
-1.68 0.12 737.478976
-1.68 0.18 705.410176
-1.68 0.24 674.061376
-1.68 0.3 643.432576
-1.68 0.36 613.523776
-1.68 0.42 584.334976
-1.68 0.48 555.866176
-1.68 0.54 528.117376
-1.68 0.6 501.088576
-1.68 0.66 474.779776
-1.68 0.72 449.190976
-1.68 0.78 424.322176
-1.68 0.84 400.173376
-1.68 0.9 376.744576
-1.68 0.96 354.035776
-1.68 1.02 332.046976
-1.68 1.08 310.778176
-1.68 1.14 290.229376
-1.68 1.2 270.400576
-1.68 1.26 251.291776
-1.68 1.32 232.902976
-1.68 1.38 215.234176
-1.68 1.44 198.285376
-1.68 1.5 182.056576
-1.68 1.56 166.547776
-1.68 1.62 151.758976
-1.68 1.68 137.690176
-1.68 1.74 124.341376
-1.68 1.8 111.712576
-1.68 1.86 99.8037759999999
-1.68 1.92 88.6149759999999
-1.68 1.98 78.1461759999999
-1.68 2.04 68.3973759999999
-1.68 2.1 59.368576
-1.68 2.16 51.0597759999999
-1.68 2.22 43.470976
-1.68 2.28 36.6021759999999
-1.68 2.34 30.453376
-1.68 2.4 25.0245759999999
-1.68 2.46 20.315776
-1.68 2.52 16.326976
-1.68 2.58 13.058176
-1.68 2.64 10.509376
-1.68 2.7 8.68057599999998
-1.68 2.76 7.571776
-1.68 2.82 7.182976
-1.68 2.88 7.514176
-1.68 2.94 8.56537600000002
-1.68 3 10.336576

-1.62 -3 3170.251936
-1.62 -2.94 3103.119136
-1.62 -2.88 3036.706336
-1.62 -2.82 2971.013536
-1.62 -2.76 2906.040736
-1.62 -2.7 2841.787936
-1.62 -2.64 2778.255136
-1.62 -2.58 2715.442336
-1.62 -2.52 2653.349536
-1.62 -2.46 2591.976736
-1.62 -2.4 2531.323936
-1.62 -2.34 2471.391136
-1.62 -2.28 2412.178336
-1.62 -2.22 2353.685536
-1.62 -2.16 2295.912736
-1.62 -2.1 2238.859936
-1.62 -2.04 2182.527136
-1.62 -1.98 2126.914336
-1.62 -1.92 2072.021536
-1.62 -1.86 2017.848736
-1.62 -1.8 1964.395936
-1.62 -1.74 1911.663136
-1.62 -1.68 1859.650336
-1.62 -1.62 1808.357536
-1.62 -1.56 1757.784736
-1.62 -1.5 1707.931936
-1.62 -1.44 1658.799136
-1.62 -1.38 1610.386336
-1.62 -1.32 1562.693536
-1.62 -1.26 1515.720736
-1.62 -1.2 1469.467936
-1.62 -1.14 1423.935136
-1.62 -1.08 1379.122336
-1.62 -1.02 1335.029536
-1.62 -0.96 1291.656736
-1.62 -0.9 1249.003936
-1.62 -0.84 1207.071136
-1.62 -0.78 1165.858336
-1.62 -0.72 1125.365536
-1.62 -0.66 1085.592736
-1.62 -0.6 1046.539936
-1.62 -0.54 1008.207136
-1.62 -0.48 970.594336
-1.62 -0.42 933.701536
-1.62 -0.36 897.528736
-1.62 -0.3 862.075936
-1.62 -0.24 827.343136000001
-1.62 -0.18 793.330336
-1.62 -0.12 760.037536
-1.62 -0.0600000000000001 727.464736
-1.62 0 695.611936
-1.62 0.0600000000000001 664.479136
-1.62 0.12 634.066336
-1.62 0.18 604.373536
-1.62 0.24 575.400736
-1.62 0.3 547.147936
-1.62 0.36 519.615136
-1.62 0.42 492.802336
-1.62 0.48 466.709536
-1.62 0.54 441.336736
-1.62 0.6 416.683936
-1.62 0.66 392.751136
-1.62 0.72 369.538336
-1.62 0.78 347.045536
-1.62 0.84 325.272736
-1.62 0.9 304.219936
-1.62 0.96 283.887136
-1.62 1.02 264.274336
-1.62 1.08 245.381536
-1.62 1.14 227.208736
-1.62 1.2 209.755936
-1.62 1.26 193.023136
-1.62 1.32 177.010336
-1.62 1.38 161.717536
-1.62 1.44 147.144736
-1.62 1.5 133.291936
-1.62 1.56 120.159136
-1.62 1.62 107.746336
-1.62 1.68 96.0535360000002
-1.62 1.74 85.0807360000001
-1.62 1.8 74.8279360000001
-1.62 1.86 65.295136
-1.62 1.92 56.4823360000001
-1.62 1.98 48.389536
-1.62 2.04 41.0167360000001
-1.62 2.1 34.3639360000001
-1.62 2.16 28.431136
-1.62 2.22 23.2183360000001
-1.62 2.28 18.725536
-1.62 2.34 14.952736
-1.62 2.4 11.899936
-1.62 2.46 9.56713600000002
-1.62 2.52 7.95433600000002
-1.62 2.58 7.061536
-1.62 2.64 6.888736
-1.62 2.7 7.435936
-1.62 2.76 8.70313599999998
-1.62 2.82 10.690336
-1.62 2.88 13.397536
-1.62 2.94 16.824736
-1.62 3 20.971936

-1.56 -3 2958.954496
-1.56 -2.94 2894.111296
-1.56 -2.88 2829.988096
-1.56 -2.82 2766.584896
-1.56 -2.76 2703.901696
-1.56 -2.7 2641.938496
-1.56 -2.64 2580.695296
-1.56 -2.58 2520.172096
-1.56 -2.52 2460.368896
-1.56 -2.46 2401.285696
-1.56 -2.4 2342.922496
-1.56 -2.34 2285.279296
-1.56 -2.28 2228.356096
-1.56 -2.22 2172.152896
-1.56 -2.16 2116.669696
-1.56 -2.1 2061.906496
-1.56 -2.04 2007.863296
-1.56 -1.98 1954.540096
-1.56 -1.92 1901.936896
-1.56 -1.86 1850.053696
-1.56 -1.8 1798.890496
-1.56 -1.74 1748.447296
-1.56 -1.68 1698.724096
-1.56 -1.62 1649.720896
-1.56 -1.56 1601.437696
-1.56 -1.5 1553.874496
-1.56 -1.44 1507.031296
-1.56 -1.38 1460.908096
-1.56 -1.32 1415.504896
-1.56 -1.26 1370.821696
-1.56 -1.2 1326.858496
-1.56 -1.14 1283.615296
-1.56 -1.08 1241.092096
-1.56 -1.02 1199.288896
-1.56 -0.96 1158.205696
-1.56 -0.9 1117.842496
-1.56 -0.84 1078.199296
-1.56 -0.78 1039.276096
-1.56 -0.72 1001.072896
-1.56 -0.66 963.589696
-1.56 -0.6 926.826496
-1.56 -0.54 890.783296
-1.56 -0.48 855.460096
-1.56 -0.42 820.856896
-1.56 -0.36 786.973696
-1.56 -0.3 753.810496
-1.56 -0.24 721.367296
-1.56 -0.18 689.644096
-1.56 -0.12 658.640896
-1.56 -0.0600000000000001 628.357696
-1.56 0 598.794496
-1.56 0.0600000000000001 569.951296
-1.56 0.12 541.828096
-1.56 0.18 514.424896
-1.56 0.24 487.741696
-1.56 0.3 461.778496
-1.56 0.36 436.535296
-1.56 0.42 412.012096
-1.56 0.48 388.208896
-1.56 0.54 365.125696
-1.56 0.6 342.762496
-1.56 0.66 321.119296
-1.56 0.72 300.196096
-1.56 0.78 279.992896
-1.56 0.84 260.509696
-1.56 0.9 241.746496
-1.56 0.96 223.703296
-1.56 1.02 206.380096
-1.56 1.08 189.776896
-1.56 1.14 173.893696
-1.56 1.2 158.730496
-1.56 1.26 144.287296
-1.56 1.32 130.564096
-1.56 1.38 117.560896
-1.56 1.44 105.277696
-1.56 1.5 93.714496
-1.56 1.56 82.8712960000001
-1.56 1.62 72.748096
-1.56 1.68 63.3448960000001
-1.56 1.74 54.661696
-1.56 1.8 46.698496
-1.56 1.86 39.455296
-1.56 1.92 32.932096
-1.56 1.98 27.128896
-1.56 2.04 22.045696
-1.56 2.1 17.682496
-1.56 2.16 14.039296
-1.56 2.22 11.116096
-1.56 2.28 8.912896
-1.56 2.34 7.42969600000001
-1.56 2.4 6.666496
-1.56 2.46 6.623296
-1.56 2.52 7.30009599999999
-1.56 2.58 8.696896
-1.56 2.64 10.813696
-1.56 2.7 13.650496
-1.56 2.76 17.207296
-1.56 2.82 21.484096
-1.56 2.88 26.480896
-1.56 2.94 32.197696
-1.56 3 38.634496

-1.5 -3 2762.5
-1.5 -2.94 2699.86
-1.5 -2.88 2637.94
-1.5 -2.82 2576.74
-1.5 -2.76 2516.26
-1.5 -2.7 2456.5
-1.5 -2.64 2397.46
-1.5 -2.58 2339.14
-1.5 -2.52 2281.54
-1.5 -2.46 2224.66
-1.5 -2.4 2168.5
-1.5 -2.34 2113.06
-1.5 -2.28 2058.34
-1.5 -2.22 2004.34
-1.5 -2.16 1951.06
-1.5 -2.1 1898.5
-1.5 -2.04 1846.66
-1.5 -1.98 1795.54
-1.5 -1.92 1745.14
-1.5 -1.86 1695.46
-1.5 -1.8 1646.5
-1.5 -1.74 1598.26
-1.5 -1.68 1550.74
-1.5 -1.62 1503.94
-1.5 -1.56 1457.86
-1.5 -1.5 1412.5
-1.5 -1.44 1367.86
-1.5 -1.38 1323.94
-1.5 -1.32 1280.74
-1.5 -1.26 1238.26
-1.5 -1.2 1196.5
-1.5 -1.14 1155.46
-1.5 -1.08 1115.14
-1.5 -1.02 1075.54
-1.5 -0.96 1036.66
-1.5 -0.9 998.5
-1.5 -0.84 961.06
-1.5 -0.78 924.34
-1.5 -0.72 888.34
-1.5 -0.66 853.06
-1.5 -0.6 818.5
-1.5 -0.54 784.66
-1.5 -0.48 751.54
-1.5 -0.42 719.14
-1.5 -0.36 687.46
-1.5 -0.3 656.5
-1.5 -0.24 626.26
-1.5 -0.18 596.74
-1.5 -0.12 567.94
-1.5 -0.0600000000000001 539.86
-1.5 0 512.5
-1.5 0.0600000000000001 485.86
-1.5 0.12 459.94
-1.5 0.18 434.74
-1.5 0.24 410.26
-1.5 0.3 386.5
-1.5 0.36 363.46
-1.5 0.42 341.14
-1.5 0.48 319.54
-1.5 0.54 298.66
-1.5 0.6 278.5
-1.5 0.66 259.06
-1.5 0.72 240.34
-1.5 0.78 222.34
-1.5 0.84 205.06
-1.5 0.9 188.5
-1.5 0.96 172.66
-1.5 1.02 157.54
-1.5 1.08 143.14
-1.5 1.14 129.46
-1.5 1.2 116.5
-1.5 1.26 104.26
-1.5 1.32 92.7399999999999
-1.5 1.38 81.94
-1.5 1.44 71.8599999999999
-1.5 1.5 62.5
-1.5 1.56 53.86
-1.5 1.62 45.94
-1.5 1.68 38.74
-1.5 1.74 32.26
-1.5 1.8 26.5
-1.5 1.86 21.46
-1.5 1.92 17.14
-1.5 1.98 13.54
-1.5 2.04 10.66
-1.5 2.1 8.50000000000001
-1.5 2.16 7.06
-1.5 2.22 6.34
-1.5 2.28 6.34
-1.5 2.34 7.06
-1.5 2.4 8.50000000000001
-1.5 2.46 10.66
-1.5 2.52 13.54
-1.5 2.58 17.14
-1.5 2.64 21.46
-1.5 2.7 26.5
-1.5 2.76 32.26
-1.5 2.82 38.74
-1.5 2.88 45.94
-1.5 2.94 53.86
-1.5 3 62.5

-1.44 -3 2580.095296
-1.44 -2.94 2519.572096
-1.44 -2.88 2459.768896
-1.44 -2.82 2400.685696
-1.44 -2.76 2342.322496
-1.44 -2.7 2284.679296
-1.44 -2.64 2227.756096
-1.44 -2.58 2171.552896
-1.44 -2.52 2116.069696
-1.44 -2.46 2061.306496
-1.44 -2.4 2007.263296
-1.44 -2.34 1953.940096
-1.44 -2.28 1901.336896
-1.44 -2.22 1849.453696
-1.44 -2.16 1798.290496
-1.44 -2.1 1747.847296
-1.44 -2.04 1698.124096
-1.44 -1.98 1649.120896
-1.44 -1.92 1600.837696
-1.44 -1.86 1553.274496
-1.44 -1.8 1506.431296
-1.44 -1.74 1460.308096
-1.44 -1.68 1414.904896
-1.44 -1.62 1370.221696
-1.44 -1.56 1326.258496
-1.44 -1.5 1283.015296
-1.44 -1.44 1240.492096
-1.44 -1.38 1198.688896
-1.44 -1.32 1157.605696
-1.44 -1.26 1117.242496
-1.44 -1.2 1077.599296
-1.44 -1.14 1038.676096
-1.44 -1.08 1000.472896
-1.44 -1.02 962.989696
-1.44 -0.96 926.226496
-1.44 -0.9 890.183296
-1.44 -0.84 854.860096
-1.44 -0.78 820.256896
-1.44 -0.72 786.373696
-1.44 -0.66 753.210496
-1.44 -0.6 720.767296
-1.44 -0.54 689.044096
-1.44 -0.48 658.040896
-1.44 -0.42 627.757696
-1.44 -0.36 598.194496
-1.44 -0.3 569.351296
-1.44 -0.24 541.228096
-1.44 -0.18 513.824896
-1.44 -0.12 487.141696
-1.44 -0.0600000000000001 461.178496
-1.44 0 435.935296
-1.44 0.0600000000000001 411.412096
-1.44 0.12 387.608896
-1.44 0.18 364.525696
-1.44 0.24 342.162496
-1.44 0.3 320.519296
-1.44 0.36 299.596096
-1.44 0.42 279.392896
-1.44 0.48 259.909696
-1.44 0.54 241.146496
-1.44 0.6 223.103296
-1.44 0.66 205.780096
-1.44 0.72 189.176896
-1.44 0.78 173.293696
-1.44 0.84 158.130496
-1.44 0.9 143.687296
-1.44 0.96 129.964096
-1.44 1.02 116.960896
-1.44 1.08 104.677696
-1.44 1.14 93.114496
-1.44 1.2 82.2712959999999
-1.44 1.26 72.148096
-1.44 1.32 62.7448959999999
-1.44 1.38 54.061696
-1.44 1.44 46.0984959999999
-1.44 1.5 38.855296
-1.44 1.56 32.332096
-1.44 1.62 26.528896
-1.44 1.68 21.445696
-1.44 1.74 17.082496
-1.44 1.8 13.439296
-1.44 1.86 10.516096
-1.44 1.92 8.312896
-1.44 1.98 6.82969599999999
-1.44 2.04 6.066496
-1.44 2.1 6.023296
-1.44 2.16 6.700096
-1.44 2.22 8.096896
-1.44 2.28 10.213696
-1.44 2.34 13.050496
-1.44 2.4 16.607296
-1.44 2.46 20.884096
-1.44 2.52 25.880896
-1.44 2.58 31.597696
-1.44 2.64 38.034496
-1.44 2.7 45.191296
-1.44 2.76 53.068096
-1.44 2.82 61.6648960000001
-1.44 2.88 70.981696
-1.44 2.94 81.0184960000001
-1.44 3 91.775296

-1.38 -3 2410.978336
-1.38 -2.94 2352.485536
-1.38 -2.88 2294.712736
-1.38 -2.82 2237.659936
-1.38 -2.76 2181.327136
-1.38 -2.7 2125.714336
-1.38 -2.64 2070.821536
-1.38 -2.58 2016.648736
-1.38 -2.52 1963.195936
-1.38 -2.46 1910.463136
-1.38 -2.4 1858.450336
-1.38 -2.34 1807.157536
-1.38 -2.28 1756.584736
-1.38 -2.22 1706.731936
-1.38 -2.16 1657.599136
-1.38 -2.1 1609.186336
-1.38 -2.04 1561.493536
-1.38 -1.98 1514.520736
-1.38 -1.92 1468.267936
-1.38 -1.86 1422.735136
-1.38 -1.8 1377.922336
-1.38 -1.74 1333.829536
-1.38 -1.68 1290.456736
-1.38 -1.62 1247.803936
-1.38 -1.56 1205.871136
-1.38 -1.5 1164.658336
-1.38 -1.44 1124.165536
-1.38 -1.38 1084.392736
-1.38 -1.32 1045.339936
-1.38 -1.26 1007.007136
-1.38 -1.2 969.394336
-1.38 -1.14 932.501536
-1.38 -1.08 896.328736
-1.38 -1.02 860.875936
-1.38 -0.96 826.143136
-1.38 -0.9 792.130336
-1.38 -0.84 758.837536
-1.38 -0.78 726.264736
-1.38 -0.72 694.411936
-1.38 -0.66 663.279136
-1.38 -0.6 632.866336
-1.38 -0.54 603.173536
-1.38 -0.48 574.200736
-1.38 -0.42 545.947936
-1.38 -0.36 518.415136
-1.38 -0.3 491.602336
-1.38 -0.24 465.509536
-1.38 -0.18 440.136736
-1.38 -0.12 415.483936
-1.38 -0.0600000000000001 391.551136
-1.38 0 368.338336
-1.38 0.0600000000000001 345.845536
-1.38 0.12 324.072736
-1.38 0.18 303.019936
-1.38 0.24 282.687136
-1.38 0.3 263.074336
-1.38 0.36 244.181536
-1.38 0.42 226.008736
-1.38 0.48 208.555936
-1.38 0.54 191.823136
-1.38 0.6 175.810336
-1.38 0.66 160.517536
-1.38 0.72 145.944736
-1.38 0.78 132.091936
-1.38 0.84 118.959136
-1.38 0.9 106.546336
-1.38 0.96 94.8535359999999
-1.38 1.02 83.880736
-1.38 1.08 73.6279359999999
-1.38 1.14 64.095136
-1.38 1.2 55.2823359999999
-1.38 1.26 47.189536
-1.38 1.32 39.8167359999999
-1.38 1.38 33.163936
-1.38 1.44 27.2311359999999
-1.38 1.5 22.018336
-1.38 1.56 17.525536
-1.38 1.62 13.752736
-1.38 1.68 10.699936
-1.38 1.74 8.36713599999998
-1.38 1.8 6.754336
-1.38 1.86 5.86153599999999
-1.38 1.92 5.688736
-1.38 1.98 6.23593600000001
-1.38 2.04 7.50313600000001
-1.38 2.1 9.490336
-1.38 2.16 12.197536
-1.38 2.22 15.624736
-1.38 2.28 19.771936
-1.38 2.34 24.639136
-1.38 2.4 30.2263360000001
-1.38 2.46 36.533536
-1.38 2.52 43.560736
-1.38 2.58 51.3079360000001
-1.38 2.64 59.775136
-1.38 2.7 68.9623360000001
-1.38 2.76 78.869536
-1.38 2.82 89.4967360000001
-1.38 2.88 100.843936
-1.38 2.94 112.911136
-1.38 3 125.698336

-1.32 -3 2254.418176
-1.32 -2.94 2197.869376
-1.32 -2.88 2142.040576
-1.32 -2.82 2086.931776
-1.32 -2.76 2032.542976
-1.32 -2.7 1978.874176
-1.32 -2.64 1925.925376
-1.32 -2.58 1873.696576
-1.32 -2.52 1822.187776
-1.32 -2.46 1771.398976
-1.32 -2.4 1721.330176
-1.32 -2.34 1671.981376
-1.32 -2.28 1623.352576
-1.32 -2.22 1575.443776
-1.32 -2.16 1528.254976
-1.32 -2.1 1481.786176
-1.32 -2.04 1436.037376
-1.32 -1.98 1391.008576
-1.32 -1.92 1346.699776
-1.32 -1.86 1303.110976
-1.32 -1.8 1260.242176
-1.32 -1.74 1218.093376
-1.32 -1.68 1176.664576
-1.32 -1.62 1135.955776
-1.32 -1.56 1095.966976
-1.32 -1.5 1056.698176
-1.32 -1.44 1018.149376
-1.32 -1.38 980.320576
-1.32 -1.32 943.211776
-1.32 -1.26 906.822976
-1.32 -1.2 871.154176
-1.32 -1.14 836.205376
-1.32 -1.08 801.976576
-1.32 -1.02 768.467776
-1.32 -0.96 735.678976
-1.32 -0.9 703.610176
-1.32 -0.84 672.261376
-1.32 -0.78 641.632576
-1.32 -0.72 611.723776
-1.32 -0.66 582.534976
-1.32 -0.6 554.066176
-1.32 -0.54 526.317376
-1.32 -0.48 499.288576
-1.32 -0.42 472.979776
-1.32 -0.36 447.390976
-1.32 -0.3 422.522176
-1.32 -0.24 398.373376
-1.32 -0.18 374.944576
-1.32 -0.12 352.235776
-1.32 -0.0600000000000001 330.246976
-1.32 0 308.978176
-1.32 0.0600000000000001 288.429376
-1.32 0.12 268.600576
-1.32 0.18 249.491776
-1.32 0.24 231.102976
-1.32 0.3 213.434176
-1.32 0.36 196.485376
-1.32 0.42 180.256576
-1.32 0.48 164.747776
-1.32 0.54 149.958976
-1.32 0.6 135.890176
-1.32 0.66 122.541376
-1.32 0.72 109.912576
-1.32 0.78 98.0037760000001
-1.32 0.84 86.8149760000001
-1.32 0.9 76.346176
-1.32 0.96 66.597376
-1.32 1.02 57.5685760000001
-1.32 1.08 49.259776
-1.32 1.14 41.6709760000001
-1.32 1.2 34.802176
-1.32 1.26 28.653376
-1.32 1.32 23.224576
-1.32 1.38 18.515776
-1.32 1.44 14.526976
-1.32 1.5 11.258176
-1.32 1.56 8.70937600000002
-1.32 1.62 6.880576
-1.32 1.68 5.77177600000001
-1.32 1.74 5.382976
-1.32 1.8 5.714176
-1.32 1.86 6.76537600000001
-1.32 1.92 8.53657599999999
-1.32 1.98 11.027776
-1.32 2.04 14.238976
-1.32 2.1 18.170176
-1.32 2.16 22.821376
-1.32 2.22 28.192576
-1.32 2.28 34.283776
-1.32 2.34 41.094976
-1.32 2.4 48.626176
-1.32 2.46 56.877376
-1.32 2.52 65.8485759999999
-1.32 2.58 75.539776
-1.32 2.64 85.9509759999999
-1.32 2.7 97.082176
-1.32 2.76 108.933376
-1.32 2.82 121.504576
-1.32 2.88 134.795776
-1.32 2.94 148.806976
-1.32 3 163.538176

-1.26 -3 2109.714976
-1.26 -2.94 2055.023776
-1.26 -2.88 2001.052576
-1.26 -2.82 1947.801376
-1.26 -2.76 1895.270176
-1.26 -2.7 1843.458976
-1.26 -2.64 1792.367776
-1.26 -2.58 1741.996576
-1.26 -2.52 1692.345376
-1.26 -2.46 1643.414176
-1.26 -2.4 1595.202976
-1.26 -2.34 1547.711776
-1.26 -2.28 1500.940576
-1.26 -2.22 1454.889376
-1.26 -2.16 1409.558176
-1.26 -2.1 1364.946976
-1.26 -2.04 1321.055776
-1.26 -1.98 1277.884576
-1.26 -1.92 1235.433376
-1.26 -1.86 1193.702176
-1.26 -1.8 1152.690976
-1.26 -1.74 1112.399776
-1.26 -1.68 1072.828576
-1.26 -1.62 1033.977376
-1.26 -1.56 995.846176
-1.26 -1.5 958.434976
-1.26 -1.44 921.743776
-1.26 -1.38 885.772576
-1.26 -1.32 850.521376
-1.26 -1.26 815.990176
-1.26 -1.2 782.178976
-1.26 -1.14 749.087776
-1.26 -1.08 716.716576
-1.26 -1.02 685.065376
-1.26 -0.96 654.134176
-1.26 -0.9 623.922976
-1.26 -0.84 594.431776
-1.26 -0.78 565.660576
-1.26 -0.72 537.609376
-1.26 -0.66 510.278176
-1.26 -0.6 483.666976
-1.26 -0.54 457.775776
-1.26 -0.48 432.604576
-1.26 -0.42 408.153376
-1.26 -0.36 384.422176
-1.26 -0.3 361.410976
-1.26 -0.24 339.119776
-1.26 -0.18 317.548576
-1.26 -0.12 296.697376
-1.26 -0.0600000000000001 276.566176
-1.26 0 257.154976
-1.26 0.0600000000000001 238.463776
-1.26 0.12 220.492576
-1.26 0.18 203.241376
-1.26 0.24 186.710176
-1.26 0.3 170.898976
-1.26 0.36 155.807776
-1.26 0.42 141.436576
-1.26 0.48 127.785376
-1.26 0.54 114.854176
-1.26 0.6 102.642976
-1.26 0.66 91.151776
-1.26 0.72 80.380576
-1.26 0.78 70.3293760000001
-1.26 0.84 60.998176
-1.26 0.9 52.386976
-1.26 0.96 44.495776
-1.26 1.02 37.3245760000001
-1.26 1.08 30.873376
-1.26 1.14 25.142176
-1.26 1.2 20.130976
-1.26 1.26 15.839776
-1.26 1.32 12.268576
-1.26 1.38 9.41737600000001
-1.26 1.44 7.28617599999999
-1.26 1.5 5.874976
-1.26 1.56 5.183776
-1.26 1.62 5.212576
-1.26 1.68 5.96137599999999
-1.26 1.74 7.430176
-1.26 1.8 9.61897599999999
-1.26 1.86 12.527776
-1.26 1.92 16.156576
-1.26 1.98 20.505376
-1.26 2.04 25.574176
-1.26 2.1 31.362976
-1.26 2.16 37.871776
-1.26 2.22 45.1005759999999
-1.26 2.28 53.049376
-1.26 2.34 61.718176
-1.26 2.4 71.106976
-1.26 2.46 81.215776
-1.26 2.52 92.0445759999999
-1.26 2.58 103.593376
-1.26 2.64 115.862176
-1.26 2.7 128.850976
-1.26 2.76 142.559776
-1.26 2.82 156.988576
-1.26 2.88 172.137376
-1.26 2.94 188.006176
-1.26 3 204.594976

-1.2 -3 1976.2
-1.2 -2.94 1923.28
-1.2 -2.88 1871.08
-1.2 -2.82 1819.6
-1.2 -2.76 1768.84
-1.2 -2.7 1718.8
-1.2 -2.64 1669.48
-1.2 -2.58 1620.88
-1.2 -2.52 1573
-1.2 -2.46 1525.84
-1.2 -2.4 1479.4
-1.2 -2.34 1433.68
-1.2 -2.28 1388.68
-1.2 -2.22 1344.4
-1.2 -2.16 1300.84
-1.2 -2.1 1258
-1.2 -2.04 1215.88
-1.2 -1.98 1174.48
-1.2 -1.92 1133.8
-1.2 -1.86 1093.84
-1.2 -1.8 1054.6
-1.2 -1.74 1016.08
-1.2 -1.68 978.28
-1.2 -1.62 941.2
-1.2 -1.56 904.84
-1.2 -1.5 869.2
-1.2 -1.44 834.28
-1.2 -1.38 800.08
-1.2 -1.32 766.6
-1.2 -1.26 733.84
-1.2 -1.2 701.8
-1.2 -1.14 670.48
-1.2 -1.08 639.88
-1.2 -1.02 610
-1.2 -0.96 580.84
-1.2 -0.9 552.4
-1.2 -0.84 524.68
-1.2 -0.78 497.68
-1.2 -0.72 471.4
-1.2 -0.66 445.84
-1.2 -0.6 421
-1.2 -0.54 396.88
-1.2 -0.48 373.48
-1.2 -0.42 350.8
-1.2 -0.36 328.84
-1.2 -0.3 307.6
-1.2 -0.24 287.08
-1.2 -0.18 267.28
-1.2 -0.12 248.2
-1.2 -0.0600000000000001 229.84
-1.2 0 212.2
-1.2 0.0600000000000001 195.28
-1.2 0.12 179.08
-1.2 0.18 163.6
-1.2 0.24 148.84
-1.2 0.3 134.8
-1.2 0.36 121.48
-1.2 0.42 108.88
-1.2 0.48 97
-1.2 0.54 85.84
-1.2 0.6 75.4
-1.2 0.66 65.68
-1.2 0.72 56.68
-1.2 0.78 48.4
-1.2 0.84 40.84
-1.2 0.9 34
-1.2 0.96 27.88
-1.2 1.02 22.48
-1.2 1.08 17.8
-1.2 1.14 13.84
-1.2 1.2 10.6
-1.2 1.26 8.08000000000001
-1.2 1.32 6.27999999999999
-1.2 1.38 5.2
-1.2 1.44 4.84
-1.2 1.5 5.2
-1.2 1.56 6.27999999999999
-1.2 1.62 8.08000000000001
-1.2 1.68 10.6
-1.2 1.74 13.84
-1.2 1.8 17.8
-1.2 1.86 22.48
-1.2 1.92 27.88
-1.2 1.98 34.0000000000001
-1.2 2.04 40.84
-1.2 2.1 48.4
-1.2 2.16 56.68
-1.2 2.22 65.68
-1.2 2.28 75.4000000000001
-1.2 2.34 85.84
-1.2 2.4 97.0000000000001
-1.2 2.46 108.88
-1.2 2.52 121.48
-1.2 2.58 134.8
-1.2 2.64 148.84
-1.2 2.7 163.6
-1.2 2.76 179.08
-1.2 2.82 195.28
-1.2 2.88 212.2
-1.2 2.94 229.84
-1.2 3 248.2

-1.14 -3 1853.235616
-1.14 -2.94 1802.000416
-1.14 -2.88 1751.485216
-1.14 -2.82 1701.690016
-1.14 -2.76 1652.614816
-1.14 -2.7 1604.259616
-1.14 -2.64 1556.624416
-1.14 -2.58 1509.709216
-1.14 -2.52 1463.514016
-1.14 -2.46 1418.038816
-1.14 -2.4 1373.283616
-1.14 -2.34 1329.248416
-1.14 -2.28 1285.933216
-1.14 -2.22 1243.338016
-1.14 -2.16 1201.462816
-1.14 -2.1 1160.307616
-1.14 -2.04 1119.872416
-1.14 -1.98 1080.157216
-1.14 -1.92 1041.162016
-1.14 -1.86 1002.886816
-1.14 -1.8 965.331616
-1.14 -1.74 928.496416
-1.14 -1.68 892.381216
-1.14 -1.62 856.986016
-1.14 -1.56 822.310816
-1.14 -1.5 788.355616
-1.14 -1.44 755.120416
-1.14 -1.38 722.605216
-1.14 -1.32 690.810016
-1.14 -1.26 659.734816
-1.14 -1.2 629.379616
-1.14 -1.14 599.744416
-1.14 -1.08 570.829216
-1.14 -1.02 542.634016
-1.14 -0.96 515.158816
-1.14 -0.9 488.403616
-1.14 -0.84 462.368416
-1.14 -0.78 437.053216
-1.14 -0.72 412.458016
-1.14 -0.66 388.582816
-1.14 -0.6 365.427616
-1.14 -0.54 342.992416
-1.14 -0.48 321.277216
-1.14 -0.42 300.282016
-1.14 -0.36 280.006816
-1.14 -0.3 260.451616
-1.14 -0.24 241.616416
-1.14 -0.18 223.501216
-1.14 -0.12 206.106016
-1.14 -0.0600000000000001 189.430816
-1.14 0 173.475616
-1.14 0.0600000000000001 158.240416
-1.14 0.12 143.725216
-1.14 0.18 129.930016
-1.14 0.24 116.854816
-1.14 0.3 104.499616
-1.14 0.36 92.864416
-1.14 0.42 81.949216
-1.14 0.48 71.754016
-1.14 0.54 62.278816
-1.14 0.6 53.523616
-1.14 0.66 45.488416
-1.14 0.72 38.173216
-1.14 0.78 31.578016
-1.14 0.84 25.702816
-1.14 0.9 20.547616
-1.14 0.96 16.112416
-1.14 1.02 12.397216
-1.14 1.08 9.40201599999999
-1.14 1.14 7.126816
-1.14 1.2 5.57161599999999
-1.14 1.26 4.736416
-1.14 1.32 4.621216
-1.14 1.38 5.226016
-1.14 1.44 6.55081600000001
-1.14 1.5 8.595616
-1.14 1.56 11.360416
-1.14 1.62 14.845216
-1.14 1.68 19.050016
-1.14 1.74 23.974816
-1.14 1.8 29.619616
-1.14 1.86 35.9844160000001
-1.14 1.92 43.069216
-1.14 1.98 50.8740160000001
-1.14 2.04 59.398816
-1.14 2.1 68.643616
-1.14 2.16 78.608416
-1.14 2.22 89.293216
-1.14 2.28 100.698016
-1.14 2.34 112.822816
-1.14 2.4 125.667616
-1.14 2.46 139.232416
-1.14 2.52 153.517216
-1.14 2.58 168.522016
-1.14 2.64 184.246816
-1.14 2.7 200.691616
-1.14 2.76 217.856416
-1.14 2.82 235.741216
-1.14 2.88 254.346016
-1.14 2.94 273.670816
-1.14 3 293.715616

-1.08 -3 1740.215296
-1.08 -2.94 1690.578496
-1.08 -2.88 1641.661696
-1.08 -2.82 1593.464896
-1.08 -2.76 1545.988096
-1.08 -2.7 1499.231296
-1.08 -2.64 1453.194496
-1.08 -2.58 1407.877696
-1.08 -2.52 1363.280896
-1.08 -2.46 1319.404096
-1.08 -2.4 1276.247296
-1.08 -2.34 1233.810496
-1.08 -2.28 1192.093696
-1.08 -2.22 1151.096896
-1.08 -2.16 1110.820096
-1.08 -2.1 1071.263296
-1.08 -2.04 1032.426496
-1.08 -1.98 994.309696
-1.08 -1.92 956.912896
-1.08 -1.86 920.236096
-1.08 -1.8 884.279296
-1.08 -1.74 849.042496
-1.08 -1.68 814.525696
-1.08 -1.62 780.728896
-1.08 -1.56 747.652096
-1.08 -1.5 715.295296
-1.08 -1.44 683.658496
-1.08 -1.38 652.741696
-1.08 -1.32 622.544896
-1.08 -1.26 593.068096
-1.08 -1.2 564.311296
-1.08 -1.14 536.274496
-1.08 -1.08 508.957696
-1.08 -1.02 482.360896
-1.08 -0.96 456.484096
-1.08 -0.9 431.327296
-1.08 -0.84 406.890496
-1.08 -0.78 383.173696
-1.08 -0.72 360.176896
-1.08 -0.66 337.900096
-1.08 -0.6 316.343296
-1.08 -0.54 295.506496
-1.08 -0.48 275.389696
-1.08 -0.42 255.992896
-1.08 -0.36 237.316096
-1.08 -0.3 219.359296
-1.08 -0.24 202.122496
-1.08 -0.18 185.605696
-1.08 -0.12 169.808896
-1.08 -0.0600000000000001 154.732096
-1.08 0 140.375296
-1.08 0.0600000000000001 126.738496
-1.08 0.12 113.821696
-1.08 0.18 101.624896
-1.08 0.24 90.148096
-1.08 0.3 79.3912960000001
-1.08 0.36 69.354496
-1.08 0.42 60.037696
-1.08 0.48 51.440896
-1.08 0.54 43.564096
-1.08 0.6 36.407296
-1.08 0.66 29.970496
-1.08 0.72 24.253696
-1.08 0.78 19.256896
-1.08 0.84 14.980096
-1.08 0.9 11.423296
-1.08 0.96 8.58649600000001
-1.08 1.02 6.46969600000002
-1.08 1.08 5.072896
-1.08 1.14 4.396096
-1.08 1.2 4.439296
-1.08 1.26 5.20249599999999
-1.08 1.32 6.68569600000001
-1.08 1.38 8.88889599999999
-1.08 1.44 11.812096
-1.08 1.5 15.455296
-1.08 1.56 19.818496
-1.08 1.62 24.901696
-1.08 1.68 30.704896
-1.08 1.74 37.228096
-1.08 1.8 44.471296
-1.08 1.86 52.434496
-1.08 1.92 61.117696
-1.08 1.98 70.5208960000001
-1.08 2.04 80.644096
-1.08 2.1 91.4872959999999
-1.08 2.16 103.050496
-1.08 2.22 115.333696
-1.08 2.28 128.336896
-1.08 2.34 142.060096
-1.08 2.4 156.503296
-1.08 2.46 171.666496
-1.08 2.52 187.549696
-1.08 2.58 204.152896
-1.08 2.64 221.476096
-1.08 2.7 239.519296
-1.08 2.76 258.282496
-1.08 2.82 277.765696
-1.08 2.88 297.968896
-1.08 2.94 318.892096
-1.08 3 340.535296

-1.02 -3 1636.563616
-1.02 -2.94 1588.438816
-1.02 -2.88 1541.034016
-1.02 -2.82 1494.349216
-1.02 -2.76 1448.384416
-1.02 -2.7 1403.139616
-1.02 -2.64 1358.614816
-1.02 -2.58 1314.810016
-1.02 -2.52 1271.725216
-1.02 -2.46 1229.360416
-1.02 -2.4 1187.715616
-1.02 -2.34 1146.790816
-1.02 -2.28 1106.586016
-1.02 -2.22 1067.101216
-1.02 -2.16 1028.336416
-1.02 -2.1 990.291616
-1.02 -2.04 952.966816
-1.02 -1.98 916.362016
-1.02 -1.92 880.477216
-1.02 -1.86 845.312416
-1.02 -1.8 810.867616
-1.02 -1.74 777.142816
-1.02 -1.68 744.138016
-1.02 -1.62 711.853216
-1.02 -1.56 680.288416
-1.02 -1.5 649.443616
-1.02 -1.44 619.318816
-1.02 -1.38 589.914016
-1.02 -1.32 561.229216
-1.02 -1.26 533.264416
-1.02 -1.2 506.019616
-1.02 -1.14 479.494816
-1.02 -1.08 453.690016
-1.02 -1.02 428.605216
-1.02 -0.96 404.240416
-1.02 -0.9 380.595616
-1.02 -0.84 357.670816
-1.02 -0.78 335.466016
-1.02 -0.72 313.981216
-1.02 -0.66 293.216416
-1.02 -0.6 273.171616
-1.02 -0.54 253.846816
-1.02 -0.48 235.242016
-1.02 -0.42 217.357216
-1.02 -0.36 200.192416
-1.02 -0.3 183.747616
-1.02 -0.24 168.022816
-1.02 -0.18 153.018016
-1.02 -0.12 138.733216
-1.02 -0.0600000000000001 125.168416
-1.02 0 112.323616
-1.02 0.0600000000000001 100.198816
-1.02 0.12 88.794016
-1.02 0.18 78.109216
-1.02 0.24 68.144416
-1.02 0.3 58.899616
-1.02 0.36 50.374816
-1.02 0.42 42.570016
-1.02 0.48 35.485216
-1.02 0.54 29.120416
-1.02 0.6 23.475616
-1.02 0.66 18.550816
-1.02 0.72 14.346016
-1.02 0.78 10.861216
-1.02 0.84 8.096416
-1.02 0.9 6.051616
-1.02 0.96 4.726816
-1.02 1.02 4.122016
-1.02 1.08 4.237216
-1.02 1.14 5.07241599999999
-1.02 1.2 6.62761600000001
-1.02 1.26 8.90281599999999
-1.02 1.32 11.898016
-1.02 1.38 15.613216
-1.02 1.44 20.048416
-1.02 1.5 25.203616
-1.02 1.56 31.078816
-1.02 1.62 37.674016
-1.02 1.68 44.989216
-1.02 1.74 53.024416
-1.02 1.8 61.779616
-1.02 1.86 71.2548160000001
-1.02 1.92 81.450016
-1.02 1.98 92.3652160000001
-1.02 2.04 104.000416
-1.02 2.1 116.355616
-1.02 2.16 129.430816
-1.02 2.22 143.226016
-1.02 2.28 157.741216
-1.02 2.34 172.976416
-1.02 2.4 188.931616
-1.02 2.46 205.606816
-1.02 2.52 223.002016
-1.02 2.58 241.117216
-1.02 2.64 259.952416
-1.02 2.7 279.507616
-1.02 2.76 299.782816
-1.02 2.82 320.778016
-1.02 2.88 342.493216
-1.02 2.94 364.928416
-1.02 3 388.083616

-0.96 -3 1541.736256
-0.96 -2.94 1495.037056
-0.96 -2.88 1449.057856
-0.96 -2.82 1403.798656
-0.96 -2.76 1359.259456
-0.96 -2.7 1315.440256
-0.96 -2.64 1272.341056
-0.96 -2.58 1229.961856
-0.96 -2.52 1188.302656
-0.96 -2.46 1147.363456
-0.96 -2.4 1107.144256
-0.96 -2.34 1067.645056
-0.96 -2.28 1028.865856
-0.96 -2.22 990.806656
-0.96 -2.16 953.467456
-0.96 -2.1 916.848256
-0.96 -2.04 880.949056
-0.96 -1.98 845.769856
-0.96 -1.92 811.310656
-0.96 -1.86 777.571456
-0.96 -1.8 744.552256
-0.96 -1.74 712.253056
-0.96 -1.68 680.673856
-0.96 -1.62 649.814656
-0.96 -1.56 619.675456
-0.96 -1.5 590.256256
-0.96 -1.44 561.557056
-0.96 -1.38 533.577856
-0.96 -1.32 506.318656
-0.96 -1.26 479.779456
-0.96 -1.2 453.960256
-0.96 -1.14 428.861056
-0.96 -1.08 404.481856
-0.96 -1.02 380.822656
-0.96 -0.96 357.883456
-0.96 -0.9 335.664256
-0.96 -0.84 314.165056
-0.96 -0.78 293.385856
-0.96 -0.72 273.326656
-0.96 -0.66 253.987456
-0.96 -0.6 235.368256
-0.96 -0.54 217.469056
-0.96 -0.48 200.289856
-0.96 -0.42 183.830656
-0.96 -0.36 168.091456
-0.96 -0.3 153.072256
-0.96 -0.24 138.773056
-0.96 -0.18 125.193856
-0.96 -0.12 112.334656
-0.96 -0.0600000000000001 100.195456
-0.96 0 88.776256
-0.96 0.0600000000000001 78.077056
-0.96 0.12 68.097856
-0.96 0.18 58.838656
-0.96 0.24 50.299456
-0.96 0.3 42.480256
-0.96 0.36 35.381056
-0.96 0.42 29.001856
-0.96 0.48 23.342656
-0.96 0.54 18.403456
-0.96 0.6 14.184256
-0.96 0.66 10.685056
-0.96 0.72 7.90585599999999
-0.96 0.78 5.846656
-0.96 0.84 4.507456
-0.96 0.9 3.888256
-0.96 0.96 3.989056
-0.96 1.02 4.80985599999999
-0.96 1.08 6.350656
-0.96 1.14 8.61145599999999
-0.96 1.2 11.592256
-0.96 1.26 15.293056
-0.96 1.32 19.713856
-0.96 1.38 24.854656
-0.96 1.44 30.715456
-0.96 1.5 37.296256
-0.96 1.56 44.597056
-0.96 1.62 52.617856
-0.96 1.68 61.358656
-0.96 1.74 70.819456
-0.96 1.8 81.000256
-0.96 1.86 91.9010560000001
-0.96 1.92 103.521856
-0.96 1.98 115.862656
-0.96 2.04 128.923456
-0.96 2.1 142.704256
-0.96 2.16 157.205056
-0.96 2.22 172.425856
-0.96 2.28 188.366656
-0.96 2.34 205.027456
-0.96 2.4 222.408256
-0.96 2.46 240.509056
-0.96 2.52 259.329856
-0.96 2.58 278.870656
-0.96 2.64 299.131456
-0.96 2.7 320.112256
-0.96 2.76 341.813056
-0.96 2.82 364.233856
-0.96 2.88 387.374656
-0.96 2.94 411.235456
-0.96 3 435.816256

-0.9 -3 1455.22
-0.9 -2.94 1409.86
-0.9 -2.88 1365.22
-0.9 -2.82 1321.3
-0.9 -2.76 1278.1
-0.9 -2.7 1235.62
-0.9 -2.64 1193.86
-0.9 -2.58 1152.82
-0.9 -2.52 1112.5
-0.9 -2.46 1072.9
-0.9 -2.4 1034.02
-0.9 -2.34 995.86
-0.9 -2.28 958.42
-0.9 -2.22 921.7
-0.9 -2.16 885.7
-0.9 -2.1 850.42
-0.9 -2.04 815.86
-0.9 -1.98 782.02
-0.9 -1.92 748.9
-0.9 -1.86 716.5
-0.9 -1.8 684.82
-0.9 -1.74 653.86
-0.9 -1.68 623.62
-0.9 -1.62 594.1
-0.9 -1.56 565.3
-0.9 -1.5 537.22
-0.9 -1.44 509.86
-0.9 -1.38 483.22
-0.9 -1.32 457.3
-0.9 -1.26 432.1
-0.9 -1.2 407.62
-0.9 -1.14 383.86
-0.9 -1.08 360.82
-0.9 -1.02 338.5
-0.9 -0.96 316.9
-0.9 -0.9 296.02
-0.9 -0.84 275.86
-0.9 -0.78 256.42
-0.9 -0.72 237.7
-0.9 -0.66 219.7
-0.9 -0.6 202.42
-0.9 -0.54 185.86
-0.9 -0.48 170.02
-0.9 -0.42 154.9
-0.9 -0.36 140.5
-0.9 -0.3 126.82
-0.9 -0.24 113.86
-0.9 -0.18 101.62
-0.9 -0.12 90.1
-0.9 -0.0600000000000001 79.3
-0.9 0 69.22
-0.9 0.0600000000000001 59.86
-0.9 0.12 51.22
-0.9 0.18 43.3
-0.9 0.24 36.1
-0.9 0.3 29.62
-0.9 0.36 23.86
-0.9 0.42 18.82
-0.9 0.48 14.5
-0.9 0.54 10.9
-0.9 0.6 8.01999999999999
-0.9 0.66 5.85999999999999
-0.9 0.72 4.41999999999999
-0.9 0.78 3.7
-0.9 0.84 3.7
-0.9 0.9 4.42
-0.9 0.96 5.86
-0.9 1.02 8.01999999999999
-0.9 1.08 10.9
-0.9 1.14 14.5
-0.9 1.2 18.82
-0.9 1.26 23.86
-0.9 1.32 29.62
-0.9 1.38 36.1
-0.9 1.44 43.3000000000001
-0.9 1.5 51.22
-0.9 1.56 59.86
-0.9 1.62 69.22
-0.9 1.68 79.3
-0.9 1.74 90.1000000000001
-0.9 1.8 101.62
-0.9 1.86 113.86
-0.9 1.92 126.82
-0.9 1.98 140.5
-0.9 2.04 154.9
-0.9 2.1 170.02
-0.9 2.16 185.86
-0.9 2.22 202.42
-0.9 2.28 219.7
-0.9 2.34 237.7
-0.9 2.4 256.42
-0.9 2.46 275.86
-0.9 2.52 296.02
-0.9 2.58 316.9
-0.9 2.64 338.5
-0.9 2.7 360.82
-0.9 2.76 383.86
-0.9 2.82 407.62
-0.9 2.88 432.1
-0.9 2.94 457.3
-0.9 3 483.22

-0.84 -3 1376.532736
-0.84 -2.94 1332.425536
-0.84 -2.88 1289.038336
-0.84 -2.82 1246.371136
-0.84 -2.76 1204.423936
-0.84 -2.7 1163.196736
-0.84 -2.64 1122.689536
-0.84 -2.58 1082.902336
-0.84 -2.52 1043.835136
-0.84 -2.46 1005.487936
-0.84 -2.4 967.860736
-0.84 -2.34 930.953536
-0.84 -2.28 894.766336
-0.84 -2.22 859.299136
-0.84 -2.16 824.551936
-0.84 -2.1 790.524736
-0.84 -2.04 757.217536
-0.84 -1.98 724.630336
-0.84 -1.92 692.763136
-0.84 -1.86 661.615936
-0.84 -1.8 631.188736
-0.84 -1.74 601.481536
-0.84 -1.68 572.494336
-0.84 -1.62 544.227136
-0.84 -1.56 516.679936
-0.84 -1.5 489.852736
-0.84 -1.44 463.745536
-0.84 -1.38 438.358336
-0.84 -1.32 413.691136
-0.84 -1.26 389.743936
-0.84 -1.2 366.516736
-0.84 -1.14 344.009536
-0.84 -1.08 322.222336
-0.84 -1.02 301.155136
-0.84 -0.96 280.807936
-0.84 -0.9 261.180736
-0.84 -0.84 242.273536
-0.84 -0.78 224.086336
-0.84 -0.72 206.619136
-0.84 -0.66 189.871936
-0.84 -0.6 173.844736
-0.84 -0.54 158.537536
-0.84 -0.48 143.950336
-0.84 -0.42 130.083136
-0.84 -0.36 116.935936
-0.84 -0.3 104.508736
-0.84 -0.24 92.801536
-0.84 -0.18 81.814336
-0.84 -0.12 71.547136
-0.84 -0.0600000000000001 61.999936
-0.84 0 53.172736
-0.84 0.0600000000000001 45.065536
-0.84 0.12 37.678336
-0.84 0.18 31.011136
-0.84 0.24 25.063936
-0.84 0.3 19.836736
-0.84 0.36 15.329536
-0.84 0.42 11.542336
-0.84 0.48 8.47513599999999
-0.84 0.54 6.12793599999999
-0.84 0.6 4.50073599999999
-0.84 0.66 3.593536
-0.84 0.72 3.406336
-0.84 0.78 3.939136
-0.84 0.84 5.191936
-0.84 0.9 7.164736
-0.84 0.96 9.85753600000001
-0.84 1.02 13.270336
-0.84 1.08 17.403136
-0.84 1.14 22.255936
-0.84 1.2 27.828736
-0.84 1.26 34.121536
-0.84 1.32 41.1343360000001
-0.84 1.38 48.867136
-0.84 1.44 57.3199360000001
-0.84 1.5 66.492736
-0.84 1.56 76.385536
-0.84 1.62 86.9983360000001
-0.84 1.68 98.331136
-0.84 1.74 110.383936
-0.84 1.8 123.156736
-0.84 1.86 136.649536
-0.84 1.92 150.862336
-0.84 1.98 165.795136
-0.84 2.04 181.447936
-0.84 2.1 197.820736
-0.84 2.16 214.913536
-0.84 2.22 232.726336
-0.84 2.28 251.259136
-0.84 2.34 270.511936
-0.84 2.4 290.484736
-0.84 2.46 311.177536
-0.84 2.52 332.590336
-0.84 2.58 354.723136
-0.84 2.64 377.575936
-0.84 2.7 401.148736
-0.84 2.76 425.441536
-0.84 2.82 450.454336
-0.84 2.88 476.187136
-0.84 2.94 502.639936
-0.84 3 529.812736

-0.78 -3 1305.223456
-0.78 -2.94 1262.282656
-0.78 -2.88 1220.061856
-0.78 -2.82 1178.561056
-0.78 -2.76 1137.780256
-0.78 -2.7 1097.719456
-0.78 -2.64 1058.378656
-0.78 -2.58 1019.757856
-0.78 -2.52 981.857056
-0.78 -2.46 944.676256
-0.78 -2.4 908.215456
-0.78 -2.34 872.474656
-0.78 -2.28 837.453856
-0.78 -2.22 803.153056
-0.78 -2.16 769.572256
-0.78 -2.1 736.711456
-0.78 -2.04 704.570656
-0.78 -1.98 673.149856
-0.78 -1.92 642.449056
-0.78 -1.86 612.468256
-0.78 -1.8 583.207456
-0.78 -1.74 554.666656
-0.78 -1.68 526.845856
-0.78 -1.62 499.745056
-0.78 -1.56 473.364256
-0.78 -1.5 447.703456
-0.78 -1.44 422.762656
-0.78 -1.38 398.541856
-0.78 -1.32 375.041056
-0.78 -1.26 352.260256
-0.78 -1.2 330.199456
-0.78 -1.14 308.858656
-0.78 -1.08 288.237856
-0.78 -1.02 268.337056
-0.78 -0.96 249.156256
-0.78 -0.9 230.695456
-0.78 -0.84 212.954656
-0.78 -0.78 195.933856
-0.78 -0.72 179.633056
-0.78 -0.66 164.052256
-0.78 -0.6 149.191456
-0.78 -0.54 135.050656
-0.78 -0.48 121.629856
-0.78 -0.42 108.929056
-0.78 -0.36 96.9482559999999
-0.78 -0.3 85.6874559999999
-0.78 -0.24 75.146656
-0.78 -0.18 65.325856
-0.78 -0.12 56.225056
-0.78 -0.0600000000000001 47.844256
-0.78 0 40.183456
-0.78 0.0600000000000001 33.242656
-0.78 0.12 27.021856
-0.78 0.18 21.521056
-0.78 0.24 16.740256
-0.78 0.3 12.679456
-0.78 0.36 9.33865599999999
-0.78 0.42 6.71785599999999
-0.78 0.48 4.81705599999999
-0.78 0.54 3.636256
-0.78 0.6 3.175456
-0.78 0.66 3.434656
-0.78 0.72 4.41385600000001
-0.78 0.78 6.113056
-0.78 0.84 8.53225600000001
-0.78 0.9 11.671456
-0.78 0.96 15.530656
-0.78 1.02 20.109856
-0.78 1.08 25.409056
-0.78 1.14 31.428256
-0.78 1.2 38.1674560000001
-0.78 1.26 45.626656
-0.78 1.32 53.8058560000001
-0.78 1.38 62.705056
-0.78 1.44 72.3242560000001
-0.78 1.5 82.6634560000001
-0.78 1.56 93.722656
-0.78 1.62 105.501856
-0.78 1.68 118.001056
-0.78 1.74 131.220256
-0.78 1.8 145.159456
-0.78 1.86 159.818656
-0.78 1.92 175.197856
-0.78 1.98 191.297056
-0.78 2.04 208.116256
-0.78 2.1 225.655456
-0.78 2.16 243.914656
-0.78 2.22 262.893856
-0.78 2.28 282.593056
-0.78 2.34 303.012256
-0.78 2.4 324.151456
-0.78 2.46 346.010656
-0.78 2.52 368.589856
-0.78 2.58 391.889056
-0.78 2.64 415.908256
-0.78 2.7 440.647456
-0.78 2.76 466.106656
-0.78 2.82 492.285856
-0.78 2.88 519.185056
-0.78 2.94 546.804256
-0.78 3 575.143456

-0.72 -3 1240.872256
-0.72 -2.94 1199.011456
-0.72 -2.88 1157.870656
-0.72 -2.82 1117.449856
-0.72 -2.76 1077.749056
-0.72 -2.7 1038.768256
-0.72 -2.64 1000.507456
-0.72 -2.58 962.966656
-0.72 -2.52 926.145856
-0.72 -2.46 890.045056
-0.72 -2.4 854.664256
-0.72 -2.34 820.003456
-0.72 -2.28 786.062656
-0.72 -2.22 752.841856
-0.72 -2.16 720.341056
-0.72 -2.1 688.560256
-0.72 -2.04 657.499456
-0.72 -1.98 627.158656
-0.72 -1.92 597.537856
-0.72 -1.86 568.637056
-0.72 -1.8 540.456256
-0.72 -1.74 512.995456
-0.72 -1.68 486.254656
-0.72 -1.62 460.233856
-0.72 -1.56 434.933056
-0.72 -1.5 410.352256
-0.72 -1.44 386.491456
-0.72 -1.38 363.350656
-0.72 -1.32 340.929856
-0.72 -1.26 319.229056
-0.72 -1.2 298.248256
-0.72 -1.14 277.987456
-0.72 -1.08 258.446656
-0.72 -1.02 239.625856
-0.72 -0.96 221.525056
-0.72 -0.9 204.144256
-0.72 -0.84 187.483456
-0.72 -0.78 171.542656
-0.72 -0.72 156.321856
-0.72 -0.66 141.821056
-0.72 -0.6 128.040256
-0.72 -0.54 114.979456
-0.72 -0.48 102.638656
-0.72 -0.42 91.017856
-0.72 -0.36 80.117056
-0.72 -0.3 69.936256
-0.72 -0.24 60.4754560000001
-0.72 -0.18 51.7346560000001
-0.72 -0.12 43.713856
-0.72 -0.0600000000000001 36.413056
-0.72 0 29.832256
-0.72 0.0600000000000001 23.971456
-0.72 0.12 18.830656
-0.72 0.18 14.409856
-0.72 0.24 10.709056
-0.72 0.3 7.72825600000002
-0.72 0.36 5.46745600000001
-0.72 0.42 3.92665600000001
-0.72 0.48 3.105856
-0.72 0.54 3.005056
-0.72 0.6 3.624256
-0.72 0.66 4.963456
-0.72 0.72 7.022656
-0.72 0.78 9.80185599999997
-0.72 0.84 13.301056
-0.72 0.9 17.520256
-0.72 0.96 22.459456
-0.72 1.02 28.1186559999999
-0.72 1.08 34.497856
-0.72 1.14 41.5970559999999
-0.72 1.2 49.416256
-0.72 1.26 57.9554559999999
-0.72 1.32 67.214656
-0.72 1.38 77.1938559999999
-0.72 1.44 87.893056
-0.72 1.5 99.3122559999999
-0.72 1.56 111.451456
-0.72 1.62 124.310656
-0.72 1.68 137.889856
-0.72 1.74 152.189056
-0.72 1.8 167.208256
-0.72 1.86 182.947456
-0.72 1.92 199.406656
-0.72 1.98 216.585856
-0.72 2.04 234.485056
-0.72 2.1 253.104256
-0.72 2.16 272.443456
-0.72 2.22 292.502656
-0.72 2.28 313.281856
-0.72 2.34 334.781056
-0.72 2.4 357.000256
-0.72 2.46 379.939456
-0.72 2.52 403.598656
-0.72 2.58 427.977856
-0.72 2.64 453.077056
-0.72 2.7 478.896256
-0.72 2.76 505.435456
-0.72 2.82 532.694656
-0.72 2.88 560.673856
-0.72 2.94 589.373056
-0.72 3 618.792256

-0.66 -3 1183.090336
-0.66 -2.94 1142.223136
-0.66 -2.88 1102.075936
-0.66 -2.82 1062.648736
-0.66 -2.76 1023.941536
-0.66 -2.7 985.954336
-0.66 -2.64 948.687136
-0.66 -2.58 912.139936
-0.66 -2.52 876.312736
-0.66 -2.46 841.205536
-0.66 -2.4 806.818336
-0.66 -2.34 773.151136
-0.66 -2.28 740.203936
-0.66 -2.22 707.976736
-0.66 -2.16 676.469536
-0.66 -2.1 645.682336
-0.66 -2.04 615.615136
-0.66 -1.98 586.267936
-0.66 -1.92 557.640736
-0.66 -1.86 529.733536
-0.66 -1.8 502.546336
-0.66 -1.74 476.079136
-0.66 -1.68 450.331936
-0.66 -1.62 425.304736
-0.66 -1.56 400.997536
-0.66 -1.5 377.410336
-0.66 -1.44 354.543136
-0.66 -1.38 332.395936
-0.66 -1.32 310.968736
-0.66 -1.26 290.261536
-0.66 -1.2 270.274336
-0.66 -1.14 251.007136
-0.66 -1.08 232.459936
-0.66 -1.02 214.632736
-0.66 -0.96 197.525536
-0.66 -0.9 181.138336
-0.66 -0.84 165.471136
-0.66 -0.78 150.523936
-0.66 -0.72 136.296736
-0.66 -0.66 122.789536
-0.66 -0.6 110.002336
-0.66 -0.54 97.935136
-0.66 -0.48 86.587936
-0.66 -0.42 75.960736
-0.66 -0.36 66.053536
-0.66 -0.3 56.866336
-0.66 -0.24 48.3991360000001
-0.66 -0.18 40.651936
-0.66 -0.12 33.624736
-0.66 -0.0600000000000001 27.317536
-0.66 0 21.730336
-0.66 0.0600000000000001 16.863136
-0.66 0.12 12.715936
-0.66 0.18 9.288736
-0.66 0.24 6.581536
-0.66 0.3 4.59433600000001
-0.66 0.36 3.32713600000001
-0.66 0.42 2.779936
-0.66 0.48 2.952736
-0.66 0.54 3.845536
-0.66 0.6 5.458336
-0.66 0.66 7.791136
-0.66 0.72 10.843936
-0.66 0.78 14.616736
-0.66 0.84 19.109536
-0.66 0.9 24.322336
-0.66 0.96 30.255136
-0.66 1.02 36.9079359999999
-0.66 1.08 44.280736
-0.66 1.14 52.3735359999999
-0.66 1.2 61.186336
-0.66 1.26 70.7191359999999
-0.66 1.32 80.971936
-0.66 1.38 91.9447359999999
-0.66 1.44 103.637536
-0.66 1.5 116.050336
-0.66 1.56 129.183136
-0.66 1.62 143.035936
-0.66 1.68 157.608736
-0.66 1.74 172.901536
-0.66 1.8 188.914336
-0.66 1.86 205.647136
-0.66 1.92 223.099936
-0.66 1.98 241.272736
-0.66 2.04 260.165536
-0.66 2.1 279.778336
-0.66 2.16 300.111136
-0.66 2.22 321.163936
-0.66 2.28 342.936736
-0.66 2.34 365.429536
-0.66 2.4 388.642336
-0.66 2.46 412.575136
-0.66 2.52 437.227936
-0.66 2.58 462.600736
-0.66 2.64 488.693536
-0.66 2.7 515.506336
-0.66 2.76 543.039136
-0.66 2.82 571.291936
-0.66 2.88 600.264736
-0.66 2.94 629.957536
-0.66 3 660.370336

-0.6 -3 1131.52
-0.6 -2.94 1091.56
-0.6 -2.88 1052.32
-0.6 -2.82 1013.8
-0.6 -2.76 976
-0.6 -2.7 938.92
-0.6 -2.64 902.56
-0.6 -2.58 866.92
-0.6 -2.52 832
-0.6 -2.46 797.8
-0.6 -2.4 764.32
-0.6 -2.34 731.56
-0.6 -2.28 699.52
-0.6 -2.22 668.2
-0.6 -2.16 637.6
-0.6 -2.1 607.72
-0.6 -2.04 578.56
-0.6 -1.98 550.12
-0.6 -1.92 522.4
-0.6 -1.86 495.4
-0.6 -1.8 469.12
-0.6 -1.74 443.56
-0.6 -1.68 418.72
-0.6 -1.62 394.6
-0.6 -1.56 371.2
-0.6 -1.5 348.52
-0.6 -1.44 326.56
-0.6 -1.38 305.32
-0.6 -1.32 284.8
-0.6 -1.26 265
-0.6 -1.2 245.92
-0.6 -1.14 227.56
-0.6 -1.08 209.92
-0.6 -1.02 193
-0.6 -0.96 176.8
-0.6 -0.9 161.32
-0.6 -0.84 146.56
-0.6 -0.78 132.52
-0.6 -0.72 119.2
-0.6 -0.66 106.6
-0.6 -0.6 94.72
-0.6 -0.54 83.56
-0.6 -0.48 73.12
-0.6 -0.42 63.4
-0.6 -0.36 54.4
-0.6 -0.3 46.12
-0.6 -0.24 38.56
-0.6 -0.18 31.72
-0.6 -0.12 25.6
-0.6 -0.0600000000000001 20.2
-0.6 0 15.52
-0.6 0.0600000000000001 11.56
-0.6 0.12 8.32
-0.6 0.18 5.8
-0.6 0.24 4
-0.6 0.3 2.92
-0.6 0.36 2.56
-0.6 0.42 2.92
-0.6 0.48 4
-0.6 0.54 5.8
-0.6 0.6 8.32
-0.6 0.66 11.56
-0.6 0.72 15.52
-0.6 0.78 20.2
-0.6 0.84 25.6
-0.6 0.9 31.72
-0.6 0.96 38.56
-0.6 1.02 46.1199999999999
-0.6 1.08 54.4
-0.6 1.14 63.3999999999999
-0.6 1.2 73.12
-0.6 1.26 83.5599999999999
-0.6 1.32 94.72
-0.6 1.38 106.6
-0.6 1.44 119.2
-0.6 1.5 132.52
-0.6 1.56 146.56
-0.6 1.62 161.32
-0.6 1.68 176.8
-0.6 1.74 193
-0.6 1.8 209.92
-0.6 1.86 227.56
-0.6 1.92 245.92
-0.6 1.98 265
-0.6 2.04 284.8
-0.6 2.1 305.32
-0.6 2.16 326.56
-0.6 2.22 348.52
-0.6 2.28 371.2
-0.6 2.34 394.6
-0.6 2.4 418.72
-0.6 2.46 443.56
-0.6 2.52 469.12
-0.6 2.58 495.4
-0.6 2.64 522.4
-0.6 2.7 550.12
-0.6 2.76 578.56
-0.6 2.82 607.72
-0.6 2.88 637.6
-0.6 2.94 668.2
-0.6 3 699.52

-0.54 -3 1085.834656
-0.54 -2.94 1046.695456
-0.54 -2.88 1008.276256
-0.54 -2.82 970.577056
-0.54 -2.76 933.597856
-0.54 -2.7 897.338656
-0.54 -2.64 861.799456
-0.54 -2.58 826.980256
-0.54 -2.52 792.881056
-0.54 -2.46 759.501856
-0.54 -2.4 726.842656
-0.54 -2.34 694.903456
-0.54 -2.28 663.684256
-0.54 -2.22 633.185056
-0.54 -2.16 603.405856
-0.54 -2.1 574.346656
-0.54 -2.04 546.007456
-0.54 -1.98 518.388256
-0.54 -1.92 491.489056
-0.54 -1.86 465.309856
-0.54 -1.8 439.850656
-0.54 -1.74 415.111456
-0.54 -1.68 391.092256
-0.54 -1.62 367.793056
-0.54 -1.56 345.213856
-0.54 -1.5 323.354656
-0.54 -1.44 302.215456
-0.54 -1.38 281.796256
-0.54 -1.32 262.097056
-0.54 -1.26 243.117856
-0.54 -1.2 224.858656
-0.54 -1.14 207.319456
-0.54 -1.08 190.500256
-0.54 -1.02 174.401056
-0.54 -0.96 159.021856
-0.54 -0.9 144.362656
-0.54 -0.84 130.423456
-0.54 -0.78 117.204256
-0.54 -0.72 104.705056
-0.54 -0.66 92.925856
-0.54 -0.6 81.866656
-0.54 -0.54 71.527456
-0.54 -0.48 61.908256
-0.54 -0.42 53.009056
-0.54 -0.36 44.829856
-0.54 -0.3 37.370656
-0.54 -0.24 30.631456
-0.54 -0.18 24.612256
-0.54 -0.12 19.313056
-0.54 -0.0600000000000001 14.733856
-0.54 0 10.874656
-0.54 0.0600000000000001 7.735456
-0.54 0.12 5.316256
-0.54 0.18 3.617056
-0.54 0.24 2.637856
-0.54 0.3 2.378656
-0.54 0.36 2.839456
-0.54 0.42 4.020256
-0.54 0.48 5.921056
-0.54 0.54 8.541856
-0.54 0.6 11.882656
-0.54 0.66 15.943456
-0.54 0.72 20.724256
-0.54 0.78 26.225056
-0.54 0.84 32.445856
-0.54 0.9 39.386656
-0.54 0.96 47.047456
-0.54 1.02 55.4282559999999
-0.54 1.08 64.529056
-0.54 1.14 74.3498559999999
-0.54 1.2 84.890656
-0.54 1.26 96.1514559999999
-0.54 1.32 108.132256
-0.54 1.38 120.833056
-0.54 1.44 134.253856
-0.54 1.5 148.394656
-0.54 1.56 163.255456
-0.54 1.62 178.836256
-0.54 1.68 195.137056
-0.54 1.74 212.157856
-0.54 1.8 229.898656
-0.54 1.86 248.359456
-0.54 1.92 267.540256
-0.54 1.98 287.441056
-0.54 2.04 308.061856
-0.54 2.1 329.402656
-0.54 2.16 351.463456
-0.54 2.22 374.244256
-0.54 2.28 397.745056
-0.54 2.34 421.965856
-0.54 2.4 446.906656
-0.54 2.46 472.567456
-0.54 2.52 498.948256
-0.54 2.58 526.049056
-0.54 2.64 553.869856
-0.54 2.7 582.410656
-0.54 2.76 611.671456
-0.54 2.82 641.652256
-0.54 2.88 672.353056
-0.54 2.94 703.773856
-0.54 3 735.914656

-0.48 -3 1045.738816
-0.48 -2.94 1007.334016
-0.48 -2.88 969.649216
-0.48 -2.82 932.684416
-0.48 -2.76 896.439616
-0.48 -2.7 860.914816
-0.48 -2.64 826.110016
-0.48 -2.58 792.025216
-0.48 -2.52 758.660416
-0.48 -2.46 726.015616
-0.48 -2.4 694.090816
-0.48 -2.34 662.886016
-0.48 -2.28 632.401216
-0.48 -2.22 602.636416
-0.48 -2.16 573.591616
-0.48 -2.1 545.266816
-0.48 -2.04 517.662016
-0.48 -1.98 490.777216
-0.48 -1.92 464.612416
-0.48 -1.86 439.167616
-0.48 -1.8 414.442816
-0.48 -1.74 390.438016
-0.48 -1.68 367.153216
-0.48 -1.62 344.588416
-0.48 -1.56 322.743616
-0.48 -1.5 301.618816
-0.48 -1.44 281.214016
-0.48 -1.38 261.529216
-0.48 -1.32 242.564416
-0.48 -1.26 224.319616
-0.48 -1.2 206.794816
-0.48 -1.14 189.990016
-0.48 -1.08 173.905216
-0.48 -1.02 158.540416
-0.48 -0.96 143.895616
-0.48 -0.9 129.970816
-0.48 -0.84 116.766016
-0.48 -0.78 104.281216
-0.48 -0.72 92.516416
-0.48 -0.66 81.471616
-0.48 -0.6 71.146816
-0.48 -0.54 61.542016
-0.48 -0.48 52.657216
-0.48 -0.42 44.492416
-0.48 -0.36 37.047616
-0.48 -0.3 30.322816
-0.48 -0.24 24.318016
-0.48 -0.18 19.033216
-0.48 -0.12 14.468416
-0.48 -0.0600000000000001 10.623616
-0.48 0 7.498816
-0.48 0.0600000000000001 5.094016
-0.48 0.12 3.409216
-0.48 0.18 2.444416
-0.48 0.24 2.199616
-0.48 0.3 2.674816
-0.48 0.36 3.870016
-0.48 0.42 5.785216
-0.48 0.48 8.420416
-0.48 0.54 11.775616
-0.48 0.6 15.850816
-0.48 0.66 20.646016
-0.48 0.72 26.161216
-0.48 0.78 32.396416
-0.48 0.84 39.351616
-0.48 0.9 47.026816
-0.48 0.96 55.422016
-0.48 1.02 64.5372159999999
-0.48 1.08 74.372416
-0.48 1.14 84.927616
-0.48 1.2 96.202816
-0.48 1.26 108.198016
-0.48 1.32 120.913216
-0.48 1.38 134.348416
-0.48 1.44 148.503616
-0.48 1.5 163.378816
-0.48 1.56 178.974016
-0.48 1.62 195.289216
-0.48 1.68 212.324416
-0.48 1.74 230.079616
-0.48 1.8 248.554816
-0.48 1.86 267.750016
-0.48 1.92 287.665216
-0.48 1.98 308.300416
-0.48 2.04 329.655616
-0.48 2.1 351.730816
-0.48 2.16 374.526016
-0.48 2.22 398.041216
-0.48 2.28 422.276416
-0.48 2.34 447.231616
-0.48 2.4 472.906816
-0.48 2.46 499.302016
-0.48 2.52 526.417216
-0.48 2.58 554.252416
-0.48 2.64 582.807616
-0.48 2.7 612.082816
-0.48 2.76 642.078016
-0.48 2.82 672.793216
-0.48 2.88 704.228416
-0.48 2.94 736.383616
-0.48 3 769.258816

-0.42 -3 1010.968096
-0.42 -2.94 973.211296
-0.42 -2.88 936.174496
-0.42 -2.82 899.857696
-0.42 -2.76 864.260896
-0.42 -2.7 829.384096
-0.42 -2.64 795.227296
-0.42 -2.58 761.790496
-0.42 -2.52 729.073696
-0.42 -2.46 697.076896
-0.42 -2.4 665.800096
-0.42 -2.34 635.243296
-0.42 -2.28 605.406496
-0.42 -2.22 576.289696
-0.42 -2.16 547.892896
-0.42 -2.1 520.216096
-0.42 -2.04 493.259296
-0.42 -1.98 467.022496
-0.42 -1.92 441.505696
-0.42 -1.86 416.708896
-0.42 -1.8 392.632096
-0.42 -1.74 369.275296
-0.42 -1.68 346.638496
-0.42 -1.62 324.721696
-0.42 -1.56 303.524896
-0.42 -1.5 283.048096
-0.42 -1.44 263.291296
-0.42 -1.38 244.254496
-0.42 -1.32 225.937696
-0.42 -1.26 208.340896
-0.42 -1.2 191.464096
-0.42 -1.14 175.307296
-0.42 -1.08 159.870496
-0.42 -1.02 145.153696
-0.42 -0.96 131.156896
-0.42 -0.9 117.880096
-0.42 -0.84 105.323296
-0.42 -0.78 93.4864959999999
-0.42 -0.72 82.369696
-0.42 -0.66 71.972896
-0.42 -0.6 62.296096
-0.42 -0.54 53.339296
-0.42 -0.48 45.102496
-0.42 -0.42 37.585696
-0.42 -0.36 30.788896
-0.42 -0.3 24.712096
-0.42 -0.24 19.355296
-0.42 -0.18 14.718496
-0.42 -0.12 10.801696
-0.42 -0.0600000000000001 7.604896
-0.42 0 5.128096
-0.42 0.0600000000000001 3.371296
-0.42 0.12 2.334496
-0.42 0.18 2.017696
-0.42 0.24 2.420896
-0.42 0.3 3.544096
-0.42 0.36 5.387296
-0.42 0.42 7.950496
-0.42 0.48 11.233696
-0.42 0.54 15.236896
-0.42 0.6 19.960096
-0.42 0.66 25.403296
-0.42 0.72 31.566496
-0.42 0.78 38.449696
-0.42 0.84 46.052896
-0.42 0.9 54.376096
-0.42 0.96 63.419296
-0.42 1.02 73.1824959999999
-0.42 1.08 83.665696
-0.42 1.14 94.868896
-0.42 1.2 106.792096
-0.42 1.26 119.435296
-0.42 1.32 132.798496
-0.42 1.38 146.881696
-0.42 1.44 161.684896
-0.42 1.5 177.208096
-0.42 1.56 193.451296
-0.42 1.62 210.414496
-0.42 1.68 228.097696
-0.42 1.74 246.500896
-0.42 1.8 265.624096
-0.42 1.86 285.467296
-0.42 1.92 306.030496
-0.42 1.98 327.313696
-0.42 2.04 349.316896
-0.42 2.1 372.040096
-0.42 2.16 395.483296
-0.42 2.22 419.646496
-0.42 2.28 444.529696
-0.42 2.34 470.132896
-0.42 2.4 496.456096
-0.42 2.46 523.499296
-0.42 2.52 551.262496
-0.42 2.58 579.745696
-0.42 2.64 608.948896
-0.42 2.7 638.872096
-0.42 2.76 669.515296
-0.42 2.82 700.878496
-0.42 2.88 732.961696
-0.42 2.94 765.764896
-0.42 3 799.288096

-0.36 -3 981.289216
-0.36 -2.94 944.094016
-0.36 -2.88 907.618816
-0.36 -2.82 871.863616
-0.36 -2.76 836.828416
-0.36 -2.7 802.513216
-0.36 -2.64 768.918016
-0.36 -2.58 736.042816
-0.36 -2.52 703.887616
-0.36 -2.46 672.452416
-0.36 -2.4 641.737216
-0.36 -2.34 611.742016
-0.36 -2.28 582.466816
-0.36 -2.22 553.911616
-0.36 -2.16 526.076416
-0.36 -2.1 498.961216
-0.36 -2.04 472.566016
-0.36 -1.98 446.890816
-0.36 -1.92 421.935616
-0.36 -1.86 397.700416
-0.36 -1.8 374.185216
-0.36 -1.74 351.390016
-0.36 -1.68 329.314816
-0.36 -1.62 307.959616
-0.36 -1.56 287.324416
-0.36 -1.5 267.409216
-0.36 -1.44 248.214016
-0.36 -1.38 229.738816
-0.36 -1.32 211.983616
-0.36 -1.26 194.948416
-0.36 -1.2 178.633216
-0.36 -1.14 163.038016
-0.36 -1.08 148.162816
-0.36 -1.02 134.007616
-0.36 -0.96 120.572416
-0.36 -0.9 107.857216
-0.36 -0.84 95.862016
-0.36 -0.78 84.586816
-0.36 -0.72 74.031616
-0.36 -0.66 64.196416
-0.36 -0.6 55.081216
-0.36 -0.54 46.686016
-0.36 -0.48 39.010816
-0.36 -0.42 32.055616
-0.36 -0.36 25.820416
-0.36 -0.3 20.305216
-0.36 -0.24 15.510016
-0.36 -0.18 11.434816
-0.36 -0.12 8.079616
-0.36 -0.0600000000000001 5.444416
-0.36 0 3.529216
-0.36 0.0600000000000001 2.334016
-0.36 0.12 1.858816
-0.36 0.18 2.103616
-0.36 0.24 3.06841600000001
-0.36 0.3 4.753216
-0.36 0.36 7.158016
-0.36 0.42 10.282816
-0.36 0.48 14.127616
-0.36 0.54 18.692416
-0.36 0.6 23.977216
-0.36 0.66 29.982016
-0.36 0.72 36.706816
-0.36 0.78 44.151616
-0.36 0.84 52.316416
-0.36 0.9 61.201216
-0.36 0.96 70.806016
-0.36 1.02 81.1308159999999
-0.36 1.08 92.175616
-0.36 1.14 103.940416
-0.36 1.2 116.425216
-0.36 1.26 129.630016
-0.36 1.32 143.554816
-0.36 1.38 158.199616
-0.36 1.44 173.564416
-0.36 1.5 189.649216
-0.36 1.56 206.454016
-0.36 1.62 223.978816
-0.36 1.68 242.223616
-0.36 1.74 261.188416
-0.36 1.8 280.873216
-0.36 1.86 301.278016
-0.36 1.92 322.402816
-0.36 1.98 344.247616
-0.36 2.04 366.812416
-0.36 2.1 390.097216
-0.36 2.16 414.102016
-0.36 2.22 438.826816
-0.36 2.28 464.271616
-0.36 2.34 490.436416
-0.36 2.4 517.321216
-0.36 2.46 544.926016
-0.36 2.52 573.250816
-0.36 2.58 602.295616
-0.36 2.64 632.060416
-0.36 2.7 662.545216
-0.36 2.76 693.750016
-0.36 2.82 725.674816
-0.36 2.88 758.319616
-0.36 2.94 791.684416
-0.36 3 825.769216

-0.3 -3 956.5
-0.3 -2.94 919.78
-0.3 -2.88 883.78
-0.3 -2.82 848.5
-0.3 -2.76 813.94
-0.3 -2.7 780.1
-0.3 -2.64 746.98
-0.3 -2.58 714.58
-0.3 -2.52 682.9
-0.3 -2.46 651.94
-0.3 -2.4 621.7
-0.3 -2.34 592.18
-0.3 -2.28 563.38
-0.3 -2.22 535.3
-0.3 -2.16 507.94
-0.3 -2.1 481.3
-0.3 -2.04 455.38
-0.3 -1.98 430.18
-0.3 -1.92 405.7
-0.3 -1.86 381.94
-0.3 -1.8 358.9
-0.3 -1.74 336.58
-0.3 -1.68 314.98
-0.3 -1.62 294.1
-0.3 -1.56 273.94
-0.3 -1.5 254.5
-0.3 -1.44 235.78
-0.3 -1.38 217.78
-0.3 -1.32 200.5
-0.3 -1.26 183.94
-0.3 -1.2 168.1
-0.3 -1.14 152.98
-0.3 -1.08 138.58
-0.3 -1.02 124.9
-0.3 -0.96 111.94
-0.3 -0.9 99.6999999999999
-0.3 -0.84 88.1799999999999
-0.3 -0.78 77.3799999999999
-0.3 -0.72 67.3
-0.3 -0.66 57.94
-0.3 -0.6 49.3
-0.3 -0.54 41.38
-0.3 -0.48 34.18
-0.3 -0.42 27.7
-0.3 -0.36 21.94
-0.3 -0.3 16.9
-0.3 -0.24 12.58
-0.3 -0.18 8.98
-0.3 -0.12 6.1
-0.3 -0.0600000000000001 3.94
-0.3 0 2.5
-0.3 0.0600000000000001 1.78
-0.3 0.12 1.78
-0.3 0.18 2.5
-0.3 0.24 3.94000000000001
-0.3 0.3 6.1
-0.3 0.36 8.98
-0.3 0.42 12.58
-0.3 0.48 16.9
-0.3 0.54 21.94
-0.3 0.6 27.7
-0.3 0.66 34.18
-0.3 0.72 41.38
-0.3 0.78 49.3
-0.3 0.84 57.94
-0.3 0.9 67.3
-0.3 0.96 77.38
-0.3 1.02 88.1799999999999
-0.3 1.08 99.7
-0.3 1.14 111.94
-0.3 1.2 124.9
-0.3 1.26 138.58
-0.3 1.32 152.98
-0.3 1.38 168.1
-0.3 1.44 183.94
-0.3 1.5 200.5
-0.3 1.56 217.78
-0.3 1.62 235.78
-0.3 1.68 254.5
-0.3 1.74 273.94
-0.3 1.8 294.1
-0.3 1.86 314.98
-0.3 1.92 336.58
-0.3 1.98 358.9
-0.3 2.04 381.94
-0.3 2.1 405.7
-0.3 2.16 430.18
-0.3 2.22 455.38
-0.3 2.28 481.3
-0.3 2.34 507.94
-0.3 2.4 535.3
-0.3 2.46 563.38
-0.3 2.52 592.18
-0.3 2.58 621.7
-0.3 2.64 651.94
-0.3 2.7 682.9
-0.3 2.76 714.58
-0.3 2.82 746.98
-0.3 2.88 780.1
-0.3 2.94 813.94
-0.3 3 848.5

-0.24 -3 936.429376
-0.24 -2.94 900.098176
-0.24 -2.88 864.486976
-0.24 -2.82 829.595776
-0.24 -2.76 795.424576
-0.24 -2.7 761.973376
-0.24 -2.64 729.242176
-0.24 -2.58 697.230976
-0.24 -2.52 665.939776
-0.24 -2.46 635.368576
-0.24 -2.4 605.517376
-0.24 -2.34 576.386176
-0.24 -2.28 547.974976
-0.24 -2.22 520.283776
-0.24 -2.16 493.312576
-0.24 -2.1 467.061376
-0.24 -2.04 441.530176
-0.24 -1.98 416.718976
-0.24 -1.92 392.627776
-0.24 -1.86 369.256576
-0.24 -1.8 346.605376
-0.24 -1.74 324.674176
-0.24 -1.68 303.462976
-0.24 -1.62 282.971776
-0.24 -1.56 263.200576
-0.24 -1.5 244.149376
-0.24 -1.44 225.818176
-0.24 -1.38 208.206976
-0.24 -1.32 191.315776
-0.24 -1.26 175.144576
-0.24 -1.2 159.693376
-0.24 -1.14 144.962176
-0.24 -1.08 130.950976
-0.24 -1.02 117.659776
-0.24 -0.96 105.088576
-0.24 -0.9 93.237376
-0.24 -0.84 82.106176
-0.24 -0.78 71.694976
-0.24 -0.72 62.003776
-0.24 -0.66 53.032576
-0.24 -0.6 44.781376
-0.24 -0.54 37.250176
-0.24 -0.48 30.438976
-0.24 -0.42 24.347776
-0.24 -0.36 18.976576
-0.24 -0.3 14.325376
-0.24 -0.24 10.394176
-0.24 -0.18 7.18297600000001
-0.24 -0.12 4.69177600000001
-0.24 -0.0600000000000001 2.920576
-0.24 0 1.869376
-0.24 0.0600000000000001 1.538176
-0.24 0.12 1.926976
-0.24 0.18 3.035776
-0.24 0.24 4.864576
-0.24 0.3 7.41337599999999
-0.24 0.36 10.682176
-0.24 0.42 14.670976
-0.24 0.48 19.379776
-0.24 0.54 24.808576
-0.24 0.6 30.957376
-0.24 0.66 37.826176
-0.24 0.72 45.414976
-0.24 0.78 53.723776
-0.24 0.84 62.752576
-0.24 0.9 72.501376
-0.24 0.96 82.970176
-0.24 1.02 94.1589759999999
-0.24 1.08 106.067776
-0.24 1.14 118.696576
-0.24 1.2 132.045376
-0.24 1.26 146.114176
-0.24 1.32 160.902976
-0.24 1.38 176.411776
-0.24 1.44 192.640576
-0.24 1.5 209.589376
-0.24 1.56 227.258176
-0.24 1.62 245.646976
-0.24 1.68 264.755776
-0.24 1.74 284.584576
-0.24 1.8 305.133376
-0.24 1.86 326.402176
-0.24 1.92 348.390976
-0.24 1.98 371.099776
-0.24 2.04 394.528576
-0.24 2.1 418.677376
-0.24 2.16 443.546176
-0.24 2.22 469.134976
-0.24 2.28 495.443776
-0.24 2.34 522.472576
-0.24 2.4 550.221376
-0.24 2.46 578.690176
-0.24 2.52 607.878976
-0.24 2.58 637.787776
-0.24 2.64 668.416576
-0.24 2.7 699.765376
-0.24 2.76 731.834176
-0.24 2.82 764.622976
-0.24 2.88 798.131776
-0.24 2.94 832.360576
-0.24 3 867.309376

-0.18 -3 920.937376
-0.18 -2.94 884.908576
-0.18 -2.88 849.599776
-0.18 -2.82 815.010976
-0.18 -2.76 781.142176
-0.18 -2.7 747.993376
-0.18 -2.64 715.564576
-0.18 -2.58 683.855776
-0.18 -2.52 652.866976
-0.18 -2.46 622.598176
-0.18 -2.4 593.049376
-0.18 -2.34 564.220576
-0.18 -2.28 536.111776
-0.18 -2.22 508.722976
-0.18 -2.16 482.054176
-0.18 -2.1 456.105376
-0.18 -2.04 430.876576
-0.18 -1.98 406.367776
-0.18 -1.92 382.578976
-0.18 -1.86 359.510176
-0.18 -1.8 337.161376
-0.18 -1.74 315.532576
-0.18 -1.68 294.623776
-0.18 -1.62 274.434976
-0.18 -1.56 254.966176
-0.18 -1.5 236.217376
-0.18 -1.44 218.188576
-0.18 -1.38 200.879776
-0.18 -1.32 184.290976
-0.18 -1.26 168.422176
-0.18 -1.2 153.273376
-0.18 -1.14 138.844576
-0.18 -1.08 125.135776
-0.18 -1.02 112.146976
-0.18 -0.96 99.878176
-0.18 -0.9 88.329376
-0.18 -0.84 77.500576
-0.18 -0.78 67.391776
-0.18 -0.72 58.002976
-0.18 -0.66 49.334176
-0.18 -0.6 41.385376
-0.18 -0.54 34.156576
-0.18 -0.48 27.647776
-0.18 -0.42 21.858976
-0.18 -0.36 16.790176
-0.18 -0.3 12.441376
-0.18 -0.24 8.81257600000001
-0.18 -0.18 5.90377600000001
-0.18 -0.12 3.71497600000001
-0.18 -0.0600000000000001 2.246176
-0.18 0 1.497376
-0.18 0.0600000000000001 1.468576
-0.18 0.12 2.159776
-0.18 0.18 3.570976
-0.18 0.24 5.70217600000001
-0.18 0.3 8.55337599999999
-0.18 0.36 12.124576
-0.18 0.42 16.415776
-0.18 0.48 21.426976
-0.18 0.54 27.158176
-0.18 0.6 33.609376
-0.18 0.66 40.780576
-0.18 0.72 48.671776
-0.18 0.78 57.282976
-0.18 0.84 66.614176
-0.18 0.9 76.665376
-0.18 0.96 87.436576
-0.18 1.02 98.9277759999999
-0.18 1.08 111.138976
-0.18 1.14 124.070176
-0.18 1.2 137.721376
-0.18 1.26 152.092576
-0.18 1.32 167.183776
-0.18 1.38 182.994976
-0.18 1.44 199.526176
-0.18 1.5 216.777376
-0.18 1.56 234.748576
-0.18 1.62 253.439776
-0.18 1.68 272.850976
-0.18 1.74 292.982176
-0.18 1.8 313.833376
-0.18 1.86 335.404576
-0.18 1.92 357.695776
-0.18 1.98 380.706976
-0.18 2.04 404.438176
-0.18 2.1 428.889376
-0.18 2.16 454.060576
-0.18 2.22 479.951776
-0.18 2.28 506.562976
-0.18 2.34 533.894176
-0.18 2.4 561.945376
-0.18 2.46 590.716576
-0.18 2.52 620.207776
-0.18 2.58 650.418976
-0.18 2.64 681.350176
-0.18 2.7 713.001376
-0.18 2.76 745.372576
-0.18 2.82 778.463776
-0.18 2.88 812.274976
-0.18 2.94 846.806176
-0.18 3 882.057376

-0.12 -3 909.915136
-0.12 -2.94 874.102336
-0.12 -2.88 839.009536
-0.12 -2.82 804.636736
-0.12 -2.76 770.983936
-0.12 -2.7 738.051136
-0.12 -2.64 705.838336
-0.12 -2.58 674.345536
-0.12 -2.52 643.572736
-0.12 -2.46 613.519936
-0.12 -2.4 584.187136
-0.12 -2.34 555.574336
-0.12 -2.28 527.681536
-0.12 -2.22 500.508736
-0.12 -2.16 474.055936
-0.12 -2.1 448.323136
-0.12 -2.04 423.310336
-0.12 -1.98 399.017536
-0.12 -1.92 375.444736
-0.12 -1.86 352.591936
-0.12 -1.8 330.459136
-0.12 -1.74 309.046336
-0.12 -1.68 288.353536
-0.12 -1.62 268.380736
-0.12 -1.56 249.127936
-0.12 -1.5 230.595136
-0.12 -1.44 212.782336
-0.12 -1.38 195.689536
-0.12 -1.32 179.316736
-0.12 -1.26 163.663936
-0.12 -1.2 148.731136
-0.12 -1.14 134.518336
-0.12 -1.08 121.025536
-0.12 -1.02 108.252736
-0.12 -0.96 96.199936
-0.12 -0.9 84.867136
-0.12 -0.84 74.254336
-0.12 -0.78 64.361536
-0.12 -0.72 55.188736
-0.12 -0.66 46.735936
-0.12 -0.6 39.003136
-0.12 -0.54 31.990336
-0.12 -0.48 25.697536
-0.12 -0.42 20.124736
-0.12 -0.36 15.271936
-0.12 -0.3 11.139136
-0.12 -0.24 7.72633600000001
-0.12 -0.18 5.03353600000001
-0.12 -0.12 3.060736
-0.12 -0.0600000000000001 1.807936
-0.12 0 1.275136
-0.12 0.0600000000000001 1.462336
-0.12 0.12 2.369536
-0.12 0.18 3.996736
-0.12 0.24 6.34393600000001
-0.12 0.3 9.41113599999999
-0.12 0.36 13.198336
-0.12 0.42 17.705536
-0.12 0.48 22.932736
-0.12 0.54 28.879936
-0.12 0.6 35.547136
-0.12 0.66 42.934336
-0.12 0.72 51.041536
-0.12 0.78 59.868736
-0.12 0.84 69.415936
-0.12 0.9 79.683136
-0.12 0.96 90.670336
-0.12 1.02 102.377536
-0.12 1.08 114.804736
-0.12 1.14 127.951936
-0.12 1.2 141.819136
-0.12 1.26 156.406336
-0.12 1.32 171.713536
-0.12 1.38 187.740736
-0.12 1.44 204.487936
-0.12 1.5 221.955136
-0.12 1.56 240.142336
-0.12 1.62 259.049536
-0.12 1.68 278.676736
-0.12 1.74 299.023936
-0.12 1.8 320.091136
-0.12 1.86 341.878336
-0.12 1.92 364.385536
-0.12 1.98 387.612736
-0.12 2.04 411.559936
-0.12 2.1 436.227136
-0.12 2.16 461.614336
-0.12 2.22 487.721536
-0.12 2.28 514.548736
-0.12 2.34 542.095936
-0.12 2.4 570.363136
-0.12 2.46 599.350336
-0.12 2.52 629.057536
-0.12 2.58 659.484736
-0.12 2.64 690.631936
-0.12 2.7 722.499136
-0.12 2.76 755.086336
-0.12 2.82 788.393536
-0.12 2.88 822.420736
-0.12 2.94 857.167936
-0.12 3 892.635136

-0.0600000000000001 -3 903.284896
-0.0600000000000001 -2.94 867.601696
-0.0600000000000001 -2.88 832.638496
-0.0600000000000001 -2.82 798.395296
-0.0600000000000001 -2.76 764.872096
-0.0600000000000001 -2.7 732.068896
-0.0600000000000001 -2.64 699.985696
-0.0600000000000001 -2.58 668.622496
-0.0600000000000001 -2.52 637.979296
-0.0600000000000001 -2.46 608.056096
-0.0600000000000001 -2.4 578.852896
-0.0600000000000001 -2.34 550.369696
-0.0600000000000001 -2.28 522.606496
-0.0600000000000001 -2.22 495.563296
-0.0600000000000001 -2.16 469.240096
-0.0600000000000001 -2.1 443.636896
-0.0600000000000001 -2.04 418.753696
-0.0600000000000001 -1.98 394.590496
-0.0600000000000001 -1.92 371.147296
-0.0600000000000001 -1.86 348.424096
-0.0600000000000001 -1.8 326.420896
-0.0600000000000001 -1.74 305.137696
-0.0600000000000001 -1.68 284.574496
-0.0600000000000001 -1.62 264.731296
-0.0600000000000001 -1.56 245.608096
-0.0600000000000001 -1.5 227.204896
-0.0600000000000001 -1.44 209.521696
-0.0600000000000001 -1.38 192.558496
-0.0600000000000001 -1.32 176.315296
-0.0600000000000001 -1.26 160.792096
-0.0600000000000001 -1.2 145.988896
-0.0600000000000001 -1.14 131.905696
-0.0600000000000001 -1.08 118.542496
-0.0600000000000001 -1.02 105.899296
-0.0600000000000001 -0.96 93.976096
-0.0600000000000001 -0.9 82.772896
-0.0600000000000001 -0.84 72.289696
-0.0600000000000001 -0.78 62.526496
-0.0600000000000001 -0.72 53.483296
-0.0600000000000001 -0.66 45.160096
-0.0600000000000001 -0.6 37.556896
-0.0600000000000001 -0.54 30.673696
-0.0600000000000001 -0.48 24.510496
-0.0600000000000001 -0.42 19.067296
-0.0600000000000001 -0.36 14.344096
-0.0600000000000001 -0.3 10.340896
-0.0600000000000001 -0.24 7.05769600000001
-0.0600000000000001 -0.18 4.49449600000001
-0.0600000000000001 -0.12 2.651296
-0.0600000000000001 -0.0600000000000001 1.528096
-0.0600000000000001 0 1.124896
-0.0600000000000001 0.0600000000000001 1.441696
-0.0600000000000001 0.12 2.478496
-0.0600000000000001 0.18 4.23529600000001
-0.0600000000000001 0.24 6.71209600000001
-0.0600000000000001 0.3 9.90889599999999
-0.0600000000000001 0.36 13.825696
-0.0600000000000001 0.42 18.462496
-0.0600000000000001 0.48 23.819296
-0.0600000000000001 0.54 29.896096
-0.0600000000000001 0.6 36.692896
-0.0600000000000001 0.66 44.209696
-0.0600000000000001 0.72 52.446496
-0.0600000000000001 0.78 61.403296
-0.0600000000000001 0.84 71.080096
-0.0600000000000001 0.9 81.476896
-0.0600000000000001 0.96 92.593696
-0.0600000000000001 1.02 104.430496
-0.0600000000000001 1.08 116.987296
-0.0600000000000001 1.14 130.264096
-0.0600000000000001 1.2 144.260896
-0.0600000000000001 1.26 158.977696
-0.0600000000000001 1.32 174.414496
-0.0600000000000001 1.38 190.571296
-0.0600000000000001 1.44 207.448096
-0.0600000000000001 1.5 225.044896
-0.0600000000000001 1.56 243.361696
-0.0600000000000001 1.62 262.398496
-0.0600000000000001 1.68 282.155296
-0.0600000000000001 1.74 302.632096
-0.0600000000000001 1.8 323.828896
-0.0600000000000001 1.86 345.745696
-0.0600000000000001 1.92 368.382496
-0.0600000000000001 1.98 391.739296
-0.0600000000000001 2.04 415.816096
-0.0600000000000001 2.1 440.612896
-0.0600000000000001 2.16 466.129696
-0.0600000000000001 2.22 492.366496
-0.0600000000000001 2.28 519.323296
-0.0600000000000001 2.34 547.000096
-0.0600000000000001 2.4 575.396896
-0.0600000000000001 2.46 604.513696
-0.0600000000000001 2.52 634.350496
-0.0600000000000001 2.58 664.907296
-0.0600000000000001 2.64 696.184096
-0.0600000000000001 2.7 728.180896
-0.0600000000000001 2.76 760.897696
-0.0600000000000001 2.82 794.334496
-0.0600000000000001 2.88 828.491296
-0.0600000000000001 2.94 863.368096
-0.0600000000000001 3 898.964896

0 -3 901
0 -2.94 865.36
0 -2.88 830.44
0 -2.82 796.24
0 -2.76 762.76
0 -2.7 730
0 -2.64 697.96
0 -2.58 666.64
0 -2.52 636.04
0 -2.46 606.16
0 -2.4 577
0 -2.34 548.56
0 -2.28 520.84
0 -2.22 493.84
0 -2.16 467.56
0 -2.1 442
0 -2.04 417.16
0 -1.98 393.04
0 -1.92 369.64
0 -1.86 346.96
0 -1.8 325
0 -1.74 303.76
0 -1.68 283.24
0 -1.62 263.44
0 -1.56 244.36
0 -1.5 226
0 -1.44 208.36
0 -1.38 191.44
0 -1.32 175.24
0 -1.26 159.76
0 -1.2 145
0 -1.14 130.96
0 -1.08 117.64
0 -1.02 105.04
0 -0.96 93.16
0 -0.9 82
0 -0.84 71.56
0 -0.78 61.84
0 -0.72 52.84
0 -0.66 44.56
0 -0.6 37
0 -0.54 30.16
0 -0.48 24.04
0 -0.42 18.64
0 -0.36 13.96
0 -0.3 9.99999999999999
0 -0.24 6.76000000000001
0 -0.18 4.24000000000001
0 -0.12 2.44
0 -0.0600000000000001 1.36
0 0 1
0 0.0600000000000001 1.36
0 0.12 2.44
0 0.18 4.24000000000001
0 0.24 6.76000000000001
0 0.3 9.99999999999999
0 0.36 13.96
0 0.42 18.64
0 0.48 24.04
0 0.54 30.16
0 0.6 37
0 0.66 44.56
0 0.72 52.84
0 0.78 61.84
0 0.84 71.56
0 0.9 82
0 0.96 93.16
0 1.02 105.04
0 1.08 117.64
0 1.14 130.96
0 1.2 145
0 1.26 159.76
0 1.32 175.24
0 1.38 191.44
0 1.44 208.36
0 1.5 226
0 1.56 244.36
0 1.62 263.44
0 1.68 283.24
0 1.74 303.76
0 1.8 325
0 1.86 346.96
0 1.92 369.64
0 1.98 393.04
0 2.04 417.16
0 2.1 442
0 2.16 467.56
0 2.22 493.84
0 2.28 520.84
0 2.34 548.56
0 2.4 577
0 2.46 606.16
0 2.52 636.04
0 2.58 666.64
0 2.64 697.96
0 2.7 730
0 2.76 762.76
0 2.82 796.24
0 2.88 830.44
0 2.94 865.36
0 3 901

0.0600000000000001 -3 903.044896
0.0600000000000001 -2.94 867.361696
0.0600000000000001 -2.88 832.398496
0.0600000000000001 -2.82 798.155296
0.0600000000000001 -2.76 764.632096
0.0600000000000001 -2.7 731.828896
0.0600000000000001 -2.64 699.745696
0.0600000000000001 -2.58 668.382496
0.0600000000000001 -2.52 637.739296
0.0600000000000001 -2.46 607.816096
0.0600000000000001 -2.4 578.612896
0.0600000000000001 -2.34 550.129696
0.0600000000000001 -2.28 522.366496
0.0600000000000001 -2.22 495.323296
0.0600000000000001 -2.16 469.000096
0.0600000000000001 -2.1 443.396896
0.0600000000000001 -2.04 418.513696
0.0600000000000001 -1.98 394.350496
0.0600000000000001 -1.92 370.907296
0.0600000000000001 -1.86 348.184096
0.0600000000000001 -1.8 326.180896
0.0600000000000001 -1.74 304.897696
0.0600000000000001 -1.68 284.334496
0.0600000000000001 -1.62 264.491296
0.0600000000000001 -1.56 245.368096
0.0600000000000001 -1.5 226.964896
0.0600000000000001 -1.44 209.281696
0.0600000000000001 -1.38 192.318496
0.0600000000000001 -1.32 176.075296
0.0600000000000001 -1.26 160.552096
0.0600000000000001 -1.2 145.748896
0.0600000000000001 -1.14 131.665696
0.0600000000000001 -1.08 118.302496
0.0600000000000001 -1.02 105.659296
0.0600000000000001 -0.96 93.736096
0.0600000000000001 -0.9 82.532896
0.0600000000000001 -0.84 72.049696
0.0600000000000001 -0.78 62.286496
0.0600000000000001 -0.72 53.243296
0.0600000000000001 -0.66 44.920096
0.0600000000000001 -0.6 37.316896
0.0600000000000001 -0.54 30.433696
0.0600000000000001 -0.48 24.270496
0.0600000000000001 -0.42 18.827296
0.0600000000000001 -0.36 14.104096
0.0600000000000001 -0.3 10.100896
0.0600000000000001 -0.24 6.81769600000001
0.0600000000000001 -0.18 4.25449600000001
0.0600000000000001 -0.12 2.411296
0.0600000000000001 -0.0600000000000001 1.288096
0.0600000000000001 0 0.884896
0.0600000000000001 0.0600000000000001 1.201696
0.0600000000000001 0.12 2.238496
0.0600000000000001 0.18 3.99529600000001
0.0600000000000001 0.24 6.47209600000001
0.0600000000000001 0.3 9.66889599999999
0.0600000000000001 0.36 13.585696
0.0600000000000001 0.42 18.222496
0.0600000000000001 0.48 23.579296
0.0600000000000001 0.54 29.656096
0.0600000000000001 0.6 36.452896
0.0600000000000001 0.66 43.969696
0.0600000000000001 0.72 52.206496
0.0600000000000001 0.78 61.163296
0.0600000000000001 0.84 70.840096
0.0600000000000001 0.9 81.236896
0.0600000000000001 0.96 92.353696
0.0600000000000001 1.02 104.190496
0.0600000000000001 1.08 116.747296
0.0600000000000001 1.14 130.024096
0.0600000000000001 1.2 144.020896
0.0600000000000001 1.26 158.737696
0.0600000000000001 1.32 174.174496
0.0600000000000001 1.38 190.331296
0.0600000000000001 1.44 207.208096
0.0600000000000001 1.5 224.804896
0.0600000000000001 1.56 243.121696
0.0600000000000001 1.62 262.158496
0.0600000000000001 1.68 281.915296
0.0600000000000001 1.74 302.392096
0.0600000000000001 1.8 323.588896
0.0600000000000001 1.86 345.505696
0.0600000000000001 1.92 368.142496
0.0600000000000001 1.98 391.499296
0.0600000000000001 2.04 415.576096
0.0600000000000001 2.1 440.372896
0.0600000000000001 2.16 465.889696
0.0600000000000001 2.22 492.126496
0.0600000000000001 2.28 519.083296
0.0600000000000001 2.34 546.760096
0.0600000000000001 2.4 575.156896
0.0600000000000001 2.46 604.273696
0.0600000000000001 2.52 634.110496
0.0600000000000001 2.58 664.667296
0.0600000000000001 2.64 695.944096
0.0600000000000001 2.7 727.940896
0.0600000000000001 2.76 760.657696
0.0600000000000001 2.82 794.094496
0.0600000000000001 2.88 828.251296
0.0600000000000001 2.94 863.128096
0.0600000000000001 3 898.724896

0.12 -3 909.435136
0.12 -2.94 873.622336
0.12 -2.88 838.529536
0.12 -2.82 804.156736
0.12 -2.76 770.503936
0.12 -2.7 737.571136
0.12 -2.64 705.358336
0.12 -2.58 673.865536
0.12 -2.52 643.092736
0.12 -2.46 613.039936
0.12 -2.4 583.707136
0.12 -2.34 555.094336
0.12 -2.28 527.201536
0.12 -2.22 500.028736
0.12 -2.16 473.575936
0.12 -2.1 447.843136
0.12 -2.04 422.830336
0.12 -1.98 398.537536
0.12 -1.92 374.964736
0.12 -1.86 352.111936
0.12 -1.8 329.979136
0.12 -1.74 308.566336
0.12 -1.68 287.873536
0.12 -1.62 267.900736
0.12 -1.56 248.647936
0.12 -1.5 230.115136
0.12 -1.44 212.302336
0.12 -1.38 195.209536
0.12 -1.32 178.836736
0.12 -1.26 163.183936
0.12 -1.2 148.251136
0.12 -1.14 134.038336
0.12 -1.08 120.545536
0.12 -1.02 107.772736
0.12 -0.96 95.719936
0.12 -0.9 84.387136
0.12 -0.84 73.774336
0.12 -0.78 63.881536
0.12 -0.72 54.708736
0.12 -0.66 46.255936
0.12 -0.6 38.523136
0.12 -0.54 31.510336
0.12 -0.48 25.217536
0.12 -0.42 19.644736
0.12 -0.36 14.791936
0.12 -0.3 10.659136
0.12 -0.24 7.24633600000001
0.12 -0.18 4.55353600000001
0.12 -0.12 2.580736
0.12 -0.0600000000000001 1.327936
0.12 0 0.795136
0.12 0.0600000000000001 0.982336
0.12 0.12 1.889536
0.12 0.18 3.516736
0.12 0.24 5.86393600000001
0.12 0.3 8.93113599999999
0.12 0.36 12.718336
0.12 0.42 17.225536
0.12 0.48 22.452736
0.12 0.54 28.399936
0.12 0.6 35.067136
0.12 0.66 42.454336
0.12 0.72 50.561536
0.12 0.78 59.388736
0.12 0.84 68.935936
0.12 0.9 79.203136
0.12 0.96 90.190336
0.12 1.02 101.897536
0.12 1.08 114.324736
0.12 1.14 127.471936
0.12 1.2 141.339136
0.12 1.26 155.926336
0.12 1.32 171.233536
0.12 1.38 187.260736
0.12 1.44 204.007936
0.12 1.5 221.475136
0.12 1.56 239.662336
0.12 1.62 258.569536
0.12 1.68 278.196736
0.12 1.74 298.543936
0.12 1.8 319.611136
0.12 1.86 341.398336
0.12 1.92 363.905536
0.12 1.98 387.132736
0.12 2.04 411.079936
0.12 2.1 435.747136
0.12 2.16 461.134336
0.12 2.22 487.241536
0.12 2.28 514.068736
0.12 2.34 541.615936
0.12 2.4 569.883136
0.12 2.46 598.870336
0.12 2.52 628.577536
0.12 2.58 659.004736
0.12 2.64 690.151936
0.12 2.7 722.019136
0.12 2.76 754.606336
0.12 2.82 787.913536
0.12 2.88 821.940736
0.12 2.94 856.687936
0.12 3 892.155136

0.18 -3 920.217376
0.18 -2.94 884.188576
0.18 -2.88 848.879776
0.18 -2.82 814.290976
0.18 -2.76 780.422176
0.18 -2.7 747.273376
0.18 -2.64 714.844576
0.18 -2.58 683.135776
0.18 -2.52 652.146976
0.18 -2.46 621.878176
0.18 -2.4 592.329376
0.18 -2.34 563.500576
0.18 -2.28 535.391776
0.18 -2.22 508.002976
0.18 -2.16 481.334176
0.18 -2.1 455.385376
0.18 -2.04 430.156576
0.18 -1.98 405.647776
0.18 -1.92 381.858976
0.18 -1.86 358.790176
0.18 -1.8 336.441376
0.18 -1.74 314.812576
0.18 -1.68 293.903776
0.18 -1.62 273.714976
0.18 -1.56 254.246176
0.18 -1.5 235.497376
0.18 -1.44 217.468576
0.18 -1.38 200.159776
0.18 -1.32 183.570976
0.18 -1.26 167.702176
0.18 -1.2 152.553376
0.18 -1.14 138.124576
0.18 -1.08 124.415776
0.18 -1.02 111.426976
0.18 -0.96 99.158176
0.18 -0.9 87.609376
0.18 -0.84 76.780576
0.18 -0.78 66.671776
0.18 -0.72 57.282976
0.18 -0.66 48.614176
0.18 -0.6 40.665376
0.18 -0.54 33.436576
0.18 -0.48 26.927776
0.18 -0.42 21.138976
0.18 -0.36 16.070176
0.18 -0.3 11.721376
0.18 -0.24 8.09257600000002
0.18 -0.18 5.18377600000001
0.18 -0.12 2.99497600000001
0.18 -0.0600000000000001 1.526176
0.18 0 0.777376
0.18 0.0600000000000001 0.748576
0.18 0.12 1.439776
0.18 0.18 2.850976
0.18 0.24 4.98217600000001
0.18 0.3 7.83337599999999
0.18 0.36 11.404576
0.18 0.42 15.695776
0.18 0.48 20.706976
0.18 0.54 26.438176
0.18 0.6 32.889376
0.18 0.66 40.060576
0.18 0.72 47.951776
0.18 0.78 56.562976
0.18 0.84 65.894176
0.18 0.9 75.945376
0.18 0.96 86.716576
0.18 1.02 98.2077759999999
0.18 1.08 110.418976
0.18 1.14 123.350176
0.18 1.2 137.001376
0.18 1.26 151.372576
0.18 1.32 166.463776
0.18 1.38 182.274976
0.18 1.44 198.806176
0.18 1.5 216.057376
0.18 1.56 234.028576
0.18 1.62 252.719776
0.18 1.68 272.130976
0.18 1.74 292.262176
0.18 1.8 313.113376
0.18 1.86 334.684576
0.18 1.92 356.975776
0.18 1.98 379.986976
0.18 2.04 403.718176
0.18 2.1 428.169376
0.18 2.16 453.340576
0.18 2.22 479.231776
0.18 2.28 505.842976
0.18 2.34 533.174176
0.18 2.4 561.225376
0.18 2.46 589.996576
0.18 2.52 619.487776
0.18 2.58 649.698976
0.18 2.64 680.630176
0.18 2.7 712.281376
0.18 2.76 744.652576
0.18 2.82 777.743776
0.18 2.88 811.554976
0.18 2.94 846.086176
0.18 3 881.337376

0.24 -3 935.469376
0.24 -2.94 899.138176
0.24 -2.88 863.526976
0.24 -2.82 828.635776
0.24 -2.76 794.464576
0.24 -2.7 761.013376
0.24 -2.64 728.282176
0.24 -2.58 696.270976
0.24 -2.52 664.979776
0.24 -2.46 634.408576
0.24 -2.4 604.557376
0.24 -2.34 575.426176
0.24 -2.28 547.014976
0.24 -2.22 519.323776
0.24 -2.16 492.352576
0.24 -2.1 466.101376
0.24 -2.04 440.570176
0.24 -1.98 415.758976
0.24 -1.92 391.667776
0.24 -1.86 368.296576
0.24 -1.8 345.645376
0.24 -1.74 323.714176
0.24 -1.68 302.502976
0.24 -1.62 282.011776
0.24 -1.56 262.240576
0.24 -1.5 243.189376
0.24 -1.44 224.858176
0.24 -1.38 207.246976
0.24 -1.32 190.355776
0.24 -1.26 174.184576
0.24 -1.2 158.733376
0.24 -1.14 144.002176
0.24 -1.08 129.990976
0.24 -1.02 116.699776
0.24 -0.96 104.128576
0.24 -0.9 92.277376
0.24 -0.84 81.146176
0.24 -0.78 70.734976
0.24 -0.72 61.043776
0.24 -0.66 52.072576
0.24 -0.6 43.821376
0.24 -0.54 36.290176
0.24 -0.48 29.478976
0.24 -0.42 23.387776
0.24 -0.36 18.016576
0.24 -0.3 13.365376
0.24 -0.24 9.43417600000002
0.24 -0.18 6.22297600000001
0.24 -0.12 3.73177600000001
0.24 -0.0600000000000001 1.960576
0.24 0 0.909376000000001
0.24 0.0600000000000001 0.578176
0.24 0.12 0.966976
0.24 0.18 2.075776
0.24 0.24 3.904576
0.24 0.3 6.45337599999999
0.24 0.36 9.72217599999999
0.24 0.42 13.710976
0.24 0.48 18.419776
0.24 0.54 23.848576
0.24 0.6 29.997376
0.24 0.66 36.866176
0.24 0.72 44.454976
0.24 0.78 52.763776
0.24 0.84 61.792576
0.24 0.9 71.541376
0.24 0.96 82.010176
0.24 1.02 93.1989759999999
0.24 1.08 105.107776
0.24 1.14 117.736576
0.24 1.2 131.085376
0.24 1.26 145.154176
0.24 1.32 159.942976
0.24 1.38 175.451776
0.24 1.44 191.680576
0.24 1.5 208.629376
0.24 1.56 226.298176
0.24 1.62 244.686976
0.24 1.68 263.795776
0.24 1.74 283.624576
0.24 1.8 304.173376
0.24 1.86 325.442176
0.24 1.92 347.430976
0.24 1.98 370.139776
0.24 2.04 393.568576
0.24 2.1 417.717376
0.24 2.16 442.586176
0.24 2.22 468.174976
0.24 2.28 494.483776
0.24 2.34 521.512576
0.24 2.4 549.261376
0.24 2.46 577.730176
0.24 2.52 606.918976
0.24 2.58 636.827776
0.24 2.64 667.456576
0.24 2.7 698.805376
0.24 2.76 730.874176
0.24 2.82 763.662976
0.24 2.88 797.171776
0.24 2.94 831.400576
0.24 3 866.349376

0.3 -3 955.3
0.3 -2.94 918.58
0.3 -2.88 882.58
0.3 -2.82 847.3
0.3 -2.76 812.74
0.3 -2.7 778.9
0.3 -2.64 745.78
0.3 -2.58 713.38
0.3 -2.52 681.7
0.3 -2.46 650.74
0.3 -2.4 620.5
0.3 -2.34 590.98
0.3 -2.28 562.18
0.3 -2.22 534.1
0.3 -2.16 506.74
0.3 -2.1 480.1
0.3 -2.04 454.18
0.3 -1.98 428.98
0.3 -1.92 404.5
0.3 -1.86 380.74
0.3 -1.8 357.7
0.3 -1.74 335.38
0.3 -1.68 313.78
0.3 -1.62 292.9
0.3 -1.56 272.74
0.3 -1.5 253.3
0.3 -1.44 234.58
0.3 -1.38 216.58
0.3 -1.32 199.3
0.3 -1.26 182.74
0.3 -1.2 166.9
0.3 -1.14 151.78
0.3 -1.08 137.38
0.3 -1.02 123.7
0.3 -0.96 110.74
0.3 -0.9 98.4999999999999
0.3 -0.84 86.9799999999999
0.3 -0.78 76.1799999999999
0.3 -0.72 66.1
0.3 -0.66 56.74
0.3 -0.6 48.1
0.3 -0.54 40.18
0.3 -0.48 32.98
0.3 -0.42 26.5
0.3 -0.36 20.74
0.3 -0.3 15.7
0.3 -0.24 11.38
0.3 -0.18 7.78
0.3 -0.12 4.9
0.3 -0.0600000000000001 2.74
0.3 0 1.3
0.3 0.0600000000000001 0.579999999999999
0.3 0.12 0.580000000000002
0.3 0.18 1.3
0.3 0.24 2.74000000000001
0.3 0.3 4.9
0.3 0.36 7.78
0.3 0.42 11.38
0.3 0.48 15.7
0.3 0.54 20.74
0.3 0.6 26.5
0.3 0.66 32.98
0.3 0.72 40.18
0.3 0.78 48.1
0.3 0.84 56.74
0.3 0.9 66.1
0.3 0.96 76.18
0.3 1.02 86.9799999999999
0.3 1.08 98.5
0.3 1.14 110.74
0.3 1.2 123.7
0.3 1.26 137.38
0.3 1.32 151.78
0.3 1.38 166.9
0.3 1.44 182.74
0.3 1.5 199.3
0.3 1.56 216.58
0.3 1.62 234.58
0.3 1.68 253.3
0.3 1.74 272.74
0.3 1.8 292.9
0.3 1.86 313.78
0.3 1.92 335.38
0.3 1.98 357.7
0.3 2.04 380.74
0.3 2.1 404.5
0.3 2.16 428.98
0.3 2.22 454.18
0.3 2.28 480.1
0.3 2.34 506.74
0.3 2.4 534.1
0.3 2.46 562.18
0.3 2.52 590.98
0.3 2.58 620.5
0.3 2.64 650.74
0.3 2.7 681.7
0.3 2.76 713.38
0.3 2.82 745.78
0.3 2.88 778.9
0.3 2.94 812.74
0.3 3 847.3

0.36 -3 979.849216
0.36 -2.94 942.654016
0.36 -2.88 906.178816
0.36 -2.82 870.423616
0.36 -2.76 835.388416
0.36 -2.7 801.073216
0.36 -2.64 767.478016
0.36 -2.58 734.602816
0.36 -2.52 702.447616
0.36 -2.46 671.012416
0.36 -2.4 640.297216
0.36 -2.34 610.302016
0.36 -2.28 581.026816
0.36 -2.22 552.471616
0.36 -2.16 524.636416
0.36 -2.1 497.521216
0.36 -2.04 471.126016
0.36 -1.98 445.450816
0.36 -1.92 420.495616
0.36 -1.86 396.260416
0.36 -1.8 372.745216
0.36 -1.74 349.950016
0.36 -1.68 327.874816
0.36 -1.62 306.519616
0.36 -1.56 285.884416
0.36 -1.5 265.969216
0.36 -1.44 246.774016
0.36 -1.38 228.298816
0.36 -1.32 210.543616
0.36 -1.26 193.508416
0.36 -1.2 177.193216
0.36 -1.14 161.598016
0.36 -1.08 146.722816
0.36 -1.02 132.567616
0.36 -0.96 119.132416
0.36 -0.9 106.417216
0.36 -0.84 94.422016
0.36 -0.78 83.146816
0.36 -0.72 72.591616
0.36 -0.66 62.756416
0.36 -0.6 53.641216
0.36 -0.54 45.246016
0.36 -0.48 37.570816
0.36 -0.42 30.615616
0.36 -0.36 24.380416
0.36 -0.3 18.865216
0.36 -0.24 14.070016
0.36 -0.18 9.99481600000001
0.36 -0.12 6.639616
0.36 -0.0600000000000001 4.004416
0.36 0 2.089216
0.36 0.0600000000000001 0.894015999999998
0.36 0.12 0.418816
0.36 0.18 0.663616000000003
0.36 0.24 1.62841600000001
0.36 0.3 3.313216
0.36 0.36 5.718016
0.36 0.42 8.842816
0.36 0.48 12.687616
0.36 0.54 17.252416
0.36 0.6 22.537216
0.36 0.66 28.542016
0.36 0.72 35.266816
0.36 0.78 42.711616
0.36 0.84 50.876416
0.36 0.9 59.761216
0.36 0.96 69.366016
0.36 1.02 79.6908159999999
0.36 1.08 90.735616
0.36 1.14 102.500416
0.36 1.2 114.985216
0.36 1.26 128.190016
0.36 1.32 142.114816
0.36 1.38 156.759616
0.36 1.44 172.124416
0.36 1.5 188.209216
0.36 1.56 205.014016
0.36 1.62 222.538816
0.36 1.68 240.783616
0.36 1.74 259.748416
0.36 1.8 279.433216
0.36 1.86 299.838016
0.36 1.92 320.962816
0.36 1.98 342.807616
0.36 2.04 365.372416
0.36 2.1 388.657216
0.36 2.16 412.662016
0.36 2.22 437.386816
0.36 2.28 462.831616
0.36 2.34 488.996416
0.36 2.4 515.881216
0.36 2.46 543.486016
0.36 2.52 571.810816
0.36 2.58 600.855616
0.36 2.64 630.620416
0.36 2.7 661.105216
0.36 2.76 692.310016
0.36 2.82 724.234816
0.36 2.88 756.879616
0.36 2.94 790.244416
0.36 3 824.329216

0.42 -3 1009.288096
0.42 -2.94 971.531296
0.42 -2.88 934.494496
0.42 -2.82 898.177696
0.42 -2.76 862.580896
0.42 -2.7 827.704096
0.42 -2.64 793.547296
0.42 -2.58 760.110496
0.42 -2.52 727.393696
0.42 -2.46 695.396896
0.42 -2.4 664.120096
0.42 -2.34 633.563296
0.42 -2.28 603.726496
0.42 -2.22 574.609696
0.42 -2.16 546.212896
0.42 -2.1 518.536096
0.42 -2.04 491.579296
0.42 -1.98 465.342496
0.42 -1.92 439.825696
0.42 -1.86 415.028896
0.42 -1.8 390.952096
0.42 -1.74 367.595296
0.42 -1.68 344.958496
0.42 -1.62 323.041696
0.42 -1.56 301.844896
0.42 -1.5 281.368096
0.42 -1.44 261.611296
0.42 -1.38 242.574496
0.42 -1.32 224.257696
0.42 -1.26 206.660896
0.42 -1.2 189.784096
0.42 -1.14 173.627296
0.42 -1.08 158.190496
0.42 -1.02 143.473696
0.42 -0.96 129.476896
0.42 -0.9 116.200096
0.42 -0.84 103.643296
0.42 -0.78 91.8064959999999
0.42 -0.72 80.689696
0.42 -0.66 70.292896
0.42 -0.6 60.616096
0.42 -0.54 51.659296
0.42 -0.48 43.422496
0.42 -0.42 35.905696
0.42 -0.36 29.108896
0.42 -0.3 23.032096
0.42 -0.24 17.675296
0.42 -0.18 13.038496
0.42 -0.12 9.121696
0.42 -0.0600000000000001 5.924896
0.42 0 3.448096
0.42 0.0600000000000001 1.691296
0.42 0.12 0.654495999999998
0.42 0.18 0.337696
0.42 0.24 0.740896000000004
0.42 0.3 1.864096
0.42 0.36 3.707296
0.42 0.42 6.270496
0.42 0.48 9.553696
0.42 0.54 13.556896
0.42 0.6 18.280096
0.42 0.66 23.723296
0.42 0.72 29.886496
0.42 0.78 36.769696
0.42 0.84 44.372896
0.42 0.9 52.696096
0.42 0.96 61.739296
0.42 1.02 71.5024959999999
0.42 1.08 81.985696
0.42 1.14 93.188896
0.42 1.2 105.112096
0.42 1.26 117.755296
0.42 1.32 131.118496
0.42 1.38 145.201696
0.42 1.44 160.004896
0.42 1.5 175.528096
0.42 1.56 191.771296
0.42 1.62 208.734496
0.42 1.68 226.417696
0.42 1.74 244.820896
0.42 1.8 263.944096
0.42 1.86 283.787296
0.42 1.92 304.350496
0.42 1.98 325.633696
0.42 2.04 347.636896
0.42 2.1 370.360096
0.42 2.16 393.803296
0.42 2.22 417.966496
0.42 2.28 442.849696
0.42 2.34 468.452896
0.42 2.4 494.776096
0.42 2.46 521.819296
0.42 2.52 549.582496
0.42 2.58 578.065696
0.42 2.64 607.268896
0.42 2.7 637.192096
0.42 2.76 667.835296
0.42 2.82 699.198496
0.42 2.88 731.281696
0.42 2.94 764.084896
0.42 3 797.608096

0.48 -3 1043.818816
0.48 -2.94 1005.414016
0.48 -2.88 967.729216
0.48 -2.82 930.764416
0.48 -2.76 894.519616
0.48 -2.7 858.994816
0.48 -2.64 824.190016
0.48 -2.58 790.105216
0.48 -2.52 756.740416
0.48 -2.46 724.095616
0.48 -2.4 692.170816
0.48 -2.34 660.966016
0.48 -2.28 630.481216
0.48 -2.22 600.716416
0.48 -2.16 571.671616
0.48 -2.1 543.346816
0.48 -2.04 515.742016
0.48 -1.98 488.857216
0.48 -1.92 462.692416
0.48 -1.86 437.247616
0.48 -1.8 412.522816
0.48 -1.74 388.518016
0.48 -1.68 365.233216
0.48 -1.62 342.668416
0.48 -1.56 320.823616
0.48 -1.5 299.698816
0.48 -1.44 279.294016
0.48 -1.38 259.609216
0.48 -1.32 240.644416
0.48 -1.26 222.399616
0.48 -1.2 204.874816
0.48 -1.14 188.070016
0.48 -1.08 171.985216
0.48 -1.02 156.620416
0.48 -0.96 141.975616
0.48 -0.9 128.050816
0.48 -0.84 114.846016
0.48 -0.78 102.361216
0.48 -0.72 90.596416
0.48 -0.66 79.551616
0.48 -0.6 69.226816
0.48 -0.54 59.622016
0.48 -0.48 50.737216
0.48 -0.42 42.572416
0.48 -0.36 35.127616
0.48 -0.3 28.402816
0.48 -0.24 22.398016
0.48 -0.18 17.113216
0.48 -0.12 12.548416
0.48 -0.0600000000000001 8.703616
0.48 0 5.578816
0.48 0.0600000000000001 3.174016
0.48 0.12 1.489216
0.48 0.18 0.524415999999998
0.48 0.24 0.279616
0.48 0.3 0.754815999999998
0.48 0.36 1.950016
0.48 0.42 3.865216
0.48 0.48 6.500416
0.48 0.54 9.855616
0.48 0.6 13.930816
0.48 0.66 18.726016
0.48 0.72 24.241216
0.48 0.78 30.476416
0.48 0.84 37.431616
0.48 0.9 45.106816
0.48 0.96 53.502016
0.48 1.02 62.6172159999999
0.48 1.08 72.452416
0.48 1.14 83.007616
0.48 1.2 94.282816
0.48 1.26 106.278016
0.48 1.32 118.993216
0.48 1.38 132.428416
0.48 1.44 146.583616
0.48 1.5 161.458816
0.48 1.56 177.054016
0.48 1.62 193.369216
0.48 1.68 210.404416
0.48 1.74 228.159616
0.48 1.8 246.634816
0.48 1.86 265.830016
0.48 1.92 285.745216
0.48 1.98 306.380416
0.48 2.04 327.735616
0.48 2.1 349.810816
0.48 2.16 372.606016
0.48 2.22 396.121216
0.48 2.28 420.356416
0.48 2.34 445.311616
0.48 2.4 470.986816
0.48 2.46 497.382016
0.48 2.52 524.497216
0.48 2.58 552.332416
0.48 2.64 580.887616
0.48 2.7 610.162816
0.48 2.76 640.158016
0.48 2.82 670.873216
0.48 2.88 702.308416
0.48 2.94 734.463616
0.48 3 767.338816

0.54 -3 1083.674656
0.54 -2.94 1044.535456
0.54 -2.88 1006.116256
0.54 -2.82 968.417056
0.54 -2.76 931.437856
0.54 -2.7 895.178656
0.54 -2.64 859.639456
0.54 -2.58 824.820256
0.54 -2.52 790.721056
0.54 -2.46 757.341856
0.54 -2.4 724.682656
0.54 -2.34 692.743456
0.54 -2.28 661.524256
0.54 -2.22 631.025056
0.54 -2.16 601.245856
0.54 -2.1 572.186656
0.54 -2.04 543.847456
0.54 -1.98 516.228256
0.54 -1.92 489.329056
0.54 -1.86 463.149856
0.54 -1.8 437.690656
0.54 -1.74 412.951456
0.54 -1.68 388.932256
0.54 -1.62 365.633056
0.54 -1.56 343.053856
0.54 -1.5 321.194656
0.54 -1.44 300.055456
0.54 -1.38 279.636256
0.54 -1.32 259.937056
0.54 -1.26 240.957856
0.54 -1.2 222.698656
0.54 -1.14 205.159456
0.54 -1.08 188.340256
0.54 -1.02 172.241056
0.54 -0.96 156.861856
0.54 -0.9 142.202656
0.54 -0.84 128.263456
0.54 -0.78 115.044256
0.54 -0.72 102.545056
0.54 -0.66 90.765856
0.54 -0.6 79.706656
0.54 -0.54 69.367456
0.54 -0.48 59.748256
0.54 -0.42 50.849056
0.54 -0.36 42.669856
0.54 -0.3 35.210656
0.54 -0.24 28.471456
0.54 -0.18 22.452256
0.54 -0.12 17.153056
0.54 -0.0600000000000001 12.573856
0.54 0 8.714656
0.54 0.0600000000000001 5.575456
0.54 0.12 3.156256
0.54 0.18 1.457056
0.54 0.24 0.477855999999998
0.54 0.3 0.218656
0.54 0.36 0.679455999999998
0.54 0.42 1.860256
0.54 0.48 3.761056
0.54 0.54 6.381856
0.54 0.6 9.722656
0.54 0.66 13.783456
0.54 0.72 18.564256
0.54 0.78 24.065056
0.54 0.84 30.285856
0.54 0.9 37.226656
0.54 0.96 44.887456
0.54 1.02 53.2682559999999
0.54 1.08 62.369056
0.54 1.14 72.1898559999999
0.54 1.2 82.730656
0.54 1.26 93.9914559999999
0.54 1.32 105.972256
0.54 1.38 118.673056
0.54 1.44 132.093856
0.54 1.5 146.234656
0.54 1.56 161.095456
0.54 1.62 176.676256
0.54 1.68 192.977056
0.54 1.74 209.997856
0.54 1.8 227.738656
0.54 1.86 246.199456
0.54 1.92 265.380256
0.54 1.98 285.281056
0.54 2.04 305.901856
0.54 2.1 327.242656
0.54 2.16 349.303456
0.54 2.22 372.084256
0.54 2.28 395.585056
0.54 2.34 419.805856
0.54 2.4 444.746656
0.54 2.46 470.407456
0.54 2.52 496.788256
0.54 2.58 523.889056
0.54 2.64 551.709856
0.54 2.7 580.250656
0.54 2.76 609.511456
0.54 2.82 639.492256
0.54 2.88 670.193056
0.54 2.94 701.613856
0.54 3 733.754656

0.6 -3 1129.12
0.6 -2.94 1089.16
0.6 -2.88 1049.92
0.6 -2.82 1011.4
0.6 -2.76 973.6
0.6 -2.7 936.52
0.6 -2.64 900.16
0.6 -2.58 864.52
0.6 -2.52 829.6
0.6 -2.46 795.4
0.6 -2.4 761.92
0.6 -2.34 729.16
0.6 -2.28 697.12
0.6 -2.22 665.8
0.6 -2.16 635.2
0.6 -2.1 605.32
0.6 -2.04 576.16
0.6 -1.98 547.72
0.6 -1.92 520
0.6 -1.86 493
0.6 -1.8 466.72
0.6 -1.74 441.16
0.6 -1.68 416.32
0.6 -1.62 392.2
0.6 -1.56 368.8
0.6 -1.5 346.12
0.6 -1.44 324.16
0.6 -1.38 302.92
0.6 -1.32 282.4
0.6 -1.26 262.6
0.6 -1.2 243.52
0.6 -1.14 225.16
0.6 -1.08 207.52
0.6 -1.02 190.6
0.6 -0.96 174.4
0.6 -0.9 158.92
0.6 -0.84 144.16
0.6 -0.78 130.12
0.6 -0.72 116.8
0.6 -0.66 104.2
0.6 -0.6 92.32
0.6 -0.54 81.16
0.6 -0.48 70.72
0.6 -0.42 61
0.6 -0.36 52
0.6 -0.3 43.72
0.6 -0.24 36.16
0.6 -0.18 29.32
0.6 -0.12 23.2
0.6 -0.0600000000000001 17.8
0.6 0 13.12
0.6 0.0600000000000001 9.16
0.6 0.12 5.92
0.6 0.18 3.4
0.6 0.24 1.6
0.6 0.3 0.520000000000003
0.6 0.36 0.16
0.6 0.42 0.519999999999998
0.6 0.48 1.6
0.6 0.54 3.4
0.6 0.6 5.92
0.6 0.66 9.16
0.6 0.72 13.12
0.6 0.78 17.8
0.6 0.84 23.2
0.6 0.9 29.32
0.6 0.96 36.16
0.6 1.02 43.7199999999999
0.6 1.08 52
0.6 1.14 60.9999999999999
0.6 1.2 70.72
0.6 1.26 81.1599999999999
0.6 1.32 92.32
0.6 1.38 104.2
0.6 1.44 116.8
0.6 1.5 130.12
0.6 1.56 144.16
0.6 1.62 158.92
0.6 1.68 174.4
0.6 1.74 190.6
0.6 1.8 207.52
0.6 1.86 225.16
0.6 1.92 243.52
0.6 1.98 262.6
0.6 2.04 282.4
0.6 2.1 302.92
0.6 2.16 324.16
0.6 2.22 346.12
0.6 2.28 368.8
0.6 2.34 392.2
0.6 2.4 416.32
0.6 2.46 441.16
0.6 2.52 466.72
0.6 2.58 493
0.6 2.64 520
0.6 2.7 547.72
0.6 2.76 576.16
0.6 2.82 605.32
0.6 2.88 635.2
0.6 2.94 665.8
0.6 3 697.12

0.66 -3 1180.450336
0.66 -2.94 1139.583136
0.66 -2.88 1099.435936
0.66 -2.82 1060.008736
0.66 -2.76 1021.301536
0.66 -2.7 983.314336
0.66 -2.64 946.047136
0.66 -2.58 909.499936
0.66 -2.52 873.672736
0.66 -2.46 838.565536
0.66 -2.4 804.178336
0.66 -2.34 770.511136
0.66 -2.28 737.563936
0.66 -2.22 705.336736
0.66 -2.16 673.829536
0.66 -2.1 643.042336
0.66 -2.04 612.975136
0.66 -1.98 583.627936
0.66 -1.92 555.000736
0.66 -1.86 527.093536
0.66 -1.8 499.906336
0.66 -1.74 473.439136
0.66 -1.68 447.691936
0.66 -1.62 422.664736
0.66 -1.56 398.357536
0.66 -1.5 374.770336
0.66 -1.44 351.903136
0.66 -1.38 329.755936
0.66 -1.32 308.328736
0.66 -1.26 287.621536
0.66 -1.2 267.634336
0.66 -1.14 248.367136
0.66 -1.08 229.819936
0.66 -1.02 211.992736
0.66 -0.96 194.885536
0.66 -0.9 178.498336
0.66 -0.84 162.831136
0.66 -0.78 147.883936
0.66 -0.72 133.656736
0.66 -0.66 120.149536
0.66 -0.6 107.362336
0.66 -0.54 95.295136
0.66 -0.48 83.947936
0.66 -0.42 73.320736
0.66 -0.36 63.413536
0.66 -0.3 54.226336
0.66 -0.24 45.7591360000001
0.66 -0.18 38.011936
0.66 -0.12 30.984736
0.66 -0.0600000000000001 24.677536
0.66 0 19.090336
0.66 0.0600000000000001 14.223136
0.66 0.12 10.075936
0.66 0.18 6.648736
0.66 0.24 3.941536
0.66 0.3 1.95433600000001
0.66 0.36 0.687136000000005
0.66 0.42 0.139936000000001
0.66 0.48 0.312735999999998
0.66 0.54 1.205536
0.66 0.6 2.818336
0.66 0.66 5.151136
0.66 0.72 8.203936
0.66 0.78 11.976736
0.66 0.84 16.469536
0.66 0.9 21.682336
0.66 0.96 27.615136
0.66 1.02 34.2679359999999
0.66 1.08 41.640736
0.66 1.14 49.7335359999999
0.66 1.2 58.546336
0.66 1.26 68.0791359999999
0.66 1.32 78.331936
0.66 1.38 89.3047359999999
0.66 1.44 100.997536
0.66 1.5 113.410336
0.66 1.56 126.543136
0.66 1.62 140.395936
0.66 1.68 154.968736
0.66 1.74 170.261536
0.66 1.8 186.274336
0.66 1.86 203.007136
0.66 1.92 220.459936
0.66 1.98 238.632736
0.66 2.04 257.525536
0.66 2.1 277.138336
0.66 2.16 297.471136
0.66 2.22 318.523936
0.66 2.28 340.296736
0.66 2.34 362.789536
0.66 2.4 386.002336
0.66 2.46 409.935136
0.66 2.52 434.587936
0.66 2.58 459.960736
0.66 2.64 486.053536
0.66 2.7 512.866336
0.66 2.76 540.399136
0.66 2.82 568.651936
0.66 2.88 597.624736
0.66 2.94 627.317536
0.66 3 657.730336

0.72 -3 1237.992256
0.72 -2.94 1196.131456
0.72 -2.88 1154.990656
0.72 -2.82 1114.569856
0.72 -2.76 1074.869056
0.72 -2.7 1035.888256
0.72 -2.64 997.627456
0.72 -2.58 960.086656
0.72 -2.52 923.265856
0.72 -2.46 887.165056
0.72 -2.4 851.784256
0.72 -2.34 817.123456
0.72 -2.28 783.182656
0.72 -2.22 749.961856
0.72 -2.16 717.461056
0.72 -2.1 685.680256
0.72 -2.04 654.619456
0.72 -1.98 624.278656
0.72 -1.92 594.657856
0.72 -1.86 565.757056
0.72 -1.8 537.576256
0.72 -1.74 510.115456
0.72 -1.68 483.374656
0.72 -1.62 457.353856
0.72 -1.56 432.053056
0.72 -1.5 407.472256
0.72 -1.44 383.611456
0.72 -1.38 360.470656
0.72 -1.32 338.049856
0.72 -1.26 316.349056
0.72 -1.2 295.368256
0.72 -1.14 275.107456
0.72 -1.08 255.566656
0.72 -1.02 236.745856
0.72 -0.96 218.645056
0.72 -0.9 201.264256
0.72 -0.84 184.603456
0.72 -0.78 168.662656
0.72 -0.72 153.441856
0.72 -0.66 138.941056
0.72 -0.6 125.160256
0.72 -0.54 112.099456
0.72 -0.48 99.7586560000001
0.72 -0.42 88.137856
0.72 -0.36 77.237056
0.72 -0.3 67.056256
0.72 -0.24 57.5954560000001
0.72 -0.18 48.8546560000001
0.72 -0.12 40.8338560000001
0.72 -0.0600000000000001 33.533056
0.72 0 26.952256
0.72 0.0600000000000001 21.091456
0.72 0.12 15.950656
0.72 0.18 11.529856
0.72 0.24 7.82905600000001
0.72 0.3 4.84825600000002
0.72 0.36 2.58745600000001
0.72 0.42 1.04665600000001
0.72 0.48 0.225856000000002
0.72 0.54 0.125055999999999
0.72 0.6 0.744255999999996
0.72 0.66 2.083456
0.72 0.72 4.142656
0.72 0.78 6.92185599999997
0.72 0.84 10.421056
0.72 0.9 14.640256
0.72 0.96 19.579456
0.72 1.02 25.2386559999999
0.72 1.08 31.617856
0.72 1.14 38.7170559999999
0.72 1.2 46.536256
0.72 1.26 55.0754559999999
0.72 1.32 64.334656
0.72 1.38 74.3138559999999
0.72 1.44 85.013056
0.72 1.5 96.4322559999999
0.72 1.56 108.571456
0.72 1.62 121.430656
0.72 1.68 135.009856
0.72 1.74 149.309056
0.72 1.8 164.328256
0.72 1.86 180.067456
0.72 1.92 196.526656
0.72 1.98 213.705856
0.72 2.04 231.605056
0.72 2.1 250.224256
0.72 2.16 269.563456
0.72 2.22 289.622656
0.72 2.28 310.401856
0.72 2.34 331.901056
0.72 2.4 354.120256
0.72 2.46 377.059456
0.72 2.52 400.718656
0.72 2.58 425.097856
0.72 2.64 450.197056
0.72 2.7 476.016256
0.72 2.76 502.555456
0.72 2.82 529.814656
0.72 2.88 557.793856
0.72 2.94 586.493056
0.72 3 615.912256

0.78 -3 1302.103456
0.78 -2.94 1259.162656
0.78 -2.88 1216.941856
0.78 -2.82 1175.441056
0.78 -2.76 1134.660256
0.78 -2.7 1094.599456
0.78 -2.64 1055.258656
0.78 -2.58 1016.637856
0.78 -2.52 978.737056
0.78 -2.46 941.556256
0.78 -2.4 905.095456
0.78 -2.34 869.354656
0.78 -2.28 834.333856
0.78 -2.22 800.033056
0.78 -2.16 766.452256
0.78 -2.1 733.591456
0.78 -2.04 701.450656
0.78 -1.98 670.029856
0.78 -1.92 639.329056
0.78 -1.86 609.348256
0.78 -1.8 580.087456
0.78 -1.74 551.546656
0.78 -1.68 523.725856
0.78 -1.62 496.625056
0.78 -1.56 470.244256
0.78 -1.5 444.583456
0.78 -1.44 419.642656
0.78 -1.38 395.421856
0.78 -1.32 371.921056
0.78 -1.26 349.140256
0.78 -1.2 327.079456
0.78 -1.14 305.738656
0.78 -1.08 285.117856
0.78 -1.02 265.217056
0.78 -0.96 246.036256
0.78 -0.9 227.575456
0.78 -0.84 209.834656
0.78 -0.78 192.813856
0.78 -0.72 176.513056
0.78 -0.66 160.932256
0.78 -0.6 146.071456
0.78 -0.54 131.930656
0.78 -0.48 118.509856
0.78 -0.42 105.809056
0.78 -0.36 93.8282559999999
0.78 -0.3 82.5674559999999
0.78 -0.24 72.026656
0.78 -0.18 62.205856
0.78 -0.12 53.105056
0.78 -0.0600000000000001 44.724256
0.78 0 37.063456
0.78 0.0600000000000001 30.122656
0.78 0.12 23.901856
0.78 0.18 18.401056
0.78 0.24 13.620256
0.78 0.3 9.559456
0.78 0.36 6.21865599999999
0.78 0.42 3.59785599999999
0.78 0.48 1.69705599999999
0.78 0.54 0.516255999999996
0.78 0.6 0.0554559999999995
0.78 0.66 0.314656000000004
0.78 0.72 1.29385600000001
0.78 0.78 2.993056
0.78 0.84 5.41225600000001
0.78 0.9 8.55145600000001
0.78 0.96 12.410656
0.78 1.02 16.989856
0.78 1.08 22.289056
0.78 1.14 28.308256
0.78 1.2 35.0474560000001
0.78 1.26 42.506656
0.78 1.32 50.6858560000001
0.78 1.38 59.585056
0.78 1.44 69.2042560000001
0.78 1.5 79.543456
0.78 1.56 90.602656
0.78 1.62 102.381856
0.78 1.68 114.881056
0.78 1.74 128.100256
0.78 1.8 142.039456
0.78 1.86 156.698656
0.78 1.92 172.077856
0.78 1.98 188.177056
0.78 2.04 204.996256
0.78 2.1 222.535456
0.78 2.16 240.794656
0.78 2.22 259.773856
0.78 2.28 279.473056
0.78 2.34 299.892256
0.78 2.4 321.031456
0.78 2.46 342.890656
0.78 2.52 365.469856
0.78 2.58 388.769056
0.78 2.64 412.788256
0.78 2.7 437.527456
0.78 2.76 462.986656
0.78 2.82 489.165856
0.78 2.88 516.065056
0.78 2.94 543.684256
0.78 3 572.023456

0.84 -3 1373.172736
0.84 -2.94 1329.065536
0.84 -2.88 1285.678336
0.84 -2.82 1243.011136
0.84 -2.76 1201.063936
0.84 -2.7 1159.836736
0.84 -2.64 1119.329536
0.84 -2.58 1079.542336
0.84 -2.52 1040.475136
0.84 -2.46 1002.127936
0.84 -2.4 964.500736
0.84 -2.34 927.593536
0.84 -2.28 891.406336
0.84 -2.22 855.939136
0.84 -2.16 821.191936
0.84 -2.1 787.164736
0.84 -2.04 753.857536
0.84 -1.98 721.270336
0.84 -1.92 689.403136
0.84 -1.86 658.255936
0.84 -1.8 627.828736
0.84 -1.74 598.121536
0.84 -1.68 569.134336
0.84 -1.62 540.867136
0.84 -1.56 513.319936
0.84 -1.5 486.492736
0.84 -1.44 460.385536
0.84 -1.38 434.998336
0.84 -1.32 410.331136
0.84 -1.26 386.383936
0.84 -1.2 363.156736
0.84 -1.14 340.649536
0.84 -1.08 318.862336
0.84 -1.02 297.795136
0.84 -0.96 277.447936
0.84 -0.9 257.820736
0.84 -0.84 238.913536
0.84 -0.78 220.726336
0.84 -0.72 203.259136
0.84 -0.66 186.511936
0.84 -0.6 170.484736
0.84 -0.54 155.177536
0.84 -0.48 140.590336
0.84 -0.42 126.723136
0.84 -0.36 113.575936
0.84 -0.3 101.148736
0.84 -0.24 89.441536
0.84 -0.18 78.454336
0.84 -0.12 68.187136
0.84 -0.0600000000000001 58.639936
0.84 0 49.812736
0.84 0.0600000000000001 41.705536
0.84 0.12 34.318336
0.84 0.18 27.651136
0.84 0.24 21.703936
0.84 0.3 16.476736
0.84 0.36 11.969536
0.84 0.42 8.18233599999999
0.84 0.48 5.11513599999999
0.84 0.54 2.76793599999999
0.84 0.6 1.14073599999999
0.84 0.66 0.233535999999997
0.84 0.72 0.0463360000000012
0.84 0.78 0.579136
0.84 0.84 1.831936
0.84 0.9 3.80473600000001
0.84 0.96 6.49753600000001
0.84 1.02 9.91033599999999
0.84 1.08 14.043136
0.84 1.14 18.895936
0.84 1.2 24.468736
0.84 1.26 30.761536
0.84 1.32 37.7743360000001
0.84 1.38 45.507136
0.84 1.44 53.9599360000001
0.84 1.5 63.132736
0.84 1.56 73.025536
0.84 1.62 83.6383360000001
0.84 1.68 94.971136
0.84 1.74 107.023936
0.84 1.8 119.796736
0.84 1.86 133.289536
0.84 1.92 147.502336
0.84 1.98 162.435136
0.84 2.04 178.087936
0.84 2.1 194.460736
0.84 2.16 211.553536
0.84 2.22 229.366336
0.84 2.28 247.899136
0.84 2.34 267.151936
0.84 2.4 287.124736
0.84 2.46 307.817536
0.84 2.52 329.230336
0.84 2.58 351.363136
0.84 2.64 374.215936
0.84 2.7 397.788736
0.84 2.76 422.081536
0.84 2.82 447.094336
0.84 2.88 472.827136
0.84 2.94 499.279936
0.84 3 526.452736

0.9 -3 1451.62
0.9 -2.94 1406.26
0.9 -2.88 1361.62
0.9 -2.82 1317.7
0.9 -2.76 1274.5
0.9 -2.7 1232.02
0.9 -2.64 1190.26
0.9 -2.58 1149.22
0.9 -2.52 1108.9
0.9 -2.46 1069.3
0.9 -2.4 1030.42
0.9 -2.34 992.26
0.9 -2.28 954.82
0.9 -2.22 918.1
0.9 -2.16 882.1
0.9 -2.1 846.82
0.9 -2.04 812.26
0.9 -1.98 778.42
0.9 -1.92 745.3
0.9 -1.86 712.9
0.9 -1.8 681.22
0.9 -1.74 650.26
0.9 -1.68 620.02
0.9 -1.62 590.5
0.9 -1.56 561.7
0.9 -1.5 533.62
0.9 -1.44 506.26
0.9 -1.38 479.62
0.9 -1.32 453.7
0.9 -1.26 428.5
0.9 -1.2 404.02
0.9 -1.14 380.26
0.9 -1.08 357.22
0.9 -1.02 334.9
0.9 -0.96 313.3
0.9 -0.9 292.42
0.9 -0.84 272.26
0.9 -0.78 252.82
0.9 -0.72 234.1
0.9 -0.66 216.1
0.9 -0.6 198.82
0.9 -0.54 182.26
0.9 -0.48 166.42
0.9 -0.42 151.3
0.9 -0.36 136.9
0.9 -0.3 123.22
0.9 -0.24 110.26
0.9 -0.18 98.02
0.9 -0.12 86.5
0.9 -0.0600000000000001 75.7
0.9 0 65.62
0.9 0.0600000000000001 56.26
0.9 0.12 47.62
0.9 0.18 39.7
0.9 0.24 32.5
0.9 0.3 26.02
0.9 0.36 20.26
0.9 0.42 15.22
0.9 0.48 10.9
0.9 0.54 7.29999999999999
0.9 0.6 4.41999999999999
0.9 0.66 2.25999999999999
0.9 0.72 0.819999999999993
0.9 0.78 0.1
0.9 0.84 0.1
0.9 0.9 0.820000000000002
0.9 0.96 2.26
0.9 1.02 4.41999999999999
0.9 1.08 7.30000000000001
0.9 1.14 10.9
0.9 1.2 15.22
0.9 1.26 20.26
0.9 1.32 26.02
0.9 1.38 32.5
0.9 1.44 39.7000000000001
0.9 1.5 47.62
0.9 1.56 56.26
0.9 1.62 65.62
0.9 1.68 75.7
0.9 1.74 86.5000000000001
0.9 1.8 98.02
0.9 1.86 110.26
0.9 1.92 123.22
0.9 1.98 136.9
0.9 2.04 151.3
0.9 2.1 166.42
0.9 2.16 182.26
0.9 2.22 198.82
0.9 2.28 216.1
0.9 2.34 234.1
0.9 2.4 252.82
0.9 2.46 272.26
0.9 2.52 292.42
0.9 2.58 313.3
0.9 2.64 334.9
0.9 2.7 357.22
0.9 2.76 380.26
0.9 2.82 404.02
0.9 2.88 428.5
0.9 2.94 453.7
0.9 3 479.62

0.96 -3 1537.896256
0.96 -2.94 1491.197056
0.96 -2.88 1445.217856
0.96 -2.82 1399.958656
0.96 -2.76 1355.419456
0.96 -2.7 1311.600256
0.96 -2.64 1268.501056
0.96 -2.58 1226.121856
0.96 -2.52 1184.462656
0.96 -2.46 1143.523456
0.96 -2.4 1103.304256
0.96 -2.34 1063.805056
0.96 -2.28 1025.025856
0.96 -2.22 986.966656
0.96 -2.16 949.627456
0.96 -2.1 913.008256
0.96 -2.04 877.109056
0.96 -1.98 841.929856
0.96 -1.92 807.470656
0.96 -1.86 773.731456
0.96 -1.8 740.712256
0.96 -1.74 708.413056
0.96 -1.68 676.833856
0.96 -1.62 645.974656
0.96 -1.56 615.835456
0.96 -1.5 586.416256
0.96 -1.44 557.717056
0.96 -1.38 529.737856
0.96 -1.32 502.478656
0.96 -1.26 475.939456
0.96 -1.2 450.120256
0.96 -1.14 425.021056
0.96 -1.08 400.641856
0.96 -1.02 376.982656
0.96 -0.96 354.043456
0.96 -0.9 331.824256
0.96 -0.84 310.325056
0.96 -0.78 289.545856
0.96 -0.72 269.486656
0.96 -0.66 250.147456
0.96 -0.6 231.528256
0.96 -0.54 213.629056
0.96 -0.48 196.449856
0.96 -0.42 179.990656
0.96 -0.36 164.251456
0.96 -0.3 149.232256
0.96 -0.24 134.933056
0.96 -0.18 121.353856
0.96 -0.12 108.494656
0.96 -0.0600000000000001 96.355456
0.96 0 84.936256
0.96 0.0600000000000001 74.237056
0.96 0.12 64.257856
0.96 0.18 54.998656
0.96 0.24 46.459456
0.96 0.3 38.640256
0.96 0.36 31.541056
0.96 0.42 25.161856
0.96 0.48 19.502656
0.96 0.54 14.563456
0.96 0.6 10.344256
0.96 0.66 6.84505599999999
0.96 0.72 4.06585599999999
0.96 0.78 2.006656
0.96 0.84 0.667456000000002
0.96 0.9 0.0482560000000003
0.96 0.96 0.149056
0.96 1.02 0.969855999999992
0.96 1.08 2.510656
0.96 1.14 4.77145599999999
0.96 1.2 7.75225600000001
0.96 1.26 11.453056
0.96 1.32 15.873856
0.96 1.38 21.014656
0.96 1.44 26.875456
0.96 1.5 33.456256
0.96 1.56 40.757056
0.96 1.62 48.777856
0.96 1.68 57.518656
0.96 1.74 66.979456
0.96 1.8 77.160256
0.96 1.86 88.0610560000001
0.96 1.92 99.681856
0.96 1.98 112.022656
0.96 2.04 125.083456
0.96 2.1 138.864256
0.96 2.16 153.365056
0.96 2.22 168.585856
0.96 2.28 184.526656
0.96 2.34 201.187456
0.96 2.4 218.568256
0.96 2.46 236.669056
0.96 2.52 255.489856
0.96 2.58 275.030656
0.96 2.64 295.291456
0.96 2.7 316.272256
0.96 2.76 337.973056
0.96 2.82 360.393856
0.96 2.88 383.534656
0.96 2.94 407.395456
0.96 3 431.976256

1.02 -3 1632.483616
1.02 -2.94 1584.358816
1.02 -2.88 1536.954016
1.02 -2.82 1490.269216
1.02 -2.76 1444.304416
1.02 -2.7 1399.059616
1.02 -2.64 1354.534816
1.02 -2.58 1310.730016
1.02 -2.52 1267.645216
1.02 -2.46 1225.280416
1.02 -2.4 1183.635616
1.02 -2.34 1142.710816
1.02 -2.28 1102.506016
1.02 -2.22 1063.021216
1.02 -2.16 1024.256416
1.02 -2.1 986.211615999999
1.02 -2.04 948.886815999999
1.02 -1.98 912.282015999999
1.02 -1.92 876.397215999999
1.02 -1.86 841.232416
1.02 -1.8 806.787615999999
1.02 -1.74 773.062816
1.02 -1.68 740.058015999999
1.02 -1.62 707.773216
1.02 -1.56 676.208416
1.02 -1.5 645.363616
1.02 -1.44 615.238815999999
1.02 -1.38 585.834016
1.02 -1.32 557.149216
1.02 -1.26 529.184415999999
1.02 -1.2 501.939616
1.02 -1.14 475.414815999999
1.02 -1.08 449.610016
1.02 -1.02 424.525216
1.02 -0.96 400.160416
1.02 -0.9 376.515616
1.02 -0.84 353.590816
1.02 -0.78 331.386016
1.02 -0.72 309.901216
1.02 -0.66 289.136416
1.02 -0.6 269.091616
1.02 -0.54 249.766816
1.02 -0.48 231.162016
1.02 -0.42 213.277216
1.02 -0.36 196.112416
1.02 -0.3 179.667616
1.02 -0.24 163.942816
1.02 -0.18 148.938016
1.02 -0.12 134.653216
1.02 -0.0600000000000001 121.088416
1.02 0 108.243616
1.02 0.0600000000000001 96.1188159999998
1.02 0.12 84.7140159999998
1.02 0.18 74.0292159999998
1.02 0.24 64.0644159999998
1.02 0.3 54.8196159999999
1.02 0.36 46.2948159999999
1.02 0.42 38.4900159999999
1.02 0.48 31.4052159999999
1.02 0.54 25.0404159999999
1.02 0.6 19.3956159999999
1.02 0.66 14.4708159999999
1.02 0.72 10.2660159999999
1.02 0.78 6.78121599999996
1.02 0.84 4.01641599999997
1.02 0.9 1.97161599999998
1.02 0.96 0.646815999999986
1.02 1.02 0.0420159999999981
1.02 1.08 0.157216000000008
1.02 1.14 0.992416000000012
1.02 1.2 2.54761600000003
1.02 1.26 4.82281600000003
1.02 1.32 7.81801600000007
1.02 1.38 11.5332160000001
1.02 1.44 15.9684160000001
1.02 1.5 21.1236160000001
1.02 1.56 26.9988160000001
1.02 1.62 33.5940160000001
1.02 1.68 40.9092160000001
1.02 1.74 48.9444160000002
1.02 1.8 57.6996160000001
1.02 1.86 67.1748160000002
1.02 1.92 77.3700160000001
1.02 1.98 88.2852160000002
1.02 2.04 99.9204160000002
1.02 2.1 112.275616
1.02 2.16 125.350816
1.02 2.22 139.146016
1.02 2.28 153.661216
1.02 2.34 168.896416
1.02 2.4 184.851616
1.02 2.46 201.526816
1.02 2.52 218.922016
1.02 2.58 237.037216
1.02 2.64 255.872416
1.02 2.7 275.427616
1.02 2.76 295.702816
1.02 2.82 316.698016
1.02 2.88 338.413216
1.02 2.94 360.848416
1.02 3 384.003616

1.08 -3 1735.895296
1.08 -2.94 1686.258496
1.08 -2.88 1637.341696
1.08 -2.82 1589.144896
1.08 -2.76 1541.668096
1.08 -2.7 1494.911296
1.08 -2.64 1448.874496
1.08 -2.58 1403.557696
1.08 -2.52 1358.960896
1.08 -2.46 1315.084096
1.08 -2.4 1271.927296
1.08 -2.34 1229.490496
1.08 -2.28 1187.773696
1.08 -2.22 1146.776896
1.08 -2.16 1106.500096
1.08 -2.1 1066.943296
1.08 -2.04 1028.106496
1.08 -1.98 989.989696
1.08 -1.92 952.592896
1.08 -1.86 915.916096
1.08 -1.8 879.959296
1.08 -1.74 844.722496
1.08 -1.68 810.205696
1.08 -1.62 776.408896
1.08 -1.56 743.332096
1.08 -1.5 710.975296
1.08 -1.44 679.338496
1.08 -1.38 648.421696
1.08 -1.32 618.224896
1.08 -1.26 588.748096
1.08 -1.2 559.991296
1.08 -1.14 531.954496
1.08 -1.08 504.637696
1.08 -1.02 478.040896
1.08 -0.96 452.164096
1.08 -0.9 427.007296
1.08 -0.84 402.570496
1.08 -0.78 378.853696
1.08 -0.72 355.856896
1.08 -0.66 333.580096
1.08 -0.6 312.023296
1.08 -0.54 291.186496
1.08 -0.48 271.069696
1.08 -0.42 251.672896
1.08 -0.36 232.996096
1.08 -0.3 215.039296
1.08 -0.24 197.802496
1.08 -0.18 181.285696
1.08 -0.12 165.488896
1.08 -0.0600000000000001 150.412096
1.08 0 136.055296
1.08 0.0600000000000001 122.418496
1.08 0.12 109.501696
1.08 0.18 97.304896
1.08 0.24 85.828096
1.08 0.3 75.071296
1.08 0.36 65.034496
1.08 0.42 55.717696
1.08 0.48 47.120896
1.08 0.54 39.244096
1.08 0.6 32.087296
1.08 0.66 25.650496
1.08 0.72 19.933696
1.08 0.78 14.936896
1.08 0.84 10.660096
1.08 0.9 7.10329600000001
1.08 0.96 4.26649600000001
1.08 1.02 2.14969600000002
1.08 1.08 0.752896000000001
1.08 1.14 0.0760960000000023
1.08 1.2 0.119296000000001
1.08 1.26 0.882495999999994
1.08 1.32 2.36569600000001
1.08 1.38 4.56889599999999
1.08 1.44 7.49209600000002
1.08 1.5 11.135296
1.08 1.56 15.498496
1.08 1.62 20.581696
1.08 1.68 26.384896
1.08 1.74 32.908096
1.08 1.8 40.151296
1.08 1.86 48.114496
1.08 1.92 56.797696
1.08 1.98 66.200896
1.08 2.04 76.324096
1.08 2.1 87.1672959999999
1.08 2.16 98.730496
1.08 2.22 111.013696
1.08 2.28 124.016896
1.08 2.34 137.740096
1.08 2.4 152.183296
1.08 2.46 167.346496
1.08 2.52 183.229696
1.08 2.58 199.832896
1.08 2.64 217.156096
1.08 2.7 235.199296
1.08 2.76 253.962496
1.08 2.82 273.445696
1.08 2.88 293.648896
1.08 2.94 314.572096
1.08 3 336.215296

1.14 -3 1848.675616
1.14 -2.94 1797.440416
1.14 -2.88 1746.925216
1.14 -2.82 1697.130016
1.14 -2.76 1648.054816
1.14 -2.7 1599.699616
1.14 -2.64 1552.064416
1.14 -2.58 1505.149216
1.14 -2.52 1458.954016
1.14 -2.46 1413.478816
1.14 -2.4 1368.723616
1.14 -2.34 1324.688416
1.14 -2.28 1281.373216
1.14 -2.22 1238.778016
1.14 -2.16 1196.902816
1.14 -2.1 1155.747616
1.14 -2.04 1115.312416
1.14 -1.98 1075.597216
1.14 -1.92 1036.602016
1.14 -1.86 998.326816
1.14 -1.8 960.771615999999
1.14 -1.74 923.936415999999
1.14 -1.68 887.821215999999
1.14 -1.62 852.426015999999
1.14 -1.56 817.750816
1.14 -1.5 783.795615999999
1.14 -1.44 750.560416
1.14 -1.38 718.045215999999
1.14 -1.32 686.250016
1.14 -1.26 655.174816
1.14 -1.2 624.819616
1.14 -1.14 595.184416
1.14 -1.08 566.269215999999
1.14 -1.02 538.074016
1.14 -0.96 510.598816
1.14 -0.9 483.843616
1.14 -0.84 457.808416
1.14 -0.78 432.493216
1.14 -0.72 407.898016
1.14 -0.66 384.022816
1.14 -0.6 360.867616
1.14 -0.54 338.432416
1.14 -0.48 316.717216
1.14 -0.42 295.722016
1.14 -0.36 275.446816
1.14 -0.3 255.891616
1.14 -0.24 237.056416
1.14 -0.18 218.941216
1.14 -0.12 201.546016
1.14 -0.0600000000000001 184.870816
1.14 0 168.915616
1.14 0.0600000000000001 153.680416
1.14 0.12 139.165216
1.14 0.18 125.370016
1.14 0.24 112.294816
1.14 0.3 99.9396159999999
1.14 0.36 88.3044159999999
1.14 0.42 77.3892159999999
1.14 0.48 67.1940159999999
1.14 0.54 57.7188159999999
1.14 0.6 48.9636159999999
1.14 0.66 40.9284159999999
1.14 0.72 33.6132159999999
1.14 0.78 27.0180159999999
1.14 0.84 21.1428159999999
1.14 0.9 15.9876159999999
1.14 0.96 11.5524159999999
1.14 1.02 7.83721599999998
1.14 1.08 4.84201599999996
1.14 1.14 2.56681599999998
1.14 1.2 1.01161599999998
1.14 1.26 0.176415999999995
1.14 1.32 0.0612160000000043
1.14 1.38 0.666016000000011
1.14 1.44 1.99081600000003
1.14 1.5 4.03561600000003
1.14 1.56 6.80041600000002
1.14 1.62 10.2852160000001
1.14 1.68 14.490016
1.14 1.74 19.4148160000001
1.14 1.8 25.0596160000001
1.14 1.86 31.4244160000001
1.14 1.92 38.5092160000001
1.14 1.98 46.3140160000002
1.14 2.04 54.8388160000001
1.14 2.1 64.0836160000001
1.14 2.16 74.0484160000002
1.14 2.22 84.7332160000001
1.14 2.28 96.1380160000002
1.14 2.34 108.262816
1.14 2.4 121.107616
1.14 2.46 134.672416
1.14 2.52 148.957216
1.14 2.58 163.962016
1.14 2.64 179.686816
1.14 2.7 196.131616
1.14 2.76 213.296416
1.14 2.82 231.181216
1.14 2.88 249.786016
1.14 2.94 269.110816
1.14 3 289.155616

1.2 -3 1971.4
1.2 -2.94 1918.48
1.2 -2.88 1866.28
1.2 -2.82 1814.8
1.2 -2.76 1764.04
1.2 -2.7 1714
1.2 -2.64 1664.68
1.2 -2.58 1616.08
1.2 -2.52 1568.2
1.2 -2.46 1521.04
1.2 -2.4 1474.6
1.2 -2.34 1428.88
1.2 -2.28 1383.88
1.2 -2.22 1339.6
1.2 -2.16 1296.04
1.2 -2.1 1253.2
1.2 -2.04 1211.08
1.2 -1.98 1169.68
1.2 -1.92 1129
1.2 -1.86 1089.04
1.2 -1.8 1049.8
1.2 -1.74 1011.28
1.2 -1.68 973.48
1.2 -1.62 936.4
1.2 -1.56 900.04
1.2 -1.5 864.4
1.2 -1.44 829.48
1.2 -1.38 795.28
1.2 -1.32 761.8
1.2 -1.26 729.04
1.2 -1.2 697
1.2 -1.14 665.68
1.2 -1.08 635.08
1.2 -1.02 605.2
1.2 -0.96 576.04
1.2 -0.9 547.6
1.2 -0.84 519.88
1.2 -0.78 492.88
1.2 -0.72 466.6
1.2 -0.66 441.04
1.2 -0.6 416.2
1.2 -0.54 392.08
1.2 -0.48 368.68
1.2 -0.42 346
1.2 -0.36 324.04
1.2 -0.3 302.8
1.2 -0.24 282.28
1.2 -0.18 262.48
1.2 -0.12 243.4
1.2 -0.0600000000000001 225.04
1.2 0 207.4
1.2 0.0600000000000001 190.48
1.2 0.12 174.28
1.2 0.18 158.8
1.2 0.24 144.04
1.2 0.3 130
1.2 0.36 116.68
1.2 0.42 104.08
1.2 0.48 92.2000000000001
1.2 0.54 81.0400000000001
1.2 0.6 70.6000000000001
1.2 0.66 60.88
1.2 0.72 51.88
1.2 0.78 43.6000000000001
1.2 0.84 36.0400000000001
1.2 0.9 29.2000000000001
1.2 0.96 23.08
1.2 1.02 17.6800000000001
1.2 1.08 13
1.2 1.14 9.04000000000004
1.2 1.2 5.80000000000001
1.2 1.26 3.28000000000002
1.2 1.32 1.48
1.2 1.38 0.400000000000006
1.2 1.44 0.0400000000000001
1.2 1.5 0.399999999999995
1.2 1.56 1.47999999999998
1.2 1.62 3.27999999999999
1.2 1.68 5.79999999999997
1.2 1.74 9.03999999999999
1.2 1.8 13
1.2 1.86 17.68
1.2 1.92 23.08
1.2 1.98 29.2
1.2 2.04 36.04
1.2 2.1 43.5999999999999
1.2 2.16 51.88
1.2 2.22 60.8799999999999
1.2 2.28 70.6
1.2 2.34 81.0399999999999
1.2 2.4 92.2
1.2 2.46 104.08
1.2 2.52 116.68
1.2 2.58 130
1.2 2.64 144.04
1.2 2.7 158.8
1.2 2.76 174.28
1.2 2.82 190.48
1.2 2.88 207.4
1.2 2.94 225.04
1.2 3 243.4

1.26 -3 2104.674976
1.26 -2.94 2049.983776
1.26 -2.88 1996.012576
1.26 -2.82 1942.761376
1.26 -2.76 1890.230176
1.26 -2.7 1838.418976
1.26 -2.64 1787.327776
1.26 -2.58 1736.956576
1.26 -2.52 1687.305376
1.26 -2.46 1638.374176
1.26 -2.4 1590.162976
1.26 -2.34 1542.671776
1.26 -2.28 1495.900576
1.26 -2.22 1449.849376
1.26 -2.16 1404.518176
1.26 -2.1 1359.906976
1.26 -2.04 1316.015776
1.26 -1.98 1272.844576
1.26 -1.92 1230.393376
1.26 -1.86 1188.662176
1.26 -1.8 1147.650976
1.26 -1.74 1107.359776
1.26 -1.68 1067.788576
1.26 -1.62 1028.937376
1.26 -1.56 990.806176
1.26 -1.5 953.394975999999
1.26 -1.44 916.703776
1.26 -1.38 880.732576
1.26 -1.32 845.481376
1.26 -1.26 810.950176
1.26 -1.2 777.138976
1.26 -1.14 744.047776
1.26 -1.08 711.676576
1.26 -1.02 680.025376
1.26 -0.96 649.094176
1.26 -0.9 618.882976
1.26 -0.84 589.391776
1.26 -0.78 560.620576
1.26 -0.72 532.569376
1.26 -0.66 505.238176
1.26 -0.6 478.626976
1.26 -0.54 452.735776
1.26 -0.48 427.564576
1.26 -0.42 403.113376
1.26 -0.36 379.382176
1.26 -0.3 356.370976
1.26 -0.24 334.079776
1.26 -0.18 312.508576
1.26 -0.12 291.657376
1.26 -0.0600000000000001 271.526176
1.26 0 252.114976
1.26 0.0600000000000001 233.423776
1.26 0.12 215.452576
1.26 0.18 198.201376
1.26 0.24 181.670176
1.26 0.3 165.858976
1.26 0.36 150.767776
1.26 0.42 136.396576
1.26 0.48 122.745376
1.26 0.54 109.814176
1.26 0.6 97.6029759999999
1.26 0.66 86.1117759999999
1.26 0.72 75.3405759999999
1.26 0.78 65.2893759999999
1.26 0.84 55.9581759999999
1.26 0.9 47.3469759999999
1.26 0.96 39.4557759999999
1.26 1.02 32.284576
1.26 1.08 25.8333759999999
1.26 1.14 20.102176
1.26 1.2 15.0909759999999
1.26 1.26 10.799776
1.26 1.32 7.22857599999996
1.26 1.38 4.37737599999998
1.26 1.44 2.24617599999997
1.26 1.5 0.83497599999999
1.26 1.56 0.143775999999999
1.26 1.62 0.172576000000004
1.26 1.68 0.921376000000005
1.26 1.74 2.39017600000002
1.26 1.8 4.57897600000002
1.26 1.86 7.48777600000005
1.26 1.92 11.116576
1.26 1.98 15.4653760000001
1.26 2.04 20.5341760000001
1.26 2.1 26.322976
1.26 2.16 32.8317760000001
1.26 2.22 40.060576
1.26 2.28 48.0093760000001
1.26 2.34 56.6781760000001
1.26 2.4 66.0669760000001
1.26 2.46 76.1757760000001
1.26 2.52 87.004576
1.26 2.58 98.5533760000001
1.26 2.64 110.822176
1.26 2.7 123.810976
1.26 2.76 137.519776
1.26 2.82 151.948576
1.26 2.88 167.097376
1.26 2.94 182.966176
1.26 3 199.554976

1.32 -3 2249.138176
1.32 -2.94 2192.589376
1.32 -2.88 2136.760576
1.32 -2.82 2081.651776
1.32 -2.76 2027.262976
1.32 -2.7 1973.594176
1.32 -2.64 1920.645376
1.32 -2.58 1868.416576
1.32 -2.52 1816.907776
1.32 -2.46 1766.118976
1.32 -2.4 1716.050176
1.32 -2.34 1666.701376
1.32 -2.28 1618.072576
1.32 -2.22 1570.163776
1.32 -2.16 1522.974976
1.32 -2.1 1476.506176
1.32 -2.04 1430.757376
1.32 -1.98 1385.728576
1.32 -1.92 1341.419776
1.32 -1.86 1297.830976
1.32 -1.8 1254.962176
1.32 -1.74 1212.813376
1.32 -1.68 1171.384576
1.32 -1.62 1130.675776
1.32 -1.56 1090.686976
1.32 -1.5 1051.418176
1.32 -1.44 1012.869376
1.32 -1.38 975.040576
1.32 -1.32 937.931776000001
1.32 -1.26 901.542976
1.32 -1.2 865.874176000001
1.32 -1.14 830.925376
1.32 -1.08 796.696576000001
1.32 -1.02 763.187776
1.32 -0.96 730.398976
1.32 -0.9 698.330176
1.32 -0.84 666.981376
1.32 -0.78 636.352576
1.32 -0.72 606.443776000001
1.32 -0.66 577.254976000001
1.32 -0.6 548.786176
1.32 -0.54 521.037376
1.32 -0.48 494.008576
1.32 -0.42 467.699776
1.32 -0.36 442.110976
1.32 -0.3 417.242176
1.32 -0.24 393.093376
1.32 -0.18 369.664576
1.32 -0.12 346.955776
1.32 -0.0600000000000001 324.966976
1.32 0 303.698176
1.32 0.0600000000000001 283.149376
1.32 0.12 263.320576
1.32 0.18 244.211776
1.32 0.24 225.822976
1.32 0.3 208.154176
1.32 0.36 191.205376
1.32 0.42 174.976576
1.32 0.48 159.467776
1.32 0.54 144.678976
1.32 0.6 130.610176
1.32 0.66 117.261376
1.32 0.72 104.632576
1.32 0.78 92.7237760000002
1.32 0.84 81.5349760000002
1.32 0.9 71.0661760000002
1.32 0.96 61.3173760000001
1.32 1.02 52.2885760000002
1.32 1.08 43.9797760000001
1.32 1.14 36.3909760000001
1.32 1.2 29.5221760000001
1.32 1.26 23.3733760000001
1.32 1.32 17.944576
1.32 1.38 13.2357760000001
1.32 1.44 9.24697600000002
1.32 1.5 5.97817600000004
1.32 1.56 3.42937600000004
1.32 1.62 1.60057600000002
1.32 1.68 0.491776000000014
1.32 1.74 0.102976
1.32 1.8 0.434175999999988
1.32 1.86 1.48537599999999
1.32 1.92 3.25657599999997
1.32 1.98 5.74777599999998
1.32 2.04 8.95897599999995
1.32 2.1 12.8901759999999
1.32 2.16 17.5413759999999
1.32 2.22 22.9125759999999
1.32 2.28 29.0037759999999
1.32 2.34 35.8149759999999
1.32 2.4 43.3461759999999
1.32 2.46 51.5973759999999
1.32 2.52 60.5685759999998
1.32 2.58 70.2597759999999
1.32 2.64 80.6709759999998
1.32 2.7 91.8021759999999
1.32 2.76 103.653376
1.32 2.82 116.224576
1.32 2.88 129.515776
1.32 2.94 143.526976
1.32 3 158.258176

1.38 -3 2405.458336
1.38 -2.94 2346.965536
1.38 -2.88 2289.192736
1.38 -2.82 2232.139936
1.38 -2.76 2175.807136
1.38 -2.7 2120.194336
1.38 -2.64 2065.301536
1.38 -2.58 2011.128736
1.38 -2.52 1957.675936
1.38 -2.46 1904.943136
1.38 -2.4 1852.930336
1.38 -2.34 1801.637536
1.38 -2.28 1751.064736
1.38 -2.22 1701.211936
1.38 -2.16 1652.079136
1.38 -2.1 1603.666336
1.38 -2.04 1555.973536
1.38 -1.98 1509.000736
1.38 -1.92 1462.747936
1.38 -1.86 1417.215136
1.38 -1.8 1372.402336
1.38 -1.74 1328.309536
1.38 -1.68 1284.936736
1.38 -1.62 1242.283936
1.38 -1.56 1200.351136
1.38 -1.5 1159.138336
1.38 -1.44 1118.645536
1.38 -1.38 1078.872736
1.38 -1.32 1039.819936
1.38 -1.26 1001.487136
1.38 -1.2 963.874336
1.38 -1.14 926.981536
1.38 -1.08 890.808736
1.38 -1.02 855.355936
1.38 -0.96 820.623136
1.38 -0.9 786.610336
1.38 -0.84 753.317536
1.38 -0.78 720.744736
1.38 -0.72 688.891936
1.38 -0.66 657.759136
1.38 -0.6 627.346336
1.38 -0.54 597.653536
1.38 -0.48 568.680736
1.38 -0.42 540.427936
1.38 -0.36 512.895136
1.38 -0.3 486.082336
1.38 -0.24 459.989536
1.38 -0.18 434.616736
1.38 -0.12 409.963936
1.38 -0.0600000000000001 386.031136
1.38 0 362.818336
1.38 0.0600000000000001 340.325536
1.38 0.12 318.552736
1.38 0.18 297.499936
1.38 0.24 277.167136
1.38 0.3 257.554336
1.38 0.36 238.661536
1.38 0.42 220.488736
1.38 0.48 203.035936
1.38 0.54 186.303136
1.38 0.6 170.290336
1.38 0.66 154.997536
1.38 0.72 140.424736
1.38 0.78 126.571936
1.38 0.84 113.439136
1.38 0.9 101.026336
1.38 0.96 89.3335359999999
1.38 1.02 78.360736
1.38 1.08 68.1079359999999
1.38 1.14 58.575136
1.38 1.2 49.7623359999999
1.38 1.26 41.669536
1.38 1.32 34.2967359999999
1.38 1.38 27.643936
1.38 1.44 21.7111359999999
1.38 1.5 16.498336
1.38 1.56 12.005536
1.38 1.62 8.23273599999997
1.38 1.68 5.179936
1.38 1.74 2.84713599999998
1.38 1.8 1.234336
1.38 1.86 0.341535999999994
1.38 1.92 0.168736000000001
1.38 1.98 0.715936000000012
1.38 2.04 1.98313600000001
1.38 2.1 3.970336
1.38 2.16 6.67753600000003
1.38 2.22 10.104736
1.38 2.28 14.251936
1.38 2.34 19.119136
1.38 2.4 24.7063360000001
1.38 2.46 31.013536
1.38 2.52 38.040736
1.38 2.58 45.7879360000001
1.38 2.64 54.255136
1.38 2.7 63.4423360000001
1.38 2.76 73.349536
1.38 2.82 83.9767360000001
1.38 2.88 95.323936
1.38 2.94 107.391136
1.38 3 120.178336

1.44 -3 2574.335296
1.44 -2.94 2513.812096
1.44 -2.88 2454.008896
1.44 -2.82 2394.925696
1.44 -2.76 2336.562496
1.44 -2.7 2278.919296
1.44 -2.64 2221.996096
1.44 -2.58 2165.792896
1.44 -2.52 2110.309696
1.44 -2.46 2055.546496
1.44 -2.4 2001.503296
1.44 -2.34 1948.180096
1.44 -2.28 1895.576896
1.44 -2.22 1843.693696
1.44 -2.16 1792.530496
1.44 -2.1 1742.087296
1.44 -2.04 1692.364096
1.44 -1.98 1643.360896
1.44 -1.92 1595.077696
1.44 -1.86 1547.514496
1.44 -1.8 1500.671296
1.44 -1.74 1454.548096
1.44 -1.68 1409.144896
1.44 -1.62 1364.461696
1.44 -1.56 1320.498496
1.44 -1.5 1277.255296
1.44 -1.44 1234.732096
1.44 -1.38 1192.928896
1.44 -1.32 1151.845696
1.44 -1.26 1111.482496
1.44 -1.2 1071.839296
1.44 -1.14 1032.916096
1.44 -1.08 994.712896000001
1.44 -1.02 957.229696000001
1.44 -0.96 920.466496000001
1.44 -0.9 884.423296000001
1.44 -0.84 849.100096
1.44 -0.78 814.496896000001
1.44 -0.72 780.613696000001
1.44 -0.66 747.450496000001
1.44 -0.6 715.007296000001
1.44 -0.54 683.284096000001
1.44 -0.48 652.280896000001
1.44 -0.42 621.997696000001
1.44 -0.36 592.434496000001
1.44 -0.3 563.591296000001
1.44 -0.24 535.468096000001
1.44 -0.18 508.064896000001
1.44 -0.12 481.381696000001
1.44 -0.0600000000000001 455.418496000001
1.44 0 430.175296
1.44 0.0600000000000001 405.652096
1.44 0.12 381.848896
1.44 0.18 358.765696
1.44 0.24 336.402496
1.44 0.3 314.759296000001
1.44 0.36 293.836096
1.44 0.42 273.632896
1.44 0.48 254.149696
1.44 0.54 235.386496
1.44 0.6 217.343296
1.44 0.66 200.020096
1.44 0.72 183.416896
1.44 0.78 167.533696
1.44 0.84 152.370496
1.44 0.9 137.927296
1.44 0.96 124.204096
1.44 1.02 111.200896
1.44 1.08 98.9176960000002
1.44 1.14 87.3544960000003
1.44 1.2 76.5112960000002
1.44 1.26 66.3880960000002
1.44 1.32 56.9848960000001
1.44 1.38 48.3016960000002
1.44 1.44 40.3384960000001
1.44 1.5 33.0952960000001
1.44 1.56 26.5720960000002
1.44 1.62 20.7688960000001
1.44 1.68 15.6856960000001
1.44 1.74 11.3224960000001
1.44 1.8 7.67929600000008
1.44 1.86 4.75609600000004
1.44 1.92 2.55289600000004
1.44 1.98 1.06969600000002
1.44 2.04 0.306496000000008
1.44 2.1 0.263295999999992
1.44 2.16 0.940095999999982
1.44 2.22 2.33689599999996
1.44 2.28 4.45369599999996
1.44 2.34 7.29049599999993
1.44 2.4 10.8472959999999
1.44 2.46 15.1240959999999
1.44 2.52 20.1208959999999
1.44 2.58 25.8376959999999
1.44 2.64 32.2744959999998
1.44 2.7 39.4312959999999
1.44 2.76 47.3080959999998
1.44 2.82 55.9048959999999
1.44 2.88 65.2216959999998
1.44 2.94 75.2584959999999
1.44 3 86.0152959999998

1.5 -3 2756.5
1.5 -2.94 2693.86
1.5 -2.88 2631.94
1.5 -2.82 2570.74
1.5 -2.76 2510.26
1.5 -2.7 2450.5
1.5 -2.64 2391.46
1.5 -2.58 2333.14
1.5 -2.52 2275.54
1.5 -2.46 2218.66
1.5 -2.4 2162.5
1.5 -2.34 2107.06
1.5 -2.28 2052.34
1.5 -2.22 1998.34
1.5 -2.16 1945.06
1.5 -2.1 1892.5
1.5 -2.04 1840.66
1.5 -1.98 1789.54
1.5 -1.92 1739.14
1.5 -1.86 1689.46
1.5 -1.8 1640.5
1.5 -1.74 1592.26
1.5 -1.68 1544.74
1.5 -1.62 1497.94
1.5 -1.56 1451.86
1.5 -1.5 1406.5
1.5 -1.44 1361.86
1.5 -1.38 1317.94
1.5 -1.32 1274.74
1.5 -1.26 1232.26
1.5 -1.2 1190.5
1.5 -1.14 1149.46
1.5 -1.08 1109.14
1.5 -1.02 1069.54
1.5 -0.96 1030.66
1.5 -0.9 992.5
1.5 -0.84 955.06
1.5 -0.78 918.34
1.5 -0.72 882.34
1.5 -0.66 847.06
1.5 -0.6 812.5
1.5 -0.54 778.66
1.5 -0.48 745.54
1.5 -0.42 713.14
1.5 -0.36 681.46
1.5 -0.3 650.5
1.5 -0.24 620.26
1.5 -0.18 590.74
1.5 -0.12 561.94
1.5 -0.0600000000000001 533.86
1.5 0 506.5
1.5 0.0600000000000001 479.86
1.5 0.12 453.94
1.5 0.18 428.74
1.5 0.24 404.26
1.5 0.3 380.5
1.5 0.36 357.46
1.5 0.42 335.14
1.5 0.48 313.54
1.5 0.54 292.66
1.5 0.6 272.5
1.5 0.66 253.06
1.5 0.72 234.34
1.5 0.78 216.34
1.5 0.84 199.06
1.5 0.9 182.5
1.5 0.96 166.66
1.5 1.02 151.54
1.5 1.08 137.14
1.5 1.14 123.46
1.5 1.2 110.5
1.5 1.26 98.26
1.5 1.32 86.7399999999999
1.5 1.38 75.94
1.5 1.44 65.8599999999999
1.5 1.5 56.5
1.5 1.56 47.86
1.5 1.62 39.94
1.5 1.68 32.74
1.5 1.74 26.26
1.5 1.8 20.5
1.5 1.86 15.46
1.5 1.92 11.14
1.5 1.98 7.53999999999998
1.5 2.04 4.66
1.5 2.1 2.50000000000001
1.5 2.16 1.06
1.5 2.22 0.340000000000002
1.5 2.28 0.340000000000002
1.5 2.34 1.06
1.5 2.4 2.50000000000001
1.5 2.46 4.66
1.5 2.52 7.53999999999998
1.5 2.58 11.14
1.5 2.64 15.46
1.5 2.7 20.5
1.5 2.76 26.26
1.5 2.82 32.74
1.5 2.88 39.94
1.5 2.94 47.86
1.5 3 56.5

1.56 -3 2952.714496
1.56 -2.94 2887.871296
1.56 -2.88 2823.748096
1.56 -2.82 2760.344896
1.56 -2.76 2697.661696
1.56 -2.7 2635.698496
1.56 -2.64 2574.455296
1.56 -2.58 2513.932096
1.56 -2.52 2454.128896
1.56 -2.46 2395.045696
1.56 -2.4 2336.682496
1.56 -2.34 2279.039296
1.56 -2.28 2222.116096
1.56 -2.22 2165.912896
1.56 -2.16 2110.429696
1.56 -2.1 2055.666496
1.56 -2.04 2001.623296
1.56 -1.98 1948.300096
1.56 -1.92 1895.696896
1.56 -1.86 1843.813696
1.56 -1.8 1792.650496
1.56 -1.74 1742.207296
1.56 -1.68 1692.484096
1.56 -1.62 1643.480896
1.56 -1.56 1595.197696
1.56 -1.5 1547.634496
1.56 -1.44 1500.791296
1.56 -1.38 1454.668096
1.56 -1.32 1409.264896
1.56 -1.26 1364.581696
1.56 -1.2 1320.618496
1.56 -1.14 1277.375296
1.56 -1.08 1234.852096
1.56 -1.02 1193.048896
1.56 -0.96 1151.965696
1.56 -0.9 1111.602496
1.56 -0.84 1071.959296
1.56 -0.78 1033.036096
1.56 -0.72 994.832895999999
1.56 -0.66 957.349695999999
1.56 -0.6 920.586495999999
1.56 -0.54 884.543295999999
1.56 -0.48 849.220095999999
1.56 -0.42 814.616895999999
1.56 -0.36 780.733695999999
1.56 -0.3 747.570495999999
1.56 -0.24 715.127295999999
1.56 -0.18 683.404096
1.56 -0.12 652.400895999999
1.56 -0.0600000000000001 622.117695999999
1.56 0 592.554495999999
1.56 0.0600000000000001 563.711295999999
1.56 0.12 535.588095999999
1.56 0.18 508.184895999999
1.56 0.24 481.501695999999
1.56 0.3 455.538496
1.56 0.36 430.295296
1.56 0.42 405.772096
1.56 0.48 381.968896
1.56 0.54 358.885696
1.56 0.6 336.522496
1.56 0.66 314.879296
1.56 0.72 293.956096
1.56 0.78 273.752896
1.56 0.84 254.269696
1.56 0.9 235.506496
1.56 0.96 217.463296
1.56 1.02 200.140096
1.56 1.08 183.536896
1.56 1.14 167.653696
1.56 1.2 152.490496
1.56 1.26 138.047296
1.56 1.32 124.324096
1.56 1.38 111.320896
1.56 1.44 99.0376959999997
1.56 1.5 87.4744959999998
1.56 1.56 76.6312959999999
1.56 1.62 66.5080959999998
1.56 1.68 57.1048959999999
1.56 1.74 48.4216959999998
1.56 1.8 40.4584959999999
1.56 1.86 33.2152959999998
1.56 1.92 26.6920959999999
1.56 1.98 20.8888959999999
1.56 2.04 15.8056959999999
1.56 2.1 11.4424959999999
1.56 2.16 7.79929599999993
1.56 2.22 4.87609599999996
1.56 2.28 2.67289599999996
1.56 2.34 1.18969599999998
1.56 2.4 0.42649599999999
1.56 2.46 0.383296000000005
1.56 2.52 1.06009600000001
1.56 2.58 2.45689600000003
1.56 2.64 4.57369600000003
1.56 2.7 7.41049600000007
1.56 2.76 10.9672960000001
1.56 2.82 15.2440960000001
1.56 2.88 20.2408960000001
1.56 2.94 25.9576960000002
1.56 3 32.3944960000001

1.62 -3 3163.771936
1.62 -2.94 3096.639136
1.62 -2.88 3030.226336
1.62 -2.82 2964.533536
1.62 -2.76 2899.560736
1.62 -2.7 2835.307936
1.62 -2.64 2771.775136
1.62 -2.58 2708.962336
1.62 -2.52 2646.869536
1.62 -2.46 2585.496736
1.62 -2.4 2524.843936
1.62 -2.34 2464.911136
1.62 -2.28 2405.698336
1.62 -2.22 2347.205536
1.62 -2.16 2289.432736
1.62 -2.1 2232.379936
1.62 -2.04 2176.047136
1.62 -1.98 2120.434336
1.62 -1.92 2065.541536
1.62 -1.86 2011.368736
1.62 -1.8 1957.915936
1.62 -1.74 1905.183136
1.62 -1.68 1853.170336
1.62 -1.62 1801.877536
1.62 -1.56 1751.304736
1.62 -1.5 1701.451936
1.62 -1.44 1652.319136
1.62 -1.38 1603.906336
1.62 -1.32 1556.213536
1.62 -1.26 1509.240736
1.62 -1.2 1462.987936
1.62 -1.14 1417.455136
1.62 -1.08 1372.642336
1.62 -1.02 1328.549536
1.62 -0.96 1285.176736
1.62 -0.9 1242.523936
1.62 -0.84 1200.591136
1.62 -0.78 1159.378336
1.62 -0.72 1118.885536
1.62 -0.66 1079.112736
1.62 -0.6 1040.059936
1.62 -0.54 1001.727136
1.62 -0.48 964.114336
1.62 -0.42 927.221536
1.62 -0.36 891.048736
1.62 -0.3 855.595936
1.62 -0.24 820.863136000001
1.62 -0.18 786.850336
1.62 -0.12 753.557536
1.62 -0.0600000000000001 720.984736
1.62 0 689.131936
1.62 0.0600000000000001 657.999136
1.62 0.12 627.586336
1.62 0.18 597.893536
1.62 0.24 568.920736
1.62 0.3 540.667936
1.62 0.36 513.135136
1.62 0.42 486.322336
1.62 0.48 460.229536
1.62 0.54 434.856736
1.62 0.6 410.203936
1.62 0.66 386.271136
1.62 0.72 363.058336
1.62 0.78 340.565536
1.62 0.84 318.792736
1.62 0.9 297.739936
1.62 0.96 277.407136
1.62 1.02 257.794336
1.62 1.08 238.901536
1.62 1.14 220.728736
1.62 1.2 203.275936
1.62 1.26 186.543136
1.62 1.32 170.530336
1.62 1.38 155.237536
1.62 1.44 140.664736
1.62 1.5 126.811936
1.62 1.56 113.679136
1.62 1.62 101.266336
1.62 1.68 89.5735360000001
1.62 1.74 78.6007360000001
1.62 1.8 68.3479360000001
1.62 1.86 58.815136
1.62 1.92 50.0023360000001
1.62 1.98 41.909536
1.62 2.04 34.5367360000001
1.62 2.1 27.8839360000001
1.62 2.16 21.951136
1.62 2.22 16.7383360000001
1.62 2.28 12.245536
1.62 2.34 8.47273600000004
1.62 2.4 5.41993600000001
1.62 2.46 3.08713600000002
1.62 2.52 1.47433600000002
1.62 2.58 0.581536000000004
1.62 2.64 0.408735999999998
1.62 2.7 0.955935999999995
1.62 2.76 2.22313599999998
1.62 2.82 4.21033599999999
1.62 2.88 6.91753599999997
1.62 2.94 10.344736
1.62 3 14.491936

1.68 -3 3390.496576
1.68 -2.94 3320.987776
1.68 -2.88 3252.198976
1.68 -2.82 3184.130176
1.68 -2.76 3116.781376
1.68 -2.7 3050.152576
1.68 -2.64 2984.243776
1.68 -2.58 2919.054976
1.68 -2.52 2854.586176
1.68 -2.46 2790.837376
1.68 -2.4 2727.808576
1.68 -2.34 2665.499776
1.68 -2.28 2603.910976
1.68 -2.22 2543.042176
1.68 -2.16 2482.893376
1.68 -2.1 2423.464576
1.68 -2.04 2364.755776
1.68 -1.98 2306.766976
1.68 -1.92 2249.498176
1.68 -1.86 2192.949376
1.68 -1.8 2137.120576
1.68 -1.74 2082.011776
1.68 -1.68 2027.622976
1.68 -1.62 1973.954176
1.68 -1.56 1921.005376
1.68 -1.5 1868.776576
1.68 -1.44 1817.267776
1.68 -1.38 1766.478976
1.68 -1.32 1716.410176
1.68 -1.26 1667.061376
1.68 -1.2 1618.432576
1.68 -1.14 1570.523776
1.68 -1.08 1523.334976
1.68 -1.02 1476.866176
1.68 -0.96 1431.117376
1.68 -0.9 1386.088576
1.68 -0.84 1341.779776
1.68 -0.78 1298.190976
1.68 -0.72 1255.322176
1.68 -0.66 1213.173376
1.68 -0.6 1171.744576
1.68 -0.54 1131.035776
1.68 -0.48 1091.046976
1.68 -0.42 1051.778176
1.68 -0.36 1013.229376
1.68 -0.3 975.400575999999
1.68 -0.24 938.291776
1.68 -0.18 901.902976
1.68 -0.12 866.234175999999
1.68 -0.0600000000000001 831.285376
1.68 0 797.056575999999
1.68 0.0600000000000001 763.547775999999
1.68 0.12 730.758976
1.68 0.18 698.690175999999
1.68 0.24 667.341376
1.68 0.3 636.712576
1.68 0.36 606.803776
1.68 0.42 577.614976
1.68 0.48 549.146176
1.68 0.54 521.397376
1.68 0.6 494.368576
1.68 0.66 468.059776
1.68 0.72 442.470976
1.68 0.78 417.602176
1.68 0.84 393.453376
1.68 0.9 370.024576
1.68 0.96 347.315776
1.68 1.02 325.326976
1.68 1.08 304.058176
1.68 1.14 283.509376
1.68 1.2 263.680576
1.68 1.26 244.571776
1.68 1.32 226.182976
1.68 1.38 208.514176
1.68 1.44 191.565376
1.68 1.5 175.336576
1.68 1.56 159.827776
1.68 1.62 145.038976
1.68 1.68 130.970176
1.68 1.74 117.621376
1.68 1.8 104.992576
1.68 1.86 93.0837759999998
1.68 1.92 81.8949759999999
1.68 1.98 71.4261759999998
1.68 2.04 61.6773759999999
1.68 2.1 52.6485759999999
1.68 2.16 44.3397759999999
1.68 2.22 36.7509759999999
1.68 2.28 29.8821759999999
1.68 2.34 23.7333759999999
1.68 2.4 18.3045759999999
1.68 2.46 13.5957759999999
1.68 2.52 9.60697599999997
1.68 2.58 6.33817599999995
1.68 2.64 3.78937599999998
1.68 2.7 1.96057599999997
1.68 2.76 0.851775999999991
1.68 2.82 0.462975999999999
1.68 2.88 0.794176000000008
1.68 2.94 1.84537600000003
1.68 3 3.61657600000003

1.74 -3 3633.743776
1.74 -2.94 3561.772576
1.74 -2.88 3490.521376
1.74 -2.82 3419.990176
1.74 -2.76 3350.178976
1.74 -2.7 3281.087776
1.74 -2.64 3212.716576
1.74 -2.58 3145.065376
1.74 -2.52 3078.134176
1.74 -2.46 3011.922976
1.74 -2.4 2946.431776
1.74 -2.34 2881.660576
1.74 -2.28 2817.609376
1.74 -2.22 2754.278176
1.74 -2.16 2691.666976
1.74 -2.1 2629.775776
1.74 -2.04 2568.604576
1.74 -1.98 2508.153376
1.74 -1.92 2448.422176
1.74 -1.86 2389.410976
1.74 -1.8 2331.119776
1.74 -1.74 2273.548576
1.74 -1.68 2216.697376
1.74 -1.62 2160.566176
1.74 -1.56 2105.154976
1.74 -1.5 2050.463776
1.74 -1.44 1996.492576
1.74 -1.38 1943.241376
1.74 -1.32 1890.710176
1.74 -1.26 1838.898976
1.74 -1.2 1787.807776
1.74 -1.14 1737.436576
1.74 -1.08 1687.785376
1.74 -1.02 1638.854176
1.74 -0.96 1590.642976
1.74 -0.9 1543.151776
1.74 -0.84 1496.380576
1.74 -0.78 1450.329376
1.74 -0.72 1404.998176
1.74 -0.66 1360.386976
1.74 -0.6 1316.495776
1.74 -0.54 1273.324576
1.74 -0.48 1230.873376
1.74 -0.42 1189.142176
1.74 -0.36 1148.130976
1.74 -0.3 1107.839776
1.74 -0.24 1068.268576
1.74 -0.18 1029.417376
1.74 -0.12 991.286176000001
1.74 -0.0600000000000001 953.874976000001
1.74 0 917.183776000001
1.74 0.0600000000000001 881.212576000001
1.74 0.12 845.961376000001
1.74 0.18 811.430176
1.74 0.24 777.618976
1.74 0.3 744.527776000001
1.74 0.36 712.156576000001
1.74 0.42 680.505376000001
1.74 0.48 649.574176000001
1.74 0.54 619.362976
1.74 0.6 589.871776
1.74 0.66 561.100576
1.74 0.72 533.049376
1.74 0.78 505.718176000001
1.74 0.84 479.106976
1.74 0.9 453.215776
1.74 0.96 428.044576
1.74 1.02 403.593376000001
1.74 1.08 379.862176
1.74 1.14 356.850976
1.74 1.2 334.559776
1.74 1.26 312.988576
1.74 1.32 292.137376
1.74 1.38 272.006176
1.74 1.44 252.594976
1.74 1.5 233.903776
1.74 1.56 215.932576
1.74 1.62 198.681376
1.74 1.68 182.150176
1.74 1.74 166.338976
1.74 1.8 151.247776
1.74 1.86 136.876576
1.74 1.92 123.225376
1.74 1.98 110.294176
1.74 2.04 98.0829760000002
1.74 2.1 86.5917760000002
1.74 2.16 75.8205760000001
1.74 2.22 65.7693760000002
1.74 2.28 56.4381760000001
1.74 2.34 47.8269760000002
1.74 2.4 39.9357760000001
1.74 2.46 32.7645760000001
1.74 2.52 26.3133760000001
1.74 2.58 20.5821760000001
1.74 2.64 15.5709760000001
1.74 2.7 11.2797760000001
1.74 2.76 7.70857600000006
1.74 2.82 4.85737600000003
1.74 2.88 2.72617600000003
1.74 2.94 1.31497600000001
1.74 3 0.623776000000006

1.8 -3 3894.4
1.8 -2.94 3819.88
1.8 -2.88 3746.08
1.8 -2.82 3673
1.8 -2.76 3600.64
1.8 -2.7 3529
1.8 -2.64 3458.08
1.8 -2.58 3387.88
1.8 -2.52 3318.4
1.8 -2.46 3249.64
1.8 -2.4 3181.6
1.8 -2.34 3114.28
1.8 -2.28 3047.68
1.8 -2.22 2981.8
1.8 -2.16 2916.64
1.8 -2.1 2852.2
1.8 -2.04 2788.48
1.8 -1.98 2725.48
1.8 -1.92 2663.2
1.8 -1.86 2601.64
1.8 -1.8 2540.8
1.8 -1.74 2480.68
1.8 -1.68 2421.28
1.8 -1.62 2362.6
1.8 -1.56 2304.64
1.8 -1.5 2247.4
1.8 -1.44 2190.88
1.8 -1.38 2135.08
1.8 -1.32 2080
1.8 -1.26 2025.64
1.8 -1.2 1972
1.8 -1.14 1919.08
1.8 -1.08 1866.88
1.8 -1.02 1815.4
1.8 -0.96 1764.64
1.8 -0.9 1714.6
1.8 -0.84 1665.28
1.8 -0.78 1616.68
1.8 -0.72 1568.8
1.8 -0.66 1521.64
1.8 -0.6 1475.2
1.8 -0.54 1429.48
1.8 -0.48 1384.48
1.8 -0.42 1340.2
1.8 -0.36 1296.64
1.8 -0.3 1253.8
1.8 -0.24 1211.68
1.8 -0.18 1170.28
1.8 -0.12 1129.6
1.8 -0.0600000000000001 1089.64
1.8 0 1050.4
1.8 0.0600000000000001 1011.88
1.8 0.12 974.08
1.8 0.18 936.999999999999
1.8 0.24 900.639999999999
1.8 0.3 865
1.8 0.36 830.08
1.8 0.42 795.88
1.8 0.48 762.4
1.8 0.54 729.64
1.8 0.6 697.6
1.8 0.66 666.28
1.8 0.72 635.68
1.8 0.78 605.8
1.8 0.84 576.64
1.8 0.9 548.2
1.8 0.96 520.48
1.8 1.02 493.48
1.8 1.08 467.2
1.8 1.14 441.64
1.8 1.2 416.8
1.8 1.26 392.68
1.8 1.32 369.28
1.8 1.38 346.6
1.8 1.44 324.64
1.8 1.5 303.4
1.8 1.56 282.88
1.8 1.62 263.08
1.8 1.68 244
1.8 1.74 225.64
1.8 1.8 208
1.8 1.86 191.08
1.8 1.92 174.88
1.8 1.98 159.4
1.8 2.04 144.64
1.8 2.1 130.6
1.8 2.16 117.28
1.8 2.22 104.68
1.8 2.28 92.7999999999998
1.8 2.34 81.6399999999999
1.8 2.4 71.1999999999998
1.8 2.46 61.4799999999999
1.8 2.52 52.48
1.8 2.58 44.1999999999999
1.8 2.64 36.64
1.8 2.7 29.7999999999999
1.8 2.76 23.68
1.8 2.82 18.2799999999999
1.8 2.88 13.6
1.8 2.94 9.63999999999994
1.8 3 6.39999999999997

1.86 -3 4173.382816
1.86 -2.94 4096.227616
1.86 -2.88 4019.792416
1.86 -2.82 3944.077216
1.86 -2.76 3869.082016
1.86 -2.7 3794.806816
1.86 -2.64 3721.251616
1.86 -2.58 3648.416416
1.86 -2.52 3576.301216
1.86 -2.46 3504.906016
1.86 -2.4 3434.230816
1.86 -2.34 3364.275616
1.86 -2.28 3295.040416
1.86 -2.22 3226.525216
1.86 -2.16 3158.730016
1.86 -2.1 3091.654816
1.86 -2.04 3025.299616
1.86 -1.98 2959.664416
1.86 -1.92 2894.749216
1.86 -1.86 2830.554016
1.86 -1.8 2767.078816
1.86 -1.74 2704.323616
1.86 -1.68 2642.288416
1.86 -1.62 2580.973216
1.86 -1.56 2520.378016
1.86 -1.5 2460.502816
1.86 -1.44 2401.347616
1.86 -1.38 2342.912416
1.86 -1.32 2285.197216
1.86 -1.26 2228.202016
1.86 -1.2 2171.926816
1.86 -1.14 2116.371616
1.86 -1.08 2061.536416
1.86 -1.02 2007.421216
1.86 -0.96 1954.026016
1.86 -0.9 1901.350816
1.86 -0.84 1849.395616
1.86 -0.78 1798.160416
1.86 -0.72 1747.645216
1.86 -0.66 1697.850016
1.86 -0.6 1648.774816
1.86 -0.54 1600.419616
1.86 -0.48 1552.784416
1.86 -0.42 1505.869216
1.86 -0.36 1459.674016
1.86 -0.3 1414.198816
1.86 -0.24 1369.443616
1.86 -0.18 1325.408416
1.86 -0.12 1282.093216
1.86 -0.0600000000000001 1239.498016
1.86 0 1197.622816
1.86 0.0600000000000001 1156.467616
1.86 0.12 1116.032416
1.86 0.18 1076.317216
1.86 0.24 1037.322016
1.86 0.3 999.046816000001
1.86 0.36 961.491616000001
1.86 0.42 924.656416000001
1.86 0.48 888.541216000001
1.86 0.54 853.146016000001
1.86 0.6 818.470816000001
1.86 0.66 784.515616000001
1.86 0.72 751.280416000001
1.86 0.78 718.765216000001
1.86 0.84 686.970016000001
1.86 0.9 655.894816000001
1.86 0.96 625.539616000001
1.86 1.02 595.904416000001
1.86 1.08 566.989216000001
1.86 1.14 538.794016000001
1.86 1.2 511.318816000001
1.86 1.26 484.563616000001
1.86 1.32 458.528416
1.86 1.38 433.213216000001
1.86 1.44 408.618016
1.86 1.5 384.742816000001
1.86 1.56 361.587616000001
1.86 1.62 339.152416
1.86 1.68 317.437216000001
1.86 1.74 296.442016
1.86 1.8 276.166816
1.86 1.86 256.611616
1.86 1.92 237.776416
1.86 1.98 219.661216
1.86 2.04 202.266016
1.86 2.1 185.590816
1.86 2.16 169.635616
1.86 2.22 154.400416
1.86 2.28 139.885216
1.86 2.34 126.090016
1.86 2.4 113.014816
1.86 2.46 100.659616
1.86 2.52 89.0244160000003
1.86 2.58 78.1092160000002
1.86 2.64 67.9140160000003
1.86 2.7 58.4388160000002
1.86 2.76 49.6836160000002
1.86 2.82 41.6484160000001
1.86 2.88 34.3332160000002
1.86 2.94 27.7380160000001
1.86 3 21.8628160000001

1.92 -3 4471.640896
1.92 -2.94 4391.764096
1.92 -2.88 4312.607296
1.92 -2.82 4234.170496
1.92 -2.76 4156.453696
1.92 -2.7 4079.456896
1.92 -2.64 4003.180096
1.92 -2.58 3927.623296
1.92 -2.52 3852.786496
1.92 -2.46 3778.669696
1.92 -2.4 3705.272896
1.92 -2.34 3632.596096
1.92 -2.28 3560.639296
1.92 -2.22 3489.402496
1.92 -2.16 3418.885696
1.92 -2.1 3349.088896
1.92 -2.04 3280.012096
1.92 -1.98 3211.655296
1.92 -1.92 3144.018496
1.92 -1.86 3077.101696
1.92 -1.8 3010.904896
1.92 -1.74 2945.428096
1.92 -1.68 2880.671296
1.92 -1.62 2816.634496
1.92 -1.56 2753.317696
1.92 -1.5 2690.720896
1.92 -1.44 2628.844096
1.92 -1.38 2567.687296
1.92 -1.32 2507.250496
1.92 -1.26 2447.533696
1.92 -1.2 2388.536896
1.92 -1.14 2330.260096
1.92 -1.08 2272.703296
1.92 -1.02 2215.866496
1.92 -0.96 2159.749696
1.92 -0.9 2104.352896
1.92 -0.84 2049.676096
1.92 -0.78 1995.719296
1.92 -0.72 1942.482496
1.92 -0.66 1889.965696
1.92 -0.6 1838.168896
1.92 -0.54 1787.092096
1.92 -0.48 1736.735296
1.92 -0.42 1687.098496
1.92 -0.36 1638.181696
1.92 -0.3 1589.984896
1.92 -0.24 1542.508096
1.92 -0.18 1495.751296
1.92 -0.12 1449.714496
1.92 -0.0600000000000001 1404.397696
1.92 0 1359.800896
1.92 0.0600000000000001 1315.924096
1.92 0.12 1272.767296
1.92 0.18 1230.330496
1.92 0.24 1188.613696
1.92 0.3 1147.616896
1.92 0.36 1107.340096
1.92 0.42 1067.783296
1.92 0.48 1028.946496
1.92 0.54 990.829696
1.92 0.6 953.432896
1.92 0.66 916.756096
1.92 0.72 880.799296
1.92 0.78 845.562496
1.92 0.84 811.045696
1.92 0.9 777.248896
1.92 0.96 744.172096
1.92 1.02 711.815296
1.92 1.08 680.178496
1.92 1.14 649.261696
1.92 1.2 619.064896
1.92 1.26 589.588096
1.92 1.32 560.831296
1.92 1.38 532.794496
1.92 1.44 505.477696
1.92 1.5 478.880896
1.92 1.56 453.004096
1.92 1.62 427.847296
1.92 1.68 403.410496
1.92 1.74 379.693696
1.92 1.8 356.696896
1.92 1.86 334.420096
1.92 1.92 312.863296
1.92 1.98 292.026496
1.92 2.04 271.909696
1.92 2.1 252.512896
1.92 2.16 233.836096
1.92 2.22 215.879296
1.92 2.28 198.642496
1.92 2.34 182.125696
1.92 2.4 166.328896
1.92 2.46 151.252096
1.92 2.52 136.895296
1.92 2.58 123.258496
1.92 2.64 110.341696
1.92 2.7 98.1448959999999
1.92 2.76 86.668096
1.92 2.82 75.9112959999999
1.92 2.88 65.874496
1.92 2.94 56.5576959999999
1.92 3 47.960896

1.98 -3 4790.154016
1.98 -2.94 4707.469216
1.98 -2.88 4625.504416
1.98 -2.82 4544.259616
1.98 -2.76 4463.734816
1.98 -2.7 4383.930016
1.98 -2.64 4304.845216
1.98 -2.58 4226.480416
1.98 -2.52 4148.835616
1.98 -2.46 4071.910816
1.98 -2.4 3995.706016
1.98 -2.34 3920.221216
1.98 -2.28 3845.456416
1.98 -2.22 3771.411616
1.98 -2.16 3698.086816
1.98 -2.1 3625.482016
1.98 -2.04 3553.597216
1.98 -1.98 3482.432416
1.98 -1.92 3411.987616
1.98 -1.86 3342.262816
1.98 -1.8 3273.258016
1.98 -1.74 3204.973216
1.98 -1.68 3137.408416
1.98 -1.62 3070.563616
1.98 -1.56 3004.438816
1.98 -1.5 2939.034016
1.98 -1.44 2874.349216
1.98 -1.38 2810.384416
1.98 -1.32 2747.139616
1.98 -1.26 2684.614816
1.98 -1.2 2622.810016
1.98 -1.14 2561.725216
1.98 -1.08 2501.360416
1.98 -1.02 2441.715616
1.98 -0.96 2382.790816
1.98 -0.9 2324.586016
1.98 -0.84 2267.101216
1.98 -0.78 2210.336416
1.98 -0.72 2154.291616
1.98 -0.66 2098.966816
1.98 -0.6 2044.362016
1.98 -0.54 1990.477216
1.98 -0.48 1937.312416
1.98 -0.42 1884.867616
1.98 -0.36 1833.142816
1.98 -0.3 1782.138016
1.98 -0.24 1731.853216
1.98 -0.18 1682.288416
1.98 -0.12 1633.443616
1.98 -0.0600000000000001 1585.318816
1.98 0 1537.914016
1.98 0.0600000000000001 1491.229216
1.98 0.12 1445.264416
1.98 0.18 1400.019616
1.98 0.24 1355.494816
1.98 0.3 1311.690016
1.98 0.36 1268.605216
1.98 0.42 1226.240416
1.98 0.48 1184.595616
1.98 0.54 1143.670816
1.98 0.6 1103.466016
1.98 0.66 1063.981216
1.98 0.72 1025.216416
1.98 0.78 987.171616000001
1.98 0.84 949.846816000001
1.98 0.9 913.242016000001
1.98 0.96 877.357216000001
1.98 1.02 842.192416000001
1.98 1.08 807.747616000001
1.98 1.14 774.022816000001
1.98 1.2 741.018016000001
1.98 1.26 708.733216000001
1.98 1.32 677.168416000001
1.98 1.38 646.323616000001
1.98 1.44 616.198816000001
1.98 1.5 586.794016000001
1.98 1.56 558.109216000001
1.98 1.62 530.144416000001
1.98 1.68 502.899616000001
1.98 1.74 476.374816000001
1.98 1.8 450.570016000001
1.98 1.86 425.485216000001
1.98 1.92 401.120416000001
1.98 1.98 377.475616
1.98 2.04 354.550816000001
1.98 2.1 332.346016000001
1.98 2.16 310.861216000001
1.98 2.22 290.096416000001
1.98 2.28 270.051616
1.98 2.34 250.726816000001
1.98 2.4 232.122016
1.98 2.46 214.237216
1.98 2.52 197.072416000001
1.98 2.58 180.627616
1.98 2.64 164.902816
1.98 2.7 149.898016
1.98 2.76 135.613216
1.98 2.82 122.048416
1.98 2.88 109.203616
1.98 2.94 97.0788160000003
1.98 3 85.6740160000003

2.04 -3 5129.933056
2.04 -2.94 5044.353856
2.04 -2.88 4959.494656
2.04 -2.82 4875.355456
2.04 -2.76 4791.936256
2.04 -2.7 4709.237056
2.04 -2.64 4627.257856
2.04 -2.58 4545.998656
2.04 -2.52 4465.459456
2.04 -2.46 4385.640256
2.04 -2.4 4306.541056
2.04 -2.34 4228.161856
2.04 -2.28 4150.502656
2.04 -2.22 4073.563456
2.04 -2.16 3997.344256
2.04 -2.1 3921.845056
2.04 -2.04 3847.065856
2.04 -1.98 3773.006656
2.04 -1.92 3699.667456
2.04 -1.86 3627.048256
2.04 -1.8 3555.149056
2.04 -1.74 3483.969856
2.04 -1.68 3413.510656
2.04 -1.62 3343.771456
2.04 -1.56 3274.752256
2.04 -1.5 3206.453056
2.04 -1.44 3138.873856
2.04 -1.38 3072.014656
2.04 -1.32 3005.875456
2.04 -1.26 2940.456256
2.04 -1.2 2875.757056
2.04 -1.14 2811.777856
2.04 -1.08 2748.518656
2.04 -1.02 2685.979456
2.04 -0.96 2624.160256
2.04 -0.9 2563.061056
2.04 -0.84 2502.681856
2.04 -0.78 2443.022656
2.04 -0.72 2384.083456
2.04 -0.66 2325.864256
2.04 -0.6 2268.365056
2.04 -0.54 2211.585856
2.04 -0.48 2155.526656
2.04 -0.42 2100.187456
2.04 -0.36 2045.568256
2.04 -0.3 1991.669056
2.04 -0.24 1938.489856
2.04 -0.18 1886.030656
2.04 -0.12 1834.291456
2.04 -0.0600000000000001 1783.272256
2.04 0 1732.973056
2.04 0.0600000000000001 1683.393856
2.04 0.12 1634.534656
2.04 0.18 1586.395456
2.04 0.24 1538.976256
2.04 0.3 1492.277056
2.04 0.36 1446.297856
2.04 0.42 1401.038656
2.04 0.48 1356.499456
2.04 0.54 1312.680256
2.04 0.6 1269.581056
2.04 0.66 1227.201856
2.04 0.72 1185.542656
2.04 0.78 1144.603456
2.04 0.84 1104.384256
2.04 0.9 1064.885056
2.04 0.96 1026.105856
2.04 1.02 988.046656
2.04 1.08 950.707456
2.04 1.14 914.088256
2.04 1.2 878.189056
2.04 1.26 843.009856
2.04 1.32 808.550656
2.04 1.38 774.811456
2.04 1.44 741.792256
2.04 1.5 709.493056
2.04 1.56 677.913856
2.04 1.62 647.054656
2.04 1.68 616.915456
2.04 1.74 587.496256
2.04 1.8 558.797056
2.04 1.86 530.817856
2.04 1.92 503.558656
2.04 1.98 477.019456
2.04 2.04 451.200256
2.04 2.1 426.101056
2.04 2.16 401.721856
2.04 2.22 378.062656
2.04 2.28 355.123456
2.04 2.34 332.904256
2.04 2.4 311.405056
2.04 2.46 290.625856
2.04 2.52 270.566656
2.04 2.58 251.227456
2.04 2.64 232.608256
2.04 2.7 214.709056
2.04 2.76 197.529856
2.04 2.82 181.070656
2.04 2.88 165.331456
2.04 2.94 150.312256
2.04 3 136.013056

2.1 -3 5492.02
2.1 -2.94 5403.46
2.1 -2.88 5315.62
2.1 -2.82 5228.5
2.1 -2.76 5142.1
2.1 -2.7 5056.42
2.1 -2.64 4971.46
2.1 -2.58 4887.22
2.1 -2.52 4803.7
2.1 -2.46 4720.9
2.1 -2.4 4638.82
2.1 -2.34 4557.46
2.1 -2.28 4476.82
2.1 -2.22 4396.9
2.1 -2.16 4317.7
2.1 -2.1 4239.22
2.1 -2.04 4161.46
2.1 -1.98 4084.42
2.1 -1.92 4008.1
2.1 -1.86 3932.5
2.1 -1.8 3857.62
2.1 -1.74 3783.46
2.1 -1.68 3710.02
2.1 -1.62 3637.3
2.1 -1.56 3565.3
2.1 -1.5 3494.02
2.1 -1.44 3423.46
2.1 -1.38 3353.62
2.1 -1.32 3284.5
2.1 -1.26 3216.1
2.1 -1.2 3148.42
2.1 -1.14 3081.46
2.1 -1.08 3015.22
2.1 -1.02 2949.7
2.1 -0.96 2884.9
2.1 -0.9 2820.82
2.1 -0.84 2757.46
2.1 -0.78 2694.82
2.1 -0.72 2632.9
2.1 -0.66 2571.7
2.1 -0.6 2511.22
2.1 -0.54 2451.46
2.1 -0.48 2392.42
2.1 -0.42 2334.1
2.1 -0.36 2276.5
2.1 -0.3 2219.62
2.1 -0.24 2163.46
2.1 -0.18 2108.02
2.1 -0.12 2053.3
2.1 -0.0600000000000001 1999.3
2.1 0 1946.02
2.1 0.0600000000000001 1893.46
2.1 0.12 1841.62
2.1 0.18 1790.5
2.1 0.24 1740.1
2.1 0.3 1690.42
2.1 0.36 1641.46
2.1 0.42 1593.22
2.1 0.48 1545.7
2.1 0.54 1498.9
2.1 0.6 1452.82
2.1 0.66 1407.46
2.1 0.72 1362.82
2.1 0.78 1318.9
2.1 0.84 1275.7
2.1 0.9 1233.22
2.1 0.96 1191.46
2.1 1.02 1150.42
2.1 1.08 1110.1
2.1 1.14 1070.5
2.1 1.2 1031.62
2.1 1.26 993.459999999999
2.1 1.32 956.019999999999
2.1 1.38 919.299999999999
2.1 1.44 883.299999999999
2.1 1.5 848.019999999999
2.1 1.56 813.459999999999
2.1 1.62 779.619999999999
2.1 1.68 746.499999999999
2.1 1.74 714.099999999999
2.1 1.8 682.419999999999
2.1 1.86 651.459999999999
2.1 1.92 621.219999999999
2.1 1.98 591.699999999999
2.1 2.04 562.899999999999
2.1 2.1 534.819999999999
2.1 2.16 507.459999999999
2.1 2.22 480.819999999999
2.1 2.28 454.899999999999
2.1 2.34 429.699999999999
2.1 2.4 405.219999999999
2.1 2.46 381.459999999999
2.1 2.52 358.42
2.1 2.58 336.099999999999
2.1 2.64 314.499999999999
2.1 2.7 293.619999999999
2.1 2.76 273.46
2.1 2.82 254.019999999999
2.1 2.88 235.3
2.1 2.94 217.299999999999
2.1 3 200.02

2.16 -3 5877.487936
2.16 -2.94 5785.860736
2.16 -2.88 5694.953536
2.16 -2.82 5604.766336
2.16 -2.76 5515.299136
2.16 -2.7 5426.551936
2.16 -2.64 5338.524736
2.16 -2.58 5251.217536
2.16 -2.52 5164.630336
2.16 -2.46 5078.763136
2.16 -2.4 4993.615936
2.16 -2.34 4909.188736
2.16 -2.28 4825.481536
2.16 -2.22 4742.494336
2.16 -2.16 4660.227136
2.16 -2.1 4578.679936
2.16 -2.04 4497.852736
2.16 -1.98 4417.745536
2.16 -1.92 4338.358336
2.16 -1.86 4259.691136
2.16 -1.8 4181.743936
2.16 -1.74 4104.516736
2.16 -1.68 4028.009536
2.16 -1.62 3952.222336
2.16 -1.56 3877.155136
2.16 -1.5 3802.807936
2.16 -1.44 3729.180736
2.16 -1.38 3656.273536
2.16 -1.32 3584.086336
2.16 -1.26 3512.619136
2.16 -1.2 3441.871936
2.16 -1.14 3371.844736
2.16 -1.08 3302.537536
2.16 -1.02 3233.950336
2.16 -0.96 3166.083136
2.16 -0.9 3098.935936
2.16 -0.84 3032.508736
2.16 -0.78 2966.801536
2.16 -0.72 2901.814336
2.16 -0.66 2837.547136
2.16 -0.6 2773.999936
2.16 -0.54 2711.172736
2.16 -0.48 2649.065536
2.16 -0.42 2587.678336
2.16 -0.36 2527.011136
2.16 -0.3 2467.063936
2.16 -0.24 2407.836736
2.16 -0.18 2349.329536
2.16 -0.12 2291.542336
2.16 -0.0600000000000001 2234.475136
2.16 0 2178.127936
2.16 0.0600000000000001 2122.500736
2.16 0.12 2067.593536
2.16 0.18 2013.406336
2.16 0.24 1959.939136
2.16 0.3 1907.191936
2.16 0.36 1855.164736
2.16 0.42 1803.857536
2.16 0.48 1753.270336
2.16 0.54 1703.403136
2.16 0.6 1654.255936
2.16 0.66 1605.828736
2.16 0.72 1558.121536
2.16 0.78 1511.134336
2.16 0.84 1464.867136
2.16 0.9 1419.319936
2.16 0.96 1374.492736
2.16 1.02 1330.385536
2.16 1.08 1286.998336
2.16 1.14 1244.331136
2.16 1.2 1202.383936
2.16 1.26 1161.156736
2.16 1.32 1120.649536
2.16 1.38 1080.862336
2.16 1.44 1041.795136
2.16 1.5 1003.447936
2.16 1.56 965.820736
2.16 1.62 928.913536
2.16 1.68 892.726336
2.16 1.74 857.259136
2.16 1.8 822.511936
2.16 1.86 788.484736
2.16 1.92 755.177536
2.16 1.98 722.590336
2.16 2.04 690.723136
2.16 2.1 659.575936
2.16 2.16 629.148736
2.16 2.22 599.441536
2.16 2.28 570.454336
2.16 2.34 542.187136
2.16 2.4 514.639936
2.16 2.46 487.812736
2.16 2.52 461.705536
2.16 2.58 436.318336
2.16 2.64 411.651136
2.16 2.7 387.703936
2.16 2.76 364.476736
2.16 2.82 341.969536
2.16 2.88 320.182336
2.16 2.94 299.115136
2.16 3 278.767936

2.22 -3 6287.441056
2.22 -2.94 6192.660256
2.22 -2.88 6098.599456
2.22 -2.82 6005.258656
2.22 -2.76 5912.637856
2.22 -2.7 5820.737056
2.22 -2.64 5729.556256
2.22 -2.58 5639.095456
2.22 -2.52 5549.354656
2.22 -2.46 5460.333856
2.22 -2.4 5372.033056
2.22 -2.34 5284.452256
2.22 -2.28 5197.591456
2.22 -2.22 5111.450656
2.22 -2.16 5026.029856
2.22 -2.1 4941.329056
2.22 -2.04 4857.348256
2.22 -1.98 4774.087456
2.22 -1.92 4691.546656
2.22 -1.86 4609.725856
2.22 -1.8 4528.625056
2.22 -1.74 4448.244256
2.22 -1.68 4368.583456
2.22 -1.62 4289.642656
2.22 -1.56 4211.421856
2.22 -1.5 4133.921056
2.22 -1.44 4057.140256
2.22 -1.38 3981.079456
2.22 -1.32 3905.738656
2.22 -1.26 3831.117856
2.22 -1.2 3757.217056
2.22 -1.14 3684.036256
2.22 -1.08 3611.575456
2.22 -1.02 3539.834656
2.22 -0.96 3468.813856
2.22 -0.9 3398.513056
2.22 -0.84 3328.932256
2.22 -0.78 3260.071456
2.22 -0.72 3191.930656
2.22 -0.66 3124.509856
2.22 -0.6 3057.809056
2.22 -0.54 2991.828256
2.22 -0.48 2926.567456
2.22 -0.42 2862.026656
2.22 -0.36 2798.205856
2.22 -0.3 2735.105056
2.22 -0.24 2672.724256
2.22 -0.18 2611.063456
2.22 -0.12 2550.122656
2.22 -0.0600000000000001 2489.901856
2.22 0 2430.401056
2.22 0.0600000000000001 2371.620256
2.22 0.12 2313.559456
2.22 0.18 2256.218656
2.22 0.24 2199.597856
2.22 0.3 2143.697056
2.22 0.36 2088.516256
2.22 0.42 2034.055456
2.22 0.48 1980.314656
2.22 0.54 1927.293856
2.22 0.6 1874.993056
2.22 0.66 1823.412256
2.22 0.72 1772.551456
2.22 0.78 1722.410656
2.22 0.84 1672.989856
2.22 0.9 1624.289056
2.22 0.96 1576.308256
2.22 1.02 1529.047456
2.22 1.08 1482.506656
2.22 1.14 1436.685856
2.22 1.2 1391.585056
2.22 1.26 1347.204256
2.22 1.32 1303.543456
2.22 1.38 1260.602656
2.22 1.44 1218.381856
2.22 1.5 1176.881056
2.22 1.56 1136.100256
2.22 1.62 1096.039456
2.22 1.68 1056.698656
2.22 1.74 1018.077856
2.22 1.8 980.177056
2.22 1.86 942.996255999999
2.22 1.92 906.535455999999
2.22 1.98 870.794655999999
2.22 2.04 835.773855999999
2.22 2.1 801.473056
2.22 2.16 767.892255999999
2.22 2.22 735.031456
2.22 2.28 702.890655999999
2.22 2.34 671.469855999999
2.22 2.4 640.769055999999
2.22 2.46 610.788255999999
2.22 2.52 581.527456
2.22 2.58 552.986655999999
2.22 2.64 525.165856
2.22 2.7 498.065056
2.22 2.76 471.684256
2.22 2.82 446.023455999999
2.22 2.88 421.082656
2.22 2.94 396.861855999999
2.22 3 373.361056

2.28 -3 6723.014656
2.28 -2.94 6624.993856
2.28 -2.88 6527.693056
2.28 -2.82 6431.112256
2.28 -2.76 6335.251456
2.28 -2.7 6240.110656
2.28 -2.64 6145.689856
2.28 -2.58 6051.989056
2.28 -2.52 5959.008256
2.28 -2.46 5866.747456
2.28 -2.4 5775.206656
2.28 -2.34 5684.385856
2.28 -2.28 5594.285056
2.28 -2.22 5504.904256
2.28 -2.16 5416.243456
2.28 -2.1 5328.302656
2.28 -2.04 5241.081856
2.28 -1.98 5154.581056
2.28 -1.92 5068.800256
2.28 -1.86 4983.739456
2.28 -1.8 4899.398656
2.28 -1.74 4815.777856
2.28 -1.68 4732.877056
2.28 -1.62 4650.696256
2.28 -1.56 4569.235456
2.28 -1.5 4488.494656
2.28 -1.44 4408.473856
2.28 -1.38 4329.173056
2.28 -1.32 4250.592256
2.28 -1.26 4172.731456
2.28 -1.2 4095.590656
2.28 -1.14 4019.169856
2.28 -1.08 3943.469056
2.28 -1.02 3868.488256
2.28 -0.96 3794.227456
2.28 -0.9 3720.686656
2.28 -0.84 3647.865856
2.28 -0.78 3575.765056
2.28 -0.72 3504.384256
2.28 -0.66 3433.723456
2.28 -0.6 3363.782656
2.28 -0.54 3294.561856
2.28 -0.48 3226.061056
2.28 -0.42 3158.280256
2.28 -0.36 3091.219456
2.28 -0.3 3024.878656
2.28 -0.24 2959.257856
2.28 -0.18 2894.357056
2.28 -0.12 2830.176256
2.28 -0.0600000000000001 2766.715456
2.28 0 2703.974656
2.28 0.0600000000000001 2641.953856
2.28 0.12 2580.653056
2.28 0.18 2520.072256
2.28 0.24 2460.211456
2.28 0.3 2401.070656
2.28 0.36 2342.649856
2.28 0.42 2284.949056
2.28 0.48 2227.968256
2.28 0.54 2171.707456
2.28 0.6 2116.166656
2.28 0.66 2061.345856
2.28 0.72 2007.245056
2.28 0.78 1953.864256
2.28 0.84 1901.203456
2.28 0.9 1849.262656
2.28 0.96 1798.041856
2.28 1.02 1747.541056
2.28 1.08 1697.760256
2.28 1.14 1648.699456
2.28 1.2 1600.358656
2.28 1.26 1552.737856
2.28 1.32 1505.837056
2.28 1.38 1459.656256
2.28 1.44 1414.195456
2.28 1.5 1369.454656
2.28 1.56 1325.433856
2.28 1.62 1282.133056
2.28 1.68 1239.552256
2.28 1.74 1197.691456
2.28 1.8 1156.550656
2.28 1.86 1116.129856
2.28 1.92 1076.429056
2.28 1.98 1037.448256
2.28 2.04 999.187456000001
2.28 2.1 961.646656000001
2.28 2.16 924.825856000001
2.28 2.22 888.725056000001
2.28 2.28 853.344256000001
2.28 2.34 818.683456000001
2.28 2.4 784.742656
2.28 2.46 751.521856000001
2.28 2.52 719.021056000001
2.28 2.58 687.240256000001
2.28 2.64 656.179456000001
2.28 2.7 625.838656000001
2.28 2.76 596.217856000001
2.28 2.82 567.317056000001
2.28 2.88 539.136256000001
2.28 2.94 511.675456
2.28 3 484.934656000001

2.34 -3 7185.375136
2.34 -2.94 7084.027936
2.34 -2.88 6983.400736
2.34 -2.82 6883.493536
2.34 -2.76 6784.306336
2.34 -2.7 6685.839136
2.34 -2.64 6588.091936
2.34 -2.58 6491.064736
2.34 -2.52 6394.757536
2.34 -2.46 6299.170336
2.34 -2.4 6204.303136
2.34 -2.34 6110.155936
2.34 -2.28 6016.728736
2.34 -2.22 5924.021536
2.34 -2.16 5832.034336
2.34 -2.1 5740.767136
2.34 -2.04 5650.219936
2.34 -1.98 5560.392736
2.34 -1.92 5471.285536
2.34 -1.86 5382.898336
2.34 -1.8 5295.231136
2.34 -1.74 5208.283936
2.34 -1.68 5122.056736
2.34 -1.62 5036.549536
2.34 -1.56 4951.762336
2.34 -1.5 4867.695136
2.34 -1.44 4784.347936
2.34 -1.38 4701.720736
2.34 -1.32 4619.813536
2.34 -1.26 4538.626336
2.34 -1.2 4458.159136
2.34 -1.14 4378.411936
2.34 -1.08 4299.384736
2.34 -1.02 4221.077536
2.34 -0.96 4143.490336
2.34 -0.9 4066.623136
2.34 -0.84 3990.475936
2.34 -0.78 3915.048736
2.34 -0.72 3840.341536
2.34 -0.66 3766.354336
2.34 -0.6 3693.087136
2.34 -0.54 3620.539936
2.34 -0.48 3548.712736
2.34 -0.42 3477.605536
2.34 -0.36 3407.218336
2.34 -0.3 3337.551136
2.34 -0.24 3268.603936
2.34 -0.18 3200.376736
2.34 -0.12 3132.869536
2.34 -0.0600000000000001 3066.082336
2.34 0 3000.015136
2.34 0.0600000000000001 2934.667936
2.34 0.12 2870.040736
2.34 0.18 2806.133536
2.34 0.24 2742.946336
2.34 0.3 2680.479136
2.34 0.36 2618.731936
2.34 0.42 2557.704736
2.34 0.48 2497.397536
2.34 0.54 2437.810336
2.34 0.6 2378.943136
2.34 0.66 2320.795936
2.34 0.72 2263.368736
2.34 0.78 2206.661536
2.34 0.84 2150.674336
2.34 0.9 2095.407136
2.34 0.96 2040.859936
2.34 1.02 1987.032736
2.34 1.08 1933.925536
2.34 1.14 1881.538336
2.34 1.2 1829.871136
2.34 1.26 1778.923936
2.34 1.32 1728.696736
2.34 1.38 1679.189536
2.34 1.44 1630.402336
2.34 1.5 1582.335136
2.34 1.56 1534.987936
2.34 1.62 1488.360736
2.34 1.68 1442.453536
2.34 1.74 1397.266336
2.34 1.8 1352.799136
2.34 1.86 1309.051936
2.34 1.92 1266.024736
2.34 1.98 1223.717536
2.34 2.04 1182.130336
2.34 2.1 1141.263136
2.34 2.16 1101.115936
2.34 2.22 1061.688736
2.34 2.28 1022.981536
2.34 2.34 984.994336
2.34 2.4 947.727135999999
2.34 2.46 911.179936
2.34 2.52 875.352736
2.34 2.58 840.245535999999
2.34 2.64 805.858336
2.34 2.7 772.191135999999
2.34 2.76 739.243936
2.34 2.82 707.016735999999
2.34 2.88 675.509536
2.34 2.94 644.722335999999
2.34 3 614.655136

2.4 -3 7675.72
2.4 -2.94 7570.96
2.4 -2.88 7466.92
2.4 -2.82 7363.6
2.4 -2.76 7261
2.4 -2.7 7159.12
2.4 -2.64 7057.96
2.4 -2.58 6957.52
2.4 -2.52 6857.8
2.4 -2.46 6758.8
2.4 -2.4 6660.52
2.4 -2.34 6562.96
2.4 -2.28 6466.12
2.4 -2.22 6370
2.4 -2.16 6274.6
2.4 -2.1 6179.92
2.4 -2.04 6085.96
2.4 -1.98 5992.72
2.4 -1.92 5900.2
2.4 -1.86 5808.4
2.4 -1.8 5717.32
2.4 -1.74 5626.96
2.4 -1.68 5537.32
2.4 -1.62 5448.4
2.4 -1.56 5360.2
2.4 -1.5 5272.72
2.4 -1.44 5185.96
2.4 -1.38 5099.92
2.4 -1.32 5014.6
2.4 -1.26 4930
2.4 -1.2 4846.12
2.4 -1.14 4762.96
2.4 -1.08 4680.52
2.4 -1.02 4598.8
2.4 -0.96 4517.8
2.4 -0.9 4437.52
2.4 -0.84 4357.96
2.4 -0.78 4279.12
2.4 -0.72 4201
2.4 -0.66 4123.6
2.4 -0.6 4046.92
2.4 -0.54 3970.96
2.4 -0.48 3895.72
2.4 -0.42 3821.2
2.4 -0.36 3747.4
2.4 -0.3 3674.32
2.4 -0.24 3601.96
2.4 -0.18 3530.32
2.4 -0.12 3459.4
2.4 -0.0600000000000001 3389.2
2.4 0 3319.72
2.4 0.0600000000000001 3250.96
2.4 0.12 3182.92
2.4 0.18 3115.6
2.4 0.24 3049
2.4 0.3 2983.12
2.4 0.36 2917.96
2.4 0.42 2853.52
2.4 0.48 2789.8
2.4 0.54 2726.8
2.4 0.6 2664.52
2.4 0.66 2602.96
2.4 0.72 2542.12
2.4 0.78 2482
2.4 0.84 2422.6
2.4 0.9 2363.92
2.4 0.96 2305.96
2.4 1.02 2248.72
2.4 1.08 2192.2
2.4 1.14 2136.4
2.4 1.2 2081.32
2.4 1.26 2026.96
2.4 1.32 1973.32
2.4 1.38 1920.4
2.4 1.44 1868.2
2.4 1.5 1816.72
2.4 1.56 1765.96
2.4 1.62 1715.92
2.4 1.68 1666.6
2.4 1.74 1618
2.4 1.8 1570.12
2.4 1.86 1522.96
2.4 1.92 1476.52
2.4 1.98 1430.8
2.4 2.04 1385.8
2.4 2.1 1341.52
2.4 2.16 1297.96
2.4 2.22 1255.12
2.4 2.28 1213
2.4 2.34 1171.6
2.4 2.4 1130.92
2.4 2.46 1090.96
2.4 2.52 1051.72
2.4 2.58 1013.2
2.4 2.64 975.400000000001
2.4 2.7 938.320000000001
2.4 2.76 901.960000000001
2.4 2.82 866.320000000001
2.4 2.88 831.400000000001
2.4 2.94 797.200000000001
2.4 3 763.720000000001

2.46 -3 8195.277856
2.46 -2.94 8087.018656
2.46 -2.88 7979.479456
2.46 -2.82 7872.660256
2.46 -2.76 7766.561056
2.46 -2.7 7661.181856
2.46 -2.64 7556.522656
2.46 -2.58 7452.583456
2.46 -2.52 7349.364256
2.46 -2.46 7246.865056
2.46 -2.4 7145.085856
2.46 -2.34 7044.026656
2.46 -2.28 6943.687456
2.46 -2.22 6844.068256
2.46 -2.16 6745.169056
2.46 -2.1 6646.989856
2.46 -2.04 6549.530656
2.46 -1.98 6452.791456
2.46 -1.92 6356.772256
2.46 -1.86 6261.473056
2.46 -1.8 6166.893856
2.46 -1.74 6073.034656
2.46 -1.68 5979.895456
2.46 -1.62 5887.476256
2.46 -1.56 5795.777056
2.46 -1.5 5704.797856
2.46 -1.44 5614.538656
2.46 -1.38 5524.999456
2.46 -1.32 5436.180256
2.46 -1.26 5348.081056
2.46 -1.2 5260.701856
2.46 -1.14 5174.042656
2.46 -1.08 5088.103456
2.46 -1.02 5002.884256
2.46 -0.96 4918.385056
2.46 -0.9 4834.605856
2.46 -0.84 4751.546656
2.46 -0.78 4669.207456
2.46 -0.72 4587.588256
2.46 -0.66 4506.689056
2.46 -0.6 4426.509856
2.46 -0.54 4347.050656
2.46 -0.48 4268.311456
2.46 -0.42 4190.292256
2.46 -0.36 4112.993056
2.46 -0.3 4036.413856
2.46 -0.24 3960.554656
2.46 -0.18 3885.415456
2.46 -0.12 3810.996256
2.46 -0.0600000000000001 3737.297056
2.46 0 3664.317856
2.46 0.0600000000000001 3592.058656
2.46 0.12 3520.519456
2.46 0.18 3449.700256
2.46 0.24 3379.601056
2.46 0.3 3310.221856
2.46 0.36 3241.562656
2.46 0.42 3173.623456
2.46 0.48 3106.404256
2.46 0.54 3039.905056
2.46 0.6 2974.125856
2.46 0.66 2909.066656
2.46 0.72 2844.727456
2.46 0.78 2781.108256
2.46 0.84 2718.209056
2.46 0.9 2656.029856
2.46 0.96 2594.570656
2.46 1.02 2533.831456
2.46 1.08 2473.812256
2.46 1.14 2414.513056
2.46 1.2 2355.933856
2.46 1.26 2298.074656
2.46 1.32 2240.935456
2.46 1.38 2184.516256
2.46 1.44 2128.817056
2.46 1.5 2073.837856
2.46 1.56 2019.578656
2.46 1.62 1966.039456
2.46 1.68 1913.220256
2.46 1.74 1861.121056
2.46 1.8 1809.741856
2.46 1.86 1759.082656
2.46 1.92 1709.143456
2.46 1.98 1659.924256
2.46 2.04 1611.425056
2.46 2.1 1563.645856
2.46 2.16 1516.586656
2.46 2.22 1470.247456
2.46 2.28 1424.628256
2.46 2.34 1379.729056
2.46 2.4 1335.549856
2.46 2.46 1292.090656
2.46 2.52 1249.351456
2.46 2.58 1207.332256
2.46 2.64 1166.033056
2.46 2.7 1125.453856
2.46 2.76 1085.594656
2.46 2.82 1046.455456
2.46 2.88 1008.036256
2.46 2.94 970.337056
2.46 3 933.357856

2.52 -3 8745.30841599999
2.52 -2.94 8633.463616
2.52 -2.88 8522.338816
2.52 -2.82 8411.934016
2.52 -2.76 8302.249216
2.52 -2.7 8193.284416
2.52 -2.64 8085.039616
2.52 -2.58 7977.514816
2.52 -2.52 7870.710016
2.52 -2.46 7764.625216
2.52 -2.4 7659.26041599999
2.52 -2.34 7554.615616
2.52 -2.28 7450.690816
2.52 -2.22 7347.486016
2.52 -2.16 7245.001216
2.52 -2.1 7143.236416
2.52 -2.04 7042.191616
2.52 -1.98 6941.866816
2.52 -1.92 6842.262016
2.52 -1.86 6743.377216
2.52 -1.8 6645.212416
2.52 -1.74 6547.767616
2.52 -1.68 6451.042816
2.52 -1.62 6355.038016
2.52 -1.56 6259.753216
2.52 -1.5 6165.188416
2.52 -1.44 6071.343616
2.52 -1.38 5978.218816
2.52 -1.32 5885.814016
2.52 -1.26 5794.129216
2.52 -1.2 5703.164416
2.52 -1.14 5612.919616
2.52 -1.08 5523.394816
2.52 -1.02 5434.590016
2.52 -0.96 5346.505216
2.52 -0.9 5259.140416
2.52 -0.84 5172.495616
2.52 -0.78 5086.570816
2.52 -0.72 5001.366016
2.52 -0.66 4916.881216
2.52 -0.6 4833.116416
2.52 -0.54 4750.071616
2.52 -0.48 4667.746816
2.52 -0.42 4586.142016
2.52 -0.36 4505.257216
2.52 -0.3 4425.092416
2.52 -0.24 4345.647616
2.52 -0.18 4266.922816
2.52 -0.12 4188.918016
2.52 -0.0600000000000001 4111.633216
2.52 0 4035.068416
2.52 0.0600000000000001 3959.223616
2.52 0.12 3884.098816
2.52 0.18 3809.694016
2.52 0.24 3736.009216
2.52 0.3 3663.044416
2.52 0.36 3590.799616
2.52 0.42 3519.274816
2.52 0.48 3448.470016
2.52 0.54 3378.385216
2.52 0.6 3309.020416
2.52 0.66 3240.375616
2.52 0.72 3172.450816
2.52 0.78 3105.246016
2.52 0.84 3038.761216
2.52 0.9 2972.996416
2.52 0.96 2907.951616
2.52 1.02 2843.626816
2.52 1.08 2780.022016
2.52 1.14 2717.137216
2.52 1.2 2654.972416
2.52 1.26 2593.527616
2.52 1.32 2532.802816
2.52 1.38 2472.798016
2.52 1.44 2413.513216
2.52 1.5 2354.948416
2.52 1.56 2297.103616
2.52 1.62 2239.978816
2.52 1.68 2183.574016
2.52 1.74 2127.889216
2.52 1.8 2072.924416
2.52 1.86 2018.679616
2.52 1.92 1965.154816
2.52 1.98 1912.350016
2.52 2.04 1860.265216
2.52 2.1 1808.900416
2.52 2.16 1758.255616
2.52 2.22 1708.330816
2.52 2.28 1659.126016
2.52 2.34 1610.641216
2.52 2.4 1562.876416
2.52 2.46 1515.831616
2.52 2.52 1469.506816
2.52 2.58 1423.902016
2.52 2.64 1379.017216
2.52 2.7 1334.852416
2.52 2.76 1291.407616
2.52 2.82 1248.682816
2.52 2.88 1206.678016
2.52 2.94 1165.393216
2.52 3 1124.828416

2.58 -3 9327.102496
2.58 -2.94 9211.585696
2.58 -2.88 9096.788896
2.58 -2.82 8982.712096
2.58 -2.76 8869.355296
2.58 -2.7 8756.718496
2.58 -2.64 8644.801696
2.58 -2.58 8533.604896
2.58 -2.52 8423.128096
2.58 -2.46 8313.371296
2.58 -2.4 8204.334496
2.58 -2.34 8096.017696
2.58 -2.28 7988.420896
2.58 -2.22 7881.544096
2.58 -2.16 7775.387296
2.58 -2.1 7669.950496
2.58 -2.04 7565.233696
2.58 -1.98 7461.236896
2.58 -1.92 7357.960096
2.58 -1.86 7255.403296
2.58 -1.8 7153.566496
2.58 -1.74 7052.449696
2.58 -1.68 6952.052896
2.58 -1.62 6852.376096
2.58 -1.56 6753.419296
2.58 -1.5 6655.182496
2.58 -1.44 6557.665696
2.58 -1.38 6460.868896
2.58 -1.32 6364.792096
2.58 -1.26 6269.435296
2.58 -1.2 6174.798496
2.58 -1.14 6080.881696
2.58 -1.08 5987.684896
2.58 -1.02 5895.208096
2.58 -0.96 5803.451296
2.58 -0.9 5712.414496
2.58 -0.84 5622.097696
2.58 -0.78 5532.500896
2.58 -0.72 5443.624096
2.58 -0.66 5355.467296
2.58 -0.6 5268.030496
2.58 -0.54 5181.313696
2.58 -0.48 5095.316896
2.58 -0.42 5010.040096
2.58 -0.36 4925.483296
2.58 -0.3 4841.646496
2.58 -0.24 4758.529696
2.58 -0.18 4676.132896
2.58 -0.12 4594.456096
2.58 -0.0600000000000001 4513.499296
2.58 0 4433.262496
2.58 0.0600000000000001 4353.745696
2.58 0.12 4274.948896
2.58 0.18 4196.872096
2.58 0.24 4119.515296
2.58 0.3 4042.878496
2.58 0.36 3966.961696
2.58 0.42 3891.764896
2.58 0.48 3817.288096
2.58 0.54 3743.531296
2.58 0.6 3670.494496
2.58 0.66 3598.177696
2.58 0.72 3526.580896
2.58 0.78 3455.704096
2.58 0.84 3385.547296
2.58 0.9 3316.110496
2.58 0.96 3247.393696
2.58 1.02 3179.396896
2.58 1.08 3112.120096
2.58 1.14 3045.563296
2.58 1.2 2979.726496
2.58 1.26 2914.609696
2.58 1.32 2850.212896
2.58 1.38 2786.536096
2.58 1.44 2723.579296
2.58 1.5 2661.342496
2.58 1.56 2599.825696
2.58 1.62 2539.028896
2.58 1.68 2478.952096
2.58 1.74 2419.595296
2.58 1.8 2360.958496
2.58 1.86 2303.041696
2.58 1.92 2245.844896
2.58 1.98 2189.368096
2.58 2.04 2133.611296
2.58 2.1 2078.574496
2.58 2.16 2024.257696
2.58 2.22 1970.660896
2.58 2.28 1917.784096
2.58 2.34 1865.627296
2.58 2.4 1814.190496
2.58 2.46 1763.473696
2.58 2.52 1713.476896
2.58 2.58 1664.200096
2.58 2.64 1615.643296
2.58 2.7 1567.806496
2.58 2.76 1520.689696
2.58 2.82 1474.292896
2.58 2.88 1428.616096
2.58 2.94 1383.659296
2.58 3 1339.422496

2.64 -3 9941.982016
2.64 -2.94 9822.70681599999
2.64 -2.88 9704.151616
2.64 -2.82 9586.316416
2.64 -2.76 9469.201216
2.64 -2.7 9352.806016
2.64 -2.64 9237.130816
2.64 -2.58 9122.17561599999
2.64 -2.52 9007.940416
2.64 -2.46 8894.42521599999
2.64 -2.4 8781.630016
2.64 -2.34 8669.554816
2.64 -2.28 8558.19961599999
2.64 -2.22 8447.564416
2.64 -2.16 8337.649216
2.64 -2.1 8228.454016
2.64 -2.04 8119.978816
2.64 -1.98 8012.223616
2.64 -1.92 7905.188416
2.64 -1.86 7798.873216
2.64 -1.8 7693.278016
2.64 -1.74 7588.402816
2.64 -1.68 7484.247616
2.64 -1.62 7380.812416
2.64 -1.56 7278.097216
2.64 -1.5 7176.102016
2.64 -1.44 7074.826816
2.64 -1.38 6974.271616
2.64 -1.32 6874.436416
2.64 -1.26 6775.321216
2.64 -1.2 6676.92601599999
2.64 -1.14 6579.250816
2.64 -1.08 6482.295616
2.64 -1.02 6386.060416
2.64 -0.96 6290.545216
2.64 -0.9 6195.750016
2.64 -0.84 6101.674816
2.64 -0.78 6008.319616
2.64 -0.72 5915.684416
2.64 -0.66 5823.769216
2.64 -0.6 5732.574016
2.64 -0.54 5642.098816
2.64 -0.48 5552.343616
2.64 -0.42 5463.308416
2.64 -0.36 5374.993216
2.64 -0.3 5287.398016
2.64 -0.24 5200.522816
2.64 -0.18 5114.367616
2.64 -0.12 5028.932416
2.64 -0.0600000000000001 4944.217216
2.64 0 4860.222016
2.64 0.0600000000000001 4776.946816
2.64 0.12 4694.391616
2.64 0.18 4612.556416
2.64 0.24 4531.441216
2.64 0.3 4451.046016
2.64 0.36 4371.370816
2.64 0.42 4292.415616
2.64 0.48 4214.180416
2.64 0.54 4136.665216
2.64 0.6 4059.870016
2.64 0.66 3983.794816
2.64 0.72 3908.439616
2.64 0.78 3833.804416
2.64 0.84 3759.889216
2.64 0.9 3686.694016
2.64 0.96 3614.218816
2.64 1.02 3542.463616
2.64 1.08 3471.428416
2.64 1.14 3401.113216
2.64 1.2 3331.518016
2.64 1.26 3262.642816
2.64 1.32 3194.487616
2.64 1.38 3127.052416
2.64 1.44 3060.337216
2.64 1.5 2994.342016
2.64 1.56 2929.066816
2.64 1.62 2864.511616
2.64 1.68 2800.676416
2.64 1.74 2737.561216
2.64 1.8 2675.166016
2.64 1.86 2613.490816
2.64 1.92 2552.535616
2.64 1.98 2492.300416
2.64 2.04 2432.785216
2.64 2.1 2373.990016
2.64 2.16 2315.914816
2.64 2.22 2258.559616
2.64 2.28 2201.924416
2.64 2.34 2146.009216
2.64 2.4 2090.814016
2.64 2.46 2036.338816
2.64 2.52 1982.583616
2.64 2.58 1929.548416
2.64 2.64 1877.233216
2.64 2.7 1825.638016
2.64 2.76 1774.762816
2.64 2.82 1724.607616
2.64 2.88 1675.172416
2.64 2.94 1626.457216
2.64 3 1578.462016

2.7 -3 10591.3
2.7 -2.94 10468.18
2.7 -2.88 10345.78
2.7 -2.82 10224.1
2.7 -2.76 10103.14
2.7 -2.7 9982.9
2.7 -2.64 9863.38
2.7 -2.58 9744.58
2.7 -2.52 9626.5
2.7 -2.46 9509.14
2.7 -2.4 9392.5
2.7 -2.34 9276.58
2.7 -2.28 9161.38
2.7 -2.22 9046.9
2.7 -2.16 8933.14
2.7 -2.1 8820.1
2.7 -2.04 8707.78
2.7 -1.98 8596.18
2.7 -1.92 8485.3
2.7 -1.86 8375.14
2.7 -1.8 8265.7
2.7 -1.74 8156.98
2.7 -1.68 8048.98
2.7 -1.62 7941.7
2.7 -1.56 7835.14
2.7 -1.5 7729.3
2.7 -1.44 7624.18
2.7 -1.38 7519.78
2.7 -1.32 7416.1
2.7 -1.26 7313.14
2.7 -1.2 7210.9
2.7 -1.14 7109.38
2.7 -1.08 7008.58
2.7 -1.02 6908.5
2.7 -0.96 6809.14
2.7 -0.9 6710.5
2.7 -0.84 6612.58
2.7 -0.78 6515.38
2.7 -0.72 6418.9
2.7 -0.66 6323.14
2.7 -0.6 6228.1
2.7 -0.54 6133.78
2.7 -0.48 6040.18
2.7 -0.42 5947.3
2.7 -0.36 5855.14
2.7 -0.3 5763.7
2.7 -0.24 5672.98
2.7 -0.18 5582.98
2.7 -0.12 5493.7
2.7 -0.0600000000000001 5405.14
2.7 0 5317.3
2.7 0.0600000000000001 5230.18
2.7 0.12 5143.78
2.7 0.18 5058.1
2.7 0.24 4973.14
2.7 0.3 4888.9
2.7 0.36 4805.38
2.7 0.42 4722.58
2.7 0.48 4640.5
2.7 0.54 4559.14
2.7 0.6 4478.5
2.7 0.66 4398.58
2.7 0.72 4319.38
2.7 0.78 4240.9
2.7 0.84 4163.14
2.7 0.9 4086.1
2.7 0.96 4009.78
2.7 1.02 3934.18
2.7 1.08 3859.3
2.7 1.14 3785.14
2.7 1.2 3711.7
2.7 1.26 3638.98
2.7 1.32 3566.98
2.7 1.38 3495.7
2.7 1.44 3425.14
2.7 1.5 3355.3
2.7 1.56 3286.18
2.7 1.62 3217.78
2.7 1.68 3150.1
2.7 1.74 3083.14
2.7 1.8 3016.9
2.7 1.86 2951.38
2.7 1.92 2886.58
2.7 1.98 2822.5
2.7 2.04 2759.14
2.7 2.1 2696.5
2.7 2.16 2634.58
2.7 2.22 2573.38
2.7 2.28 2512.9
2.7 2.34 2453.14
2.7 2.4 2394.1
2.7 2.46 2335.78
2.7 2.52 2278.18
2.7 2.58 2221.3
2.7 2.64 2165.14
2.7 2.7 2109.7
2.7 2.76 2054.98
2.7 2.82 2000.98
2.7 2.88 1947.7
2.7 2.94 1895.14
2.7 3 1843.3

2.76 -3 11276.440576
2.76 -2.94 11149.389376
2.76 -2.88 11023.058176
2.76 -2.82 10897.446976
2.76 -2.76 10772.555776
2.76 -2.7 10648.384576
2.76 -2.64 10524.933376
2.76 -2.58 10402.202176
2.76 -2.52 10280.190976
2.76 -2.46 10158.899776
2.76 -2.4 10038.328576
2.76 -2.34 9918.477376
2.76 -2.28 9799.346176
2.76 -2.22 9680.934976
2.76 -2.16 9563.243776
2.76 -2.1 9446.272576
2.76 -2.04 9330.021376
2.76 -1.98 9214.490176
2.76 -1.92 9099.678976
2.76 -1.86 8985.587776
2.76 -1.8 8872.216576
2.76 -1.74 8759.565376
2.76 -1.68 8647.634176
2.76 -1.62 8536.422976
2.76 -1.56 8425.931776
2.76 -1.5 8316.160576
2.76 -1.44 8207.109376
2.76 -1.38 8098.778176
2.76 -1.32 7991.166976
2.76 -1.26 7884.275776
2.76 -1.2 7778.104576
2.76 -1.14 7672.653376
2.76 -1.08 7567.922176
2.76 -1.02 7463.910976
2.76 -0.96 7360.619776
2.76 -0.9 7258.048576
2.76 -0.84 7156.197376
2.76 -0.78 7055.066176
2.76 -0.72 6954.654976
2.76 -0.66 6854.963776
2.76 -0.6 6755.992576
2.76 -0.54 6657.741376
2.76 -0.48 6560.210176
2.76 -0.42 6463.398976
2.76 -0.36 6367.307776
2.76 -0.3 6271.936576
2.76 -0.24 6177.285376
2.76 -0.18 6083.354176
2.76 -0.12 5990.142976
2.76 -0.0600000000000001 5897.651776
2.76 0 5805.880576
2.76 0.0600000000000001 5714.829376
2.76 0.12 5624.498176
2.76 0.18 5534.886976
2.76 0.24 5445.995776
2.76 0.3 5357.824576
2.76 0.36 5270.373376
2.76 0.42 5183.642176
2.76 0.48 5097.630976
2.76 0.54 5012.339776
2.76 0.6 4927.768576
2.76 0.66 4843.917376
2.76 0.72 4760.786176
2.76 0.78 4678.374976
2.76 0.84 4596.683776
2.76 0.9 4515.712576
2.76 0.96 4435.461376
2.76 1.02 4355.930176
2.76 1.08 4277.118976
2.76 1.14 4199.027776
2.76 1.2 4121.656576
2.76 1.26 4045.005376
2.76 1.32 3969.074176
2.76 1.38 3893.862976
2.76 1.44 3819.371776
2.76 1.5 3745.600576
2.76 1.56 3672.549376
2.76 1.62 3600.218176
2.76 1.68 3528.606976
2.76 1.74 3457.715776
2.76 1.8 3387.544576
2.76 1.86 3318.093376
2.76 1.92 3249.362176
2.76 1.98 3181.350976
2.76 2.04 3114.059776
2.76 2.1 3047.488576
2.76 2.16 2981.637376
2.76 2.22 2916.506176
2.76 2.28 2852.094976
2.76 2.34 2788.403776
2.76 2.4 2725.432576
2.76 2.46 2663.181376
2.76 2.52 2601.650176
2.76 2.58 2540.838976
2.76 2.64 2480.747776
2.76 2.7 2421.376576
2.76 2.76 2362.725376
2.76 2.82 2304.794176
2.76 2.88 2247.582976
2.76 2.94 2191.091776
2.76 3 2135.320576

2.82 -3 11998.818976
2.82 -2.94 11867.750176
2.82 -2.88 11737.401376
2.82 -2.82 11607.772576
2.82 -2.76 11478.863776
2.82 -2.7 11350.674976
2.82 -2.64 11223.206176
2.82 -2.58 11096.457376
2.82 -2.52 10970.428576
2.82 -2.46 10845.119776
2.82 -2.4 10720.530976
2.82 -2.34 10596.662176
2.82 -2.28 10473.513376
2.82 -2.22 10351.084576
2.82 -2.16 10229.375776
2.82 -2.1 10108.386976
2.82 -2.04 9988.118176
2.82 -1.98 9868.569376
2.82 -1.92 9749.74057600001
2.82 -1.86 9631.63177600001
2.82 -1.8 9514.242976
2.82 -1.74 9397.574176
2.82 -1.68 9281.62537600001
2.82 -1.62 9166.396576
2.82 -1.56 9051.887776
2.82 -1.5 8938.098976
2.82 -1.44 8825.03017600001
2.82 -1.38 8712.681376
2.82 -1.32 8601.052576
2.82 -1.26 8490.14377600001
2.82 -1.2 8379.954976
2.82 -1.14 8270.486176
2.82 -1.08 8161.737376
2.82 -1.02 8053.708576
2.82 -0.96 7946.399776
2.82 -0.9 7839.810976
2.82 -0.84 7733.942176
2.82 -0.78 7628.793376
2.82 -0.72 7524.364576
2.82 -0.66 7420.655776
2.82 -0.6 7317.666976
2.82 -0.54 7215.398176
2.82 -0.48 7113.849376
2.82 -0.42 7013.020576
2.82 -0.36 6912.911776
2.82 -0.3 6813.522976
2.82 -0.24 6714.854176
2.82 -0.18 6616.905376
2.82 -0.12 6519.676576
2.82 -0.0600000000000001 6423.167776
2.82 0 6327.378976
2.82 0.0600000000000001 6232.310176
2.82 0.12 6137.961376
2.82 0.18 6044.332576
2.82 0.24 5951.423776
2.82 0.3 5859.234976
2.82 0.36 5767.766176
2.82 0.42 5677.017376
2.82 0.48 5586.988576
2.82 0.54 5497.679776
2.82 0.6 5409.090976
2.82 0.66 5321.222176
2.82 0.72 5234.073376
2.82 0.78 5147.644576
2.82 0.84 5061.935776
2.82 0.9 4976.946976
2.82 0.96 4892.678176
2.82 1.02 4809.129376
2.82 1.08 4726.300576
2.82 1.14 4644.191776
2.82 1.2 4562.802976
2.82 1.26 4482.134176
2.82 1.32 4402.185376
2.82 1.38 4322.956576
2.82 1.44 4244.447776
2.82 1.5 4166.658976
2.82 1.56 4089.590176
2.82 1.62 4013.241376
2.82 1.68 3937.612576
2.82 1.74 3862.703776
2.82 1.8 3788.514976
2.82 1.86 3715.046176
2.82 1.92 3642.297376
2.82 1.98 3570.268576
2.82 2.04 3498.959776
2.82 2.1 3428.370976
2.82 2.16 3358.502176
2.82 2.22 3289.353376
2.82 2.28 3220.924576
2.82 2.34 3153.215776
2.82 2.4 3086.226976
2.82 2.46 3019.958176
2.82 2.52 2954.409376
2.82 2.58 2889.580576
2.82 2.64 2825.471776
2.82 2.7 2762.082976
2.82 2.76 2699.414176
2.82 2.82 2637.465376
2.82 2.88 2576.236576
2.82 2.94 2515.727776
2.82 3 2455.938976

2.88 -3 12759.881536
2.88 -2.94 12624.708736
2.88 -2.88 12490.255936
2.88 -2.82 12356.523136
2.88 -2.76 12223.510336
2.88 -2.7 12091.217536
2.88 -2.64 11959.644736
2.88 -2.58 11828.791936
2.88 -2.52 11698.659136
2.88 -2.46 11569.246336
2.88 -2.4 11440.553536
2.88 -2.34 11312.580736
2.88 -2.28 11185.327936
2.88 -2.22 11058.795136
2.88 -2.16 10932.982336
2.88 -2.1 10807.889536
2.88 -2.04 10683.516736
2.88 -1.98 10559.863936
2.88 -1.92 10436.931136
2.88 -1.86 10314.718336
2.88 -1.8 10193.225536
2.88 -1.74 10072.452736
2.88 -1.68 9952.399936
2.88 -1.62 9833.067136
2.88 -1.56 9714.454336
2.88 -1.5 9596.561536
2.88 -1.44 9479.388736
2.88 -1.38 9362.935936
2.88 -1.32 9247.203136
2.88 -1.26 9132.190336
2.88 -1.2 9017.897536
2.88 -1.14 8904.324736
2.88 -1.08 8791.471936
2.88 -1.02 8679.339136
2.88 -0.96 8567.926336
2.88 -0.9 8457.233536
2.88 -0.84 8347.260736
2.88 -0.78 8238.007936
2.88 -0.72 8129.475136
2.88 -0.66 8021.662336
2.88 -0.6 7914.569536
2.88 -0.54 7808.196736
2.88 -0.48 7702.543936
2.88 -0.42 7597.611136
2.88 -0.36 7493.398336
2.88 -0.3 7389.905536
2.88 -0.24 7287.132736
2.88 -0.18 7185.079936
2.88 -0.12 7083.747136
2.88 -0.0600000000000001 6983.134336
2.88 0 6883.241536
2.88 0.0600000000000001 6784.068736
2.88 0.12 6685.615936
2.88 0.18 6587.883136
2.88 0.24 6490.870336
2.88 0.3 6394.577536
2.88 0.36 6299.004736
2.88 0.42 6204.151936
2.88 0.48 6110.019136
2.88 0.54 6016.606336
2.88 0.6 5923.913536
2.88 0.66 5831.940736
2.88 0.72 5740.687936
2.88 0.78 5650.155136
2.88 0.84 5560.342336
2.88 0.9 5471.249536
2.88 0.96 5382.876736
2.88 1.02 5295.223936
2.88 1.08 5208.291136
2.88 1.14 5122.078336
2.88 1.2 5036.585536
2.88 1.26 4951.812736
2.88 1.32 4867.759936
2.88 1.38 4784.427136
2.88 1.44 4701.814336
2.88 1.5 4619.921536
2.88 1.56 4538.748736
2.88 1.62 4458.295936
2.88 1.68 4378.563136
2.88 1.74 4299.550336
2.88 1.8 4221.257536
2.88 1.86 4143.684736
2.88 1.92 4066.831936
2.88 1.98 3990.699136
2.88 2.04 3915.286336
2.88 2.1 3840.593536
2.88 2.16 3766.620736
2.88 2.22 3693.367936
2.88 2.28 3620.835136
2.88 2.34 3549.022336
2.88 2.4 3477.929536
2.88 2.46 3407.556736
2.88 2.52 3337.903936
2.88 2.58 3268.971136
2.88 2.64 3200.758336
2.88 2.7 3133.265536
2.88 2.76 3066.492736
2.88 2.82 3000.439936
2.88 2.88 2935.107136
2.88 2.94 2870.494336
2.88 3 2806.601536

2.94 -3 13561.105696
2.94 -2.94 13421.742496
2.94 -2.88 13283.099296
2.94 -2.82 13145.176096
2.94 -2.76 13007.972896
2.94 -2.7 12871.489696
2.94 -2.64 12735.726496
2.94 -2.58 12600.683296
2.94 -2.52 12466.360096
2.94 -2.46 12332.756896
2.94 -2.4 12199.873696
2.94 -2.34 12067.710496
2.94 -2.28 11936.267296
2.94 -2.22 11805.544096
2.94 -2.16 11675.540896
2.94 -2.1 11546.257696
2.94 -2.04 11417.694496
2.94 -1.98 11289.851296
2.94 -1.92 11162.728096
2.94 -1.86 11036.324896
2.94 -1.8 10910.641696
2.94 -1.74 10785.678496
2.94 -1.68 10661.435296
2.94 -1.62 10537.912096
2.94 -1.56 10415.108896
2.94 -1.5 10293.025696
2.94 -1.44 10171.662496
2.94 -1.38 10051.019296
2.94 -1.32 9931.09609600001
2.94 -1.26 9811.89289600001
2.94 -1.2 9693.409696
2.94 -1.14 9575.64649600001
2.94 -1.08 9458.60329600001
2.94 -1.02 9342.280096
2.94 -0.96 9226.67689600001
2.94 -0.9 9111.79369600001
2.94 -0.84 8997.63049600001
2.94 -0.78 8884.187296
2.94 -0.72 8771.46409600001
2.94 -0.66 8659.46089600001
2.94 -0.6 8548.177696
2.94 -0.54 8437.614496
2.94 -0.48 8327.77129600001
2.94 -0.42 8218.648096
2.94 -0.36 8110.244896
2.94 -0.3 8002.56169600001
2.94 -0.24 7895.59849600001
2.94 -0.18 7789.355296
2.94 -0.12 7683.83209600001
2.94 -0.0600000000000001 7579.02889600001
2.94 0 7474.94569600001
2.94 0.0600000000000001 7371.582496
2.94 0.12 7268.939296
2.94 0.18 7167.01609600001
2.94 0.24 7065.812896
2.94 0.3 6965.329696
2.94 0.36 6865.56649600001
2.94 0.42 6766.523296
2.94 0.48 6668.200096
2.94 0.54 6570.59689600001
2.94 0.6 6473.71369600001
2.94 0.66 6377.550496
2.94 0.72 6282.107296
2.94 0.78 6187.38409600001
2.94 0.84 6093.380896
2.94 0.9 6000.097696
2.94 0.96 5907.534496
2.94 1.02 5815.69129600001
2.94 1.08 5724.568096
2.94 1.14 5634.164896
2.94 1.2 5544.481696
2.94 1.26 5455.518496
2.94 1.32 5367.275296
2.94 1.38 5279.752096
2.94 1.44 5192.948896
2.94 1.5 5106.865696
2.94 1.56 5021.502496
2.94 1.62 4936.859296
2.94 1.68 4852.936096
2.94 1.74 4769.732896
2.94 1.8 4687.249696
2.94 1.86 4605.486496
2.94 1.92 4524.443296
2.94 1.98 4444.120096
2.94 2.04 4364.516896
2.94 2.1 4285.633696
2.94 2.16 4207.470496
2.94 2.22 4130.027296
2.94 2.28 4053.304096
2.94 2.34 3977.300896
2.94 2.4 3902.017696
2.94 2.46 3827.454496
2.94 2.52 3753.611296
2.94 2.58 3680.488096
2.94 2.64 3608.084896
2.94 2.7 3536.401696
2.94 2.76 3465.438496
2.94 2.82 3395.195296
2.94 2.88 3325.672096
2.94 2.94 3256.868896
2.94 3 3188.785696

3 -3 14404
3 -2.94 14260.36
3 -2.88 14117.44
3 -2.82 13975.24
3 -2.76 13833.76
3 -2.7 13693
3 -2.64 13552.96
3 -2.58 13413.64
3 -2.52 13275.04
3 -2.46 13137.16
3 -2.4 13000
3 -2.34 12863.56
3 -2.28 12727.84
3 -2.22 12592.84
3 -2.16 12458.56
3 -2.1 12325
3 -2.04 12192.16
3 -1.98 12060.04
3 -1.92 11928.64
3 -1.86 11797.96
3 -1.8 11668
3 -1.74 11538.76
3 -1.68 11410.24
3 -1.62 11282.44
3 -1.56 11155.36
3 -1.5 11029
3 -1.44 10903.36
3 -1.38 10778.44
3 -1.32 10654.24
3 -1.26 10530.76
3 -1.2 10408
3 -1.14 10285.96
3 -1.08 10164.64
3 -1.02 10044.04
3 -0.96 9924.16
3 -0.9 9805
3 -0.84 9686.56
3 -0.78 9568.84
3 -0.72 9451.84
3 -0.66 9335.56
3 -0.6 9220
3 -0.54 9105.16
3 -0.48 8991.04
3 -0.42 8877.64
3 -0.36 8764.96
3 -0.3 8653
3 -0.24 8541.76
3 -0.18 8431.24
3 -0.12 8321.44
3 -0.0600000000000001 8212.36
3 0 8104
3 0.0600000000000001 7996.36
3 0.12 7889.44
3 0.18 7783.24
3 0.24 7677.76
3 0.3 7573
3 0.36 7468.96
3 0.42 7365.64
3 0.48 7263.04
3 0.54 7161.16
3 0.6 7060
3 0.66 6959.56
3 0.72 6859.84
3 0.78 6760.84
3 0.84 6662.56
3 0.9 6565
3 0.96 6468.16
3 1.02 6372.04
3 1.08 6276.64
3 1.14 6181.96
3 1.2 6088
3 1.26 5994.76
3 1.32 5902.24
3 1.38 5810.44
3 1.44 5719.36
3 1.5 5629
3 1.56 5539.36
3 1.62 5450.44
3 1.68 5362.24
3 1.74 5274.76
3 1.8 5188
3 1.86 5101.96
3 1.92 5016.64
3 1.98 4932.04
3 2.04 4848.16
3 2.1 4765
3 2.16 4682.56
3 2.22 4600.84
3 2.28 4519.84
3 2.34 4439.56
3 2.4 4360
3 2.46 4281.16
3 2.52 4203.04
3 2.58 4125.64
3 2.64 4048.96
3 2.7 3973
3 2.76 3897.76
3 2.82 3823.24
3 2.88 3749.44
3 2.94 3676.36
3 3 3604

