0 1
0.0357822526636854 0.982115275516186
0.0698679957651025 0.965111286795097
0.102869428718928 0.948697156489115
0.135147906637363 0.932706152162644
0.166920979312142 0.917042872092841
0.198321215302129 0.901654028956181
0.229429968284665 0.886511583984505
0.260297345737194 0.871602725603073
0.290954254406073 0.85692380174991
0.321419760902027 0.842476602425619
0.351705627049564 0.8282660662225
0.381819119203909 0.814298860336988
0.411764754195102 0.800582500599666
0.441545386634783 0.787124807025706
0.471162886900188 0.773933568510452
0.500618564216309 0.761016338206968
0.529913430819261 0.748380310734623
0.55904836699644 0.736032250754475
0.588024224310345 0.72397845389372
0.616841890305461 0.712224728137209
0.645502329259751 0.700776388255322
0.674006608086229 0.689638258614819
0.702355913080433 0.678814681452529
0.730551561077454 0.668309528773488
0.758595007247607 0.658126216710761
0.786487850923521 0.648267721606534
0.814231840326268 0.638736597338593
0.841828876727239 0.629534993582438
0.869281018372721 0.620664674804068
0.896590484363837 0.612127039844801
0.92375965859703 0.603923142001766
0.950791093811742 0.596053709534596
0.977687515751182 0.588519166545892
1.00445182741201 0.581319654193491
1.03108711333517 0.574455052198453
1.05759664387024 0.567925000615165
1.08398387932796 0.561728921829783
1.11025247391938 0.555866042750682
1.13640627936472 0.550335417149925
1.16244934804069 0.545135948108069
1.18838593552243 0.54026641050602
1.21422050236478 0.535725473497113
1.23995771495971 0.531511722880423
1.26560244530128 0.527623683282572
1.29115976948931 0.524059840040469
1.31663496480771 0.520818660661838
1.34203350522425 0.517898615724759
1.36736105517692 0.515298199062446
1.39262346153732 0.513015947066008
1.41782674367477 0.511050456926917
1.44297708158501 0.509400403633351
1.46808080209396 0.508064555531398
1.49314436319869 0.507041788264182
1.51817433666137 0.506331096909937
1.5431773890272 0.505931606154184
1.56816026128879 0.505842578351578
1.59312974746644 0.506063419359196
1.61809267241223 0.506593682054259
1.64305586917409 0.507433067484385
1.66802615627146 0.508581423635989
1.69301031523744 0.510038741844699
1.71801506877096 0.511805150909038
1.74304705981994 0.513880909003403
1.76811283188171 0.516266393517195
1.79321881076433 0.518962088972706
1.81837128800313 0.521968573194205
1.8435764060743 0.525286501914355
1.86884014549424 0.528916592011517
1.89416831384175 0.532859603573124
1.91956653669305 0.537116320976696
1.94504025041711 0.541687533172109
1.97059469674382 0.546574013337249
1.99623491898874 0.551776498065296
2.02196575979698 0.557295666226374
2.04779186025453 0.563132117630093
2.07371766020691 0.569286351599344
2.09974739962244 0.575758745550094
2.1258851208394 0.582549533657454
2.15213467154177 0.58965878567509
2.17849970831669 0.597086385963566
2.20498370065707 0.604832012773283
2.23158993528452 0.612895117819554
2.25832152067996 0.621274906180841
2.28518139172163 0.629970316546267
2.31217231434279 0.63898000183505
2.33929689013274 0.648302310208388
2.36655756081623 0.657935266493372
2.39395661255654 0.667876554038635
2.42149618003666 0.678123497022484
2.44917825028219 0.688673043236101
2.4770046661966 0.699521747366967
2.50497712978706 0.710665754810757
2.53309720506494 0.722100786043652
2.56136632061079 0.733822121591031
2.5897857717986 0.745824587632936
2.61835672267886 0.758102542291431
2.64708020752383 0.77064986264982
2.67595713204238 0.783459932558802
2.70498827427551 0.796525631289745
2.73417428518651 0.809839323100384
2.7635156889634 0.823392847783342
2.79301288305398 0.83717751227274
2.82266613795683 0.851184083388859
2.85247559679441 0.865402781805074
2.8824412746972 0.87982327732518
2.91256305803032 0.894434685562465
2.94284070349658 0.909225566114489
2.97327383715242 0.924183922329252
3.0038619533753 0.93929720275924
3.03460441382292 0.954552304399505
3.06550044642678 0.969935577804394
3.09654914446352 0.985432834174601
3.12774946574891 1.00102935450185
3.15910023199974 1.01670990085244
3.19060012840917 1.03245872986329
3.22224770348039 1.04825960851451
3.25404136916283 1.06409583223154
3.28597940133305 1.07995024535654
3.31805994066049 1.09580526401422
3.35028099389468 1.11164290138072
3.38264043560721 1.12744479534593
3.41513601041673 1.14319223854068
3.44776533572018 1.1588662106793
3.48052590494739 1.17444741314674
3.51341509134955 1.18991630573749
3.5464301523248 1.20525314543145
3.5795682342767 1.22043802706959
3.61282637799312 1.2354509257712
3.64620152452501 1.25027174091405
3.67969052153626 1.26488034147983
3.71329013008763 1.27925661255054
3.74699703180986 1.29338050272658
3.78080783641352 1.30723207222549
3.81471908947668 1.32079154141139
3.84872728044482 1.33403933949914
3.88282885077285 1.34695615317519
3.9170202021346 1.35952297487812
3.95129770462244 1.37172115048653
3.98565770485783 1.38353242617013
4.02009653393328 1.3949389941711
4.05461051510708 1.40592353729733
4.08919597117428 1.41646927192595
4.12384923144098 1.42655998933501
4.15856663823339 1.43618009520223
4.19334455287909 1.44531464713211
4.2281793611045 1.45394939009602
4.26306747779991 1.46207078969327
4.29800535111193 1.46966606316459
4.33298946583167 1.47672320811194
4.36801634605616 1.48323102889983
4.40308255710978 1.48917916073331
4.43818470672172 1.49455809142549
4.47331944546472 1.49935918088288
4.5084834664695 1.50357467835036
4.54367350443755 1.50719773746764
4.57888633398362 1.51022242919711
4.61411876734643 1.51264375268823
4.64936765151347 1.51445764414568
4.68462986481211 1.51566098376891
4.71990231302483 1.51625160082793
4.75518192509145 1.51622827693592
4.79046564846552 1.51559074757266
4.82575044419541 1.51433970190497
4.86103328180354 1.51247678094098
4.89631113403917 1.51000457404506
4.93158097158128 1.50692661382948
4.96683975776902 1.5032473694282
5.00208444343645 1.49897223814734
5.03731196192795 1.49410753547697
5.07251922436862 1.48866048343958
5.10770311526175 1.48263919724268
5.1428604884824 1.47605267019653
5.17798816373213 1.46891075685344
5.21308292351552 1.46122415432259
5.24814151069368 1.45300438171401
5.28316062666413 1.44426375766763
5.31813693020961 1.43501537592795
5.3530670370512 1.42527307893234
5.38794752013333 1.41505142939076
5.4227749106596 1.40436567984722
5.45754569988983 1.3932317402279
5.4922563416995 1.38166614339809
5.52690325589325 1.36968600876862
5.56148283225484 1.35730900401296
5.59599143530665 1.34455330497771
5.63042540974237 1.33143755389145
5.6647810864881 1.31798081599922
5.69905478933863 1.30420253477224
5.73324284210841 1.29012248586394
5.76734157622972 1.27576073000317
5.80134733872556 1.26113756503405
5.83525650047961 1.24627347732766
5.86906546472303 1.23118909280423
5.90277067565553 1.21590512781457
5.93636862711798 1.20044234013655
5.96985587123423 1.18482148034565
6.00322902694266 1.16906324381841
6.0364847883408 1.15318822362374
6.06961993277167 1.13721686454946
6.10263132858597 1.1211694185006
6.13551594252124 1.10506590149207
6.16827084664666 1.08892605244135
6.20089322483031 1.07276929394767
6.23338037869468 1.0566146952229
6.26572973303467 1.04048093731671
6.29793884068183 1.02438628075459
6.33000538680719 1.00834853568326
6.3619271926637 0.992385034593407
6.39370221877763 0.976512607665789
6.4253285676057 0.960747560763446
6.45680448568212 0.945105656070773
6.4881283652854 0.929602095359503
6.51929874566101 0.914251505842788
6.55031431383981 0.899067928561551
6.58117390509668 0.884064809232313
6.61187650309625 0.869254991472859
6.64242123977496 0.854650712311408
6.67280739501004 0.840263599876355
6.70303439612653 0.826104673157164
6.73310181729343 0.812184343722403
6.76300937885938 0.798512419278207
6.79275694667702 0.785098108949407
6.82234453146343 0.771950030166058
6.85177228824176 0.759076217039916
6.8810405159069 0.746484130118412
6.91014965695464 0.734180667407686
6.93910029741109 0.72217217656102
6.96789316699521 0.710464468134473
6.99652913954379 0.699062829817491
7.02500923372421 0.687972041552508
7.05333461405582 0.677196391464068
7.08150659225646 0.666739692524549
7.10952662892565 0.656605299890075
7.13739633557044 0.646796128846548
7.16511747697465 0.637314673311819
7.19269197390556 0.628163024845743
7.22012190614535 0.619342892125078
7.2474095158273 0.610855620844907
7.27455721104831 0.602702214012241
7.30156756972019 0.594883352600705
7.32844334361247 0.587399416537512
7.35518746252849 0.580250505995294
7.38180303854507 0.573436462961467
7.40829337023354 0.566956893056733
7.43466194676691 0.560811187571782
7.46091245180473 0.55499854568721
7.48704876703343 0.549517996835932
7.5130749752274 0.544368423159976
7.53899536268367 0.539548582004298
7.56481442087308 0.535057128379371
7.59053684714301 0.530892637311718
7.61616754430269 0.527053625987591
7.64171161892225 0.523538575579974
7.66717437818263 0.520345952633447
7.69256132512534 0.517474229865827
7.71787815217054 0.514921906230681
7.74313073279831 0.512687526071614
7.76832511132246 0.510769697188689
7.79346749072727 0.509167107630349
7.81856421858537 0.507878541021789
7.84362177112649 0.506902890243668
7.86864673558167 0.506239169283875
7.89364579098149 0.505886523100211
7.91862568763865 0.505844235353138
7.94359322559049 0.506111733894757
7.96855523231444 0.506688593932097
7.99351854005576 0.507574538818342
8.01848996312053 0.508769438463373
8.04347627548785 0.510273305393221
8.06848418908234 0.512086288525134
8.09352033302316 0.514208664759225
8.11859123413001 0.516640828517774
8.14370329892269 0.519383279388191
8.16886279730066 0.522436608044538
8.1940758480365 0.525801480635262
8.21934840616398 0.529478621831294
8.24468625229049 0.533468796729491
8.27009498381686 0.537772791802032
8.29558000800658 0.542391395073856
8.32114653681199 0.547325375698321
8.34679958333743 0.552575463087063
8.37254395979964 0.558142325734366
8.39838427683169 0.564026549860122
8.42432494396987 0.570228617979336
8.45037017116075 0.576748887490645
8.47652397112823 0.583587569362043
8.50279016244646 0.590744706979055
8.52917237317321 0.598220155209308
8.55567404490878 0.606013559727856
8.58229843715742 0.614124336639681
8.60904863188057 0.622551652429579
8.6359275381434 0.631294404264889
8.66293789676887 0.640351200673348
8.6900822849246 0.649720342616345
8.71736312057917 0.659399804977113
8.7447826667747 0.669387218483673
8.77234303567154 0.679679852087471
8.80004619232962 0.690274595820674
8.82789395819865 0.701167944157653
8.85588801429596 0.712355979909478
8.88402990405718 0.723834358683897
8.91232103585029 0.73559829394742
8.94076268514864 0.747642542730611
8.96935599636294 0.759961392022375
8.99810198433638 0.772548645904005
9.02700153551079 0.7853976134788
9.05605540877534 0.7985010976582
9.08526423601231 0.811851384870533
9.11462852235806 0.825440235763477
9.14414864619987 0.839258876976257
9.17382485893251 0.853297994062158
9.20365728450111 0.867547725646229
9.23364591875957 0.881997658906782
9.26379062867636 0.896636826472496
9.29409115142217 0.911453704829382
9.32454709337603 0.926436214333486
9.35515792908874 0.941571720925818
9.38592300024454 0.956847039645539
9.41684151466337 0.972248440035633
9.44791254538772 0.987761653532211
9.47913502989878 1.00337188292392
9.51050776950731 1.01906381396166
9.54202942896469 1.03482162919095
9.57369853633907 1.05062902406941
9.60551348320035 1.06646922542049
9.63747252515611 1.08232501226112
9.66957378277795 1.0981787390261
9.70181524295467 1.1140123611951
9.73419476070454 1.12980746331008
9.7667100614746 1.14554528935137
9.79935874394893 1.16120677541982
9.83213828338241 1.17677258465089
9.86504603546923 1.19222314426486
9.89807924074833 1.20753868463456
9.93123502954042 1.2226992802307
9.96451042740273 1.23768489228314
9.99790236107996 1.2524754129767
10.0314076649212 1.26705071098114
10.0650230877248 1.28139067809864
10.0987452999646 1.29547527679768
10.1325709013454 1.30928458839061
10.1664964286257 1.32279886160397
10.2005183636432 1.33599856128502
10.2346331414715 1.34886441698644
10.2688371586323 1.3613774711726
10.3031267812868 1.3735191267962
10.3374983533253 1.3852711940025
10.3719482042772 1.39661593573026
10.4064726569613 1.40753611199342
10.4410680348023 1.41801502264462
10.4757306687389 1.42803654844149
10.510456903658 1.43758519025793
10.5452431042917 1.44664610630519
10.580085660523 1.45520514725062
10.6149809920524 1.46324888914601
10.649925552387 1.47076466409994
10.6849158321213 1.47774058865168
10.7199483614881 1.48416558982465
10.7550197121696 1.49002942885764
10.7901264983633 1.49532272262873
10.825265377112 1.50003696280286
10.8604330479114 1.50416453274603
10.8956262516213 1.50769872225976
10.9308417687107 1.51063374019642
10.9660764168783 1.51296472502111
11.0013270480947 1.51468775338765
11.0365905451183 1.51579984679579
11.0718638175455 1.51629897639425
11.1071437974566 1.51618406598909
11.1424274347275 1.51545499331047
11.1777116920755 1.5141125895825
11.2129935399155 1.5121586374318
11.2482699511007 1.50959586715976
11.2835378956245 1.50642795139319
11.3187943353622 1.50265949811693
11.3540362189283 1.49829604208167
11.3892604767249 1.49334403456995
11.4244640162571 1.48781083149459
11.4596437177848 1.48170467979586
11.4947964303818 1.47503470209763
11.5299189684644 1.4678108795784
11.5650081088505 1.46004403301098
11.6000605884038 1.45174580192463
11.635073102311 1.44292862184618
11.6700423030331 1.43360569958147
11.7049647999663 1.42379098650653
11.7398371598378 1.41349914984807
11.7746559078544 1.40274554194535
11.8094175296132 1.39154616750118
11.8441184737741 1.37991764884644
11.8787551554839 1.36787718926212
11.9133239605337 1.35544253442296
11.9478212502211 1.34263193204873
11.982243366879 1.32946408987154
12.0165866400258 1.31595813204964
12.0508473930817 1.30213355418072
12.0850219505905 1.2880101770887
12.1191066458779 1.27360809957778
12.1530978290732 1.25894765036582
12.1869918754161 1.24404933942423
12.2207851937685 1.22893380896483
12.2544742352481 1.21362178432375
12.2880555019007 1.19813402499861
12.321525555331 1.18249127609858
12.3548810252096 1.16671422046537
12.3881186175841 1.15082343171953
12.4212351229201 1.13483932847782
12.4542274238101 1.11878212997639
12.4870925022904 1.10267181331989
12.5198274467169 1.08652807255966
12.5524294581584 1.07037027978414
12.5848958562727 1.05421744838365
12.6172240846428 1.03808819862848
12.649411715558 1.02200072567533
12.6814564542325 1.00597277009295
12.7133561424653 0.990021590973398
12.74510876175 0.974163941671321
12.776712435855 0.958416048190733
12.8081654328964 0.94279359021684
12.8394661669366 0.927311684770039
12.8706131991436 0.911984872440631
12.9016052385536 0.896827106146078
12.9324411424794 0.881851742337951
12.963119916614 0.867071534573222
12.9936407148776 0.852498629354158
13.0240028390592 0.838144564132794
13.0542057383039 0.824020267369771
13.0842490084968 0.810136060533017
13.1141323915936 0.796501661919302
13.1438557749477 0.783126192180908
13.1734191906798 0.770018181440309
13.2028228151348 0.757185577877833
13.2320669684698 0.744635757680368
13.2611521144104 0.732375536243343
13.2900788602125 0.720411180523128
13.3188479568623 0.708748422442487
13.3474602995424 0.697392473257794
13.3759169283888 0.686348038802982
13.4042190295597 0.675619335531725
13.4323679366315 0.665210107285924
13.460365132332 0.655123642725024
13.4882122506179 0.645362793357031
13.5159110790942 0.635929992118138
13.5434635617701 0.626827272453481
13.5708718021374 0.618056287856767
13.5981380665492 0.609618331831073
13.6252647878711 0.601514358237002
13.6522545693637 0.593745001997531
13.6791101887499 0.586310600131013
13.7058346024049 0.579211213084996
13.7324309495993 0.572446646343488
13.7589025567097 0.566016472278973
13.7852529413005 0.559920052217766
13.8114858159668 0.55415655868298
13.8376050918128 0.548724997773411
13.8636148814303 0.543624231628978
13.8895195012288 0.538853000923879
13.9153234729572 0.53440994731744
13.9410315242529 0.530293635779867
13.9666485880484 0.526502576695958
13.9921798006671 0.523035247634651
14.0176304984462 0.519890114656639
14.0430062127394 0.517065653016719
14.0683126631703 0.514560367102886
14.0935557490356 0.512372809441344
14.1187415387947 0.510501598586493
14.1438762576206 0.508945435708615
14.1689662730398 0.507703119690272
14.1940180787372 0.50677356054622
14.2190382766599 0.506155790991389
14.2440335576056 0.505848975997551
14.2690106805329 0.505852420201453
14.2939764508763 0.506165573055004
14.318937698182 0.506788031640649
14.3439012534081 0.507719541111016
14.3688739262426 0.508959992749858
14.3938624827909 0.510509419689495
14.4188736239738 0.512367990356691
14.4439139649449 0.514535999752704
14.4689900158028 0.517013858702589
14.4941081638279 0.519802081232951
14.519274657423 0.522901270255314
14.5444955918815 0.526312101744113
14.5697768970595 0.530035307603938
14.5951243269717 0.534071657420646
14.6205434512884 0.538421939285972
14.6460396486714 0.543086939876139
14.6716181018493 0.548067423952668
14.6972837943115 0.553364113439137
14.7230415084769 0.558977666211823
14.748895825183 0.564908654725887
14.7748511243336 0.571157544582724
14.8009115865431 0.577724673128763
14.8270811956176 0.584610228161883
14.8533637417201 0.591814226808928
14.8797628250742 0.599336494626733
14.9062818600766 0.607176644969734
14.932924079693 0.615334058659578
14.9596925400313 0.623807863986101
14.9865901249952 0.632596917064622
15.0136195509324 0.641699782571406
15.0407833712066 0.651114714877421
15.0680839806301 0.660839639599884
15.0955236197051 0.67087213559151
15.1231043786323 0.681209417388678
15.1508282010509 0.691848318141775
15.1786968874844 0.702785273053726
15.2067120984705 0.714016303356017
15.2348753573636 0.725537000855265
15.2631880527985 0.737342513087611
15.2916514408135 0.749427529122675
15.3202666466319 0.761786266063604
15.3490346661093 0.774412456294695
15.3779563668512 0.787299335533154
15.4070324890171 0.800439631746688
15.4362636458227 0.813825555003767
15.4656503237608 0.827448788328387
15.4951928825616 0.841300479636034
15.5248915549158 0.855371234832092
15.5547464459887 0.86965111215813
15.5847575327539 0.884129617875186
15.6149246631798 0.898795703376262
15.6452475553029 0.913637763822567
15.6757257962247 0.92864363839954
15.706358841073 0.943800612289154
15.737146011966 0.959095420454316
15.7680864970246 0.974514253329259
15.7991793494753 0.990042764506463
15.8304234868887 1.00566608050575
15.8618176906002 1.02136881270475
15.8933606053564 1.03713507150167
15.9250507392344 1.05294848277137
15.956886463875 1.06879220666394
15.9888660150732 1.08464895878143
16.0209874937651 1.10050103375318
16.053248867446 1.11633033121299
16.0856479720521 1.13211838416328
16.118182514333 1.14784638969139
16.1508500747357 1.16349524198234
16.183648110816 1.17904556755092
16.2165739611854 1.19447776259367
16.2496248499947 1.20977203233934
16.2827978919471 1.22490843225441
16.3160900978273 1.23986691093928
16.349498380522 1.25462735453064
16.3830195615016 1.26916963240734
16.416650377724 1.28347364398069
16.4503874889118 1.29751936633629
16.4842274851499 1.31128690248333
16.5181668947426 1.32475652995929
16.5522021922621 1.33790874953321
16.5863298067173 1.35072433374936
16.6205461297679 1.36318437505548
16.6548475239054 1.37527033326517
16.6892303305207 1.38696408211345
16.723690877781 1.39824795467651
16.7582254882354 1.40910478744198
16.7928304860757 1.41951796283372
16.8275022039794 1.42947145001505
16.8622369894682 1.43894984381578
16.897031210722 1.44793840165135
16.9318812617936 1.45642307832538
16.9667835671782 1.46439055863083
17.0017345857009 1.47182828768779
17.0367308136912 1.47872449897831
17.0717687874269 1.48506824005961
17.1068450848356 1.49084939595608
17.1419563264529 1.4960587102479
17.1770991756455 1.50068780388887
17.2122703381154 1.50472919179822
17.2474665607116 1.50817629728125
17.2826846295819 1.51102346434032
17.3179213677053 1.51326596794226
17.3531736318544 1.51490002230979
17.3884383090399 1.51592278730405
17.4237123124974 1.51633237296193
17.458992577281 1.51612784224712
17.4942760555313 1.51530921206662
17.5295597114895 1.51387745259632
17.564840516332 1.51183448494954
17.600115442901 1.50918317721228
17.6353814604076 1.50592733885808
17.6706355291859 1.50207171354463
17.7058745955733 1.49762197028366
17.7410955869941 1.49258469296603
17.7762954073192 1.48696736821475
17.8114709325738 1.48077837153142
17.8466190070608 1.47402695169548
17.8817364399634 1.46672321337179
17.9168200024868 1.45887809788013
17.9518664255912 1.45050336208071
17.9868723983654 1.44161155533265
18.0218345670796 1.43221599448797
18.0567495349518 1.42233073689169
18.0916138626525 1.41197055136922
18.126424069564 1.40115088719551
18.1611766358022 1.38988784105571
18.1958680049989 1.3781981220247
18.230494587835 1.36609901461219
18.2650527663012 1.35360833994069
18.2995388986604 1.34074441514559
18.3339493250697 1.32752601110889
18.3682803738158 1.31397230866051
18.4025283681093 1.30010285340307
18.4366896333737 1.28593750933734
18.4707605049612 1.27149641148476
18.5047373362199 1.25679991772146
18.5386165068359 1.24186856005318
18.5723944313669 1.22672299557295
18.6060675678864 1.21138395735284
18.6396324266549 1.19587220552677
18.6730855787363 1.18020847882366
18.7064236644815 1.16441344680914
18.7396434018032 1.14850766308866
18.7727415941727 1.13251151971665
18.8057151382739 1.11644520304446
18.8385610312596 1.10032865122482
18.8712763775584 1.08418151357318
18.9038583951943 1.0680231119662
18.9363044215853 1.0518724044362
18.9686119187995 1.03574795109698
19.0007784782537 1.0196678825127
19.0328018248505 1.00364987059701
19.064679820557 0.987711102105224
19.0964104674363 0.971868254758818
19.1279919101513 0.956137476018136
19.1594224379673 0.940534364497998
19.1907004862834 0.925073954000432
19.2218246377318 0.90977070012055
19.2527936228856 0.894638469365111
19.2836063206202 0.879690530708998
19.3142617581758 0.864939549502607
19.3447591109719 0.850397583633071
19.3750977022225 0.836076081834294
19.4052770024058 0.821985884034825
19.4352966286367 0.8081372236286
19.4651563439942 0.794539731551374
19.4948560568515 0.781202442045084
19.5243958202555 0.768133799993297
19.5537758314001 0.755341669713055
19.5829964312364 0.74283334509179
19.6120581042564 0.730615560962172
19.6409614784876 0.718694505612813
19.6697073257296 0.707075834338344
19.6982965620614 0.695764683938437
19.7267302486419 0.684765688081711
19.7550095928257 0.674082993456984
19.7831359496072 0.663720276640864
19.8111108234039 0.653680761617177
19.8389358701832 0.643967237889977
19.8666128999313 0.634582079137904
19.8941438794573 0.625527262363201
19.9215309355161 0.616804387493844
19.9487763582294 0.608414697401684
19.9758826047728 0.600359098303313
20.0028523032885 0.592638180513357
20.0296882569749 0.585252239521912
20.0563934482889 0.578201297368846
20.0829710431906 0.57148512428752
20.1094243953414 0.565103260588918
20.1357570501595 0.559055038754266
20.161972748618 0.553339605699658
20.1880754306604 0.547955945170013
20.2140692380956 0.542902900211731
20.2399585168215 0.538179195663715
20.2657478182172 0.533783460595002
20.291441899538 0.529714250604232
20.3170457231438 0.525970069881889
20.3425644543919 0.52254939292096
20.3680034580363 0.519450685745973
20.3933682929843 0.51667242651487
20.4186647052895 0.51421312533378
20.4438986192821 0.512071343112179
20.4690761267789 0.510245709276335
20.4942034743559 0.508734938153219
20.5192870487176 0.507537843836056
20.5443333602468 0.50665335334737
20.5693490248766 0.506080517925986
20.5943407444787 0.505818522281432
20.6193152860116 0.5058666916822
20.6442794597167 0.506224496772887
20.6692400966844 0.506891556048348
20.6942040261339 0.507867635949335
20.7191780527631 0.509152648582196
20.7441689345182 0.510746647103243
20.7691833611197 0.512649818844845
20.7942279336505 0.514862476293496
20.8193091454751 0.517385046058803
20.8444333647126 0.520218055995532
20.869606818434 0.523362120658004
20.8948355787025 0.526817925277031
20.9201255505223 0.530586208454339
20.9454824617124 0.534667743768694
20.9709118546731 0.539063320482259
20.9964190799805 0.543773723526074
21.0220092917034 0.548799712930922
21.0476874443199 0.554142002855057
21.0734582910865 0.559801240344431
21.0993263837047 0.565777983944712
21.1252960731234 0.572072682268448
21.1513715113136 0.578685652605537
21.177556653858 0.585617059651242
21.2038552632026 0.592866894413521
21.2302709124283 0.600434953350637
21.2568069894111 0.608320817780898
21.2834667012508 0.616523833598959
21.3102530788617 0.625043091327339
21.3371689816304 0.633877406527542
21.3642171020578 0.643025300592315
21.3913999703146 0.652484981938999
21.4187199586495 0.662254327623474
21.4461792855998 0.672330865394721
21.4737800199633 0.68271175621148
21.5015240844976 0.693393777244608
21.5294132593213 0.704373305391585
21.5574491849982 0.715646301332967
21.5856333652911 0.727208294164451
21.613967169577 0.739054366642414
21.6424518349203 0.751179141085354
21.6710884678072 0.763576765978454
21.6998780455433 0.776240903333475
21.7288214173272 0.789164716861262
21.7579193050085 0.802340861019303
21.7871723035495 0.815761471001905
21.8165808812072 0.829418153745506
21.8461453794574 0.843301980026511
21.8758660126863 0.857403477733503
21.9057428676772 0.871712626399833
21.9357759029206 0.886218853086175
21.9659649477822 0.900911029705639
21.996309701563 0.915777471886261
22.0268097324889 0.930805939467003
22.0574644766691 0.945983638723757
22.0882732370652 0.961297226420959
22.119235182513 0.976732815782319
22.1503493468424 0.992275984470583
22.1816146281391 1.00791178466117
22.2130297881947 1.02362475528776
22.2445934521896 1.03939893652954
22.276304108654 1.05521788659934
22.3081601097503 1.0710647008803
22.3401596719175 1.0869220334444
22.3723008769178 1.102772120971
22.404581673319 1.11859680906626
22.4369998784446 1.1343775809656
22.4695531808186 1.1500955885816
22.5022391431235 1.16573168583852
22.5350552056882 1.1812664642132
22.5679986905111 1.19668029037976
22.6010668058201 1.2119533458335
22.6342566511605 1.22706566834752
22.6675652229953 1.2419971950947
22.7009894207936 1.25672780724798
22.7345260535754 1.27123737585361
22.7681718468704 1.28550580875629
22.8019234500454 1.29951309834153
22.8357774439418 1.31323936984974
22.8697303487641 1.32666493000932
22.9037786321493 1.33977031573129
22.9379187173473 1.35253634260755
22.972146991434 1.36494415295753
23.0064598134806 1.37697526317388
23.0408535225987 1.38861161012785
23.0753244457826 1.39983559640733
23.1098689054698 1.41063013417636
23.144483226746 1.42097868746275
23.1791637441225 1.43086531270073
23.2139068078202 1.44027469737739
23.2487087895007 1.44919219665411
23.2835660873912 1.45760386785818
23.3184751307586 1.46549650276266
23.3534323836963 1.47285765759613
23.3884343481951 1.47967568074559
23.4234775664818 1.48593973813672
23.4585586226136 1.49163983629472
23.4936741433313 1.49676684310552
23.5288207981776 1.50131250631208
23.5639952989016 1.50526946979208
23.5991943981734 1.5086312876729
23.634414887645 1.51139243634631
23.6696535953989 1.51354832444927
23.7049073828322 1.51509530087854
23.7401731410331 1.51603066090577
23.7754477867073 1.51635265045631
23.810728257721 1.51606046860956
23.8460115083285 1.51515426837177
23.8812945041566 1.51363515576334
23.9165742170195 1.51150518725318
23.951847619641 1.50876736556248
23.9871116803609 1.50542563384896
24.0223633579018 1.50148486827249
24.057599596275 1.49695086893208
24.0928173198984 1.49183034915468
24.1280134290022 1.48613092310759
24.1631847953919 1.47986109169881
24.1983282586365 1.47303022672421
24.2334406227445 1.46564855321649
24.2685186533868 1.45772712994956
24.3035590757186 1.44927782805262
24.3385585728477 1.44031330769153
24.3735137849867 1.43084699278108
24.4084213093238 1.42089304369998
24.4432777006341 1.4104663279917
24.4780794726471 1.39958238904743
24.5128231001772 1.38825741278348
24.547505022014 1.37650819234302
24.5821216445598 1.36435209087183
24.6166693461928 1.3518070024383
24.6511444823255 1.33889131119012
24.6855433911166 1.3256238488625
24.7198623997903 1.31202385077474
24.7540978315033 1.29811091047447
24.7882460126998 1.2839049332093
24.8223032808808 1.26942608842519
24.8562659927153 1.25469476150806
24.8901305324144 1.23973150500009
24.9238933202847 1.22455698953415
24.9575508213818 1.20919195473856
24.9910995541773 1.19365716036968
25.0245360991614 1.17797333793193
25.0578571073 1.16216114304252
25.0910593082744 1.1462411087931
25.1241395184322 1.13023360035126
25.1570946483877 1.1141587710327
25.1899217102166 1.09803652005957
25.2226178241955 1.08188645220243
25.2551802250485 1.06572783948329
25.2876062676699 1.04957958509519
25.319893432301 1.03346018967046
25.3520393291487 1.01738772000577
25.3840417024424 1.00137978032775
25.4158984339339 0.985453486158646
25.447607545852 0.969625440817653
25.4791672033335 0.953911714571043
25.510575716356 0.938327826422501
25.5418315412058 0.922888728515334
25.5729332815187 0.907608793100054
25.6038796889351 0.892501802004739
25.6346696634164 0.877580938531524
25.6653022532687 0.862858781690651
25.6957766549259 0.848347302673781
25.7260922125412 0.834057863460542
25.7562484174394 0.820001217446688
25.7862449074803 0.806187511978478
25.8160814663832 0.792626292675928
25.8457580230612 0.779326509427212
25.8752746510113 0.766296523937624
25.9046315678048 0.753544118718817
25.9338291347195 0.74107650740754
25.9628678565514 0.728900346307438
25.9917483816417 0.71702174705257
26.0204715021501 0.705446290297033
26.0490381546022 0.694179040341148
26.077449420734 0.68322456061107
26.105706528653 0.672586929915209
26.1338108543301 0.662269759407418
26.1617639234315 0.652276210193312
26.1895674134943 0.642609011522376
26.2172231564434 0.633270479514427
26.2447331414421 0.62426253637452
26.2720995180586 0.615586730055407
26.2993245997274 0.60724425433106
26.3264108674707 0.599235969248452
26.3533609738401 0.59156242192762
26.380177747026 0.584223867681978
26.4068641950713 0.577220291431644
26.4334235101149 0.570551429382196
26.459859072577 0.564216790939555
26.4861744551853 0.558215680828511
26.5123734267273 0.552547221377663
26.538459955402 0.547210374927078
26.5644382116294 0.542203966306792
26.590312570167 0.537526705324294
26.6160876113725 0.533177209187519
26.6417681214444 0.529154024776624
26.6673590914722 0.525455650663381
26.692865715129 0.52208055876164
26.7182933848469 0.519027215476587
26.7436476863329 0.516294102205182
26.7689343913038 0.513879735025874
26.7941594483486 0.511782683403583
26.8193289718653 0.510001587726744
26.8444492290617 0.508535175488147
26.8695266250619 0.507382275921077
26.8945676862089 0.506541832907681
26.919579041715 0.506012915988077
26.9445674038584 0.505794729316512
26.9695395469789 0.505886618434738
26.9945022855646 0.50628807476205
27.019462451756 0.506998737735075
27.0444268726142 0.508018394567116
27.069402347508 0.509346977634987
27.094395625971 0.51098455953928
27.1194133863587 0.512931345920002
27.1444622156094 0.515187666142187
27.1695485903704 0.517753961994066
27.1946788597044 0.520630774562726
27.2198592295412 0.523818729468468
27.2450957489849 0.52731852064909
27.2703942985343 0.53113089288928
27.2957605802263 0.53525662328878
27.3212001096666 0.539696501856742
27.3467182098732 0.54445131140953
27.372320006828 0.549521806936247
27.3980104266079 0.554908694581288
27.4237941939466 0.560612610377242
27.4496758320719 0.566634098845161
27.4756596636555 0.572973591563329
27.5017498127124 0.579631385790659
27.5279502072931 0.58660762321708
27.554264582818 0.593902268901066
27.5806964859109 0.601515090443868
27.607249278605 0.609445637441149
27.6339261428011 0.617693221245536
27.6607300848729 0.626256895068043
27.6876639403281 0.635135434442267
27.7147303784421 0.644327318072586
27.7419319067968 0.653830709086178
27.769270875664 0.663643436708372
27.7967494821844 0.673762978381516
27.8243697743035 0.684186442349069
27.8521336544304 0.694910550728901
27.8800428827956 0.705931623102669
27.9080990804893 0.717245560651598
27.936303732168 0.728847830872871
27.9646581884218 0.74073345291513
27.9931636677999 0.752896983576167
28.0218212584973 0.765332504010706
28.0506319197061 0.778033607201189
28.0795964826439 0.790993386249577
28.1087156512696 0.804204423553307
28.1379900027041 0.817658780933682
28.1674199873749 0.831347990789907
28.197005928906 0.84526304835679
28.2267480237792 0.859394405148567
28.2566463407937 0.873731963675393
28.2867008203545 0.888265073522538
28.3169112736231 0.902982528885234
28.3472773815653 0.917872567654227
28.3777986939338 0.932922872148297
28.4084746282258 0.948120571590148
28.4393044686566 0.963452246421098
28.4702873651926 0.978903934547622
28.501422332688 0.994461139609066
28.5327082501706 1.01010884135052
28.564143860321 1.02583150817785
28.5957277691922 1.04161311196322
28.627458446213 1.05743714515889
28.659334224518 1.07328664026493
28.6913533016465 1.0891441916822
28.7235137406476 1.10499197996651
28.7558134716263 1.12081179848209
28.7882502937611 1.13658508243408
28.8208218778194 1.15229294023934
28.8535257691887 1.16791618717392
28.8863593914387 1.18343538121375
28.9193200504201 1.19883086096303
28.9524049388978 1.21408278554239
28.9856111417121 1.22917117628772
29.0189356414483 1.24407596008914
29.0523753245909 1.25877701418058
29.0859269881282 1.27325421217223
29.1195873465662 1.28748747110288
29.1533530393012 1.30145679927557
29.1872206382969 1.31514234463007
29.2211866560016 1.3285244433985
29.2552475534373 1.34158366878643
29.2893997483884 1.35430087942166
29.3236396236136 1.36665726731611
29.3579635350022 1.37863440509273
29.3923678195948 1.39021429223948
29.4268488033906 1.40137940016561
29.4614028088627 1.41211271585125
29.4960261621065 1.42239778389973
29.5307151995522 1.43221874682261
29.5654662741744 1.44156038340906
29.6002757611414 1.45040814505444
29.6351400628515 1.45874818994612
29.6700556133127 1.46656741502827
29.7050188818306 1.47385348569009
29.7400263759784 1.48059486314396
29.7750746438311 1.48678082948036
29.8101602754567 1.49240151040526
29.8452799036654 1.49744789568208
29.8804302040274 1.50191185731459
29.915607894179 1.50578616551854
29.9508097324441 1.50906450253922
29.9860325158066 1.51174147437778
30.0212730772775 1.51381262049322
30.0565282827051 1.51527442154771
30.0917950270843 1.51612430526156
30.1270702304268 1.51636065044039
30.1623508332552 1.51598278923159
30.1976337917929 1.51499100765958
30.2329160729204 1.51338654448089
30.2681946489731 1.51117158839018
30.3034664924566 1.50834927359774
30.3387285707574 1.50492367378857
30.3739778409246 1.50089979446198
30.409211244601 1.49628356364046
30.4444257031772 1.49108182092708
30.4796181132432 1.48530230488196
30.5147853424064 1.47895363868133
30.5499242255449 1.47204531401738
30.5850315615562 1.46458767319359
30.6201041106605 1.45659188936906
30.6551385923107 1.44806994490641
30.6901316837531 1.43903460778171
30.7250800192788 1.42949940602074
30.759980190196 1.41947860013507
30.7948287455459 1.40898715354271
30.8296221935763 1.3980407009716
30.8643570039784 1.38665551486076
30.8990296108817 1.37484846979158
30.9336364165944 1.36263700500158
30.9681737960648 1.35003908505415
31.002638102033 1.33707315875973
31.0370256708309 1.32375811646612
31.0713328287801 1.31011324585831
31.1055558991313 1.29615818642963
31.1396912094802 1.28191288280718
31.1737350995893 1.26739753713299
31.2076839295397 1.25263256071995
31.2415340881345 1.23763852521568
31.2752820014712 1.22243611351911
31.3089241416011 1.20704607070307
31.3424570351919 1.19148915520075
31.3758772721143 1.17578609051557
31.4091815138728 1.15995751771124
31.4423665018086 1.1440239489331
31.4754290650048 1.12800572220219
31.5083661278337 1.11192295771086
31.5411747170897 1.0957955158331
31.5738519686627 1.07964295704431
31.6063951337128 1.06348450392511
31.6388015843178 1.04733900540125
31.6710688185723 1.03122490334875
31.7031944651288 1.01516020166869
31.7351762871755 0.999162437912318
31.7670121858596 0.98324865751228
31.7987002031676 0.967435390652713
31.830238524285 0.951738631787995
31.8616254794622 0.936173821798833
31.8928595454204 0.920755832754676
31.923939346336 0.90549895523361
31.9548636544461 0.89041688813506
31.9856313903207 0.87552273090687
32.0162416228504 0.860828978096715
32.046693568999 0.846347516128346
32.0769865933731 0.832089622195769
32.1071202076587 0.818065965163087
32.1370940699762 0.804286608354245
32.1669079842034 0.790761014115209
32.1965618993145 0.777498050030915
32.226055908782 0.764505996680664
32.2553902500837 0.751792556818115
32.284565304358 0.739364865865642
32.3135815962431 0.727229503617299
32.3424397939365 0.715392507049822
32.3711407095047 0.703859384146878
32.3996852994705 0.69263512864789
32.4280746657 0.681724235639217
32.4563100566095 0.671130717911993
32.4843928687034 0.660858123017463
32.512324648454 0.650909550957109
32.5401070945245 0.641287672451031
32.5677420603332 0.63199474773397
32.5952315569486 0.623032645833784
32.6225777562987 0.614402864292153
32.6497829946707 0.606106549291569
32.6768497764655 0.598144516156263
32.7037807781664 0.590517270197429
32.7305788524673 0.583225027874897
32.7572470324952 0.576267738248041
32.7837885360519 0.569645104688208
32.8102067697839 0.563356606823004
32.836505333178 0.557401522679419
32.8626880222672 0.551778950987766
32.8887588329162 0.546487833601733
32.9147219635452 0.541526977981382
32.9405818171385 0.53689507967578
32.966343002377 0.532590744729998
32.9920103337251 0.528612511927885
33.0175888303039 0.524958874767346
33.0430837133836 0.521628303049421
33.0685004023394 0.518619263946754
33.093844508928 0.515930242401765
33.1191218297694 0.51355976069082
33.1443383369464 0.511506396978909
33.1695001666739 0.509768802680674
33.1946136060352 0.508345718439171
33.2196850778328 0.507235988534263
33.2447211236531 0.506438573538812
33.2697283853032 0.505952561053234
33.2947135848259 0.505777174367685
33.3196835033513 0.505911778925764
33.3446449590831 0.506355886493593
33.3696047847487 0.507109156972258
33.3945698048628 0.508171397828635
33.4195468131585 0.509542561157833
33.4445425505346 0.511222738428292
33.4695636838484 0.513212152996232
33.4946167858499 0.51551115050822
33.5197083165134 0.518120187337853
33.544844605977 0.521039817224137
33.5700318392441 0.524270676294503
33.5952760427524 0.527813466664595
33.6205830728602 0.531668938810115
33.6459586062532 0.535837872903804
33.6714081322303 0.540321059303766
33.6969369467903 0.545119278368762
33.7225501484096 0.550233279762779
33.7482526353796 0.555663761396022
33.7740491045547 0.561411348133377
33.799944051353 0.56747657038516
33.8259417708463 0.573859842679136
33.8520463597796 0.58056144229795
33.8782617193601 0.587581488052554
33.9045915586689 0.594919919250214
33.9310393985546 0.602576474905326
33.9576085758799 0.610550673232652
33.9843022480067 0.618841791455617
34.0111233974154 0.627448845956975
34.0380748363661 0.636370572795286
34.065159211524 0.645605408608169
34.0923790084798 0.655151471922034
34.1197365561081 0.665006544887837
34.1472340307157 0.6751680554632
34.1748734599405 0.685633060062874
34.2026567263708 0.696398226701869
34.2305855708603 0.707459818658584
34.2586615955214 0.718813678688747
34.2868862663851 0.730455213824946
34.3152609157221 0.74237938080086
34.3437867440215 0.754580672143904
34.3724648216303 0.767053102984882
34.4012960900609 0.779790198638233
34.4302813629745 0.792784983011586
34.4594213268565 0.806029967908481
34.4887165413973 0.819517143293196
34.5181674396009 0.833237968591573
34.547774327642 0.847183365106488
34.5775373844975 0.861343709630995
34.6074566613813 0.875708829346211
34.6375320810114 0.890267998094395
34.6677634367444 0.905009934120519
34.6981503916118 0.919922799377596
34.7286924772976 0.934994200492095
34.7593890930944 0.950211191485805
34.7902395048834 0.965560278349306
34.8212428441785 0.981027425559684
34.8523981072807 0.99659806463117
34.8837041545877 1.01225710478182
34.9151597101031 1.02798894579216
34.9467633611926 1.04377749312282
34.9785135586286 1.05960617534725
35.0104086169693 1.07545796394354
35.04244671531 1.09131539547448
35.0746258984467 1.10716059616942
35.1069440784849 1.12297530890393
35.1393990369236 1.13874092255378
35.1719884272401 1.1544385036801
35.204709777993 1.17004883048099
35.2375604964569 1.18555242892317
35.2705378727944 1.20092961094492
35.3036390847623 1.21616051459981
35.3368612029426 1.2312251459887
35.3702011964798 1.24610342280718
35.4036559392988 1.26077521931616
35.4372222167676 1.27522041252561
35.4708967327623 1.2894189293666
35.5046761170855 1.30335079461347
35.5385569331788 1.3169961793085
35.5725356860673 1.33033544943463
35.6066088304668 1.34334921457842
35.6407727789792 1.35601837632571
35.6750239103015 1.36832417613588
35.7093585773675 1.38024824244823
35.7437731153442 1.39177263678382
35.7782638494028 1.4028798986201
35.8128271021877 1.41355308883179
35.84745920091 1.42377583151018
35.8821564839938 1.43353235399348
35.916915307213 1.4428075249633
35.9517320492588 1.45158689048501
35.9866031166894 1.45985670789342
36.0215249482161 1.46760397744861
36.0564940182953 1.47481647170945
36.0915068399979 1.48148276259416
36.1265599671429 1.48759224611751
36.1616499956866 1.49313516481263
36.1967735643711 1.49810262786169
36.2319273546444 1.50248662897348
36.2671080898704 1.50628006205728
36.3023125338601 1.50947673475084
36.3375374887588 1.5120713798663
36.3727797923345 1.51405966482107
36.408036314716 1.51543819912133
36.4433039546396 1.516204539964
36.4785796352633 1.51635719601923
36.5138602996164 1.51589562944939
36.5491429057528 1.51482025621318
36.5844244216817 1.51313244469443
36.6197018201499 1.51083451268524
36.6549720733522 1.50792972274293
36.6902321476473 1.50442227592891
36.7254789983557 1.50031730392728
36.760709564717 1.49562085953057
36.7959207650806 1.49033990547048
36.8311094924029 1.48448230156315
36.8662726101219 1.47805679013174
36.9014069484733 1.47107297966387
36.9365093013124 1.46354132665825
36.9715764234972 1.45547311561415
37.0066050288843 1.44688043711854
37.0415917889817 1.43777616399009
37.0765333322966 1.42817392544539
37.1114262444081 1.4180880792623
37.1462670687851 1.40753368192677
37.1810523083643 1.39652645676372
37.2157784278898 1.38508276006892
37.2504418570107 1.37321954527699
37.2850389941208 1.36095432522075
37.3195662109162 1.34830513255827
37.3540198576373 1.33529047846609
37.3883962689525 1.3219293097195
37.4226917704341 1.30824096430306
37.4569026855651 1.2942451257163
37.491025343215 1.27996177615992
37.5250560855096 1.26541114880674
37.5589912760227 1.25061367937828
37.5928273082056 1.23558995726197
37.626560613977 1.22036067641521
37.6601876723859 1.2049465863101
37.6937050182695 1.18936844317749
37.7271092508214 1.17364696180947
37.7603970419962 1.15780276817658
37.7935651446748 1.14185635310971
37.8266104005244 1.1258280272866
37.8595297474916 1.10973787774973
37.8923202268758 1.0936057261665
37.9249789899355 1.07745108902372
37.9575033039933 1.061293139928
37.9898905580094 1.04515067416117
38.0221382676049 1.02904207561633
38.0542440795259 1.01298528621597
38.0862057755456 0.996997777889148
38.1180212758123 0.981096527160631
38.1496886416574 0.965297992381302
38.1812060778863 0.949618093606853
38.2125719345792 0.934072195110577
38.2437847084376 0.918675090496754
38.2748430437145 0.903440990363501
38.3057457327714 0.888383512448433
38.3364917163093 0.873515674177
38.367080083321 0.858849887522058
38.3975100708164 0.844397956074047
38.4277810633701 0.830171074214034
38.4578925925447 0.816179828276784
38.4878443362379 0.802434199587775
38.5176361180052 0.788943569256553
38.5472679064047 0.775716724608904
38.5767398144102 0.762761867141774
38.6060520989365 0.750086621887522
38.6352051605171 0.737698048077847
38.6641995431715 0.725602651002305
38.6930359344964 0.713806394961591
38.721715166012 0.702314717221624
38.7502382137883 0.691132542880625
38.7786061993746 0.680264300567858
38.8068203910503 0.669713938899218
38.834882205409 0.659484943621414
38.8627932092845 0.649580355382865
38.8905551220204 0.640002788075643
38.9181698180799 0.630754447698573
38.9456393299846 0.621837151697048
38.9729658515649 0.61325234873993
39.0001517414963 0.605001138898154
39.0271995270857 0.597084294193094
39.054111908266 0.589502279485363
39.0808917617399 0.582255273676366
39.1075421452117 0.575343191195394
39.134066301624 0.568765703744378
39.1604676633111 0.562522262270278
39.1867498559635 0.556612119131522
39.2129167022846 0.551034350419677
39.2389722252098 0.54578787839061
39.2649206505439 0.540871493950736
39.2907664088611 0.53628387913349
39.3165141365071 0.532023629489102
39.3421686755331 0.528089276297135
39.3677350723925 0.524479308496489
39.393218575236 0.521192194212062
39.418624629649 0.518226401741559
39.443958872693 0.515580419850769
39.4692271251388 0.513252777211887
39.4944353818075 0.511242060807995
39.5195897999791 0.509546933118706
39.544696685871 0.508166147898081
39.5697624792407 0.507098564357237
39.5947937362217 0.506343159571096
39.6197971105546 0.505899038942002
39.6447793334298 0.505765444572447
39.669747192204 0.505941761424528
39.694707508294 0.506427521174386
39.7196671145814 0.507222403704451
39.7446328326772 0.508326236213629
39.7696114504024 0.509738989963836
39.7946096998305 0.511460774718849
39.8196342362173 0.513491830966768
39.8446916181087 0.515832520048796
39.8697882888787 0.518483312343625
39.8949305598972 0.521444773677409
39.920124595479 0.524717550143911
39.9453763997087 0.528302351527682
39.970691805187 0.532199933525596
39.996076463694 0.536411078959126
40.0215358387229 0.540936578162353
40.0470751998021 0.54577720871967
40.0726996184911 0.550933714713538
40.0984139659172 0.556406785627293
40.1242229117021 0.562197035031881
40.150130924119 0.568304979169136
40.1761422713176 0.574731015528534
40.2022610234566 0.581475401499649
40.2284910555856 0.58853823316917
40.2548360511295 0.595919424319576
40.2812995058377 0.603618685676432
40.3078847320691 0.611635504442861
40.3345948633021 0.619969124153039
40.3614328587641 0.628618524871396
40.3884015080928 0.637582403760551
40.4155034359516 0.646859156038706
40.4427411065316 0.65644685634611
40.4701168278842 0.666343240540193
40.4976327560382 0.676545687939866
40.5252908988634 0.687051204041249
40.5530931196499 0.697856403729518
40.5810411403807 0.708957495014616
40.6091365446814 0.720350263322169
40.637380780435 0.732030056374927
40.6657751620564 0.743991769704441
40.6943208724261 0.756229832837336
40.7230189644844 0.768738196205409
40.7518703624947 0.781510318833842
40.7808758629852 0.794539156866918
40.8100361353834 0.807817152995778
40.8393517223592 0.821336226857824
40.8688230398987 0.835087766482323
40.8984503771293 0.849062620861437
40.9282338959233 0.863251093730304
40.9581736303081 0.877642938643677
40.9882694857138 0.892227355440035
41.0185212380924 0.906992988186742
41.0489285329439 0.921927924701721
41.0794908842884 0.937019697748044
41.1102076736234 0.9522552879977
41.1410781489093 0.96762112885944
41.1721014236257 0.983103113262889
41.2032764759442 0.998686602486953
41.2346021480615 1.01435643711477
41.2660771457394 1.03009695019003
41.2977000380961 1.04589198264036
41.3294692576944 1.06172490102233
41.3613831009663 1.07757861763015
41.3934397290187 1.09343561299539
41.4256371688536 1.10927796078889
41.4579733150387 1.1250873551182
41.4904459318569 1.14084514019496
41.5230526559592 1.15653234232572
41.5557909995377 1.17212970415894
41.5886583540319 1.18761772109874
41.6216519943717 1.20297667977369
41.6547690837544 1.21818669842709
41.6880066789442 1.23322776907373
41.721361736075 1.24807980124728
41.7548311169295 1.26272266714377
41.7884115956574 1.27713624794907
41.8220998658913 1.29130048112342
41.8558925482065 1.30519540840361
41.889786197868 1.31880122427394
41.9237773128009 1.33209832465103
41.9578623417127 1.34506735552434
41.9920376922948 1.35768926129526
42.026299739427 1.36994533256155
42.0606448333034 1.38181725310152
42.0950693074034 1.39328714582331
42.1295694862263 1.40433761745846
42.1641416927141 1.41495180179557
42.1987822552888 1.4251134012689
42.2334875144343 1.43480672673759
42.2682538287599 1.44401673531329
42.3030775804883 1.45272906611735
42.3379551803187 1.46093007387207
42.3728830716219 1.46860686025385
42.4078577339372 1.47574730295886
42.4428756857444 1.48234008245329
42.477933486498 1.48837470640043
42.5130277379175 1.49384153177478
42.5481550845382 1.49873178468943
42.5833122135347 1.5030375779765
42.618495853839 1.50675192657113
42.6537027745842 1.50986876075795
42.6889297829084 1.51238293734445
42.7241737211677 1.51429024882826
42.7594314636051 1.51558743062625
42.7946999125366 1.51627216643055
42.8299759941127 1.51634309175313
42.8652566537248 1.51579979571389
42.9005388511251 1.51464282111967
42.9358195553331 1.51287366287263
42.971095739404 1.51049476473632
43.0063643751362 1.50750951447719
43.0416224277932 1.50392223738855
43.0768668509191 1.49973818819319
43.1120945813225 1.49496354131082
43.1473025343043 1.48960537946693
43.1824875992012 1.48367168061171
43.2176466353153 1.47717130311105
43.2527764682946 1.47011396916635
43.2878738870263 1.46251024641759
43.3229356410985 1.45437152768316
43.3579584388811 1.44571000879168
43.3929389462694 1.43653866446571
43.4278737861267 1.42687122222396
43.4627595384544 1.41672213427802
43.4975927413112 1.40610654741196
43.5323698924914 1.39504027084729
43.5670874519664 1.38353974211259
43.6017418450812 1.37162199095551
43.6363294664913 1.35930460135503
43.6708466848128 1.34660567171341
43.7052898479524 1.33354377332903
43.7396552890727 1.32013790727411
43.7739393331409 1.30640745982352
43.8081383040028 1.29237215660211
43.8422485319135 1.27805201563882
43.8762663614552 1.26346729953389
43.9101881597637 1.24863846696226
43.9440103249844 1.23358612374967
43.9777292948753 1.21833097376897
44.0113415554748 1.20289376991125
44.0448436497504 1.18729526539072
44.0782321861502 1.17155616564221
44.1115038469789 1.15569708106707
44.144655396526 1.13973848087613
44.1776836888799 1.12370064826814
44.2105856753684 1.10760363716853
44.2433584115713 1.09146723073694
44.2759990638623 1.07531090183298
44.3085049154446 1.05915377560899
44.3408733718515 1.04301459437562
44.3731019658962 1.02691168486293
44.4051883620604 1.01086292797498
44.4371303603225 0.994885731111813
44.4689258994326 0.978997003108491
44.5005730596501 0.963213131817474
44.5320700649677 0.947549964338471
44.5634152848501 0.932022789878911
44.5946072355223 0.916646325209081
44.6256445808477 0.901434702658634
44.6565261328394 0.886401460585894
44.6872508518509 0.871559536238223
44.7178178464955 0.856921260910651
44.7482263733448 0.842498357301106
44.7784758364573 0.828301938953709
44.8085657867879 0.814342511676763
44.8384959215297 0.800629976819072
44.8682660834361 0.787173636286911
44.8978762601724 0.773982199184237
44.9273265837412 0.761063789960377
44.9566173300255 0.748425957952213
44.9857489184893 0.736075688211787
45.0147219120728 0.724019413514877
45.0435370173155 0.712263027451516
45.0721950847381 0.700811898505249
45.1006971095076 0.689670885034204
45.1290442324086 0.67884435107349
45.157237741137 0.668336182884994
45.1852790719298 0.658149806187173
45.2131698115356 0.648288204003814
45.2409116995304 0.638753935076867
45.2685066309709 0.629549152794244
45.2959566593764 0.620675624588775
45.3232640000182 0.612134751769342
45.3504310334915 0.603927589749274
45.3774603095326 0.59605486864049
45.4043545510356 0.588517014184342
45.4311166582135 0.581314168991592
45.4577497128345 0.574446214064334
45.4842569824547 0.567912790571755
45.5106419245524 0.561713321849365
45.5369081904599 0.555847035587501
45.5630596289711 0.550312986169491
45.5891002894923 0.545110077112711
45.6150344245923 0.540237083556845
45.6408664917949 0.535692674733014
45.6666011544495 0.531475436335139
45.6922432815131 0.527583892701113
45.7177979460723 0.524016528696501
45.7432704224426 0.520771811177881
45.7686661816903 0.517848209897272
45.7939908854424 0.515244217694075
45.8192503778754 0.512958369807443
45.8444506758036 0.510989262130908
45.8695979568328 0.50933556822349
45.8946985455881 0.507996054888279
45.9197588980772 0.506969596131453
45.9447855843042 0.506255185322595
45.9697852693051 0.505851945391225
45.9947646928258 0.505759136914802
46.0197306479128 0.505976163979578
46.0446899587224 0.506502577726865
46.0696494578865 0.507338077532361
46.0946159637854 0.50848250980366
46.1195962580823 0.509935864419362
46.1445970638643 0.511698268870589
46.1696250247112 0.513769980200548
46.1946866849778 0.516151374868685
46.2197884715356 0.518842936691746
46.2449366771676 0.521845243034054
46.2701374457592 0.525158949432985
46.2953967593749 0.528784772853193
46.3207204272575 0.532723473764799
46.3461140767414 0.536975837237186
46.3715831460273 0.541542653232143
46.3971328787309 0.54642469626866
46.4227683200905 0.551622704617773
46.4484943146954 0.557137359170378
46.4743155055838 0.562969262104735
46.50023633455 0.569118915464178
46.5262610434984 0.57558669973994
46.5523936766833 0.582372852539497
46.5786380836789 0.589477447407632
46.6049979229331 0.596900372855885
46.6314766657671 0.60464131164614
46.6580776006981 0.612699720365931
46.6848038379693 0.621074809326531
46.7116583141898 0.629765522809941
46.7386437969941 0.638770519687434
46.765762889646 0.648088154430146
46.7930180355222 0.657716458531274
46.8204115224187 0.667653122359526
46.8479454866372 0.677895477464515
46.8756219168129 0.688440479356635
46.903442657455 0.69928469078645
46.9314094121777 0.710424265551816
46.9595237466068 0.721854932864538
46.98778709095 0.733571982312455
47.0162007422271 0.745570249457238
47.0447658661586 0.757844102112896
47.0734834987162 0.770387427354861
47.102354547344 0.783193619314602
47.1313797918581 0.796255567819835
47.1605598850427 0.809565647945509
47.1898953529567 0.823115710545853
47.219386594973 0.83689707384264
47.2490338835739 0.850900516149497
47.2788373639272 0.865116269816398
47.3087970532735 0.879534016482353
47.3389128401549 0.894142883727553
47.3691844835202 0.908931443218871
47.3996116117412 0.923887710444344
47.430193721581 0.938999146133075
47.4609301771521 0.954252659456721
47.491820208909 0.96963461310717
47.522862912717 0.985130830342157
47.5540572490427 1.00072660408616
47.5854020423123 1.01640670816797
47.6168959804813 1.03215541076863
47.6485376148621 1.04795649014416
47.6803253602533 1.063793252676
47.7122574954121 1.07964855328951
47.7443321639114 1.09550481826574
47.7765473754172 1.11134407045551
47.8089010074197 1.12714795688671
47.8413908074468 1.14289777873649
47.8740143957841 1.15857452361931
47.9067692687163 1.17415890012069
47.9396528023033 1.18963137448422
47.9726622566928 1.20497220933751
48.0057947809659 1.22016150432045
48.0390474185033 1.23517923845813
48.0724171128509 1.25000531410008
48.105900714059 1.26461960222883
48.1394949854537 1.27900198892359
48.1731966108006 1.29313242275055
48.207002201805 1.30699096283872
48.2409083058916 1.32055782739175
48.2749114141977 1.33381344237998
48.3090079697103 1.34673849015463
48.3431943754719 1.35931395772738
48.3774670027783 1.37152118446274
48.4118221992892 1.38334190893904
48.446256296972 1.39475831474498
48.4807656197998 1.40575307499291
48.5153464911281 1.41630939534713
48.5499952406756 1.42641105538448
48.5847082110425 1.43604244812596
48.6194817637016 1.4451886176
48.6543122844076 1.45383529432165
48.6891961879746 1.46196892859516
48.724129922383 1.46957672157098
48.7591099721818 1.47664665401044
48.7941328611663 1.48316751273306
48.8291951543147 1.48912891474116
48.8642934589823 1.49452132903409
48.8994244253567 1.49933609614036
48.9345847461878 1.5035654454089
48.9697711558171 1.5072025101112
49.0049804285353 1.51024134041423
49.0402093763073 1.51267691428882
49.0754548459112 1.51450514642107
49.110713715542 1.51572289519408
49.1459828909379 1.51632796780524
49.1812593010931 1.51631912357945
49.2165398936227 1.51569607553268
49.2518216298506 1.51445949023208
49.2871014796946 1.51261098598973
49.3223764164225 1.51015312941709
49.3576434113572 1.50708943035655
49.3928994286069 1.50342433519553
49.428141419898 1.49916321855815
49.4633663195874 1.49431237335919
49.4985710399266 1.488878999196
49.5337524666524 1.4828711890459
49.5689074549711 1.47629791423033
49.6040328260027 1.46916900760221
49.6391253637446 1.46149514491046
49.6741818126115 1.45328782429545
49.7091988755998 1.44455934387106
49.7441732131203 1.43532277735386
49.7791014425331 1.42559194770724
49.8139801384148 1.41538139877783
49.848805833575 1.40470636491443
49.8835750208337 1.39358273857378
49.9182841555612 1.382027035935
49.9529296589717 1.37005636056275
49.9875079221538 1.35768836517987
50.0220153108112 1.34494121163149
50.056448170677 1.33183352914509
50.0908028335573 1.31838437101314
50.1250756239519 1.30461316984729
50.1592628661903 1.29053969157459
50.1933608920169 1.27618398836614
50.2273660485524 1.26156635070698
50.2612747065543 1.24670725883209
50.2950832688965 1.23162733376665
50.3287881791848 1.21634728821912
50.3623859304259 1.20088787758265
50.3958730736683 1.18526985130366
50.4292462265346 1.16951390487654
50.4625020815684 1.1536406327193
50.4956374143261 1.13767048217781
50.5286490911444 1.12162370889538
50.5615340765283 1.10552033377063
50.5942894401046 1.0893801017096
50.6269123630997 1.07322244235919
50.6594001443069 1.05706643298753
50.6917502055161 1.0409307636545
50.7239600963911 1.02483370479157
50.7560274987852 1.00879307728606
50.7879502304966 0.992826225140364
50.8197262484731 0.976949990752896
50.8513536514813 0.961180692843988
50.8828306822657 0.945534107028105
50.914155729227 0.930025449012969
50.9453273276549 0.914669360387267
50.9763441605563 0.899479896941557
51.0072050591215 0.884470519451998
51.037909002878 0.869654086843592
51.0684551195774 0.855042851638907
51.0988426848698 0.840648457589599
51.1290711218132 0.826481939381467
51.1591400002721 0.812553724299212
51.1890490362534 0.798873635734244
51.2187980912298 0.785450898417841
51.2483871714983 0.772294145262386
51.2778164276188 0.759411425695211
51.3070861539744 0.746810215372548
51.3361967884961 0.73449742716504
51.3651489125845 0.722479423311059
51.3939432512658 0.710762028639521
51.4225806736078 0.699350544769802
51.4510621934241 0.688249765202644
51.4793889702856 0.677463991222428
51.5075623108576 0.666997048537731
51.5355836705724 0.656852304593599
51.5634546556453 0.647032686495325
51.5911770254337 0.637540699489613
51.6187526951338 0.62837844595472
51.6461837388034 0.619547644856462
51.67347239269 0.611049651631635
51.700621058836 0.602885478464447
51.7276323089245 0.595055814924819
51.7545088883189 0.587561048939757
51.7812537202378 0.580401288070354
51.8078699099953 0.573576381067197
51.8343607492278 0.567085939675867
51.8607297200082 0.560929360661758
51.8869804987439 0.555105848019446
51.9131169597334 0.549614435326153
51.9391431782497 0.544454008191516
51.9650634330014 0.539623326746706
51.9908822078174 0.535121048105075
52.0166041923874 0.530945748714002
52.0422342818923 0.527095946503689
52.0677775753529 0.523570122723628
52.0932393725355 0.520366743341853
52.1186251692615 0.517484279866443
52.1439406509902 0.51492122943386
52.1691916845665 0.51267613399546
52.194384308063 0.510747598422825
52.2195247186852 0.509134307345446
52.2446192587553 0.507835040531696
52.2696743998436 0.506848686626726
52.2946967251693 0.5061742550696
52.3196929104482 0.505810886026832
52.3446697034149 0.505757858200629
52.369633902295 0.506014594396947
52.3945923335385 0.506580664770238
52.4195518291531 0.507455787697228
52.4445192039904 0.508639828269759
52.4695012333395 0.510132794435002
52.4945046311693 0.511934830848471
52.5195360293372 0.514046210539718
52.5446019580462 0.516467324520844
52.5697088277888 0.519198669493076
52.5948629129647 0.522240833825798
52.6200703373108 0.525594481995361
52.6453370612223 0.529260337677742
52.6706688710002 0.533239165690087
52.6960713700068 0.537531752972007
52.7215499716735 0.542138888789059
52.7471098942702 0.547061344329062
52.772756157316 0.55229985184773
52.7984935794922 0.557855083504474
52.8243267779052 0.56372763001301
52.850260168537 0.569917979215221
52.8762979677223 0.576426494671281
52.902444194491 0.583253394344624
52.928702673621 0.590398729447415
52.9550770392573 0.597862363500799
52.9815707389603 0.605643951654535
53.0081870380608 0.613742920302673
53.0349290242105 0.622158447025586
53.0617996120287 0.630889440883981
53.0888015477593 0.639934523087159
53.1159374138632 0.649292008055839
53.1432096334816 0.658959884899059
53.1706204747173 0.668935799324872
53.1981720546902 0.679217036005721
53.2258663433292 0.689800501421301
53.253705166875 0.700682707204323
53.2816902110704 0.711859754017816
53.309823024024 0.723327315996269
53.3381050187379 0.735080625787048
53.3665374752934 0.747114460232951
53.3951215426972 0.7594231267415
53.4238582403887 0.772000450391494
53.4527484594194 0.784839761832402
53.4817929633134 0.797933886037313
53.5109923886249 0.811275131975296
53.5403472452102 0.824855283274054
53.5698579162339 0.838665589948654
53.599524657935 0.852696761276718
53.6293475991774 0.866938959904741
53.659326740815 0.881381797273976
53.6894619549028 0.896014330457536
53.7197529837883 0.910825060502864
53.7501994391201 0.925801932375355
53.780800800812 0.940932336599598
53.8115564160034 0.95620311269427
53.8424654980589 0.971600554494991
53.8735271256502 0.987110417456417
53.9047402419654 1.00271792802024
53.9361036540912 1.01840779512959
53.9676160326133 1.03416422396249
53.9992759114799 1.04997093194735
54.0310816881717 1.06581116711199
54.0630316242217 1.08166772880466
54.095123846123 1.09752299081036
54.1273563466623 1.11335892686918
54.1597269867106 1.12915713858531
54.1922334975 1.14489888569575
54.2248734834083 1.16056511864706
54.2576444252685 1.1761365134072
54.2905436842123 1.19159350841727
54.3235685060506 1.20691634356587
54.3567160261861 1.22208510104694
54.3899832750435 1.23707974794058
54.4233671839973 1.25188018033608
54.456864591767 1.26646626879792
54.4904722512415 1.28081790495866
54.5241868366874 1.29491504900824
54.5580049512882 1.30873777783768
54.5919231349543 1.32226633358647
54.6259378723383 1.33548117233739
54.6600456009839 1.3483630127009
54.6942427195354 1.36089288403236
54.7285255959283 1.37305217403071
54.7628905754821 1.38482267547539
54.7973339888176 1.39618663187035
54.8318521595176 1.40712678177819
54.8664414114566 1.41762640164505
54.9010980757272 1.4276693469363
54.9358184970935 1.4372400914243
54.9705990399115 1.44632376449191
55.0054360934608 1.45490618633902
55.0403260766383 1.46297390100253
55.0752654419772 1.47051420712357
55.1102506789589 1.47751518641836
55.1452783165961 1.48396572982991
55.1803449252761 1.48985556135776
55.2154471178602 1.49517525958027
55.2505815500461 1.49991627689946
55.2857449200077 1.504070956551
55.3209339673372 1.50763254743255
55.3561454713205 1.51059521681082
55.3913762485854 1.51295406097274
55.4266231501695 1.51470511388826
55.4618830580604 1.51584535395211
55.4971528812665 1.51637270886902
55.5324295514816 1.51628605874236
55.5677100184113 1.51558523741941
55.6029912448314 1.51427103213858
55.638270201452 1.51234518151434
55.6735438616642 1.50981037188556
55.708809196243 1.50667023204231
55.7440631680879 1.50292932633535
55.7793027270736 1.49859314616172
55.8145248050903 1.49366809981019
55.8497263113463 1.48816150064105
55.884904128004 1.48208155356688
55.9200551062195 1.47543733979479
55.9551760626493 1.46823879978626
55.990263776484 1.4604967143884
56.0253149870653 1.45222268409033
56.0603263921321 1.44342910636101
56.0952946467406 1.43412915102978
56.1302163628908 1.42433673367832
56.165088109887 1.41406648702323
56.1999064154505 1.40333373028073
56.2346677675936 1.3921544365201
56.2693686172549 1.38054519802992
56.3040053816874 1.36852318973957
56.3385744485803 1.35610613075948
56.3730721808867 1.34331224412493
56.4074949223197 1.33016021485058
56.4418390034724 1.31666914642524
56.4761007485061 1.30285851589877
56.510276482347 1.28874812773389
56.5443625383225 1.27435806661598
56.5783552661648 1.25970864943169
56.6122510403026 1.24482037664315
56.6460462683624 1.22971388329731
56.6797373997946 1.21440988992011
56.7133209345433 1.19892915355154
56.7467934316773 1.18329241918066
56.7801515179024 1.16752037183918
56.8133918958801 1.15163358960775
56.8465113522808 1.13565249778128
56.8795067655067 1.11959732442863
56.9123751130266 1.10348805756741
56.9451134782715 1.08734440415776
56.9777190570496 1.07118575109942
57.0101891634457 1.05503112839505
57.0425212351826 1.03889917461996
57.0747128384266 1.02280810481437
57.1067616720326 1.00677568089028
57.1386655712284 0.990819184620397
57.1704225107508 0.974955393252854
57.2020306074489 0.959200557772117
57.2334881223804 0.943570383804785
57.2647934624314 0.928080015148322
57.2959451814958 0.91274401988219
57.3269419812549 0.897576379003975
57.3577827116023 0.882590477518366
57.3884663707597 0.867799097894247
57.4189921051356 0.853214415794637
57.449359208975 0.838847997975866
57.4795671238523 0.82471080224606
57.5096154380592 0.810813179368631
57.5395038859361 0.797164876793921
57.5692323471973 0.783775044101275
57.5988008462975 0.770652240034427
57.6282095518825 0.757804441015059
57.657458776369 0.745239051022469
57.6865489756913 0.732962912731385
57.7154807492515 0.720982319804825
57.7442548401058 0.709303030244412
57.772872135416 0.697930280706537
57.8013336671913 0.686868801699075
57.8296406133396 0.676122833579853
57.8577942990464 0.665696143284613
57.8857961984905 0.655592041718723
57.9136479369029 0.645813401753224
57.9413512929692 0.636362676771807
57.9689082015683 0.627241919721055
57.9963207568342 0.618452802621421
58.0235912155214 0.609996636501066
58.0507220006426 0.601874391718615
58.0777157053418 0.594086718644031
58.1045750969543 0.586633968669045
58.1313031211942 0.579516215519818
58.1579029063988 0.572733276844517
58.1843777677458 0.566284736047312
58.2107312113483 0.560169964337586
58.2369669381163 0.554388142958982
58.2630888472633 0.548938285557025
58.2891010393191 0.543819260636471
58.3150078185044 0.53902981405018
58.3408136943056 0.534568591450214
58.3665233820875 0.530434160619162
58.3921418025716 0.526625033585625
58.4176740800145 0.523139688412658
58.4431255389215 0.5199765905323
58.468501699148 0.517134213483762
58.4938082692575 0.514611058898073
58.5190511380347 0.512405675559042
58.5442363640865 0.51051667736006
58.5693701635048 0.508942759969691
58.5944588956138 0.507682716017019
58.6195090468775 0.506735448611126
58.6445272130948 0.506099983018529
58.6695200800681 0.505775476338051
58.6944944029781 0.505761225034463
58.7194569847458 0.506056670219737
58.7444146536962 0.506661400603048
58.7693742408663 0.507575153066483
58.7943425573101 0.508797810861276
58.8193263717549 0.51032939945763
58.8443323889471 0.512170080118033
58.8693672290029 0.514320141297995
58.8944374080386 0.516779988007785
58.9195493203147 0.51955012929315
58.9447092220741 0.522631164011371
58.9699232172048 0.526023765091163
58.9951972448021 0.529728662470914
59.0205370686559 0.533746624910044
59.0459482686421 0.538078440863518
59.0714362339571 0.542724898600635
59.0970061580993 0.547686765737075
59.1226630354763 0.552964768334799
59.1484116594955 0.558559569708636
59.1742566219847 0.56447174906215
59.2002023137804 0.570701780059251
59.2262529263224 0.577250009422687
59.2524124540932 0.584116635636288
59.2786846977504 0.591301687815104
59.3050732678065 0.598805004796407
59.3315815887226 0.606626214495073
59.3582129032942 0.614764713559093
59.3849702772186 0.623219647354894
59.4118566037484 0.631989890307535
59.4388746083438 0.641074026617781
59.466026853253 0.650470331376174
59.4933157419554 0.660176752093578
59.5207435234172 0.670190890668029
59.5483122961158 0.680509985808948
59.5760240117977 0.691130895941816
59.6038804789428 0.702050082619109
59.6318833659153 0.713263594466521
59.6600342037855 0.724767051697302
59.6883343888155 0.736555631231652
59.7167851846027 0.748624052462619
59.7453877238829 0.760966563714695
59.7741430099969 0.773576929446242
59.8030519180291 0.786448418251988
59.8321151956299 0.799573791726905
59.8613334635362 0.812945294257991
59.8907072158092 0.826554643815424
59.9202368198097 0.84039302381947
59.9499225159355 0.854451076164077
59.9797644171474 0.868718895482307
60.0097625083134 0.883186024742484
60.0399166454025 0.89784145226704
60.0702265545647 0.912673610268479
60.100691831131 0.92767037499836
60.1313119385751 0.942819068605783
60.1620862074761 0.958106462801251
60.1930138345262 0.973518784419933
60.2240938816256 0.989041722975093
60.2553252751109 1.00466044028769
60.2867068051616 1.02035958227175
60.318237125431 1.03612329294707
60.3499147529447 1.05193523074088
60.3817380683123 1.06777858712848
60.4137053162925 1.0836361076495
60.4458146067522 1.0994901153211
60.4780639160542 1.11532253645275
60.5104510889069 1.13111492884878
60.5429738407031 1.14684851236529
60.5756297603679 1.16250420176712
60.6084163137343 1.17806264180928
60.641330847453 1.19350424444479
60.6743705934388 1.20880922803909
60.7075326738477 1.22395765844905
60.7408141065702 1.23892949180354
60.7742118112184 1.25370461880254
60.8077226155759 1.26826291033323
60.8413432624719 1.28258426418508
60.8750704170339 1.29664865263195
60.9089006742626 1.31043617063797
60.9428305668709 1.32392708443551
60.9768565733192 1.33710188021878
61.0109751259758 1.34994131269503
61.0451826193275 1.36242645323712
61.0794754181621 1.37453873738701
61.1138498656438 1.38626001146819
61.1483022912019 1.39757257807754
61.1828290181547 1.40845924024175
61.2174263709928 1.4189033440412
61.2520906822498 1.42888881952384
61.2868182988934 1.43840021975317
61.3216055881749 1.44742275785682
61.3564489428842 1.45594234196589
61.3913447859624 1.46394560795838
61.4262895744341 1.47141994994342
61.4612798026298 1.47835354844519
61.4963120046787 1.48473539626659
61.5313827562592 1.49055532203174
61.5664886756067 1.4958040114242
61.6016264237862 1.50047302615236
61.6367927042437 1.50455482068627
61.6719842616645 1.50804275681988
61.7071978801687 1.5109311161201
61.7424303808854 1.51321511032827
61.7776786189522 1.51489088978173
61.8129394799944 1.51595554992265
61.8482098761426 1.51640713595804
61.8834867416513 1.51624464573025
61.9187670281893 1.51546803085034
61.9540476998696 1.51407819613823
61.9893257280957 1.51207699740457
62.0245980862984 1.5094672375984
62.0598617446398 1.50625266133459
62.0951136647634 1.50243794780363
62.1303507946644 1.49802870205629
62.1655700637586 1.49303144464542
62.2007683782224 1.48745359959849
62.2359426166755 1.48130348068662
62.2710896262745 1.4745902759499
62.3062062192818 1.46732403043484
62.3412891701687 1.45951562709752
62.3763352133072 1.45117676582633
62.4113410412977 1.44231994054125
62.4463033039739 1.4329584143315
62.4812186081194 1.42310619260161
62.5160835179193 1.4127779942063
62.5508945561669 1.40198922056765
62.5856482062312 1.39075592278304
62.6203409147862 1.37909476675007
62.65496909529 1.36702299635366
62.6895291321951 1.35455839478111
62.7240173858606 1.34171924405286
62.7584301981275 1.32852428287873
62.7927638985115 1.31499266297205
62.827014810957 1.3011439039761
62.8611792610912 1.28699784717829
62.8952535839099 1.27257460820735
62.9292341318196 1.25789452892657
62.9631172829598 1.24297812875143
62.9968994497232 1.2278460556328
63.0305770873916 1.21251903695605
63.0641467028046 1.19701783061297
63.0976048629799 1.18136317650556
63.1309482036052 1.16557574873992
63.1641734373278 1.14967610876363
63.1972773617695 1.1336846596918
63.2302568672052 1.11762160205538
63.2631089438449 1.10150689119056
63.2958306886726 1.08536019647093
63.3284193117983 1.06920086256402
63.3608721422931 1.05304787287253
63.3931866334813 1.03691981529742
63.4253603676779 1.02083485043617
63.4573910603633 1.00481068230504
63.4892765637999 0.98886453164999
63.5210148701009 0.97301311188701
63.5526041137697 0.957272607689513
63.5840425737355 0.941658656218873
63.6153286749171 0.926186330973782
63.6464609893501 0.910870128215684
63.677438236921 0.895723955910978
63.7082592857506 0.880761125116194
63.7389231522761 0.865994343719974
63.7694290010809 0.851435712445475
63.799776144522 0.837096723008696
63.8299640422078 0.822988258322171
63.8599923003755 0.809120594629316
63.8898606712197 0.795503405452385
63.9195690522197 0.782145767236335
63.9491174855142 0.769056166571634
63.9785061573654 0.756242508881223
64.007735397757 0.743712128460016
64.0368056801645 0.731471799759533
64.0657176215319 0.719527749815238
64.0944719824896 0.707885671719677
64.1230696678401 0.696550739050613
64.1515117273363 0.685527621169621
64.1797993567728 0.674820499313165
64.2079338994053 0.664433083404724
64.2359168477081 0.654368629522983
64.2637498454754 0.644629957967454
64.2914346902652 0.635219471868858
64.3189733361787 0.626139176297241
64.3463678969608 0.617390697825933
64.3736206494004 0.608975304513974
64.4007340369993 0.600893926273519
64.4277106738715 0.59314717559174
64.4545533488224 0.585735368578892
64.4812650295471 0.578658546315269
64.507848866877 0.571916496469703
64.534308198988 0.565508775160825
64.5606465554731 0.559434729029499
64.5868676611682 0.553693517486408
64.6129754396063 0.548284135092724
64.6389740159612 0.543205434023961
64.6648677193333 0.538456146557551
64.690661084217 0.534034907513402
64.7163588509842 0.529940276563778
64.741965965214 0.526170760314645
64.7674875757008 0.52272483404541
64.79292903098 0.519600962978242
64.8182958742236 0.516797622932711
64.8435938363779 0.514313320206842
64.8688288274478 0.512146610513017
64.8940069258609 0.510296116787242
64.9191343658956 0.508760545684209
64.944217523199 0.507538702569226
64.9692628984773 0.506629504822221
64.9942770994943 0.506031993279203
65.0192668215686 0.505745341652998
65.0442388268088 0.505768863797651
65.0691999223726 0.506102018709038
65.0941569380686 0.50674441318702
65.1191167036443 0.507695802120643
65.1440860261149 0.508956086395873
65.1690716674857 0.510525308463514
65.1940803232043 0.512403645641575
65.2191186016522 0.514591401259853
65.2441930049491 0.517088993783613
65.2693099112938 0.519896944076901
65.2944755590195 0.523015860983689
65.3196960324847 0.526446425416384
65.3449772498696 0.530189373146562
65.3703249528982 0.534245476492355
65.3957446984581 0.538615525091666
65.421241852054 0.543300305940999
65.4468215829945 0.54830058286723
65.4724888611884 0.553617075585056
65.4982484554063 0.559250438476977
65.5241049328525 0.565201239216425
65.5500626598849 0.571469937338572
65.5761258037213 0.578056862848146
65.6022983349717 0.584962194939488
65.6285840308457 0.592185940891545
65.6549864788895 0.599727915189505
65.6815090811219 0.607587718915547
65.7081550584483 0.615764719443655
65.734927455244 0.62425803046747
65.7618291440114 0.633066492385861
65.7888628300287 0.642188653067856
65.8160310559158 0.651622749016943
65.8433362060581 0.661366686954196
65.8707805108365 0.671418025840155
65.8983660506207 0.681773959356715
65.9260947594931 0.692431298872425
65.9539684286762 0.703386456917336
65.9819887096441 0.714635431196884
66.0101571169043 0.726173789178081
66.0384750304414 0.737996653285501
66.0669436978198 0.750098686749061
66.0955642359454 0.762474080150376
66.1243376324918 0.775116538719433
66.1532647470003 0.788019270438418
66.1823463116644 0.801174975014667
66.2115829318153 0.81457583378983
66.2409750861264 0.828213500657343
66.2705231265587 0.84207909406514
66.3002272780712 0.856163190185069
66.3300876381227 0.87045581733464
66.3601041759964 0.884946451740383
66.3902767319782 0.899624014735144
66.4206050164244 0.914476871483934
66.4510886087553 0.929492831334386
66.4817269564149 0.944659149888269
66.5125193738363 0.959962532889776
66.5434650414579 0.975389142024299
66.5745630048316 0.990924602717944
66.6058121738706 1.00655401402312
66.6372113222804 1.02226196066891
66.6687590872194 1.03803252734667
66.7004539692333 1.05384931529116
66.7322943325069 1.06969546120582
66.7642784054744 1.08555365856681
66.7964042818287 1.10140618132555
66.8286699219631 1.11723491001194
66.8610731548785 1.13302136022236
66.8936116805818 1.14874671345643
66.9262830729979 1.1643918502459
66.9590847834079 1.17993738549708
66.9920141444241 1.19536370594639
67.0250683745007 1.21065100960647
67.0582445829737 1.2257793470581
67.0915397756148 1.24072866442275
67.1249508606756 1.25547884783007
67.158474655391 1.27000976917692
67.1921078929009 1.28430133295806
67.2258472295444 1.29833352393506
67.2596892524696 1.31208645539889
67.2936304874992 1.32554041777391
67.3276674071851 1.33867592730647
67.3617964389776 1.35147377457985
67.3960139734368 1.36391507260027
67.4303163724061 1.37598130420393
67.4646999770686 1.38765436854485
67.4991611158081 1.39891662643527
67.5336961117947 1.40975094432606
67.5683012902227 1.42014073673215
67.602972985126 1.43007000692803
67.6377075457068 1.43952338576019
67.6725013421163 1.44848616844577
67.7073507706341 1.45694434925027
67.7422522582002 1.46488465396078
67.7772022662636 1.47229457009381
67.8121972939172 1.47916237479959
67.8472338803015 1.48547716044496
67.8823086062655 1.4912288578765
67.9174180952856 1.49640825738241
67.9525590136497 1.50100702738643
67.9877280699244 1.50501773091932
68.0229220137314 1.50843383992289
68.0581376338659 1.51124974744867
68.0933717557988 1.51346077781719
68.1286212386116 1.5150631948056
68.1638829714165 1.51605420793051
68.1991538693224 1.51643197688957
68.2344308690111 1.51619561422032
68.2697109239923 1.51534518622766
68.304990999608 1.51388171222305
68.3402680678615 1.51180716210877
68.3755391021466 1.50912445233051
68.4108010719536 1.50583744021052
68.4460509376293 1.50195091666294
68.4812856452679 1.49747059728245
68.5165021218089 1.49240311178733
68.5516972704145 1.48675599178971
68.5868679661984 1.48053765685774
68.6220110523738 1.47375739882906
68.6571233368829 1.46642536433099
68.6922015895688 1.45855253546079
68.7272425399407 1.45015070858033
68.7622428755817 1.44123247118243
68.7971992412374 1.43181117679156
68.832108238619 1.42190091787011
68.8669664269457 1.41151649671208
68.9017703242421 1.40067339431919
68.9365164093972 1.38938773727017
68.9712011249843 1.37767626261141
69.0058208808291 1.36555628081667
69.0403720583058 1.35304563688419
69.0748510153309 1.34016266966153
69.1092540920146 1.32692616951078
69.1435776169242 1.31335533444897
69.1778179139009 1.29946972492085
69.2119713093693 1.2852892173819
69.2460341400692 1.27083395688908
69.2800027611355 1.25612430891417
69.3138735544481 1.24118081061001
69.3476429371697 1.22602412177179
69.3813073703896 1.21067497574485
69.4148633677909 1.19515413053632
69.4483075042583 1.17948232038966
69.48163642435 1.16368020807997
69.5148468505566 1.14776833818272
69.5479355912795 1.13176709155968
69.5808995484637 1.11569664129421
69.6137357248291 1.09957691029266
69.6464412306523 1.08342753075131
69.6790132900585 1.06726780566797
69.7114492467914 1.05111667255591
69.7437465694396 1.0349926694944
69.7759028561063 1.01891390362612
69.8079158385167 1.00289802218768
69.839783385568 0.9869621861347
69.871503506333 0.97112304639947
69.903074352538 0.955396722796314
69.9344942205396 0.939798785568013
69.9657615528342 0.924344239546791
69.9968749391355 0.909047510884983
70.0278331170643 0.893922436294256
70.0586349724928 0.878982254717975
70.0892795395943 0.86423960134923
70.1197660006452 0.849706503897059
70.1500936856326 0.835394380995541
70.1802620717165 0.821314042644609
70.2102707825992 0.807475692567505
70.240119587851 0.793888932367686
70.2698084022406 0.780562767367477
70.299337285118 0.767505614011732
70.3287064398928 0.754725308722023
70.3579162136505 0.742229118090215
70.3869670969454 0.730023750304584
70.4158597238048 0.718115367706674
70.4445948719773 0.706509600382729
70.4731734634523 0.695211560699605
70.5015965652745 0.684225858701434
70.5298653906738 0.67355661828984
70.5579813005245 0.66320749411704
70.5859458051439 0.653181689127658
70.6137605664345 0.643481972691307
70.6414274003684 0.634110699274008
70.6689482798063 0.625069827602047
70.6963253376349 0.616360940276944
70.723560870201 0.607985263804709
70.7506573410105 0.599943689006244
70.7776173846522 0.592236791778786
70.8044438108945 0.58486485418019
70.8311396088944 0.577827885808888
70.8577079514439 0.571125645452047
70.8841521991682 0.564757662972927
70.9104759045754 0.558723261405385
70.9366828158454 0.553021579218911
70.9627768802311 0.547651592711271
70.9887622469329 0.542612138477829
71.0146432692958 0.53790193589686
71.0404245061697 0.533519609558625
71.0661107222647 0.529463711552975
71.0917068873335 0.525732743515847
71.1172181740119 0.522325178319721
71.1426499541593 0.519239481277403
71.1680077935512 0.516474130713029
71.1932974448028 0.514027637739805
71.2185248384272 0.511898565071548
71.2436960719711 0.510085544685614
71.2688173972127 0.508587294149211
71.2938952054585 0.507402631420364
71.3189360110238 0.506530487939612
71.3439464330426 0.505969919839429
71.3689331758013 0.505720117115576
71.3939030078419 0.505780410627798
71.418862740126 0.506150276826107
71.4438192035802 0.50682934013211
71.4687792263708 0.507817372941329
71.4937496112603 0.509114293250557
71.5187371133989 0.510720159952366
71.5437484188846 0.512635165875179
71.5687901243968 0.514859628680408
71.5938687181718 0.517393979756639
71.6189905625394 0.520238751273821
71.6441618781901 0.523394561577332
71.6693887302899 0.526862099112423
71.6946770165051 0.530642105074104
71.7200324569521 0.534735354976549
71.745460586039 0.539142639330262
71.770966746131 0.54386474360545
71.7965560829353 0.548902427647318
71.8222335424796 0.554256404694142
71.8480038695376 0.559927320133102
71.8738716073459 0.565915730112504
71.8998410984504 0.572222080113109
71.9259164865184 0.578846683566114
71.95210171896 0.585789700591474
71.9784005502052 0.593051116917841
72.0048165454958 0.600630723034643
72.0313530850606 0.608528093617809
72.0580133685552 0.616742567263244
72.084800419659 0.625273226556491
72.1117170907365 0.634118878502777
72.1387660674787 0.643278035338845
72.1659498734566 0.652748895746453
72.1932708745244 0.662529326486985
72.2207312830231 0.672616844477212
72.2483331617446 0.683008599327683
72.2760784276212 0.693701356367418
72.3039688551169 0.704691480181411
72.3320060793006 0.715974918690851
72.3601915985884 0.727547187809807
72.388526777147 0.739403356716376
72.4170128469559 0.75153803378084
72.4456509095295 0.763945353198186
72.4744419373041 0.776618962377337
72.5033867747 0.789552010144503
72.5324861388695 0.802737135823251
72.5617406201489 0.816166459258955
72.5911506822307 0.829831571860318
72.6207166620801 0.843723528735423
72.6504387696193 0.857832842004311
72.6803170872068 0.872149475374137
72.7103515689431 0.8866628400666
72.740542039834 0.90136179219026
72.7708881948475 0.916234631652586
72.8013895979012 0.93126910270787
72.8320456808208 0.946452396237448
72.8628557423089 0.961771153857753
72.8938189469697 0.977211473949594
72.9249343244312 0.992758919698409
72.9562007686124 1.00839852923012
72.9876170371786 1.02411482792041
73.0191817512317 1.03989184294683
73.05089339528 1.05571312014264
73.0827503175295 1.07156174319948
73.1147507305398 1.08742035525199
73.1468927122811 1.10327118286186
73.17917420763 1.11909606240161
73.2115930303325 1.1348764688199
73.2441468654617 1.15059354674993
73.2768332723904 1.16622814390177
73.3096496882928 1.18176084665747
73.3425934321813 1.19717201776603
73.37566170948 1.21244183601282
73.4088516171257 1.22755033771661
73.4421601491804 1.24247745988614
73.4755842029308 1.25720308484873
73.5091205854427 1.27170708614535
73.5427660205291 1.28596937547047
73.5765171560831 1.299969950422
73.6103705717216 1.31368894281552
73.6443227866758 1.32710666731005
73.6783702678626 1.34020367008794
73.7125094380625 1.35296077733114
73.7467366841303 1.36535914323868
73.7810483651583 1.37738029733658
73.8154408205137 1.3890061908411
73.8499103776705 1.40021924184878
73.8844533597586 1.41100237914275
73.9190660927546 1.42133908442245
73.9537449122434 1.43121343278453
73.9884861696855 1.44061013130412
74.0232862381291 1.44951455558861
74.058141517316 1.45791278419968
74.0930484381348 1.46579163086249
74.1280034663868 1.47313867440409
74.1630031058362 1.47994228638513
74.1980439005265 1.48619165640962
74.2331224363546 1.49187681511626
74.2682353419026 1.4969886548719
74.303379288537 1.50151894820181
74.3385509897936 1.50546036400361
74.3737472000745 1.50880648160094
74.4089647126924 1.51155180269928
74.4442003573041 1.51369176131043
74.4794509967818 1.51522273171338
74.5147135235772 1.51614203451809
74.5499848556387 1.51644794089526
74.5852619319466 1.5161396750299
74.6205417077348 1.51521741484907
74.6558211494715 1.51368229106583
74.6910972296728 1.51153638457168
74.7263669216249 1.50878272219932
74.761627194093 1.50542527086681
74.796875006093 1.50146893010351
74.8321073018029 1.49691952294765
74.8673210056898 1.49178378519573
74.902513017925 1.48606935297526
74.9376802101585 1.47978474860516
74.9728194217204 1.47293936470245
75.0079274563113 1.46554344649022
75.0430010792405 1.45760807226049
75.0780370152649 1.44914513194631
75.1130319470737 1.44016730376082
75.1479825144595 1.43068802886706
75.1828853142068 1.42072148405057
75.217736900722 1.41028255237829
75.2525337874188 1.39938679184027
75.2872724488675 1.38805040198712
75.3219493237021 1.37629018859332
75.3565608182748 1.36412352639658
75.3911033110354 1.35156831998418
75.4255731576033 1.33864296291903
75.4599666964935 1.32536629522072
75.4942802554468 1.3117575593392
75.5285101583074 1.29783635478047
75.562652732385 1.28362259156476
75.5967043162308 1.26913644271656
75.6306612677528 1.25439829600363
75.6645199725913 1.23942870515646
75.6982768526727 1.22424834081179
75.7319283748605 1.20887794143256
75.7654710596186 1.19333826446169
75.7989014896072 1.17765003796918
75.8322163181329 1.16183391304964
75.8654122773785 1.14591041722221
75.8984861863428 1.12989990907541
75.9314349584296 1.11382253438735
75.9642556086287 1.09769818393628
75.9969452602413 1.08154645319851
76.0295011511127 1.06538660411049
76.0619206393391 1.04923752904995
76.0942012084297 1.03311771716769
76.1263404719101 1.01704522317748
76.1583361773642 1.00103763868734
76.1901862099198 0.985112066130843
76.221888595189 0.969285095333989
76.2534415016864 0.953572782729776
76.2848432427496 0.93799063321175
76.3160922779953 0.922553584597636
76.3471872143506 0.907275994656222
76.3781268066987 0.892171630634583
76.408909958187 0.877253661208733
76.4395357202452 0.862534650768947
76.4700032923616 0.848026555941265
76.5003120216711 0.83374072423909
76.5304614024045 0.819687894733159
76.5604510752491 0.805878200624506
76.5902808266733 0.792321173603066
76.6199505882606 0.779025749874276
76.6494604361007 0.766000277737142
76.6788105902823 0.753252526599621
76.7080014145278 0.74078969732065
76.7370334160089 0.728618433772523
76.7659072453778 0.716744835522465
76.7946236970453 0.705174471537905
76.8231837097333 0.69391239482611
76.8515883673259 0.682963157925198
76.8798389000359 0.672330829170099
76.9079366859036 0.662019009663568
76.9358832526346 0.652030850888802
76.9636802797828 0.642369072906468
76.9913296012739 0.633035983084848
77.0188332082618 0.624033495317339
77.0461932523026 0.615363149686557
77.073412048821 0.607026132538656
77.1004920808379 0.599023296935165
77.1274360029173 0.591355183452472
77.1542466452795 0.584022041300983
77.1809270180188 0.577023849736783
77.2074803153495 0.570360339738251
77.2339099197924 0.564031015918353
77.260219406201 0.55803517864012
77.2864125455128 0.552371946298053
77.3124933080969 0.547040277721726
77.338465866559 0.542038994649601
77.3643345978506 0.537366804211138
77.3901040845221 0.533022321343554
77.4157791149516 0.529004091056396
77.4413646823818 0.525310610442561
77.4668659825951 0.521940350319044
77.4922884100711 0.518891776364966
77.5176375524816 0.516163369609036
77.5429191834027 0.513753646104426
77.568139253154 0.511661175616835
77.5933038777098 0.509884599142491
77.6184193256756 0.50842264506772
77.6434920033689 0.507274143781603
77.6685284380996 0.506438040558759
77.6935352597972 0.505913406540892
77.7185191811891 0.505699447663677
77.74348697678 0.505795511399484
77.7684454609269 0.506201091215776
77.7934014653354 0.506915828682733
77.8183618163248 0.507939513200383
77.843333312217 0.509272079353734
77.8683227012005 0.510913601942309
77.8933366599981 0.512864288766527
77.9183817736438 0.515124471285985
77.9434645166269 0.517694593292551
77.9685912356215 0.520575197763529
77.9937681339619 0.523766912076296
78.0190012579754 0.527270431775754
78.0442964852305 0.531086503089822
78.0696595147067 0.535215904386609
78.095095858852 0.53965942676055
78.1206108374524 0.544417853924636
78.1462095732083 0.549491941572795
78.1718969888876 0.554882396361521
78.1976778059097 0.560589854643812
78.2235565442005 0.566614861072205
78.2495375231597 0.5729578471718
78.2756248635742 0.579619109969156
78.3018224903234 0.58659879074922
78.3281341357229 0.593896854000244
78.3545633433678 0.60151306659607
78.3811134723443 0.609446977256337
78.4077877016934 0.617697896317999
78.4345890350201 0.626264875845984
78.4615203051564 0.635146690106822
78.4885841787968 0.644341816426396
78.5157831610371 0.653848416451568
78.5431195997572 0.66366431783516
78.5705956897995 0.673786996364447
78.5982134769026 0.684213558554831
78.6259748613585 0.694940724732685
78.6538816013676 0.70596481263422
78.6819353160744 0.717281721550698
78.7101374882719 0.72888691705421
78.738489466765 0.740775416342512
78.7669924683944 0.752941774246017
78.7956475797189 0.765380069944837
78.8244557583656 0.778083894448814
78.8534178340541 0.791046338898527
78.8825345093108 0.804259983750465
78.9118063598867 0.817716888914593
78.9412338348997 0.831408584917573
78.9708172567234 0.845326065169615
79.0005568206453 0.859459779417446
79.0304525943261 0.873799628469891
79.0605045170859 0.888334960286123
79.0907123990543 0.903054567519487
79.1210759202173 0.917946686611928
79.1515946293992 0.932998998535261
79.1822679432197 0.94819863127565
79.2130951450675 0.963532164156667
79.2440753841335 0.97898563409396
79.2752076745474 0.994544543870775
79.3064908946637 1.01019387251826
79.3379237865419 1.02591808787753
79.3695049556666 1.04170116141166
79.4012328709512 1.05752658532547
79.4331058650694 1.07337739203847
79.4651221351544 1.08923617604251
79.4972797439046 1.10508511815963
79.5295766211312 1.12090601219853
79.562010565776 1.13668029398907
79.5945792484273 1.15238907275399
79.6272802143519 1.16801316475642
79.6601108870574 1.18353312913942
79.6930685723905 1.19892930585198
79.7261504631711 1.21418185553387
79.7593536443519 1.22927080120965
79.7926750986882 1.24417607162192
79.8261117128907 1.25887754601381
79.8596602842287 1.27335510015333
79.8933175275421 1.28758865337633
79.927080082613 1.30155821641188
79.9609445218397 1.31524393974346
79.9949073581515 1.32862616225227
80.0289650530948 1.34168545988541
80.0631140250194 1.35440269409095
80.0973506572865 1.36675905976553
80.1316713064213 1.37873613246655
80.1660723101306 1.39031591465121
80.2005499951063 1.40148088071748
80.2351006845363 1.41221402063848
80.2697207052501 1.42249888199964
80.3044063944265 1.4323196102687
80.3391541058001 1.44166098715047
80.3739602153069 1.45050846690114
80.4088211261172 1.4588482105004
80.4437332730123 1.46666711760313
80.4786931260692 1.47395285621519
80.5136971936283 1.4806938900599
80.5487420245249 1.48687950362208
80.5838242095788 1.49249982487534
80.6189403823415 1.49754584571491
80.6540872191132 1.50200944013205
80.6892614382475 1.50588338017836
80.7244597987725 1.50916134977661
80.7596790983629 1.51183795644127
80.7949161707075 1.51390874097563
80.8301678823195 1.51537018521288
80.865431128847 1.51621971786775
80.9007028309433 1.51645571856103
80.9359799297631 1.51607752007414
80.9712593821535 1.51508540888316
81.0065381556119 1.51348062401339
81.0418132230853 1.51126535424547
81.077081557688 1.50844273369366
81.1123401274133 1.50501683576627
81.147585889918 1.50099266550724
81.1828157874542 1.49637615030771
81.2180267420264 1.49117412896656
81.2532156508434 1.48539433907078
81.288379382139 1.47904540265901
81.3235147714255 1.47213681012654
81.3586186182439 1.46467890232642
81.3936876834684 1.4566828508202
81.4287186872159 1.44816063623306
81.4637083074076 1.43912502467143
81.4986531790201 1.42958954216783
81.5335498940568 1.41956844712613
81.5683950022637 1.409076700752
81.6031850126012 1.39812993546697
81.6379163954796 1.3867444213207
81.6725855857522 1.37493703043397
81.707188986453 1.36272519952478
81.7417229732562 1.3501268905908
81.7761838996251 1.33716054984378
81.8105681026082 1.32384506501334
81.8448719092351 1.31019972116056
81.8790916434515 1.29624415516316
81.913223633532 1.28199830905476
81.947264219898 1.26748238242002
81.981209763266 1.2527167840643
82.0150566530472 1.23772208319095
82.0488013159166 1.22251896033091
82.0824402244679 1.20712815827773
82.1159699058739 1.19157043328599
82.1493869504686 1.1758665067922
82.1826880201761 1.16003701791512
82.2158698567096 1.14410247698654
82.2489292894748 1.12808322035359
82.2818632431145 1.11199936668178
82.3146687446395 1.09587077497145
82.3473429300999 1.07971700448267
82.379883050759 1.06355727674297
82.4122864787389 1.04741043979006
82.4445507121193 1.03129493477862
82.4766733794769 1.01522876505565
82.5086522438639 0.999229467785018
82.54048520623 0.983314088177177
82.572170308303 0.967499156356692
82.6037057349486 0.951800666877552
82.6350898160358 0.936234060874961
82.6663210278437 0.92081421082268
82.6973979940459 0.905555407847141
82.7283194863159 0.890471351533745
82.7590844245996 0.875575142146965
82.7896918771032 0.860879275174311
82.820141060046 0.846395638094697
82.8504313372296 0.832135509264386
82.8805622194744 0.818109558808301
82.9105333639742 0.804327851401003
82.940344573619 0.790799850819896
82.9699957963326 0.777534426153062
82.9994871244742 0.764539859545418
83.028818794344 0.751823855369395
83.0579911858371 0.739393550709917
83.0870048222815 0.727255527057958
83.1158603704959 0.715415823112112
83.1445586410971 0.703879948593398
83.1731005890859 0.692652898984647
83.2014873147316 0.681739171112247
83.2297200647768 0.671142779494551
83.2578002339735 0.660867273387797
83.2857293669598 0.65091575446682
83.3135091604817 0.641290895084044
83.3411414659548 0.631994957056112
83.3686282923577 0.62302981093301
83.39597180944 0.614396955709433
83.4231743512207 0.606097538942488
83.4502384197424 0.5981323772434
83.4771666890405 0.590501977113612
83.5039620092713 0.583206556097473
83.5306274109377 0.576246064224354
83.5571661091329 0.569620205712539
83.5835815077153 0.563328460905323
83.6098772033092 0.557370108406385
83.6360569890187 0.551744247376551
83.6621248577213 0.546449819947356
83.6880850048035 0.541485633698434
83.713941830182 0.536850384135567
83.7396999394509 0.532542677094344
83.7653641439857 0.528561050981039
83.7909394598351 0.524903998747652
83.8164311052348 0.521569989482624
83.841844496585 0.51855748948304
83.8671852427511 0.515864982658801
83.89245913757 0.513490990105244
83.917672150474 0.511434088668832
83.9428304151861 0.509692928321823
83.9679402164793 0.508266248157312
83.9930079750507 0.507152890816476
84.0180402306069 0.50635181516603
84.0430436233182 0.505862107056263
84.0680248738483 0.505682988008589
84.0929907622169 0.505813821706168
84.1179481057926 0.506254118190998
84.1429037367452 0.507003535705055
84.1678644793071 0.508061880149986
84.1928371271979 0.509429102178159
84.2178284215621 0.51110529196564
84.242845029747 0.513090671753413
84.2678935252204 0.515385586275256
84.2929803688835 0.517990491218019
84.3181118919879 0.520905939881668
84.3432942808163 0.524132568221936
84.3685335632278 0.527671078467655
84.3938355971225 0.531522221508082
84.4192060608258 0.535686778243361
84.4446504453546 0.540165540084447
84.4701740484835 0.544959288778272
84.495781970506 0.550068775720627
84.5214791115561 0.555494700904058
84.5472701703428 0.561237691632044
84.5731596441393 0.567298281114403
84.5991518298638 0.57367688704308
84.625250826091 0.580373790232596
84.6514605358362 0.587389113395859
84.6777846699622 0.594722800114001
84.7042267510707 0.60237459404857
84.7307901177484 0.61034401843571
84.7574779290516 0.618630355895021
84.784293169127 0.62723262858041
84.8112386518749 0.636149578696363
84.8383170255781 0.645379649400598
84.8655307774257 0.654920966112747
84.8928822378755 0.664771318248573
84.9203735848074 0.674928141399998
84.9480068474272 0.685388499982851
84.9757839098915 0.696149070376574
85.003706514628 0.707206124583141
85.0317762653345 0.71855551443589
85.0599946296455 0.73019265639295
85.088362941458 0.742112516954268
85.1168824029168 0.754309598745825
85.1455540860595 0.766777927319526
85.1743789341297 0.77951103872221
85.2033577625662 0.79250196789239
85.2324912596826 0.805743237948443
85.2617799870543 0.819226850437049
85.2912243796309 0.832944276615683
85.3208247455975 0.846886449847636
85.3505812660104 0.861043759192534
85.3804939942343 0.875406044279251
85.4105628552125 0.889962591551635
85.4407876446034 0.904702131980215
85.471168027818 0.91961284033511
85.5017035389972 0.934682336116416
85.5323935799688 0.949897686238416
85.5632374192252 0.965245409562761
85.5942341909658 0.980711483373312
85.6253828942483 0.996281351881368
85.6566823922938 1.01193993684452
85.6881314119911 1.0276716503752
85.7197285436466 1.04346041000605
85.7514722410217 1.05928965606865
85.7833608217035 1.07514237142958
85.8153924678471 1.09100110361353
85.8475652273288 1.10684798932732
85.8798770153438 1.12266478138105
85.9123256164787 1.13843287798362
85.9449086872834 1.15413335436971
85.9776237593611 1.16974699669413
86.0104682429901 1.18525433810755
86.0434394312811 1.20063569690546
86.0765345048704 1.21587121662041
86.1097505371366 1.2309409079054
86.1430844999252 1.24582469203633
86.1765332697526 1.26050244584141
86.2100936344572 1.27495404784838
86.2437623002528 1.28915942542462
86.2775358991366 1.30309860267277
86.3114109965928 1.31675174883426
86.3453840995292 1.33009922694655
86.3794516643783 1.34312164249649
86.4136101052883 1.35579989181225
86.4478558023296 1.36811520993979
86.4821851096353 1.38004921775712
86.5165943633987 1.39158396808973
86.5510798896479 1.40270199060408
86.585638011719 1.41338633527247
86.6202650573565 1.42362061422083
86.6549573653683 1.43338904179197
86.6897112917724 1.44267647267858
86.7245232153764 1.45146843800346
86.7593895427399 1.45975117924787
86.7943067124753 1.46751167995214
86.8292711988549 1.47473769513591
86.8642795146962 1.48141777840656
86.8993282135128 1.48754130674512
86.9344138909201 1.49309850297728
86.9695331853017 1.49808045595321
87.0046827777461 1.50247913847412
87.0398593912741 1.50628742301449
87.0750597893864 1.50949909529778
87.1102807739664 1.51210886578917
87.1455191825837 1.51411237917243
87.1807718852461 1.51550622187839
87.2160357806587 1.51628792773107
87.2513077920496 1.51645598177355
87.2865848626292 1.51600982232966
87.3218639507514 1.51494984135042
87.3571420248513 1.51327738308483
87.3924160582313 1.51099474110523
87.4276830237747 1.50810515370645
87.4629398886622 1.50461279768768
87.4981836091687 1.50052278051479
87.5334111256171 1.49584113085082
87.5686193575641 1.49057478743275
87.6038051992901 1.48473158626444
87.6389655156646 1.47832024608836
87.6740971384516 1.47135035209408
87.7091968631191 1.46383233781774
87.744261446207 1.45577746518623
87.7792876033081 1.44719780266086
87.814272007703 1.43810620143945
87.84921128969 1.42851626968228
87.8841020366379 1.41844234473616
87.9189407937845 1.40789946334302
87.9537240657925 1.39690332983283
87.9884483190694 1.38547028231762
88.023109984843 1.37361725692101
88.0577054629805 1.36136175009792
88.0922311265254 1.34872177912032
88.1266833269194 1.33571584082668
88.1610583998681 1.32236286875546
88.1953526717977 1.3086821888051
88.229562466847 1.29469347358492
88.263684114327 1.28041669564146
88.2977139565796 1.26587207976414
88.3316483571566 1.2510800545904
88.3654837092418 1.23606120374512
88.3992164442331 1.22083621675986
88.432843040402 1.20542584002583
88.4663600315482 1.18985082803879
88.499764015569 1.17413189519498
88.5330516628647 1.15828966839449
88.5662197245091 1.1423446407021
88.5992650401151 1.12631712630561
88.6321845453358 1.11022721699906
88.6649752789468 1.09409474040178
88.6976343894637 1.07793922010602
88.7301591412588 1.06177983792525
88.7625469201469 1.04563539839276
88.7947952384227 1.02952429563684
88.8269017393376 1.01346448273463
88.8588642010167 0.997473443622324
88.8906805398196 0.981568167615202
88.9223488131626 0.965765126567521
88.9538672218223 0.950080254679862
88.9852341117483 0.934528930940366
89.0164479754217 0.919125964166864
89.0475074527951 0.903885580599296
89.0784113318593 0.888821413976205
89.1091585488814 0.873946498015559
89.139748188365 0.859273261208792
89.1701794827793 0.844813523827718
89.2004518121117 0.830578497036798
89.2305647032928 0.816578783998079
89.2605178295444 0.80282438285284
89.290311009702 0.789324691462418
89.3199442075573 0.776088513790693
89.3494175312687 0.763124067812161
89.3787312328813 0.750438994832123
89.4078857079992 0.738040370109259
89.4368814956462 0.725934714675368
89.4657192783491 0.714128008252368
89.4943998824749 0.702625703172398
89.5229242788479 0.691432739213105
89.5512935836691 0.680553559266593
89.5795090597563 0.669992125767061
89.6075721181175 0.659751937808718
89.6354843198654 0.649836048891933
89.6632473784768 0.640247085241786
89.6908631623912 0.63098726464901
89.71833369794 0.622058415788737
89.7456611725875 0.613461997977334
89.7728479384595 0.605199121331831
89.7998965161235 0.597270567299975
89.8268095985778 0.58967680953155
89.8535900553949 0.582418035063277
89.8802409369526 0.575494165790168
89.9067654786755 0.568904880195535
89.9331671051961 0.562649635309798
89.9594494343313 0.556727688864717
89.9856162807563 0.551138121604508
90.0116716592455 0.54587985970844
90.0376197873383 0.54095169727092
90.0634650872728 0.536352318774675
90.0892121870283 0.53208032148062
90.1148659203055 0.528134237644459
90.1404313252769 0.524512556455338
90.1659136419399 0.521213745576339
90.1913183079191 0.518236272150918
90.2166509525764 0.515578623124195
90.2419173893158 0.51323932471412
90.2671236059994 0.511216960856043
90.2922757534301 0.509510190435879
90.3173801319032 0.508117763123037
90.3424431758785 0.507038533615338
90.3674714368801 0.506271474114965
90.392471564784 0.505815684867533
90.4174502877065 0.505670402615608
90.4424143907574 0.505835006843247
90.4673706939564 0.506309023718497
90.4923260296478 0.507092127675339
90.5172872197621 0.50818414061374
90.5422610532791 0.509585028734764
90.5672542642419 0.511294897065375
90.5922735106453 0.513313981762912
90.6173253544931 0.515642640320926
90.6424162432771 0.518281339824734
90.6675524930799 0.521230643426084
90.6927402734539 0.524491195221061
90.7179855941758 0.528063703723963
90.7432942939201 0.53194892413246
90.7686720308523 0.536147639576665
90.7941242750955 0.540660641537447
90.8196563029883 0.545488709608434
90.8452731930222 0.550632590762593
90.8709798233259 0.556092978268975
90.8967808705445 0.561870490389094
90.9226808099558 0.56796564896614
90.9486839166612 0.574378858004494
90.9747942676892 0.581110382322268
91.0010157448544 0.588160326346176
91.0273520382251 0.595528613106198
91.0538066500588 0.603214963477305
91.0803828990805 0.611218875707056
91.1070839249876 0.619539605261083
91.1339126930789 0.628176145013269
91.1608719989192 0.637127205803724
91.187964472959 0.646391197385299
91.2151925850441 0.655966209778224
91.2425586487578 0.665849995052403
91.2700648255486 0.676039949557781
91.2977131286057 0.686533096624903
91.3255054264513 0.697326069760204
91.3534434462275 0.708415096363618
91.3815287766595 0.719795981999623
91.409762870685 0.731464095256858
91.4381470477439 0.743414353235776
91.4666824957261 0.755641207708467
91.4953702725801 0.768138631999627
91.5242113075905 0.780900108642712
91.5532064023331 0.793918617870402
91.5823562313221 0.807186627003663
91.6116613423658 0.82069608080875
91.641122156651 0.834438392896457
91.6707389685785 0.848404438242607
91.7005119453761 0.862584546913176
91.7304411265155 0.876968499081367
91.7605264229673 0.891545521427368
91.7907676163241 0.90630428501423
91.8211643578302 0.921232904735227
91.8517161673544 0.936318940429057
91.8824224323473 0.95154939975912
91.9132824068235 0.966910742951854
91.9442952104143 0.982388889486426
91.9754598275324 0.997969226824014
92.0067751066969 1.0136366212592
92.0382397600621 1.02937543096865
92.0698523631953 1.04516952132322
92.101611355149 1.06100228251864
92.1335150388694 1.07685664956739
92.1655615819809 1.09271512467976
92.1977490179858 1.1085598020463
92.2300752479116 1.12437239501563
92.2625380424366 1.140134265643
92.2951350445158 1.15582645656427
92.3278637725284 1.17142972512896
92.3607216239565 1.186924579704
92.3937058796006 1.20229131803772
92.4268137083289 1.21751006755146
92.4600421723505 1.232560827405
92.4933882329916 1.24742351216082
92.5268487569503 1.26207799685383
92.5604205229921 1.27650416325507
92.594100229044 1.29068194710341
92.6278844996371 1.30459138606635
92.6617698936372 1.31821266818167
92.6957529122033 1.33152618052502
92.7298300069006 1.34451255784592
92.7639975878972 1.35715273091468
92.7982520321661 1.36942797432689
92.8325896916146 1.38131995351971
92.8670069010607 1.39281077076462
92.9014999859782 1.40388300991525
92.9360652699337 1.4145197797053
92.9706990816414 1.42470475541056
93.0053977615659 1.43442221870955
93.0401576680107 1.44365709559975
93.0749751826331 1.45239499224936
93.1098467153367 1.46062222868788
93.1447687084996 1.4683258702625
93.1797376405035 1.4754937568096
93.214750028542 1.48211452951255
93.2498024306897 1.48817765543708
93.2848914472293 1.49367344975356
93.3200137212381 1.49859309567179
93.3551659384472 1.50292866212722
93.3903448263949 1.50667311926899
93.4255471529022 1.50982035180794
93.4607697239101 1.51236517028904
93.4960093807204 1.51430332035516
93.5312629966926 1.51563149006981
93.5665274734533 1.51634731536457
93.6017997366799 1.51644938367258
93.6370767315238 1.51593723580373
93.6723554177452 1.51481136610919
93.7076327646305 1.51307322097433
93.7429057457674 1.51072519566862
93.7781713337553 1.50777062957115
93.8134264949269 1.50421379977894
93.8486681841584 1.50005991309518
93.8838933398452 1.4953150963836
93.9190988791167 1.48998638526655
93.9542816933638 1.48408171113537
93.989438644148 1.4776098864356
94.0245665595593 1.470580588184
94.0596622310817 1.46300433967185
94.0947224110261 1.45489249030791
94.1297438105783 1.44625719355644
94.1647230985079 1.43711138292963
94.1996569005739 1.42746874600067
94.2345417996568 1.41734369641302
94.2693743366375 1.40675134387354
94.3041510120357 1.39570746213101
94.3388682884108 1.38422845495862
94.3735225935175 1.37233132017687
94.4081103242038 1.360033611774
94.4426278510221 1.34735340020171
94.4770715235227 1.33430923094666
94.5114376761847 1.32092008150014
94.545722634933 1.30720531687111
94.5799227241828 1.29318464380873
94.6140342743461 1.2788780639216
94.6480536297268 1.26430582589906
94.6819771567302 1.24948837705662
94.7158012523052 1.23444631444138
94.7495223525386 1.21920033574427
94.7831369413173 1.20377119027353
94.8166415589772 1.18817963024775
94.8500328108583 1.17244636266777
94.883307375688 1.15659200202293
94.9164620137214 1.14063702408112
94.9494935745704 1.12460172100123
94.9823990046619 1.10850615799382
95.0151753542722 1.09237013173912
95.047819784092 1.07621313075299
95.080329571287 1.06005429787052
95.1127021150255 1.04391239499452
95.1449349414558 1.02780577023258
95.1770257081232 1.01175232752216
95.2089722078257 0.995769498818771
95.2407723719174 0.979874218898262
95.2724242730728 0.964082902800631
95.3039261275365 0.948411425920769
95.3352762968861 0.932875106730314
95.3664732893427 0.917488692095692
95.3975157606695 0.902266345139968
95.4284025147008 0.887221635580726
95.459132503548 0.872367532462949
95.4897048275321 0.857716399194683
95.5201187348922 0.843279990784282
95.5503736213211 0.829069453171082
95.5804690293802 0.815095324536384
95.6104046478423 0.801367538478539
95.6401803110133 0.787895428934542
95.6697959980807 0.774687736730722
95.6992518325328 0.761752617646658
95.7285480816936 0.749097651879245
95.7576851564133 0.736729854797595
95.7866636109509 0.724655688884108
95.8154841430834 0.712881076762415
95.8441475944715 0.70141141521867
95.8726549513081 0.690251590128967
95.9010073452708 0.679405992212048
95.9292060547971 0.668878533533058
95.9572525066939 0.658672664690595
95.985148278089 0.64879139262572
96.0128950987263 0.639237298997725
96.0404948536007 0.630012559077252
96.0679495859216 0.621118961112739
96.095261500386 0.612557926130947
96.1224329667353 0.604330528136507
96.149466523561 0.596437514678837
96.1763648823125 0.588879327757303
96.2031309314537 0.581656125037062
96.2297677406995 0.574767801348453
96.2562785652535 0.568214010441994
96.2826668499553 0.561994186968841
96.3089362332309 0.556107568652863
96.3350905507275 0.55055321861516
96.3611338385015 0.545330047804805
96.3870703356137 0.54043683748079
96.4129044859778 0.535872261679615
96.4386409392981 0.531634909590727
96.4642845509287 0.527723307748373
96.4898403804833 0.52413594193355
96.5153136890322 0.520871278664198
96.5407099347319 0.517927786136101
96.566034766749 0.515303954461826
96.5912940173693 0.512998315041426
96.6164936922102 0.511009458887332
96.641639958498 0.509336053718018
96.6667391314178 0.507976859631448
96.6917976585917 0.506930743170955
96.7168221027994 0.506196689603694
96.7418191231064 0.505773813245481
96.7667954546193 0.505661365685753
96.7917578871349 0.505858741792191
96.8167132429872 0.506365483405442
96.8416683544291 0.507181280669235
96.8666300408978 0.508305970978616
96.8916050865204 0.50973953556727
96.9166002182048 0.511482093792459
96.9416220846383 0.51353389521112
96.9666772364847 0.515895309571859
96.9917721080257 0.518566814873761
97.0169130004456 0.521548983663214
97.0421060669056 0.524842467754126
97.0673572994993 0.528447981564795
97.0926725181314 0.532366284266705
97.1180573613115 0.536598160937311
97.1435172788154 0.541144402901141
97.1690575261266 0.546005787432342
97.1946831605448 0.551183056977995
97.2203990388249 0.556676898046117
97.2462098161956 0.562487919886076
97.2721199465974 0.568616633072915
97.298133683978 0.575063428091446
97.3242550844834 0.581828554001333
97.3504880093885 0.588912097251141
97.3768361286212 0.596313960697643
97.4033029247402 0.604033842876673
97.4298916972425 0.61207121756354
97.4566055670867 0.620425313654373
97.4834474813302 0.629095095394758
97.5104202177925 0.638079242978429
97.5375263896667 0.647376133536591
97.5647684500141 0.656983822537396
97.5921486960859 0.666900025615137
97.6196692734263 0.677122100849735
97.6473321797193 0.687647031518835
97.6751392683503 0.698471409347357
97.703092251659 0.709591418282424
97.7311927038686 0.721002818825185
97.7594420636793 0.73270093295511
97.7878416365221 0.744680629686689
97.8163925964703 0.756936311303167
97.8450959878138 0.769461900316818
97.8739527263013 0.782250827210315
97.9029636000625 0.795296019018872
97.9321292702242 0.808589888817964
97.9614502712356 0.822124326186501
97.9909270109266 0.83589068872027
98.0205597703174 0.84987979467509
98.0503487032102 0.864081916823531
98.0802938355878 0.878486777612875
98.1103950648521 0.893083545715376
98.1406521589369 0.907860834064486
98.1710647553285 0.922806699472567
98.201632360036 0.937908643926465
98.2323543465484 0.953153617657129
98.2632299548228 0.968528024078007
98.2942582903456 0.984017726684184
98.3254383233131 0.999608057999958
98.3567688879748 1.01528383065667
98.3882486821862 1.03102935067514
98.4198762672158 1.04682843301771
98.4516500678501 1.06266441946385
98.4835683728391 1.07852019885054
98.5156293357235 1.0943782297038
98.5478309760787 1.1102205652716
98.5801711812114 1.12602888095056
98.6126477083355 1.14178450407938
98.6452581872528 1.15746844605178
98.6780001235546 1.17306143668004
98.7108709023563 1.18854396071879
98.7438677925693 1.20389629643599
98.776987951705 1.21909855609645
98.8102284312014 1.23413072820161
98.8435861822509 1.24897272130886
98.877058062102 1.26360440923478
98.9106408407987 1.27800567742948
98.9443312083135 1.29215647029434
98.9781257820216 1.3060368392033
99.0120211144591 1.31962699097856
99.0460137012998 1.3329073365654
99.0800999894804 1.34585853964834
99.1142763854011 1.35846156495154
99.1485392631229 1.37069772597071
99.1828849724849 1.38254873189169
99.2173098470592 1.39399673346169
99.2518102118675 1.4050243675934
99.2863823907807 1.41561480049899
99.3210227135296 1.42575176916985
99.3557275222568 1.43541962103917
99.3904931775467 1.44460335168644
99.4253160638782 1.45328864046644
99.460192594449 1.46146188396841
99.4951192153318 1.46911022723475
99.5300924089294 1.47622159269098
99.5651086967059 1.48278470676025
99.6001646411785 1.48878912415569
99.6352568471667 1.49422524986171
99.6703819623023 1.4990843588314
99.7055366768139 1.50335861344028
99.7407177226074 1.50704107874759
99.7759218716744 1.51012573562429
99.8111459338634 1.51260749181232
99.8463867540632 1.51448219098249
99.8816412088453 1.51574661985837
99.9169062026263 1.51639851347154
99.9521786634111 1.51643655860917
99.987455538183 1.51586039550869
100.022733788013 1.51467061784645
100.058010382956 1.51286877105822
100.093282296823 1.51045734901927
100.12854650188 1.50743978910135
100.163799963583 1.50382046561283
100.199039635397 1.49960468161767
100.234262453799 1.49479865911896
100.269465333514 1.48940952758307
100.304645163089 1.48344531077279
100.339798800837 1.47691491185088
100.374923071253 1.46982809671106
100.41001476193 1.46219547549035
100.445070621056 1.45402848221652
100.480087355531 1.44533935254612
100.515061629744 1.43614109955314
100.549990065054 1.42644748753537
100.58486924 1.41627300381525
100.619695691257 1.4056328285239
100.654465915355 1.39454280237203
100.689176371156 1.38301939242755
100.723823483093 1.37107965593885
100.758403645138 1.3587412022626
100.792913225486 1.34602215297649
100.827348571922 1.33294110027931
100.86170601781 1.31951706380356
100.895981888666 1.30576944598751
100.930172509261 1.29171798617561
100.964274211162 1.27738271363599
100.99828334067 1.26278389970243
101.032196267054 1.24794200926447
101.06600939101 1.23287765184269
101.099719153273 1.21761153249701
101.133322043272 1.2021644028228
101.16681460778 1.18655701229371
101.200193459451 1.17081006020992
101.233455285181 1.15494414850711
101.266596854219 1.13897973567443
101.299615025959 1.12293709201901
101.332506757358 1.10683625650105
101.365269109922 1.09069699534698
101.397899256218 1.07453876262901
101.430394485884 1.05838066297873
101.462752211096 1.04224141657929
101.494969971492 1.02613932655764
101.527045438522 1.01009224887353
101.558976419256 0.994117564777987
101.590760859622 0.978232155889605
101.62239684712 0.962452381913896
101.653882613018 0.946794061008736
101.685216534066 0.931272452778049
101.716397133763 0.915902243856915
101.747423083212 0.90069753603401
101.778293201618 0.885671836842163
101.809006456459 0.870838052534695
101.839561963393 0.856208483354351
101.86995898595 0.84179482099277
101.900196935048 0.827608148131762
101.930275368401 0.813658939952864
101.960193989856 0.799957067498763
101.989952648715 0.78651180276893
102.019551339091 0.773331825432174
102.048990199333 0.760425231040481
102.078269511578 0.747799540631413
102.107389701461 0.735461711610195
102.136351338014 0.723418149807382
102.165155133809 0.71167472261335
102.193801945342 0.700236773096777
102.222292773719 0.689109135020502
102.250628765639 0.678296148674659
102.278811214703 0.667801677453475
102.306841563057 0.657629125108694
102.334721403383 0.64778145361893
102.362452481227 0.638261201620358
102.390036697667 0.629070503349947
102.417476112313 0.6202111080577
102.44477294661 0.611684399849163
102.47192958742 0.603491417923507
102.498948590854 0.595632877175859
102.525832686297 0.588109189134956
102.552584780574 0.580920483208686
102.579207962196 0.574066628210344
102.605705505589 0.56754725413752
102.632080875228 0.561361774173169
102.65833772956 0.555509406874552
102.684479924603 0.549989198510242
102.710511517075 0.544800045498159
102.736436766925 0.539940716888605
102.762260139094 0.535409876825587
102.787986304351 0.53120610690728
102.813620139029 0.527327928352722
102.839166723503 0.523773823866873
102.86463133923 0.520542259080553
102.890019464209 0.517631703426137
102.915336766727 0.515040650294872
102.940589097272 0.512767636308234
102.965782478552 0.510811259524789
102.990923093572 0.509170196396554
103.016017271789 0.507843217285768
103.041071473401 0.50682920035524
103.066092271899 0.506127143653488
103.091086335041 0.505736175230265
103.116060404482 0.505655561138586
103.141021274325 0.505884711205734
103.165975768904 0.506423182487115
103.190930720137 0.507270680351994
103.215892944801 0.508427057187746
103.240869222081 0.509892308747531
103.265866271736 0.511666568203633
103.290890733216 0.513750098003424
103.315949145987 0.516143279655638
103.34104793134 0.518846601600211
103.366193375849 0.521860645334662
103.391391616638 0.525186069983474
103.416648628533 0.528823595504208
103.441970213133 0.53277398472554
103.467361989808 0.537038024408656
103.49282938854 0.54161650551536
103.518377644545 0.546510202854683
103.544011794544 0.551719854265813
103.569736674552 0.557246139479597
103.595556919031 0.563089658784697
103.621476961242 0.569250911608218
103.647501034641 0.57573027510513
103.673633175152 0.582527982836265
103.69987722417 0.589644103601576
103.726236832131 0.597078520483861
103.752715462538 0.604830910148285
103.779316396288 0.612900722434965
103.806042736217 0.621287160275396
103.832897411741 0.629989159958625
103.859883183522 0.639005371769671
103.887002648065 0.648334141020575
103.9142582422 0.657973489493568
103.941652247385 0.667921097315983
103.969186793782 0.678174285287607
103.996863864077 0.688729997683029
104.024685297014 0.699584785554104
104.052652790608 0.710734790560796
104.080767905049 0.722175729362321
104.109032065256 0.733902878604568
104.137446563096 0.745911060544225
104.166012559263 0.758194629354698
104.194731084817 0.770747458163849
104.223603042391 0.783562926878621
104.252629207087 0.796633910856734
104.281810227053 0.809952770490794
104.311146623789 0.823511341775189
104.340638792172 0.837300927931053
104.370287000245 0.851312292169234
104.400091388791 0.865535651675493
104.430051970704 0.879960672905998
104.460168630226 0.894576468284465
104.490441122037 0.909371594394823
104.520869070276 0.924334051765063
104.551451967506 0.939451286338674
104.582189173671 0.954710192729747
104.61307991509 0.97009711935627
104.644123283532 0.985597875543203
104.675318235403 1.00119774068249
104.706663591118 1.01688147553119
104.73815803467 1.03263333572109
104.769800113468 1.04843708754397
104.801588238475 1.06427602606501
104.833520684691 1.08013299560427
104.865595592018 1.09599041261107
104.89781096655 1.1118302909397
104.930164682319 1.12763426951693
104.962654483515 1.14338364237239
104.995277987227 1.1590593909822
105.028032686691 1.1746422188552
105.060915955081 1.19011258826861
105.093925049837 1.20545075903828
105.127057117518 1.22063682918653
105.160309199187 1.23565077734907
105.19367823628 1.25047250674246
105.227161076958 1.26508189049462
105.260754482891 1.27945881812383
105.294455136419 1.29358324293742
105.328259648065 1.30743523010903
105.362164564317 1.32099500518456
105.396166375618 1.33424300276126
105.430261524508 1.34715991508195
105.464446413822 1.35972674028765
105.498717414886 1.37192483007652
105.533070875622 1.38373593652523
105.567503128475 1.39514225784008
105.602010498111 1.4061264828197
105.63658930877 1.41667183382813
105.671235891241 1.42676210809622
105.705946589357 1.43638171719064
105.740717765974 1.44551572451201
105.775545808358 1.45414988070686
105.810427132945 1.46227065690177
105.84535818943 1.46986527569116
105.880335464141 1.47692173983285
105.915355482708 1.48342885862664
105.950414811967 1.48937627197122
105.985510061145 1.49475447211219
106.020637882287 1.49955482310975
106.055794969973 1.50376957806764
106.090978060331 1.50739189417531
106.126183929371 1.51041584562329
106.161409390705 1.5128364344566
106.196651292663 1.51464959943373
106.231906514893 1.51585222295848
106.267171964476 1.51644213614965
106.302444571624 1.51641812210892
106.33772128505 1.51577991744114
106.372999067042 1.51452821207283
106.408274888352 1.51266464740593
106.44354572295 1.51019181283347
106.478808542729 1.50711324063333
106.514060312243 1.50343339924517
106.549297983543 1.49915768492549
106.584518491193 1.49429241176514
106.619718747551 1.48884480004473
106.654895638364 1.48282296289549
106.690046018764 1.47623589122646
106.72516670973 1.46909343687466
106.760254495061 1.46140629393196
106.795306118934 1.45318597820251
106.830318284083 1.44444480474665
106.86528765065 1.43519586347173
106.900210835734 1.42545299273797
106.935084413679 1.4152307509571
106.969904917103 1.40454438617406
107.004668838697 1.39340980363666
107.03937263378 1.38184353137529
107.074012723604 1.36986268383327
107.108585499407 1.35748492360888
107.14308732716 1.34472842139182
107.177514552998 1.3316118141986
107.211863509274 1.31815416203437
107.246130521189 1.30437490313027
107.280311913934 1.29029380792739
107.314404020283 1.27593093199786
107.34840318856 1.2613065681124
107.382305790896 1.24644119767922
107.416108231713 1.23135544179276
107.449806956339 1.21607001214071
107.483398459669 1.20060566202498
107.516879294803 1.18498313775533
107.550246081571 1.16922313067439
107.583495514871 1.15334623006873
107.616624372749 1.13737287721331
107.649629524159 1.12132332078565
107.682507936336 1.10521757387223
107.715256681735 1.08907537277264
107.747872944499 1.07291613778801
107.780354026408 1.05675893615884
107.812697352297 1.04062244729479
107.844900474918 1.02452493041513
107.876961079241 1.00848419469434
107.908876986198 0.992517571982922
107.940646155868 0.976641892149609
107.972266690141 0.960873461067727
108.003736834862 0.945228041246677
108.035054981496 0.92972083508868
108.066219668356 0.914366470732128
108.097229581415 0.899178990425856
108.128083554773 0.884171841363689
108.158780570797 0.869357868895771
108.189319760006 0.854749312022477
108.219700400737 0.840357801068111
108.249921918656 0.826194357425091
108.279983886153 0.812269395254732
108.309886021671 0.798592725028005
108.339628189037 0.785173558788615
108.369210396817 0.772020517021202
108.398632797753 0.759141637009286
108.427895688332 0.746544382570575
108.45699950851 0.73423565506122
108.485944841635 0.722221805545423
108.514732414611 0.710508648032209
108.543363098317 0.699101473687165
108.571837908314 0.68800506593317
108.600158005866 0.677223716360661
108.628324699279 0.666761241374521
108.65633944558 0.656620999511157
108.684203852541 0.646805909365744
108.71191968104 0.63731846807561
108.739488847768 0.62816077031155
108.766913428255 0.619334527734027
108.794195660203 0.610841088875968
108.821337947098 0.602681459417845
108.848342862062 0.594856322823993
108.875213151894 0.58736606131145
108.901951741251 0.580210777123969
108.928561736891 0.573390314083994
108.955046431902 0.56690427939437
108.981409309819 0.560752065659011
109.007654048519 0.554932873087769
109.033784523783 0.549445731845046
109.05980481237 0.544289524494304
109.085719194481 0.539463008481495
109.111532155433 0.534964838589485
109.137248386396 0.53079358928307
109.162872784013 0.526947776850213
109.188410448739 0.523425881230107
109.213866681733 0.520226367403022
109.239246980153 0.517347706201283
109.264557030725 0.514788394385813
109.289802701471 0.512546973819454
109.314990031533 0.510622049557607
109.340125219061 0.509012306669665
109.365214607178 0.507716525602126
109.39026466809 0.506733595897077
109.415281985471 0.506062528088402
109.440273235295 0.505702463613083
109.46524516534 0.505652682596055
109.490204573657 0.505912609394032
109.515158286287 0.506481815815493
109.540113134595 0.507360021969526
109.565075932551 0.508547094733975
109.590053454328 0.510043043871563
109.615052412553 0.511848015859854
109.640079437521 0.51396228553524
109.665141057668 0.516386245681462
109.690243681528 0.519120394718135
109.715393581374 0.522165322663892
109.740596878659 0.525521695561598
109.765859531365 0.529190238559772
109.79118732327 0.533171717845254
109.816585855123 0.537466921617939
109.842060537675 0.542076640289903
109.867616586465 0.547001646079435
109.893259018256 0.55224267215628
109.91899264896 0.557800391478776
109.94482209292 0.563675395447299
109.970751763375 0.569868172482294
109.99678587395 0.576379086619671
110.022928441008 0.583208356202004
110.049183286716 0.590356032730981
110.07555404267 0.597821979935246
110.102044153949 0.605605853098099
110.128656883477 0.613707078681562
110.15539531658 0.622124834277072
110.182262365629 0.630858028908263
110.209260774708 0.639905283708086
110.236393124199 0.649264912990493
110.263661835251 0.658934905736142
110.291069174062 0.668912907511811
110.318617255932 0.679196202844354
110.346308049052 0.689781698071985
110.374143378012 0.700665904698287
110.402124926982 0.711844923277549
110.430254242583 0.723314427863715
110.458532736405 0.735069651059377
110.486961687195 0.747105369705648
110.515542242704 0.759415891258504
110.544275421186 0.771995040902096
110.573162112582 0.784836149454604
110.602203079377 0.797932042127329
110.631398957155 0.811275028202844
110.660750254871 0.824856891703087
110.690257354856 0.838668883123127
110.719920512581 0.852701712310996
110.749739856209 0.86694554257818
110.779715385956 0.881389986129211
110.809846973304 0.896024100901969
110.840134360091 0.910836388912789
110.87057715752 0.925814796202145
110.90117484512 0.940946714477335
110.931926769708 0.95621898454813
110.96283214439 0.971617901649704
110.993890047637 0.987129222744042
111.025099422501 1.00273817588647
111.056459075991 1.01842947173781
111.087967678676 1.03418731729467
111.119623764547 1.04999543190092
111.151425731186 1.06583706559186
111.183371840285 1.08169501980941
111.215460218554 1.09755167051162
111.247688859052 1.11338899368346
111.280055622975 1.12918859323716
111.312558241935 1.14493173127152
111.34519432074 1.16059936063831
111.3779613407 1.17617215974298
111.410856663473 1.1916305694845
111.443877535437 1.20695483221716
111.477021092605 1.22212503259521
111.510284366046 1.23712114013991
111.543664287819 1.25192305334844
111.577157697353 1.26651064514546
111.610761348279 1.28086380946123
111.644471915624 1.29496250870624
111.678286003357 1.3087868219001
111.712200152186 1.32231699320435
111.746210847575 1.33553348060303
111.780314527887 1.34841700447312
111.81450759259 1.36094859578835
111.848786410444 1.37310964370508
111.883147327592 1.38488194228722
111.91758667547 1.39624773613884
111.952100778471 1.40718976472795
111.986685961265 1.41769130520187
112.021338555731 1.42773621351443
112.056054907402 1.43730896370609
112.090831381388 1.44639468520107
112.125664367703 1.45497919800827
112.160550285964 1.4630490457368
112.195485589404 1.47059152635972
112.230466768186 1.47759472068233
112.26549035199 1.4840475184923
112.300552911853 1.48993964238863
112.335651061272 1.49526166930411
112.370781456569 1.50000504975101
112.40594079653 1.50416212483273
112.441125821352 1.50772614107452
112.476333310924 1.51069126313345
112.511560082469 1.51305258445327
112.546802987624 1.51480613593142
112.582058908979 1.51594889266551
112.617324756152 1.51647877884394
112.652597461454 1.51639467084041
112.687873975224 1.51569639856566
112.723151260883 1.51438474512171
112.758426289807 1.51246144479439
112.793696036073 1.50992917940999
112.828957471165 1.50679157307097
112.864207558712 1.50305318527502
112.89944324935 1.49871950241108
112.934661475753 1.49379692761596
112.96985914794 1.4882927689661
113.005033148914 1.48221522597122
113.040180330695 1.47557337433043
113.07529751083 1.46837714890677
113.110381469424 1.4606373248742
113.145428946755 1.45236549699065
113.180436641516 1.44357405695354
113.215401209733 1.43427616879886
113.250319264388 1.42448574231268
113.285187375774 1.41421740443402
113.320002072604 1.40348646864056
113.354759843879 1.39230890232396
113.389457141519 1.38070129217822
113.424090383743 1.36868080764391
113.458655959188 1.35626516247126
113.493150231727 1.34347257448691
113.52756954596 1.33032172367122
113.56191023333 1.31683170867552
113.5961686188 1.30302200193085
113.630341028049 1.28891240352098
113.664423795096 1.27452299401233
113.698413270305 1.25987408645161
113.732305828667 1.24498617775755
113.766097878294 1.22987989974637
113.799785869048 1.21457597004015
113.833366301201 1.19909514311437
113.866835734063 1.18345816174323
113.900190794494 1.1676857091016
113.933428185219 1.15179836177731
113.96654469288 1.13581654394038
113.999537195756 1.11976048290431
114.032402671102 1.10365016630031
114.065138202039 1.08750530106821
114.097740983972 1.07134527444873
114.130208330492 1.05518911713983
114.162537678736 1.03905546875766
114.194726594196 1.02296254571827
114.226772774966 1.00692811163229
114.258674055428 0.990969450280234
114.290428409388 0.975103341212319
114.322033952688 0.959346037993374
114.3534889453 0.943713249091684
114.384791792946 0.928220121390024
114.415941048286 0.91288122627849
114.446935411696 0.897710548271875
114.477773731693 0.882721476079625
114.508455005056 0.867926796043736
114.538978376684 0.853338687849466
114.569343139247 0.838968722405369
114.599548732677 0.824827861782798
114.629594743561 0.810926461100668
114.659480904468 0.797274272238683
114.689207093273 0.783880449261367
114.718773332526 0.77075355543581
114.748179788898 0.757901571728014
114.777426772759 0.745331906665805
114.806514737924 0.733051407460335
114.835444281598 0.72106637228308
114.86421614456 0.709382563600726
114.892831211613 0.698005222476325
114.921290512318 0.686939083751395
114.949595222046 0.676188392030134
114.97774666335 0.665756918393477
115.005746307675 0.655647977777206
115.033595777417 0.645864446954669
115.06129684832 0.636408783070698
115.088851452209 0.627283042679014
115.116261680049 0.618488901240589
115.14352978531 0.610027673045085
115.170658187601 0.601900331521419
115.197649476542 0.594107529906683
115.224506415823 0.586649622244883
115.251231947394 0.579526684688214
115.277829195711 0.572738537073656
115.30430147196 0.566284764746442
115.330652278155 0.560164740599359
115.356885311009 0.554377647292622
115.383004465456 0.548922499613248
115.409013837671 0.543798166925298
115.434917727466 0.539003395653006
115.460720639885 0.534536831727781
115.486427285835 0.530397042917365
115.512042581597 0.526582540941391
115.537571647026 0.523091803262453
115.563019802303 0.519923294426156
115.588392563065 0.517075486807981
115.613695633803 0.514546880610063
115.638934899409 0.512336022937943
115.664116414815 0.510441525776968
115.689246392696 0.508862082681358
115.714331189245 0.507596483986856
115.739377288123 0.5066436303612
115.764391282676 0.506002544515959
115.789379856632 0.505672380918846
115.814349763494 0.505652433367321
115.83930780492 0.505942140311767
115.864260808388 0.506541087848695
115.889215604509 0.507449010340247
115.914179004324 0.508665788654107
115.939157776952 0.510191446056166
115.964158627913 0.512026141825236
115.98918817846 0.514170162693147
116.014252946179 0.516623912243346
116.039359327105 0.519387898425611
116.064513579526 0.522462719362995
116.08972180961 0.52584904763936
116.114989958937 0.529547613261977
116.140323793946 0.53355918549404
116.165728897301 0.537884553747256
116.191210661087 0.542524507715843
116.216774281769 0.54747981692117
116.242424756767 0.552751209821876
116.268166882532 0.558339352628608
116.294005253938 0.564244827946221
116.319944264859 0.570468113350175
116.345988109747 0.577009559988482
116.372140786062 0.583869371286314
116.398406097396 0.591047581817552
116.424787657144 0.598544036396413
116.451288892599 0.606358369432773
116.477913049333 0.614489984587015
116.504663195765 0.622938034754124
116.531542227815 0.631701402402138
116.558552873565 0.64077868028691
116.585697697835 0.650168152563322
116.61297910664 0.65986777631235
116.640399351446 0.669875163503739
116.667960533203 0.680187563415294
116.695664606111 0.690801845531763
116.72351338109 0.701714482948993
116.751508528941 0.712921536312307
116.779651583174 0.724418638321742
116.807943942504 0.736200978840996
116.836386873 0.748263290651346
116.864981509898 0.760599835896604
116.893728859077 0.773204393270069
116.922629798202 0.78607024599954
116.951685077556 0.799190170691567
116.980895320569 0.812556427101256
117.010261024057 0.82616074889896
117.039782558211 0.839994335510061
117.069460166333 0.854047845108626
117.099293964373 0.868311388849946
117.129283940271 0.882774526430687
117.159429953158 0.897426263068559
117.189731732438 0.912255047995775
117.220188876788 0.927248774562182
117.25080085312 0.942394782044476
117.281566995543 0.957679859257388
117.312486504369 0.973090250060877
117.343558445204 0.988611660854195
117.374781748171 1.00422927014293
117.40615520731 1.01992774025883
117.437677480202 1.03569123130413
117.46934708786 1.05150341738237
117.501162414928 1.06734750516606
117.533121710235 1.0832062548381
117.565223087741 1.09906200342891
117.597464527913 1.11489669055433
117.629843879556 1.13069188654103
117.662358862138 1.1464288229066
117.695007068621 1.16208842514084
117.727785968818 1.17765134771303
117.760692913285 1.19309801120814
117.79372513775 1.20840864147253
117.826879768072 1.2235633106282
117.860153825717 1.23854197979299
117.893544233727 1.25332454332444
117.927047823154 1.26789087438635
117.960661339919 1.28222087162073
117.99438145205 1.29629450669349
118.028204757247 1.31009187247105
118.062127790706 1.32359323157664
118.096147033151 1.33677906506987
118.130258918983 1.3496301209918
118.16445984449 1.36212746251921
118.198746176029 1.37425251547748
118.233114258096 1.38598711497002
118.267560421226 1.39731355089429
118.302080989615 1.40821461212926
118.33667228842 1.41867362919662
118.371330650634 1.42867451521789
118.40605242349 1.43820180501064
118.440833974331 1.44724069219003
118.475671695876 1.45577706416488
118.510562010856 1.46379753494097
118.545501375962 1.47128947566775
118.580486285092 1.47824104288649
118.615513271864 1.48464120445942
118.650578911389 1.49047976317836
118.685679821303 1.49574737806921
118.72081266206 1.50043558342329
118.75597413651 1.50453680559936
118.791160988776 1.50804437765023
118.826370002473 1.51095255183484
118.861597998298 1.5132565100815
118.896841831056 1.51495237246992
118.932098386148 1.51603720379903
118.96736457561 1.51650901830491
119.002637333743 1.51636678258804
119.037913612416 1.51561041680256
119.073190376101 1.5142407941519
119.108464596734 1.51225973872562
119.143733248447 1.50967002170241
119.178993302283 1.50647535593303
119.214241720936 1.50268038890655
119.249475453627 1.49829069409249
119.284691431161 1.49331276064158
119.319886561262 1.48775398141898
119.355057724241 1.48162263933588
119.39020176908 1.47492789193966
119.425315509985 1.46767975421838
119.460395723467 1.45988907957319
119.495439146019 1.45156753891281
119.530442472419 1.44272759782651
119.565402354713 1.43338249179746
119.600315401905 1.42354619942612
119.635178180384 1.41323341364373
119.669987215106 1.40245951090868
119.70473899153 1.39124051839392
119.739429958322 1.37959307919086
119.774056530808 1.36753441557414
119.808615095156 1.35508229039248
119.843102013261 1.34225496667235
119.8775136283 1.32907116554355
119.911846270896 1.31555002261815
119.946096265852 1.30171104297637
119.980259939389 1.28757405493421
120.014333626807 1.27315916278705
120.048313680522 1.25848669874185
120.082196478365 1.24357717426551
120.115978432103 1.22845123109004
120.149655996062 1.21312959212477
120.183225675792 1.19763301253176
120.216684036691 1.18198223122376
120.250027712495 1.16619792304269
120.283253413573 1.15030065187216
120.31635793495 1.13431082492965
120.349338163995 1.11824864847196
120.382191087713 1.1021340851337
120.4149137996 1.08598681310054
120.44750350601 1.06982618730006
120.479957532003 1.05367120277079
120.512273326657 1.03754046034773
120.544448467826 1.02145213477823
120.576480666326 1.00542394535822
120.608367769577 0.989473129154024
120.640107764685 0.973616416851488
120.671698781002 0.957870011250922
120.703139092173 0.942249568404644
120.734427117722 0.926770181373568
120.765561424189 0.911446366560775
120.796540725877 0.896292052563332
120.82736388525 0.881320571469136
120.858029913019 0.866544652513039
120.888537967985 0.851976417996284
120.918887356669 0.837627381365064
120.949077532795 0.823508447337865
120.979108096671 0.809629913967073
121.008978794513 0.796001476517917
121.038689517777 0.782632233047058
121.068240302527 0.769530691563902
121.097631328894 0.756704778659749
121.126862920669 0.74416184949311
121.155935545065 0.73190869902363
121.184849812683 0.719951574392038
121.213606477721 0.708296188349052
121.242206438448 0.696947733642216
121.270650737967 0.685910898275944
121.298940565299 0.675189881566561
121.327077256781 0.664788410920698
121.355062297816 0.65470975927185
121.382897324957 0.64495676311623
121.410584128339 0.635531841095097
121.438124654444 0.626437013076311
121.465521009188 0.617673919693097
121.492775461313 0.609243842302517
121.519890446045 0.601147723330038
121.546868568987 0.59338618696969
121.573712610193 0.585959560211446
121.600425528366 0.578867894168594
121.627010465106 0.572110985677847
121.653470749126 0.56568839914356
121.679809900336 0.559599488594706
121.70603163369 0.553843419918872
121.732139862656 0.548419193231599
121.758138702202 0.543325665331625
121.784032471108 0.538561572183115
121.809825693491 0.534125551354741
121.835523099332 0.530016164332662
121.861129623877 0.526231918610269
121.886650405706 0.522771289442378
121.912090783342 0.519632741135868
121.937456290228 0.516814747733183
121.96275264795 0.51431581293051
121.987985757615 0.512134489059569
122.013161689311 0.510269394951929
122.038286669622 0.50871923249845
122.06336706724 0.507482801714831
122.088409376735 0.506559014128113
122.113420200633 0.505946904308856
122.138406229975 0.505645639389851
122.163374223606 0.505654526434529
122.18833098647 0.505973017546123
122.213283347232 0.506600712641255
122.238238135573 0.507537359847677
122.263202159504 0.508782853523835
122.288182183062 0.510337229936127
122.313184904715 0.512200660666457
122.3382169368 0.514373443856393
122.363284786256 0.51685599342358
122.388394836885 0.519648826409984
122.413553333331 0.522752548639507
122.438766366871 0.526167838874155
122.464039863132 0.529895431663508
122.489379571717 0.533936099082093
122.51479105774 0.538290631544196
122.540279695198 0.542959817876403
122.565850662079 0.547944424815874
122.591508937092 0.553245176087754
122.61725929786 0.558862731199366
122.643106320443 0.56479766407249
122.669054380004 0.571050441619016
122.695107652481 0.577621402349922
122.721270117086 0.584510735093423
122.747545559483 0.591718457885484
122.77393757551 0.599244397084833
122.800449575301 0.607088166755326
122.82708478769 0.615249148350829
122.853846264793 0.623726470731848
122.880736886669 0.632518990538657
122.907759365968 0.641625272942654
122.934916252506 0.651043572795963
122.962209937702 0.660771816198661
122.989642658817 0.670807582503487
123.017216502964 0.681148086779144
123.044933410845 0.691790162755434
123.072795180197 0.702730246276155
123.100803468918 0.713964359289024
123.128959797869 0.725488094405659
123.157265553338 0.737296600068823
123.185721989155 0.749384566368667
123.214330228474 0.761746211554431
123.24309126522 0.774375269293063
123.2720059652 0.787264976731264
123.301075066912 0.800408063422619
123.330299182035 0.813796741186591
123.359678795659 0.827422694971161
123.389214266237 0.841277074795753
123.418905825308 0.855350488855629
123.448753577011 0.869632997873115
123.478757497417 0.884114110784728
123.508917433713 0.898782781856312
123.539233103279 0.913627409320684
123.569704092679 0.928635835633726
123.600329856624 0.943795349445342
123.631109716934 0.959092689381057
123.662042861551 0.974514049728042
123.693128343642 0.990045088116064
123.724365080832 1.00567093527895
123.755751854628 1.02137620697568
123.787287310062 1.03714501814205
123.818969955606 1.05296099933384
123.85079816341 1.06880731551068
123.882770169882 1.08466668719634
123.914884076677 1.10052141403572
123.947137852111 1.11635340075207
123.979529333038 1.13214418548952
124.012056227218 1.14787497050615
124.044716116197 1.16352665516203
124.077506458714 1.17907987112533
124.110424594638 1.19451501969712
124.143467749453 1.20981231113361
124.176633039256 1.22495180582276
124.209917476286 1.2399134571508
124.243317974933 1.25467715587479
124.276831358213 1.26922277579842
124.310454364666 1.28353022053241
124.344183655621 1.29757947110688
124.378015822794 1.3113506341918
124.411947396125 1.32482399067367
124.445974851831 1.33798004433204
124.480094620561 1.35079957035762
124.514303095602 1.36326366345661
124.548596641059 1.37535378529083
124.582971599912 1.38705181101299
124.617424301889 1.39834007466809
124.651951071066 1.4092014132474
124.686548233128 1.41961920919926
124.721212122203 1.42957743122038
124.755939087222 1.43906067317325
124.790725497732 1.44805419099773
124.825567749109 1.45654393750834
124.860462267129 1.46451659499205
124.895405511855 1.47195960554482
124.930393980817 1.47886119910693
124.965424211455 1.48521041917853
125.000492782829 1.49099714621557
125.035596316579 1.49621211872389
125.070731477152 1.50084695208383
125.105894971316 1.50489415515024
125.141083546973 1.50834714468235
125.176293991321 1.51120025766516
125.211523128393 1.51344876158826
125.246767816023 1.5150888627496
125.2820249423 1.51611771265131
125.317291421562 1.51653341255125
125.352564189992 1.51633501622921
125.387840200899 1.5155225310195
125.42311641973 1.51409691715364
125.458389818916 1.51206008544711
125.493657372606 1.50941489335393
125.528916051369 1.50616513940211
125.564162816957 1.50231555601219
125.599394617185 1.4978718006906
125.634608381016 1.49284044557966
125.669801013919 1.48722896533731
125.704969393577 1.48104572331186
125.740110366011 1.47429995597158
125.775220742173 1.46700175554436
125.810297295089 1.45916205082129
125.845336757583 1.45079258607817
125.880335820645 1.44190589807186
125.915291132475 1.43251529107404
125.950199298241 1.42263480991277
125.985056880576 1.41227921100287
126.019860400822 1.40146393135956
126.054606341043 1.39020505560468
126.089291146795 1.37851928099267
126.123911230647 1.36642388050269
126.158462976426 1.35393666406382
126.192942744168 1.34107593800215
126.227346875728 1.32786046282097
126.261671700998 1.31430940944747
126.295913544691 1.30044231410146
126.330068733618 1.28627903196283
126.364133604389 1.27183968983373
126.398104511471 1.25714463800943
126.431977835521 1.24221440158693
126.465749991905 1.22706963145274
126.499417439338 1.21173105520084
126.532976688549 1.19621942823752
126.566424310886 1.18055548533216
126.599756946801 1.16475989287201
126.632971314116 1.14885320207361
126.666064216022 1.13285580339565
126.69903254873 1.11678788238575
126.731873308726 1.10066937717923
126.764583599582 1.08451993785015
126.797160638276 1.06835888779531
126.829601760995 1.05220518730997
126.861904428395 1.03607739949127
126.894066230302 1.01999365858117
126.926084889857 1.00397164083644
126.957958267098 0.988028537989059
126.989684361999 0.97218103333628
127.021261316979 0.956445280477115
127.052687418907 0.940836884689891
127.083961100644 0.925370886925685
127.115080942144 0.910061750373934
127.146045671166 0.894923349540105
127.176854163643 0.879968961760956
127.207505443743 0.865211261070648
127.237998683689 0.850662314320909
127.268333203376 0.836333579450398
127.298508469841 0.822235905792521
127.328524096637 0.808379536306857
127.358379843156 0.79477411161715
127.388075613962 0.781428675738195
127.417611458164 0.768351683374828
127.446987568889 0.755551008678401
127.476204282885 0.743033955349389
127.505262080301 0.730807267979023
127.534161584676 0.718877144527837
127.562903563168 0.707249249844596
127.591488927053 0.695928730135145
127.619918732521 0.684920228297056
127.64819418178 0.674227900042459
127.676316624495 0.663855430737985
127.704287559559 0.653806052897259
127.732108637215 0.644082564267617
127.759781661513 0.634687346458732
127.787308593111 0.625622384066459
127.814691552388 0.616889284250259
127.841932822861 0.608489296727127
127.869034854864 0.600423334148721
127.896000269466 0.592691992831421
127.922831862551 0.58529557381111
127.949532609032 0.578234104195503
127.976105667095 0.571507358786694
128.002554382408 0.565114881945133
128.028882292191 0.559056009663349
128.055093129032 0.55332989181322
128.081190824323 0.547935514524512
128.107179511189 0.542871722644443
128.133063526739 0.53813724221846
128.158847413506 0.533730702920972
128.184535919882 0.529650660351896
128.210133999405 0.525895618100546
128.235646808706 0.522464049463156
128.261079703977 0.519354418684622
128.28643823579 0.516565201579519
128.31172814217 0.514094905372963
128.336955339791 0.511942087589228
128.362125913267 0.510105373806291
128.387246102497 0.508583474088546
128.412322288099 0.507375197908799
128.437360975033 0.506479467375001
128.462368774526 0.505895328587634
128.487352384506 0.505621960970377
128.512318568796 0.50565868443947
128.537274135326 0.506004964305611
128.56222591372 0.506660413835156
128.587180732572 0.507624794433712
128.61214539678 0.508898013453243
128.637126665295 0.510480119661928
128.662131229605 0.512371296452575
128.687165693274 0.514571852898711
128.712236552813 0.517082212796397
128.737350180082 0.519902901853207
128.762512806426 0.523034533203224
128.787730508644 0.526477791437981
128.81300919687 0.530233415348306
128.838354604375 0.534302179571415
128.863772279276 0.538684875332111
128.889267578057 0.543382290457397
128.914845660841 0.548395188831249
128.940511488246 0.553724289441611
128.966269819714 0.559370245155751
128.99212521314 0.565333621343861
129.018082025633 0.571614874454747
129.044144415274 0.578214330632236
129.070316343675 0.585132164446949
129.096601579222 0.592368377805563
129.12300370083 0.599922779088787
129.149526102099 0.607794962560139
129.176171995741 0.615984288080089
129.202944418167 0.624489861154322
129.229846234155 0.633310513340545
129.256880141492 0.642444783035357
129.284048675544 0.65189089666108
129.31135421367 0.661646750271958
129.338798979448 0.671709891599607
129.36638504666 0.682077502559036
129.394114343004 0.692746382238644
129.421988653511 0.703712930400417
129.450009623649 0.714973131519904
129.478178762085 0.726522539399343
129.506497443124 0.738356262391546
129.534966908795 0.750468949276666
129.5635882706 0.762854775838772
129.592362510933 0.775507432194092
129.621290484161 0.788420110927928
129.650372917405 0.801585496102326
129.679610411009 0.814995753201738
129.709003438737 0.828642520088891
129.73855234771 0.842516899047931
129.76825735811 0.856609449996374
129.798118562671 0.870910184951623
129.828135925999 0.885408563841361
129.858309283747 0.900093491750214
129.88863834168 0.914953317697308
129.919122674663 0.929975835040764
129.949761725621 0.945148283605526
129.980554804508 0.960457353630158
130.01150108732 0.975889191626193
130.042599615211 0.99142940824011
130.073849293742 1.00706308820306
130.105248892321 1.02277480244675
130.136797043866 1.03854862245569
130.168492244755 1.05436813691564
130.200332855079 1.07021647070643
130.232317099272 1.08607630627357
130.264443067126 1.10192990739741
130.296708715245 1.11775914536198
130.329111868969 1.13354552750662
130.361650224786 1.14927022812408
130.394321353253 1.16491412164762
130.427122702455 1.18045781804796
130.460051601988 1.19588170033921
130.493105267489 1.2111659640702
130.526280805682 1.22629065865642
130.559575219951 1.24123573038634
130.592985416391 1.25598106691634
130.626508210323 1.27050654305016
130.660140333221 1.28479206758287
130.693878440018 1.29881763097543
130.727719116715 1.31256335361542
130.761658888252 1.32600953441138
130.795694226563 1.33913669946408
130.829821558742 1.35192565055676
130.864037275253 1.36435751320894
130.898337738092 1.37641378404464
130.932719288843 1.38807637723471
130.967178256519 1.3993276697859
131.001710965142 1.41015054546458
131.036313740963 1.42052843716071
131.070982919261 1.43044536751802
131.105714850654 1.43988598767771
131.14050590686 1.44883561400588
131.175352485859 1.45728026269824
131.210251016398 1.46520668217911
131.245197961824 1.47260238323475
131.280189823193 1.47945566684323
131.315223141652 1.48575564968377
131.350294500081 1.49149228732755
131.385400523987 1.49665639512908
131.420537881671 1.50123966685163
131.455703283673 1.50523469107268
131.490893481533 1.50863496542448
131.526105265888 1.51143490873198
131.561335463967 1.51362987111415
131.596580936503 1.51521614211633
131.63183857415 1.51619095694055
131.667105293433 1.51655250083707
131.702378032318 1.51629991171547
131.737653745466 1.51543328102653
131.772929399227 1.51395365295761
131.808201966472 1.51186302197472
131.843468421321 1.50916432873406
131.878725733854 1.50586145437516
131.913970864873 1.50195921319684
131.9492007608 1.49746334370693
131.984412348785 1.49238049802656
132.019602532092 1.48671822962155
132.054768185843 1.48048497932559
132.089906153171 1.47369005961445
132.125013241875 1.46634363708637
132.160086221599 1.45845671310231
132.195121821618 1.45004110254033
132.230116729261 1.44110941062127
132.265067589021 1.43167500776897
132.299971002372 1.42175200247622
132.334823528331 1.41135521215866
132.369621684776 1.40050013199205
132.40436195052 1.38920290174397
132.43904076815 1.37748027062863
132.473654547608 1.36534956023287
132.508199670507 1.35282862558233
132.542672495136 1.33993581443845
132.577069362126 1.32668992493941
132.611386600721 1.31311016172056
132.645620535607 1.29921609067155
132.679767494229 1.28502759250873
132.713823814525 1.27056481536054
132.747785853015 1.25584812658106
132.781649993144 1.24089806402217
132.815412653827 1.22573528700663
132.849070298085 1.21038052725371
132.882619441709 1.19485454001438
132.916056661861 1.17917805567531
132.949378605538 1.16337173208914
132.982581997819 1.14745610788343
133.015663649835 1.13145155699174
133.048620466385 1.11537824463855
133.081449453159 1.09925608499429
133.1141477235 1.08310470069932
133.146712504686 1.06694338443563
133.179141143679 1.05079106270302
133.211431112341 1.03466626193366
133.243580012086 1.01858707705475
133.27558557797 1.00257114258465
133.307445682232 0.986635606323654
133.339158337278 0.970797105676801
133.37072169815 0.955071746623221
133.402134064486 0.939475085325114
133.433393882022 0.924022112349333
133.464499743658 0.908727239456382
133.495450390138 0.893604288895383
133.526244710385 0.87866648512937
133.556881741549 0.863926448903218
133.587360668796 0.849396193556611
133.617680824917 0.835087123476618
133.647841689786 0.821010034578692
133.677842889725 0.807175116700988
133.707684196829 0.793591957794857
133.7373655283 0.780269549793861
133.766886945825 0.767216296044665
133.79624865506 0.754440020185439
133.825451005247 0.741947976360767
133.854494489013 0.729746860666357
133.883379742373 0.717842823721916
133.912107544988 0.706241484276197
133.940678820684 0.694947943754274
133.969094638277 0.683966801663522
133.997356212706 0.673302171781248
134.025464906496 0.662957699053491
134.053422231567 0.652936577140973
134.08122985138 0.643241566554437
134.108889583427 0.633875013327558
134.136403402057 0.624838868181202
134.16377344162 0.616134706137838
134.191001999905 0.607763746549368
134.218091541849 0.599726873505399
134.245044703459 0.592024656591899
134.271864295918 0.584657371972162
134.2985533098 0.577625023762972
134.325114919314 0.570927365678538
134.351552486508 0.564563922913269
134.377869565321 0.558534014231333
134.404069905371 0.552836774226401
134.430157455354 0.547471175708633
134.456136365918 0.542436052167951
134.482010991858 0.537730120252841
134.507785893465 0.53335200219238
134.533465836878 0.529300248076175
134.559055793257 0.52557335789243
134.584560936611 0.52216980320911
134.609986640126 0.51908804836741
134.635338470843 0.516326571041296
134.660622182564 0.51388388200248
134.685843706894 0.511758543917791
134.711009142355 0.509949188996422
134.736124741571 0.508454535298994
134.761196896537 0.507273401519691
134.78623212209 0.50640472005759
134.811237037694 0.505847548204287
134.836218347761 0.505601077292179
134.861182820741 0.505664639671076
134.886137267274 0.506037713409655
134.911088517731 0.506719924651571
134.93604339948 0.507711047592542
134.961008714247 0.509011002082871
134.98599121591 0.510619848897896
135.010997589065 0.512537782755195
135.036034428671 0.514765123190381
135.061108221043 0.517302303431785
135.0862253264 0.520149857437233
135.111391963154 0.523308405272975
135.136614194045 0.526778637025362
135.161897914186 0.530561295440413
135.187248841035 0.534657157485308
135.212672506261 0.53906701501999
135.238174249425 0.543791654757199
135.26375921339 0.548831837676496
135.289432341319 0.554188278042971
135.315198375113 0.559861622165386
135.341061855152 0.565852427012214
135.367027121148 0.572161138788061
135.393098313975 0.578788071557837
135.419279378301 0.585733385992161
135.445574065873 0.59299706829511
135.471985939319 0.600578909364694
135.498518376325 0.608478484227374
135.525174574089 0.61669513178067
135.551957553913 0.62522793487213
135.57887016587 0.634075700738796
135.605915093453 0.643236941828489
135.633094858121 0.652709857022706
135.66041182371 0.662492313280552
135.687868200631 0.672581827723673
135.715466049838 0.682975550183635
135.743207286516 0.693670246235398
135.771093683469 0.704662280743357
135.799126874196 0.71594760194983
135.827308355626 0.727521726139723
135.855639490526 0.739379722919342
135.884121509558 0.751516201151881
135.912755513002 0.763925295596921
135.941542472139 0.776600654306245
135.970483230315 0.789535426833385
135.999578503685 0.802722253319452
136.028828881663 0.81615325452288
136.058234827098 0.829820022865758
136.087796676185 0.843713614574172
136.117514638148 0.8578245429945
136.147388794724 0.872142773171705
136.177419099462 0.886657717779252
136.207605376889 0.901358234493244
136.237947321564 0.916232624905561
136.268444497069 0.931268635072102
136.299096334962 0.946453457792526
136.32990213375 0.961773736716976
136.360861057909 0.977215572373135
136.391972137009 0.992764530203318
136.423234264979 1.00840565069621
136.454646199561 1.02412346169106
136.486206562003 1.03990199292355
136.517913837022 1.05572479287259
136.549766373098 1.07157494795468
136.581762383129 1.08743510409929
136.613899945484 1.1032874907226
136.646177005498 1.11911394709998
136.678591377434 1.13489595111899
136.711140746936 1.1506146503746
136.743822673999 1.16625089554739
136.776634596471 1.18178527598383
136.809573834083 1.19719815737564
136.842637593019 1.21246972141308
136.875822971017 1.22758000726529
136.909126962973 1.24250895471981
136.942546467038 1.25723644879402
136.976078291169 1.27174236561272
137.009719160092 1.28600661933081
137.04346572263 1.30000920986603
137.07731455934 1.31373027119645
137.111262190406 1.32715011996996
137.145305083697 1.34024930416848
137.179439662947 1.35300865156929
137.21366231596 1.36540931774847
137.247969402767 1.37743283337774
137.282357263663 1.38906115057558
137.316822227035 1.40027668808652
137.351360616907 1.4110623750776
137.385968760132 1.42140169335972
137.420642993146 1.43127871786125
137.455379668239 1.44067815520337
137.490175159265 1.44958538024912
137.525025866747 1.45798647052197
137.55992822233 1.46586823841266
137.594878692549 1.47321826111648
137.629873781881 1.4800249082649
137.664910035059 1.48627736723624
137.699984038655 1.4919656661489
137.735092421907 1.49708069455758
137.770231856828 1.50161422188712
137.805399057588 1.50555891365081
137.840590779219 1.50890834550905
137.87580381566 1.51165701523087
137.911034997198 1.51380035262468
137.946281187338 1.51533472750604
137.981539279175 1.51625745576886
138.016806191315 1.51656680362316
138.052078863409 1.51626199005718
138.087354251387 1.51534318757426
138.122629322431 1.51381152124654
138.157901049803 1.51166906611776
138.19316640756 1.50891884297712
138.228422365272 1.50556481251525
138.26366588279 1.50161186786282
138.298893905162 1.49706582550158
138.334103357762 1.49193341452819
138.369291141699 1.48622226424237
138.404454129597 1.47994089002371
138.439589161792 1.47309867745593
138.474693043022 1.46570586465344
138.509762539661 1.45777352274395
138.544794377554 1.44931353446142
138.579785240502 1.44033857080714
138.614731769423 1.43086206574251
138.649630562239 1.42089818888574
138.684478174501 1.4104618161956
138.719271120762 1.39956849863899
138.754005876729 1.38823442885466
138.788678882154 1.37647640584347
138.823286544487 1.36431179773494
138.857825243245 1.35175850270089
138.89229133508 1.33883490810864
138.926681159492 1.32555984802894
138.960991045153 1.3119525592358
138.995217316781 1.29803263585755
139.02935630249 1.2838199828592
139.063404341563 1.26933476855534
139.097357792556 1.25459737637031
139.131213041673 1.23962835607706
139.164966511311 1.22444837475796
139.198614668705 1.20907816773973
139.232154034591 1.19353848975988
139.265581191796 1.17785006662389
139.298892793686 1.16203354761015
139.332085572393 1.1461094588746
139.365156346756 1.13009815809766
139.398102029904 1.11401979060365
139.430919636445 1.09789424716802
139.463606289186 1.08174112370929
139.496159225369 1.06557968304271
139.528575802378 1.04942881885065
139.560853502908 1.03330702200137
139.592989939567 1.01723234932409
139.624982858919 1.0012223949234
139.656830144978 0.985294264092384
139.688529822149 0.969464549859643
139.720080057647 0.953749312183098
139.751479163426 0.938164059781681
139.782725597633 0.922723734576415
139.813817965644 0.907442698694194
139.844755020714 0.892334723971548
139.875535664284 0.877412983881656
139.906158946004 0.862690047795991
139.936624063508 0.848177877482271
139.966930362005 0.833887825732726
139.99707733373 0.819830637011091
140.027064617298 0.806016450003002
140.056891997038 0.79245480195253
140.086559402316 0.779154634667259
140.116066906933 0.766124302075407
140.145414728608 0.753371579220867
140.174603228617 0.740903672585496
140.203632911601 0.728727231632376
140.232504425594 0.716848361468843
140.261218562299 0.705272636533807
140.289776257636 0.694005115219959
140.318178592588 0.683050355347877
140.346426794361 0.672412430415544
140.374522237881 0.662094946553348
140.402466447625 0.65210106012109
140.4302610998 0.642433495889746
140.45790802486 0.633094565756676
140.485409210362 0.624086187948486
140.512766804132 0.615409906670763
140.53998311773 0.607066912168306
140.567060630175 0.59905806116314
140.594001991893 0.591383897640481
140.620810028827 0.584044673954712
140.647487746657 0.577040372228258
140.674038335053 0.570370726015915
140.700465171864 0.564035242205446
140.726771827152 0.558033223122128
140.752962066957 0.552363788800171
140.779039856658 0.54702589937746
140.805009363792 0.542018377561949
140.830874960188 0.537339931108028
140.856641223242 0.53298917522955
140.882312936175 0.528964654863048
140.9078950871 0.525264866680107
140.933392866731 0.521888280732581
140.958811664581 0.518833361598523
140.984157063496 0.51609858888137
141.009434832407 0.51368247690061
141.034650917217 0.51158359339998
141.059811429751 0.509800577090033
141.084922634779 0.50833215383679
141.109990935134 0.507177151307874
141.135022855031 0.506334511892952
141.160025021725 0.505803303726767
141.185004145721 0.505582729660843
141.20996699977 0.505672134053731
141.234920396958 0.506071007278938
141.25987116821 0.506778987883279
141.284826139554 0.507795862365141
141.309792109498 0.509121562580275
141.33477582688 0.51075616082078
141.359783969513 0.512699862648966
141.384823123931 0.514952997600527
141.409899766503 0.517516007899439
141.435020246123 0.520389435349449
141.460190768647 0.523573906583334
141.485417383188 0.527070116861127
141.510705970319 0.530878812612578
141.53606223221 0.535000772917566
141.561491684642 0.539436790111957
141.586999650842 0.544187649696283
141.612591257032 0.5492541097116
141.638271429545 0.554636879731941
141.664044893389 0.560336599606742
141.689916172079 0.566353818070351
141.715889588584 0.572688971319795
141.741969267225 0.579342361646971
141.768159136372 0.586314136197635
141.794462931773 0.593604265917341
141.820884200398 0.601212524733881
141.847426304641 0.609138469016875
141.874092426787 0.617381417347992
141.90088557362 0.625940430629694
141.927808581086 0.634814292556316
141.95486411894 0.644001490468644
141.982054695282 0.653500196611707
142.00938266095 0.663308249815197
142.036850213707 0.673423137616576
142.064459402178 0.683841978848472
142.09221212952 0.694561506714213
142.120110156786 0.705578052378222
142.148155105967 0.716887529101471
142.176348462706 0.728485416956036
142.204691578676 0.7403667481571
142.233185673604 0.752526093055314
142.261831836975 0.764957546837244
142.290631029378 0.77765471698665
142.31958408355 0.790610711564394
142.348691705093 0.803818128369977
142.377954472902 0.81726904505275
142.407372839312 0.830955010245854
142.436947129997 0.844867035800708
142.466677543634 0.858995590204331
142.496564151364 0.873330593265859
142.526606896087 0.88786141216215
142.556805591611 0.902576858935274
142.587159921706 0.917465189536807
142.617669439083 0.932514104515118
142.648333564351 0.947710751441961
142.679151584993 0.963041729173781
142.71012265439 0.978493094040792
142.741245790959 0.994050368053197
142.772519877427 1.00969854920863
142.803943660309 1.02542212397803
142.835515749618 1.04120508203833
142.867234618852 1.05703093331037
142.89909860532 1.07288272734749
142.931105910827 1.08874307510715
142.96325460276 1.10459417312142
142.995542615621 1.12041783006548
143.027967753029 1.13619549570396
143.060527690215 1.15190829217554
143.093219977037 1.1675370475544
143.126042041517 1.18306233160622
143.158991193925 1.19846449363359
143.19206463139 1.21372370228401
143.225259443036 1.22881998717191
143.258572615637 1.24373328214504
143.292001039748 1.2584434700065
143.325541516288 1.27293042848526
143.359190763541 1.28717407723286
143.392945424506 1.30115442561036
143.426802074561 1.31485162101955
143.460757229367 1.32824599752501
143.494807352943 1.3413181245098
143.528948865848 1.35404885510717
143.563178153386 1.36641937415366
143.597491573754 1.37841124541561
143.631885466067 1.39000645785096
143.666356158162 1.40118747068118
143.700899974119 1.41193725706409
143.735513241419 1.42223934617662
143.770192297659 1.43207786353669
143.804933496781 1.44143756941557
143.839733214732 1.45030389521456
143.874587854516 1.45866297770379
143.909493850597 1.46650169104374
143.944447672603 1.47380767653352
143.979445828319 1.48056937005163
144.014484865947 1.48677602717544
144.049561375618 1.49241774598439
144.084671990166 1.4974854875686
144.119813385172 1.50197109427871
144.154982278297 1.50586730576443
144.190175427923 1.50916777285854
144.22538963115 1.51186706936911
144.260621721189 1.51396070184669
144.295868564192 1.51544511739393
144.331127055579 1.51631770958427
144.366394115928 1.51657682255207
144.401666686484 1.51622175331164
144.436941724365 1.51525275235497
144.472216197524 1.51367102256926
144.507487079562 1.51147871650592
144.542751344444 1.50867893202199
144.578005961216 1.50527570630418
144.613247888784 1.50127400827516
144.648474070843 1.49667972937117
144.683681431027 1.49149967267041
144.718866868347 1.4857415403432
144.754027253002 1.47941391938771
144.789159422614 1.47252626560957
144.824260178962 1.46508888580017
144.859326285259 1.4571129180673
144.894354464047 1.44861031027257
144.929341395725 1.43959379653379
144.964283717776 1.43007687175654
144.999178024713 1.42007376416797
145.034020868759 1.40959940583683
145.068808761292 1.39866940117782
145.103538175048 1.38729999345404
145.138205547084 1.37550802930923
145.172807282482 1.36331092138151
145.207339758782 1.35072660907082
145.241799331099 1.33777351755473
145.276182337894 1.32447051516925
145.31048510734 1.31083686929388
145.344703964236 1.29689220090184
145.378835237399 1.28265643795717
145.412875267459 1.26814976785948
145.446820414997 1.2533925891544
145.480667068927 1.23840546274202
145.51441165506 1.22320906282775
145.548050644749 1.20782412786799
145.581580563546 1.19227141176843
145.61499799979 1.17657163559417
145.648299613033 1.16074544004832
145.681482142248 1.14481333897043
145.714542413743 1.12879567409633
145.747477348715 1.11271257130869
145.780283970397 1.09658389859188
145.812959410744 1.08042922588682
145.845500916628 1.06426778702079
145.877905855495 1.04811844386555
145.910171720495 1.03199965285347
145.942296135033 1.01592943395737
145.974276856769 0.999925342215499
146.006111781068 0.984004441858742
146.037798943893 0.968183283073567
146.069336524187 0.95247788141162
146.100722845758 0.936903699835556
146.131956378701 0.921475633370969
146.163035740401 0.90620799631639
146.193959696149 0.891114511947411
146.224727159427 0.876208304637156
146.25533719191 0.861501894303633
146.285789003221 0.847007193084924
146.316081950511 0.832735504135705
146.346215537897 0.818697522433151
146.376189415819 0.80490333747667
146.406003380362 0.79136243776413
146.435657372594 0.778083716927033
146.465151477956 0.765075481408275
146.494485925772 0.752345459568624
146.523661088885 0.739900812111589
146.552677483491 0.727748143720761
146.581535769186 0.715893515808914
146.610236749256 0.70434246028384
146.638781371256 0.693099994242051
146.667170727873 0.682170635507874
146.695406058123 0.671558418942009
146.723488748865 0.66126691345013
146.751420336665 0.651299239628589
146.779202510002 0.641658087990465
146.806837111813 0.632345737721111
146.834326142373 0.623364075917847
146.861671762487 0.614714617273404
146.888876296981 0.606398524167051
146.915942238441 0.598416627131
146.942872251181 0.590769445662421
146.969669175361 0.583457209353243
146.996336031216 0.576479879310691
147.022876023307 0.569837169840974
147.0492925447 0.563528570366806
147.075589180984 0.55755336754609
147.10176971401 0.551910667554241
147.127838125213 0.546599418486047
147.153798598384 0.541618432824622
147.179655521738 0.536966409914933
147.205413489118 0.5326419583676
147.23107730016 0.528643618305336
147.256651959262 0.524969883349857
147.282142673176 0.521619222231625
147.307554847074 0.518590099889108
147.332894078952 0.515880997908845
147.358166152227 0.513490434143514
147.383377026474 0.511416981333161
147.408532826224 0.509659284545881
147.433639827826 0.508216077249419
147.458704444421 0.507086195825332
147.483733209121 0.506268592343194
147.508732756542 0.505762345424348
147.533709802906 0.505566669042947
147.558671124952 0.505680919136335
147.58362353797 0.506104597926424
147.608573873266 0.506837355887696
147.633528955425 0.507878991334311
147.658495579715 0.509229447637045
147.683480489986 0.51088880811868
147.70849035739 0.512857288712337
147.733531760232 0.515135228499585
147.758611165203 0.517723078272789
147.783734910198 0.520621387288089
147.808909188909 0.523830788391232
147.834140037264 0.527351981708004
147.859433321788 0.531185717094601
147.884794729891 0.535332775541314
147.910229762034 0.539793949716366
147.935743725708 0.544570023826291
147.961341731104 0.549661752956108
147.987028688367 0.555069842037412
148.012809306252 0.560794924576485
148.038688092062 0.566837541258206
148.064669352674 0.573198118525712
148.090757196509 0.579876947220788
148.116955536281 0.58687416135634
148.14326809238 0.594189717080175
148.169698396743 0.601823371878851
148.196249797086 0.609774664061612
148.222925461383 0.618042892557378
148.249728382485 0.626627097052283
148.276661382786 0.635526038491317
148.303727118857 0.64473817996507
148.330928085978 0.654261668001213
148.358266622519 0.664094314280152
148.3857449141 0.674233577794997
148.41336499752 0.684676547477607
148.44112876439 0.695419925314735
148.469037964482 0.706460009981295
148.49709420874 0.717792681021183
148.525298971971 0.729413383610061
148.553653595192 0.741317113938784
148.582159287632 0.753498405260745
148.6108171284 0.765951314651269
148.639628067817 0.778669410532181
148.668592928423 0.791645761019778
148.697712405678 0.804872923159573
148.726987068363 0.818342933116283
148.75641735871 0.832047297392482
148.786003592275 0.845976985154107
148.81574595759 0.860122421745439
148.84564451561 0.874473483480218
148.875699198991 0.889019493799018
148.905909811236 0.903749220885908
148.936276025734 0.918650876839414
148.966797384742 0.933712118494033
148.997473298341 0.948920049988583
149.028303043411 0.964261227176641
149.059285762665 0.979721663971903
149.090420463795 0.99528684071746
149.121706018764 1.01094171466259
149.153141163292 1.0266707326236
149.184724496596 1.04245784589653
149.216454481396 1.05828652747881
149.248329444272 1.07413979164487
149.280347576373 1.09000021590632
149.312506934545 1.10584996537153
149.344805442894 1.12167081950227
149.377240894828 1.13744420124567
149.409810955593 1.15315120850022
149.442513165326 1.16877264785296
149.47534494264 1.18428907050343
149.508303588743 1.19968081026788
149.541386292093 1.21492802353497
149.574590133581 1.23001073102273
149.607912092214 1.24490886116569
149.641349051293 1.25960229494174
149.674897805024 1.27407091193051
149.708555065546 1.28829463737962
149.742317470317 1.30225349004216
149.776181589789 1.31592763053854
149.810143935332 1.32929740998897
149.844200967322 1.3423434186593
149.878349103322 1.35504653436251
149.912584726288 1.36738797036184
149.946904192711 1.37934932252818
149.981303840624 1.39091261551446
150.015779997387 1.40206034772313
150.050328987183 1.41277553485886
150.084947138142 1.42304175187698
150.11963078902 1.4328431731586
150.154376295386 1.44216461076547
150.189180035233 1.45099155065044
150.224038413982 1.45931018672283
150.258947868831 1.46710745269161
150.293904872402 1.47437105163177
150.32890593568 1.48108948324159
150.363947610209 1.48725206877835
150.399026489548 1.49284897367912
150.434139209992 1.49787122788933
150.469282450551 1.50231074393597
150.504452932231 1.5061603327939
150.539647416623 1.50941371760231
150.574862703853 1.5120655452948
150.610095629926 1.51411139620966
150.645343063514 1.51554779174817
150.680601902249 1.51637220014694
150.715869068579 1.51658304042669
150.751141505252 1.51617968457412
150.786416170499 1.51516245800611
150.821690032985 1.51353263835674
150.856960066607 1.51129245261782
150.892223245209 1.50844507265313
150.927476537305 1.50499460909572
150.962716900863 1.50094610362707
150.99794127825 1.49630551962633
151.033146591404 1.49107973116844
151.068329737297 1.48527651034152
151.103487583777 1.47890451284679
151.138616965841 1.47197326183899
151.17371468241 1.46449312996198
151.208777493654 1.45647531953305
151.243802118929 1.44793184083074
151.278785235369 1.43887548844456
151.313723477159 1.42931981565158
151.348613435542 1.41927910679359
151.383451659559 1.40876834763992
151.418234657553 1.39780319373516
151.452958899429 1.3863999367468
151.487620819679 1.37457546884619
151.522216821144 1.3623472451758
151.556743279499 1.34973324447706
151.591196548424 1.33675192797477
151.625572965423 1.32342219663689
151.659868858237 1.30976334695026
151.694080551792 1.29579502537525
151.728204375631 1.2815371816622
151.762236671737 1.26701002123224
151.796173802687 1.25223395684134
151.83001216006 1.23722955976131
151.863748173001 1.22201751072256
151.897378316874 1.20661855087186
151.93089912192 1.19105343300296
151.964307181823 1.17534287331913
151.997599162133 1.15950750398426
152.030771808449 1.14356782671287
152.063821954302 1.12754416763998
152.096746528685 1.11145663369893
152.129542563162 1.09532507071944
152.162207198517 1.07916902344002
152.194737690907 1.06300769760802
152.22713141748 1.04685992431895
152.259385881456 1.03074412672279
152.291498716639 1.01467828920123
152.323467691372 0.998679929095173
152.355290711938 0.982766071037914
152.386965825421 0.966953223925497
152.41849122204 0.951257360533621
152.449865237 0.93569389976896
152.48108635188 0.92027769152335
152.5121531956 0.905023004081474
152.543064545015 0.889943514016963
152.573819325173 0.875052298498149
152.604416609295 0.86036182991316
152.634855618517 0.845883972714695
152.665135721454 0.831629982377456
152.695256433633 0.817610506355962
152.725217416843 0.803835586926978
152.755018478456 0.790314665799185
152.784659570769 0.777056590372559
152.814140790405 0.764069621531286
152.843462377822 0.751361442856577
152.872624716972 0.738939171149365
152.901628335146 0.726809368157378
152.93047390304 0.714978053406285
152.959162235066 0.703450718040364
152.987694289954 0.692232339584334
153.016071171637 0.681327397544375
153.044294130476 0.670739889772918
153.072364564797 0.660473349528313
153.100284022786 0.650530863166919
153.128054204718 0.640915088411332
153.155676965529 0.631628273144367
153.183154317723 0.622672274683838
153.210488434587 0.614048579498108
153.237681653701 0.605758323326675
153.2647364807 0.597802311673605
153.291655593252 0.590181040644364
153.318441845192 0.582894718098317
153.345098270753 0.575943285089838
153.371628088812 0.569326437570406
153.398034707065 0.563043648322133
153.424321726033 0.557094189089769
153.450492942761 0.551477152873214
153.476552354113 0.546191476335856
153.502504159494 0.541235962275591
153.528352762857 0.53660930209516
153.554102773831 0.53231009819652
153.579759007806 0.528336886210566
153.605326484794 0.524688156958846
153.630810426918 0.52136237802845
153.656216254351 0.518358014825531
153.681549579581 0.515673550957629
153.706816199877 0.513307507780957
153.732022087871 0.511258462937032
153.757173380208 0.509525067694372
153.78227636426 0.508106062906588
153.807337462962 0.507000293398716
153.832363217853 0.506206720600004
153.857360270492 0.505724433253805
153.882335342458 0.505552656053997
153.907295214187 0.505690756082073
153.932246702941 0.506138246949037
153.957196640255 0.506894790580475
153.982151849189 0.507960196620211
154.007119121762 0.509334419466224
154.032105196902 0.5110175529903
154.057116739244 0.513009823028543
154.082160319076 0.515311577761901
154.107242393686 0.51792327613307
154.132369290319 0.520845474467609
154.1575471909 0.524078811482441
154.182782118623 0.527623991874006
154.208079926466 0.531481768681388
154.233446287618 0.535652924617508
154.258886687793 0.540138252554481
154.284406419341 0.544938535338652
154.310010577049 0.55005452509741
154.335704055501 0.555486922184734
154.361491547851 0.561236353896266
154.387377545839 0.567303353068485
154.413366340901 0.573688336660718
154.439462026206 0.580391584403861
154.465668499458 0.587413217586183
154.491989466321 0.594753178034547
154.518428444324 0.602411207339085
154.544988767116 0.610386826360726
154.571673588958 0.618679315054076
154.59848588935 0.627287692632757
154.625428477701 0.636210698100547
154.65250399795 0.645446771169132
154.679714933099 0.654994033582072
154.707063609566 0.66485027086441
154.734552201343 0.675012914518183
154.76218273389 0.685479024685716
154.789957087757 0.696245273304939
154.817877001901 0.707307927783987
154.84594407668 0.718662835225794
154.874159776512 0.730305407237412
154.902525432196 0.742230605363052
154.931042242891 0.754432927184508
154.959711277758 0.766906393137436
154.988533477264 0.779644534097032
155.017509654169 0.792640379791685
155.0466404942 0.805886448108405
155.07592655643 0.819374735358838
155.105368273393 0.833096707579681
155.134965950934 0.847043292946018
155.164719767846 0.861204875380529
155.194629775303 0.875571289445497
155.224695896127 0.890131816607999
155.254917923923 0.904875182971452
155.285295522115 0.919789558568695
155.315828222924 0.934862558312852
155.346515426319 0.950081244702248
155.377356399003 0.965432132374483
155.408350273448 0.980901194602249
155.439496047051 0.996473871819533
155.470792581442 1.01213508226132
155.502238601988 1.02786923479274
155.533832697543 1.04366024399466
155.565573320493 1.05949154756211
155.597458787126 1.07534612605923
155.629487278377 1.09120652506054
155.661656840988 1.10705487969194
155.693965389106 1.12287294156755
155.726410706358 1.13864210809958
155.75899044843 1.15434345413797
155.791702146156 1.16995776587551
155.824543209147 1.18546557693241
155.857510929946 1.20084720651195
155.890602488729 1.21608279949698
155.923814958521 1.23115236833528
155.957145310919 1.24603583654134
155.990590422304 1.26071308362251
156.024147080485 1.27516399122029
156.057811991756 1.28936849024191
156.091581788304 1.3033066087447
156.125453035906 1.31695852032579
156.159422241869 1.33030459276308
156.193485863121 1.34332543664995
156.227640314404 1.35600195376633
156.261881976474 1.36831538493231
156.296207204234 1.38024735709773
156.330612334728 1.39177992943141
156.365093694908 1.40289563818717
156.399647609101 1.41357754014006
156.4342704061 1.42380925440494
156.468958425817 1.43357500246989
156.503708025413 1.44285964629925
156.538515584879 1.45164872438389
156.573377511985 1.45992848563984
156.608290246575 1.46768592107993
156.643250264165 1.47490879320551
156.678254078823 1.4815856630875
156.713298245313 1.48770591512594
156.748379360493 1.49325977949584
156.783494063977 1.49823835230317
156.818639038064 1.50263361348905
156.853811006965 1.50643844253098
156.889006735341 1.50964663199907
156.924223026209 1.51225289903087
156.959456718235 1.51425289479162
156.994704682493 1.51564321198765
157.029963818715 1.51642139049884
157.06523105112 1.51658592119204
157.07963267949 1.5164764989565
