0 1
0.0353601742296502 0.982319912885175
0.069027515613254 0.965506786215327
0.101618421657864 0.949268468469013
0.133496378415696 0.933437515095971
0.164880093687846 0.917918096644034
0.19590279119734 0.902656675312072
0.226646194690843 0.887625092381555
0.257160604756445 0.872810522530326
0.287477001522761 0.858209390756537
0.317614437381341 0.843823643536217
0.347584591443998 0.829658446053503
0.377394590946707 0.815720754180829
0.407048765385746 0.802018427324927
0.436549739811755 0.788559677396269
0.465899117531925 0.775352727370282
0.495097907164893 0.762405600876121
0.524146790323779 0.749725993899482
0.553046289883623 0.737321198100121
0.581796876225286 0.7251980567104
0.610399034797421 0.713362941129715
0.63885330957635 0.70182174078851
0.667160331534701 0.690579861636954
0.695320837813849 0.67964223034771
0.723335685160532 0.669013302403417
0.751205859853321 0.658697072913278
0.778932485509338 0.648697089423009
0.806516829638235 0.639016466244113
0.833960309481626 0.629657899991732
0.861264497468654 0.620623686122371
0.888431126486308 0.611915736326725
0.91546209507783 0.603535596672977
0.942359472626073 0.595484466421231
0.969125504539802 0.587763217445508
0.995762617432574 0.580372414209493
1.02227342426169 0.573312334247738
1.04866072937598 0.566582989106707
1.07492753340444 0.560184145700352
1.10107703790159 0.554115348033293
1.12711264965046 0.548375939241241
1.15303798450879 0.542965083893097
1.17885687067011 0.537881790492191
1.20457335119832 0.533124934105381
1.23019168568315 0.528693279038251
1.25571635085526 0.52458550146254
1.28115203999486 0.520800211888404
1.30650366096748 0.517335977359505
1.33177633272547 0.514191343233639
1.356975380126 0.51136485439644
1.38210632693552 0.508855075741167
1.40717488691746 0.506660611734859
1.43218695293528 0.504780124880978
1.4571485840451 0.503212352882271
1.48206599060101 0.501956124305768
1.50694551744984 0.501010372555624
1.53179362534814 0.500374147969345
1.55661687079024 0.50004662786924
1.58142188448913 0.500027124423644
1.60621534879871 0.500315090200951
1.63100397440382 0.500910121333041
1.65579447663097 0.501811958241906
1.68059355174616 0.503020483922603
1.70540785360586 0.50453571981543
1.73024397101292 0.506357819338621
1.7551084061024 0.508487059188238
1.78000755404449 0.510923828542891
1.8049476843051 0.513668616336382
1.82993492365285 0.516721996780637
1.85497524104631 0.520084613334076
1.88007443448054 0.52375716131706
1.90523811981981 0.527740369376625
1.93047172159599 0.532034979998158
1.95578046571034 0.536641729252868
1.98116937394243 0.541561325957818
2.0066432601429 0.546794430410979
2.03220672796717 0.552341632848115
2.05786416999509 0.5582034317522
2.08361976807505 0.564380212130185
2.10947749473044 0.570872223856879
2.13544111547024 0.577679560171815
2.16151419185235 0.584802136402625
2.18770008515855 0.592239668977688
2.21400196055126 0.599991654781824
2.24042279159479 0.608057350901414
2.26696536503721 0.616435754799578
2.29363228576139 0.625125584957724
2.32042598182676 0.63412526201679
2.34734870953499 0.643432890449618
2.37440255846384 0.65304624079504
2.40158945642328 0.662962732484126
2.42891117429742 0.673179417289643
2.45636933074317 0.683692963430826
2.48396539672396 0.694499640366979
2.51170069986269 0.705595304315156
2.53957642860325 0.716975384528971
2.56759363617442 0.728634870377542
2.59575324435333 0.74056829926542
2.62405604702898 0.752769745436213
2.65250271356858 0.765232809704251
2.68109379199145 0.777950610160158
2.70982971195679 0.790915773897422
2.73871078757286 0.804120429808097
2.76773722003585 0.817556202496406
2.7969091001076 0.831214207359464
2.82622641044146 0.845085046884317
2.85568902776616 0.859158808210199
2.88529672493732 0.873425062004203
2.91504917286654 0.887872862697455
2.94494594233777 0.902490750127392
2.9749865057205 0.917266752629852
3.00517023858906 0.932188391622325
3.03549642125728 0.947242687717027
3.06596424023707 0.962416168399249
3.09657278962962 0.977694877302891
3.12732107245722 0.993064385111057
3.15820800194359 1.00850980210524
3.18923240275015 1.02401579238173
3.22039301217544 1.0395665897488
3.25168848132436 1.05514601531261
3.28311737625384 1.07073749675369
3.3146781791009 1.08632408928996
3.34636928919905 1.10188849831537
3.37818902418839 1.11741310369641
3.41013562112469 1.13287998570187
3.44220723759227 1.14827095253357
3.47440195282518 1.16356756941863
3.50671776884113 1.17875118921576
3.53915261159201 1.19380298448072
3.5717043321349 1.20870398092797
3.60437070782683 1.2234350922178
3.63714944354668 1.23797715599039
3.67003817294706 1.25231097106061
3.70303445973888 1.26641733567964
3.73613579901113 1.28027708676228
3.76933961858795 1.29387113997145
3.80264328042511 1.30718053054472
3.83604408204754 1.32018645474115
3.86953925802945 1.33287031178058
3.9031259815184 1.34521374614191
3.93680136580428 1.35719869008188
3.97056246593417 1.36880740623117
4.00440628037363 1.38002253012074
4.03832975271499 1.39082711248809
4.07232977343268 1.40120466121057
4.10640318168592 1.41113918271073
4.14054676716827 1.42061522267799
4.17475727200404 1.42961790595035
4.20903139269081 1.43813297540038
4.24336578208733 1.44614682967127
4.27775705144614 1.45364655961062
4.3122017724896 1.46061998325302
4.34669647952821 1.46705567920602
4.38123767161993 1.47294301829921
4.41582181476878 1.47827219336127
4.45044534416126 1.48303424699667
4.48510466643856 1.48722109724052
4.51979616200282 1.49082556097814
4.55451618735522 1.49384137502454
4.58926107746383 1.49626321476834
4.62402714815883 1.49808671029432
4.65881069855287 1.49930845990966
4.69360801348391 1.49992604100953
4.72841536597814 1.49993801822926
4.76322901973035 1.49934394884215
4.79804523159894 1.49814438537376
4.83286025411305 1.49634087541612
4.86767033798888 1.49393595863739
4.90247173465248 1.49093316099522
4.9372606987662 1.48733698617425
4.97203349075599 1.48315290428073
5.00678637933669 1.47838733783921
5.04151564403261 1.4730476451482
5.07621757769048 1.46714210106336
5.11088848898223 1.46067987528765
5.14552470489473 1.45367100825882
5.18012257320403 1.44612638473453
5.21467846493136 1.43805770518497
5.24918877677861 1.4294774551117
5.28364993354073 1.42039887241958
5.31805839049293 1.41083591297592
5.35241063575034 1.40080321449774
5.38670319259822 1.39031605891364
5.4209326217907 1.37939033335172
5.45509552381633 1.368042489909
5.48918854112882 1.35628950436105
5.52320836034142 1.34414883397258
5.55715171438375 1.33163837457124
5.59101538461987 1.31877641704752
5.62479620292666 1.30558160344288
5.65849105373187 1.29207288278737
5.69209687601116 1.27826946684596
5.72561066524386 1.26419078592961
5.75902947532736 1.24985644492416
5.79235042045024 1.23528617968524
5.82557067692442 1.22049981394296
5.85868748497699 1.20551721685436
5.89169815050257 1.19035826133551
5.92460004677715 1.17504278329873
5.95739061613499 1.15959054191318
5.99006737160999 1.14402118099978
6.02262789854351 1.12835419166359
6.05506985616094 1.11260887625881
6.08739097911926 1.09680431377331
6.11958907902856 1.08095932671123
6.15166204595059 1.0650924495437
6.18360784987763 1.04922189878931
6.21542454219549 1.03336554477725
6.24711025713478 1.01754088513793
6.27866321321464 1.00176502005735
6.31008171468389 0.986054629323433
6.34136415296464 0.970425951184548
6.37250900810377 0.954894763032983
6.40351485023825 0.939476363918436
6.43438034108044 0.924185558889762
6.46510423543005 0.909036645156403
6.49568538271965 0.894043400054598
6.52612272860136 0.879219070797581
6.5564153165822 0.864576365983406
6.58656228971648 0.850127448829029
6.61656289236378 0.83588393209461
6.6464164720212 0.821856874657863
6.67612248123943 0.808056779694604
6.7056804796319 0.794493594418379
6.73509013598696 0.781176711329358
6.76435123049306 0.76811497092036
6.79346365708699 0.755316665786053
6.8224274259354 0.742789546080018
6.85124266605966 0.730540826263405
6.87990962811383 0.718577193088406
6.90842868732523 0.706904814759679
6.93680034660635 0.695529351217087
6.965025239846 0.684455965483791
6.99310413538639 0.673689336024644
7.02103793969115 0.663233670061099
7.04882770120754 0.653092717790312
7.07647461442309 0.643269787457799
7.10398002411433 0.63376776123482
7.13134542978103 0.624589111853564
7.15857249025507 0.615735919955076
7.18566302846744 0.607209892106668
7.21261903635065 0.599012379447165
7.23944267984644 0.591144396919615
7.26613630398013 0.583606643051983
7.29270243795357 0.57639952024659
7.31914380019782 0.569523155538678
7.34546330331521 0.562977421783072
7.37166405882761 0.556761959225584
7.39774938163471 0.550876197412093
7.42372279407209 0.545319377383266
7.44958802944556 0.540090574096294
7.47534903490493 0.535188719006829
7.50100997350878 0.530612622734474
7.52657522532204 0.526360997723669
7.55204938738179 0.522432480798837
7.57743727236413 0.518825655498447
7.60274390578761 0.515539074057587
7.62797452159788 0.512571278893298
7.65313455599359 0.509920823432007
7.67822963937776 0.507586292104751
7.70326558634983 0.505566319324435
7.72824838369301 0.503859607251174
7.75318417635759 0.502464942147828
7.77807925149277 0.501381209129003
7.8029400206344 0.500607405113904
7.82777300021313 0.500142649806832
7.85258479060143 0.499986194548993
7.87738205396831 0.500137428911298
7.90217149125263 0.500595884929289
7.92695981859754 0.501361238917052
7.95175374360829 0.502433310835598
7.97655994180121 0.503812061231
8.00138503360377 0.505497585796746
8.02623556224413 0.50749010765174
8.05111797283527 0.509789967458429
8.07603859291606 0.51239761153356
8.1010036146614 0.515313578126158
8.12601907892008 0.518538482052982
8.1510908611833 0.522072997890983
8.1762246595339 0.525917841929402
8.20142598457569 0.530073753081765
8.22670015129879 0.534541472951024
8.25205227279867 0.539321725230304
8.27748725573673 0.54441519460832
8.30300979740735 0.549822505333307
8.32862438426105 0.555544199573371
8.35433529172425 0.561580715695042
8.38014658515332 0.567932366566382
8.40606212176246 0.574599317976505
8.4320855533705 0.581581567250327
8.45822032982087 0.588878922125895
8.48446970293945 0.596490979951835
8.51083673090763 0.604417107254393
8.53732428294045 0.612656419717049
8.56393504417302 0.621207762610776
8.59067152067108 0.630069691709432
8.6175360444937 0.639240454722426
8.64453077874762 0.648717973275506
8.67165772258317 0.658499825470078
8.6989187160911 0.66858322905178
8.72631544506811 0.678965025219855
8.75384944562635 0.689641663110196
8.7815221086284 0.700609184986498
8.80933468393507 0.711863212175744
8.83728828445774 0.723398931786175
8.86538389001109 0.735211084247742
8.89362235096544 0.747293951716963
8.92200439170028 0.759641347389805
8.95053061386308 0.772246605767798
8.97920149943903 0.785102573923971
9.00801741363858 0.798201603816292
9.03697860761106 0.811535545697153
9.06608522099284 0.825095742667936
9.09533728429959 0.838873026427928
9.12473472117202 0.852857714266648
9.15427735048502 0.867039607348149
9.18396488832998 0.881407990334919
9.21379694988007 0.895951632397699
9.24377305114804 0.910658789655817
9.2738926106462 0.925517209090483
9.30415495095747 0.940514133970968
9.33455930022673 0.955636310830592
9.36510479358089 0.970869998026056
9.39579047448606 0.986200975909855
9.42661529604976 1.00161455864128
9.45757812227584 1.01709560765687
9.48867772927933 1.03262854681621
9.51991280646822 1.04819737923349
9.55128195769874 1.06378570579955
9.5827837024104 1.07937674539294
9.61441647674685 1.09495335677225
9.64617863466795 1.11049806213497
9.67806844905867 1.12599307232149
9.71008411283947 1.14142031363518
9.74222374008324 1.15676145624264
9.77448536714288 1.17199794410986
9.80686695379386 1.18711102642311
9.83936638439551 1.20208179043485
9.87198146907474 1.21689119566769
9.90470994493529 1.23152010940115
9.93754947729583 1.24594934335858
9.97049766095954 1.26015969150362
10.0035520215178 1.27413196884834
10.0367100166901 1.28784705116779
10.0699690377029 1.30128591550878
10.1033264107085 1.31442968137402
10.1367793982454 1.32725965245646
10.1703252007433 1.33975735879276
10.2039609580712 1.35190459919978
10.2376837511319 1.3636834838526
10.2714906035021 1.37507647685904
10.3053784831201 1.38606643868146
10.3393443040193 1.39663666825414
10.3733849281104 1.40677094464203
10.4074971670093 1.41645356808551
10.441677783913 1.42566940027489
10.4759234955214 1.43440390369867
10.5102309740045 1.44264317991045
10.5445968490159 1.4503740065614
10.5790177097487 1.4575838730475
10.6134901070354 1.46426101462475
10.6480105554887 1.47039444484937
10.6825755356831 1.47597398620575
10.7171814963739 1.48099029879056
10.7518248567541 1.48543490692836
10.7865020087452 1.48930022360161
10.8212093193214 1.49257957258651
10.8559431328644 1.49526720819463
10.8906997735463 1.49735833253043
10.9254755477389 1.49884911018473
10.960266746447 1.4997366802949
10.9950696477623 1.50001916591395
11.029880519336 1.49969568064214
11.064695620868 1.49876633248673
11.0995112066083 1.49723222492764
11.1343235278697 1.49509545517912
11.1691288355476 1.49235910965002
11.2039233826455 1.48902725661773
11.2387034268017 1.48510493614302
11.2734652328161 1.48059814726559
11.3082050751724 1.47551383253178
11.3429192405556 1.46985985991803
11.3776040303586 1.46364500222441
11.4122557631786 1.45687891402414
11.4468707772981 1.44957210626471
11.4814454331495 1.44173591862646
11.5159761157595 1.43338248975338
11.5504592371722 1.42452472547948
11.5848912388478 1.41517626518172
11.6192685940345 1.40535144639737
11.6535878101121 1.39506526785002
11.6878454309046 1.38433335103349
11.7220380389611 1.37317190050744
11.7561622578018 1.36159766306198
11.7902147541288 1.34962788591127
11.8241922399997 1.33728027407782
11.858091474963 1.32457294713007
11.891909268154 1.31152439543595
11.9256424803512 1.29815343609411
11.9592880259913 1.284479168703
11.9928428751432 1.27052093112538
12.0263040554412 1.25629825540282
12.0596686539759 1.24183082397047
12.0929338191447 1.22713842631802
12.1260967624616 1.21224091623755
12.1591547603266 1.19715816979272
12.1921051557569 1.18191004413797
12.2249453600795 1.16651633730895
12.2576728545885 1.15099674909878
12.2902851921676 1.13537084312641
12.3227799988797 1.11965801019614
12.3551549755276 1.10387743303882
12.3874078991862 1.08804805251689
12.4195366247111 1.07218853536734
12.4515390862256 1.05631724354776
12.4834132985901 1.04045220524241
12.515157358858 1.02461108757679
12.5467694477224 1.00881117108049
12.5782478309572 0.993069325930525
12.6095908608591 0.977401989998523
12.6407969776946 0.961825148718139
12.6718647111584 0.946354316780947
12.7027926818489 0.931004521662176
12.7335796027669 0.915790288970681
12.7642242808455 0.900725629611029
12.7947256185168 0.88582402873948
12.8250826153252 0.871098436489963
12.855294369592 0.856561260440844
12.8853600801437 0.842224359788477
12.9152790481094 0.828099041189183
12.9450506787981 0.814196056227365
12.974674483665 0.800525600464067
13.0041500823759 0.787097314017309
13.0334772049807 0.773920283623034
13.0626556942053 0.761003046123491
13.0916855078715 0.748353593328278
13.1205667214572 0.735979378192165
13.1492995308038 0.723887322253091
13.1778842549831 0.712083824273471
13.2063213393311 0.700574770028023
13.2346113586583 0.689365543181819
13.2627550206424 0.678461037203068
13.2907531694103 0.667865668256242
13.3186067893131 0.657583389022551
13.3463170088957 0.647617703396352
13.3738851050603 0.637971682007855
13.4013125074181 0.628647978524336
13.428600802822 0.619648846683979
13.4557517400654 0.610976158018307
13.4827672347268 0.60263142022087
13.509649374135 0.594615796121285
13.5364004224191 0.586930123224835
13.5630228255996 0.579574933778352
13.5895192166675 0.572550475323059
13.6158924205856 0.565856731694077
13.642145459135 0.559493444424464
13.668281555516 0.553460134508525
13.6943041386007 0.547756124474794
13.7202168467182 0.542380560713201
13.7460235308423 0.537332435993504
13.7717282570384 0.532610612102961
13.7973353080147 0.528213842520414
13.822849183616 0.524140795031689
13.8482746000937 0.520390074177425
13.8736164879853 0.516960243409781
13.8988799884428 0.513849846819133
13.9240704478633 0.511057430276678
13.9491934106929 0.508581561824546
13.9742546103048 0.506420851132448
13.9992599578884 0.504573967830115
14.0242155293269 0.503039658518828
14.0491275500941 0.50181676226407
14.0740023782511 0.50090422437577
14.0988464856834 0.500301108293083
14.1236664377717 0.500006605407704
14.1484688717451 0.500020042682995
14.1732604740079 0.50034088795537
14.1980479567716 0.500968752838323
14.2228380343462 0.501903393187044
14.2476373994576 0.503144707121029
14.2724526999575 0.50469273064177
14.2972905162739 0.506547630920804
14.3221573399248 0.508709697368334
14.3470595533772 0.511179330623071
14.3720034114859 0.513957029628769
14.3969950246968 0.517043376981503
14.4220403441413 0.520439022743838
14.4471451486948 0.524144666927851
14.4723150340223 0.528161040848998
14.4975554035847 0.532488887547684
14.5228714615396 0.537128941466264
14.5482682074373 0.542081907556784
14.5737504325864 0.547348439980299
14.5993227179443 0.552929120542838
14.6249894333759 0.558824436997002
14.6507547381203 0.565034761322348
14.676622582302 0.571560328082737
14.7025967093298 0.578401212945143
14.7286806590328 0.585557311432164
14.7548777713936 0.593028317969987
14.7811911907496 0.600813705284652
14.8076238703481 0.608912704192328
14.8341785771502 0.617324283823669
14.8608578967957 0.626047132318187
14.8876642386508 0.635079638021681
14.9145998408733 0.644419871218034
14.9416667754399 0.654065566425876
14.9688669530926 0.664014105290609
14.9962021281662 0.674262500102904
15.0236739032706 0.684807377975908
15.051283733806 0.695644965714839
15.0790329322955 0.706771075414405
15.1069226725263 0.718181090821276
15.134953993492 0.729869954500825
15.1631278031344 0.741832155849172
15.1914448818861 0.754061719993414
15.2199058860157 0.766552197624567
15.2485113507817 0.779296655809197
15.2772616934005 0.792287669826974
15.3061572158367 0.805517316082336
15.3351981074249 0.818977166139114
15.36438444733 0.832658281927325
15.3937162068573 0.846551212171326
15.4231932516222 0.860645990088159
15.4528153435875 0.874932132404189
15.4825821429802 0.889398639736983
15.5124932100959 0.904033998387839
15.5425480070018 0.918826183588444
15.5727458991461 0.933762664242756
15.603086156884 0.948830409202431
15.6335679569288 0.964015895110911
15.6641903837356 0.979305115847655
15.6949524308279 0.994683593599982
15.7258530020721 1.01013639158552
15.7568909129096 1.0256481284434
15.7880648915523 1.0412029943072
15.8193735801491 1.05678476856686
15.8508155359291 1.07237683932103
15.8823892323279 1.08796222451481
15.9140930601028 1.10352359475157
15.9459253284425 1.11904329776013
15.9778842660763 1.13450338449211
16.0099680223869 1.14988563681629
16.042174668533 1.16517159676972
16.0745021985846 1.18034259731744
16.1069485306748 1.1953797945649
16.1395115081736 1.21026420135953
16.1721889008847 1.2249767222097
16.2049784062701 1.23949818944199
16.2378776507057 1.25380940050949
16.2708841907687 1.26789115635671
16.303995514561 1.281724300739
16.3372090430706 1.29528976038743
16.3705221315714 1.30856858590318
16.4039320710654 1.32154199325916
16.437436089767 1.33419140578023
16.4710313546315 1.34649849646834
16.5047149729287 1.35844523053325
16.5384839938621 1.37001390798545
16.5723354102353 1.38118720614379
16.6062661601647 1.3919482219072
16.6402731288395 1.4022805136374
16.6743531503293 1.41216814249748
16.708503009438 1.42159571309062
16.7427194436052 1.4305484132426
16.7769991448529 1.43901205277254
16.8113387617782 1.44697310109782
16.84573490159 1.45441872352117
16.8801841321892 1.46133681605138
16.9146829842916 1.46771603861263
16.9492279535904 1.4735458465028
16.9838155029592 1.47881651996619
17.0184420646916 1.48351919175314
17.0531040427769 1.48764587254573
17.0877978152097 1.49118947413713
17.1225197363305 1.49414383026073
17.1572661391965 1.49650371497435
17.1920333379795 1.49826485851528
17.226817630388 1.49942396055179
17.2616153001121 1.49997870076835
17.2964226192884 1.49992774673282
17.3312358509812 1.49927075900587
17.3660512516791 1.49800839346495
17.4008650738027 1.49614230082724
17.4356735682215 1.49367512336872
17.4704729867767 1.49061048884859
17.505259584808 1.48695300166106
17.5400296236803 1.48270823124847
17.5747793733083 1.47788269782215
17.6095051146762 1.47248385544913
17.6442031423494 1.46652007257411
17.6788697669759 1.46000061005777
17.7135013177742 1.45293559682235
17.7480941450053 1.44533600320613
17.7826446224267 1.43721361213745
17.8171491497251 1.42858098824798
17.8516041549262 1.4194514450527
17.8860060967788 1.40983901033169
17.9203514671109 1.39975838985497
17.9546367931572 1.38922492959766
17.9888586398535 1.37825457659711
18.0230136120987 1.36686383860802
18.0570983569819 1.35506974271438
18.0911095659721 1.34288979305912
18.1250439770712 1.33034192785399
18.1588983769277 1.31744447583224
18.1926696029107 1.30421611230645
18.2263545451431 1.29067581499233
18.2599501484949 1.27684281975749
18.2934534145336 1.26273657645107
18.3268614034346 1.24837670496651
18.3601712358499 1.23378295168554
18.3933800947351 1.21897514644631
18.4264852271378 1.20397316017316
18.459483945945 1.18879686329924
18.4923736315933 1.17346608510674
18.5251517337414 1.15800057410207
18.5578157729079 1.14241995953642
18.5903633420754 1.12674371417375
18.6227921082642 1.11099111840068
18.6550998140761 1.09518122576419
18.6872842792135 1.07933283001499
18.7193434019757 1.0634644337255
18.7512751607355 1.04759421854329
18.7830776154004 1.03174001713216
18.8147489088631 1.01591928684447
18.846287268444 1.00014908516046
18.8776910073324 0.9844460469218
18.9089585260303 0.968826363378801
18.9400883138048 0.953305763063278
18.9710789501547 0.937899494491396
19.0019291062986 0.922622310694035
19.0326375466887 0.907488455565413
19.0632031305609 0.892511652014461
19.093624813525 0.877705091897544
19.1239016492059 0.86308142770566
19.1540327909417 0.848652765974226
19.1840174935483 0.83443066237899
19.21385511516 0.820426118477491
19.2435451191543 0.80664958005186
19.2730870761702 0.793110937005565
19.3024806662321 0.779819524764014
19.3317256809859 0.766784127126697
19.3608220260606 0.754012980516734
19.3897697235636 0.741513779572428
19.4185689147202 0.729293684024467
19.4472198626678 0.717359326801993
19.4757229554129 0.705716823310673
19.5040787089609 0.6943717818262
19.5322877706253 0.683329314947354
19.5603509225244 0.672594052053679
19.5882690852679 0.662170152714153
19.6160433218396 0.652061320994681
19.6436748416729 0.642270820613981
19.6711650049189 0.632801490899219
19.6985153268989 0.623655763494669
19.7257274827301 0.614835679778546
19.7528033121075 0.606342908944929
19.7797448242186 0.59817876670928
19.8065542027602 0.59034423459733
19.8332338110166 0.582839979777883
19.8597861969523 0.575666375400348
19.8862140982572 0.568823521397263
19.9125204472732 0.562311265710638
19.9387083757185 0.556129225898431
19.9647812191117 0.5502768110737
19.9907425207827 0.544753244123801
20.0165960353486 0.539557584150268
20.0423457315125 0.534688749061668
20.0679957940398 0.530145538241712
20.0935506247494 0.525926655203218
20.1190148423575 0.522030730125444
20.1443932810048 0.518456342157956
20.1696909873048 0.515202041359091
20.1949132157578 0.512266370121748
20.2200654223934 0.509647883924402
20.2451532565288 0.507345171231744
20.2701825505603 0.505356872358245
20.2951593077486 0.503681697100037
20.3200896880024 0.502318440937128
20.3449799917189 0.501265999609628
20.3698366417942 0.500523381879439
20.3946661639728 0.500089720302898
20.419475165762 0.499964279860381
20.4442703141826 0.500146464315488
20.4690583126713 0.500635820208336
20.4938458774805 0.501432038423637
20.5186397139382 0.502534953313
20.5434464929358 0.503944539390741
20.5682728280027 0.505660905661547
20.5931252533022 0.507684287674917
20.6180102028514 0.510015037433967
20.6429339912209 0.512653611313587
20.6679027959232 0.51560055616444
20.6929226416411 0.518856493794276
20.717999386394 0.52242210402668
20.7431387096886 0.526298106539882
20.7683461026452 0.530485241685408
20.7936268600551 0.534984250478845
20.8189860742813 0.539795853943972
20.8444286308871 0.544920731977823
20.8699592058583 0.550359501888955
20.8955822642643 0.556112696745171
20.9213020602004 0.562180743650908
20.9471226378478 0.568563942059084
20.9730478334915 0.575262442207901
20.9990812783418 0.582276223760169
21.025226402015 0.589605074711417
21.0514864365393 0.597248570623439
21.0778644207632 0.605206054232004
21.1043632050598 0.613476615471142
21.1309854562297 0.622059071951644
21.1577336625197 0.630951949927953
21.1846101386884 0.640153465785414
21.2116170310561 0.649661508078638
21.2387563224935 0.659473620151363
21.2660298373064 0.669586983368601
21.2934392459865 0.679998400992719
21.3209860698049 0.690704282736452
21.348671685228 0.701700630027454
21.3764973281466 0.712983022020803
21.404464097908 0.724546602397756
21.4325729611487 0.736386066990992
21.4608247554265 0.748495652278376
21.4892201926545 0.760869124789071
21.5177598623401 0.773499771467322
21.5464442346365 0.786380391040625
21.575273663212 0.799503286440052
21.6042483879464 0.812860258321336
21.6333685374635 0.826442599735786
21.6626341315074 0.84024109200028
21.6920450831746 0.85424600181538
21.7216012010092 0.868447079680036
21.7513021909735 0.8828335596504
21.7811476583015 0.897394160488898
21.8111371092465 0.912117088247978
21.8412699527314 0.926990040330734
21.8715455019115 0.942000211068047
21.901962975658 0.957134298848858
21.9325214999712 0.972378514836744
21.9632201093314 0.987718593302129
21.9940577479966 1.0031398035952
22.0250332712519 1.01862696377995
22.0561454466215 1.03416445594458
22.0873929550467 1.04973624319841
22.1187743920387 1.06532588835906
22.1502882688124 1.08091657432818
22.181933013405 1.09649112614706
22.2137069717882 1.11203203471685
22.2456084089762 1.12752148216125
22.2776355101365 1.14294136880196
22.3097863817076 1.15827334171008
22.3420590525277 1.17349882478864
22.3744514749785 1.18859905033422
22.4069615261484 1.20355509201719
22.4395870090187 1.21834789921287
22.4723256536749 1.2329583326076
22.505175118548 1.24736720099624
22.5381329916868 1.26155529917992
22.5711967920649 1.27550344686532
22.6043639709244 1.28919252845958
22.6376319131583 1.30260353364803
22.6709979387329 1.31571759863512
22.7044593041525 1.328516047923
22.7380132039686 1.34098043649606
22.7716567723318 1.35309259227472
22.8053870845909 1.36483465869682
22.8392011589374 1.37618913728092
22.8730959580973 1.38713893002224
22.9070683910694 1.39766738146912
22.9411153149114 1.40775832032578
22.9752335365727 1.41739610042582
23.0094198147742 1.42656564092028
23.0436708619345 1.43525246552424
23.077983346142 1.44344274066722
23.112353893171 1.45112331239418
23.1467790885431 1.45828174186705
23.1812554796301 1.46490633932009
23.2157795777992 1.47098619632677
23.2503478605973 1.4765112162414
23.2849567739742 1.48147214268457
23.3196027345425 1.48586058594851
23.3542821318712 1.48966904720612
23.3889913308131 1.49289094041571
23.4237266738617 1.49552061182267
23.4584844835371 1.49755335696888
23.4932610647973 1.49898543513116
23.5280527074728 1.4998140811204
23.562855688723 1.50003751438493
23.5976662755097 1.49965494537264
23.6324807270876 1.49866657911883
23.6672952975063 1.49707361603874
23.702106238124 1.49487824991596
23.7369098001276 1.49208366309071
23.7717022370575 1.488694018864
23.8064798073354 1.48471445114645
23.8412387767889 1.48015105139238
23.8759754211749 1.47501085287212
23.9106860286942 1.46930181234691
23.9453669024979 1.46303278922213
23.9800143631821 1.45621352226542
24.0146247512667 1.44885460398665
24.0491944296579 1.44096745278621
24.083719786091 1.43256428298738
24.1181972355504 1.42365807287687
24.1526232226654 1.41426253088513
24.1869942240794 1.40439206004511
24.2213067507904 1.394061720874
24.2555573504603 1.3832871928278
24.2897426096919 1.3720847344828
24.3238591562715 1.36047114260167
24.357903661376 1.34846371024416
24.3918728417425 1.33608018408441
24.4257634617993 1.32333872109737
24.4595723357584 1.31025784477695
24.4932963296672 1.29685640104752
24.526932363419 1.28315351402869
24.5604774127239 1.26916854181063
24.5939285110361 1.25492103239412
24.6272827514421 1.24043067994519
24.6605372885061 1.22571728150984
24.6936893400757 1.21080069432877
24.7267361890476 1.1957007938863
24.7596751850946 1.18043743282108
24.7925037463544 1.16503040081953
24.8252193610834 1.14949938560548
24.8578195892753 1.13386393513188
24.8903020642483 1.1181434210726
24.9226644942017 1.10235700370405
24.9549046637464 1.08652359825817
24.9870204354102 1.07066184281974
25.0190097511233 1.05479006783259
25.0508706336858 1.03892626727076
25.082601188222 1.02308807152205
25.1141996036265 1.00729272202339
25.1456641540045 0.991557047678931
25.1769932001144 0.975897443083883
25.2081851908147 0.960329848569443
25.239238664524 0.944869732076516
25.2701522506978 0.929532072858867
25.30092467133 0.914331347009419
25.3315547424854 0.899281514797032
25.3620413758709 0.884396009794927
25.3923835804518 0.869687729776356
25.4225804641234 0.855169029347819
25.4526312354444 0.840851714285398
25.4825352054411 0.826747037535439
25.5122917894931 0.812865696836961
25.5419005093078 0.799217833919793
25.571360994995 0.785813035229506
25.6006729872506 0.77266033412779
25.6298363396599 0.759768214514895
25.658851021131 0.747144615819285
25.687717118467 0.734796939298498
25.7164348390892 0.722732055594608
25.7450045139186 0.710956313487387
25.7734266004263 0.699475549788447
25.8017016858602 0.688295100320106
25.8298304906557 0.67741981192361
25.8578138720357 0.666854055442434
25.8856528278035 0.656601739627824
25.9133485003314 0.646666325915344
25.9409021807418 0.637050844022953
25.9683153132767 0.627757908323034
25.9955894998468 0.618789734942669
26.0227265047452 0.610148159548311
26.0497282595045 0.601834655772663
26.0765968678723 0.593850354243025
26.103334610867 0.586196062171363
26.1299439518704 0.578872283466896
26.1564275417035 0.571879239331809
26.1827882236161 0.565216889299711
26.2090290381153 0.558884952674444
26.2351532275387 0.55288293032367
26.2611642402682 0.547210126777145
26.2870657344658 0.541865672573594
26.3128615811982 0.536848546792465
26.3385558668062 0.532157599697622
26.3641528943647 0.527791575409075
26.3896571840682 0.523749134506385
26.4150734723778 0.520028876453564
26.4404067097616 0.516629361720459
26.4656620568701 0.513549133460317
26.4908448789995 0.510786738588038
26.5159607387189 0.508340748089455
26.5410153865631 0.506209776379596
26.5660147497325 0.50439249951847
26.5909649187823 0.502887672087303
26.6158721323351 0.501694142527451
26.6407427599057 0.500810866749139
26.6655832829807 0.500236919828326
26.6904002745536 0.499971505627586
26.7152003773673 0.500013964200821
26.7399902811609 0.500363776871227
26.7647766992533 0.501020568906333
26.7895663448206 0.501984109751706
26.814365907235 0.503254310824489
26.839182028829 0.504831220907566
26.864021282433 0.506715019223078
26.8888901500041 0.508906006298601
26.9137950026243 0.51140459276924
26.9387420820991 0.514211286283131
26.9637374843345 0.517326676695837
26.9887871446143 0.520751419750601
27.0138968248466 0.524486219446673
27.0390721027962 0.528531809297396
27.0643183632733 0.532888932674258
27.0896407912093 0.537558322423542
27.1150443665167 0.542540679929618
27.1405338606051 0.547836653784242
27.1661138344085 0.553446818205428
27.191788637766 0.559371651333354
27.2175624099938 0.565611513514968
27.2434390814883 0.572166625674139
27.2694223762008 0.579037047850602
27.2955158148367 0.586222657978861
27.3217227186383 0.593723130967879
27.3480462136255 0.60153791813366
27.374489235178 0.609666227029788
27.4010545328594 0.618107001715576
27.427744675393 0.626858903497385
27.4545620557139 0.635920292175957
27.4815088960335 0.645289207830927
27.5085872528612 0.654963353172993
27.5357990219408 0.664940076494232
27.5631459430658 0.675216355247786
27.5906296047469 0.685788780289228
27.6182514487108 0.696653540813467
27.6460127742149 0.707806410022757
27.6739147421701 0.719242731563239
27.7019583790642 0.730957406769372
27.7301445806852 0.74294488275748
27.7584741156445 0.755199141411442
27.7869476287047 0.767713689305173
27.8155656439144 0.780481548608036
27.8443285675602 0.793495249020464
27.8732366909404 0.806746820788093
27.9022901929704 0.820227788843264
27.9314891426293 0.833929168123132
27.9608335012558 0.847841460113545
27.9903231247048 0.86195465066747
28.0199577653731 0.876258209145968
28.0497370741048 0.890741088928537
28.0796606019859 0.905391729338077
28.1097278020376 0.920198059023742
28.139938030818 0.935147500842528
28.1702905499395 0.950226978277642
28.2007845275141 0.965422923428453
28.2314190395306 0.980721286603138
28.2621930711759 0.996107547541101
28.2931055181051 1.01156672828773
28.3241551876697 1.02708340773918
28.3553408001102 1.04264173786961
28.3866609897191 1.05822546164773
28.4181143059831 1.07381793264326
28.4496992147072 1.0894021363181
28.4814140991292 1.10496071298973
28.5132572610291 1.12047598244807
28.5452269218379 1.13592997019942
28.5773212237511 1.15130443530398
28.6095382308522 1.16658089976586
28.6418759302487 1.18174067942673
28.6743322332262 1.1967649163066
28.7069049764236 1.21163461232722
28.739591923032 1.22633066434595
28.7723907640225 1.24083390042007
28.8052991194034 1.25512511721368
28.8383145395116 1.26918511845203
28.8714345063387 1.28299475432055
28.9046564348953 1.29653496169895
28.9379776746155 1.30978680511377
28.9713955108016 1.32273151828655
29.0049071661129 1.33535054614859
29.0385098020977 1.3476255871879
29.0722005207709 1.3595386359889
29.1059763662377 1.3710720258208
29.1398343263634 1.38220847112716
29.1737713344906 1.39293110976556
29.2077842712032 1.40322354484409
29.2418699661382 1.41306988599968
29.2760251998435 1.42245478996221
29.3102467056834 1.43136350024819
29.3445311717894 1.43978188582869
29.3788752430562 1.44769647861748
29.413275523183 1.45509450962771
29.447728576757 1.46196394364894
29.4822309313792 1.46829351229995
29.5167790798316 1.47407274531808
29.5513694822824 1.47929199995134
29.585998568529 1.48394248832607
29.6206627402769 1.48801630267044
29.6553583734513 1.49150643828183
29.6900818205411 1.49440681413512
29.7248294129715 1.49671229103833
29.7595974635038 1.49841868725185
29.79438226866 1.4995227914984
29.8291801111687 1.50002237330161
29.8639872624318 1.49991619060268
29.8987999850069 1.49920399461657
29.9336145351042 1.49788653190098
29.9684271650956 1.49596554362382
30.0032341260315 1.49344376202735
30.0380316701642 1.49032490409942
30.0728160534741 1.48661366247489
30.1075835381961 1.48231569360239
30.1423303953438 1.47743760322381
30.1770529072284 1.4719869292257
30.2117473699688 1.46597212193323
30.2464100959921 1.45940252192831
30.2810374165196 1.45228833548422
30.3156256840369 1.44464060771896
30.3501712747463 1.43647119357881
30.3846705909966 1.42779272677265
30.4191200636907 1.41861858678513
30.4535161546669 1.40896286410435
30.4878553590526 1.39884032380593
30.5221342075875 1.38826636764105
30.5563492689164 1.37725699478072
30.5904971518465 1.36582876137231
30.6245745075715 1.35399873906755
30.6585780318578 1.3417844726831
30.6925044671936 1.32920393715604
30.7263506048985 1.31627549395707
30.7601132871941 1.30301784712339
30.7937894092332 1.28944999907227
30.8273759210884 1.2755912063537
30.8608698296994 1.26146093549789
30.8942682007791 1.24707881910953
30.9275681606779 1.23246461235631
30.9607668982076 1.21763814999431
30.993861666425 1.20261930406705
31.0268497843766 1.18742794240889
31.0597286388041 1.17208388807687
31.0924956858142 1.15660687982774
31.1251484525125 1.14101653374975
31.1576845386052 1.12533230615074
31.1901016179687 1.10957345779596
31.222397440192 1.09375901958113
31.2545698320925 1.07790775971748
31.2866166992103 1.06203815249713
31.3185360272834 1.04616834869891
31.3503258837073 1.03031614768581
31.3819844189838 1.01449897123728
31.4135098681639 0.998733839150956
31.444900552288 0.983037346640617
31.4761548798305 0.967425643549065
31.5072713481525 0.951914415387083
31.5382485449703 0.936518866202347
31.5690851498445 0.921253703275077
31.5997799356977 0.906133123630657
31.6303317703661 0.891170802353133
31.6607396181953 0.876379882677697
31.6910025416845 0.861772967834805
31.7211197031907 0.847362114613626
31.7510903666996 0.833158828607958
31.7809138996725 0.819174061103709
31.8105897749791 0.805418207563417
31.8401175729245 0.79190110766017
31.8694969833824 0.778632046810616
31.8987278080418 0.765619759154564
31.9278099627795 0.752872431926936
31.9567434801681 0.740397711166539
31.985528512128 0.728202708705286
32.014165332736 0.716294010381039
32.0426543411969 0.704677685417241
32.0709960649883 0.693359296912817
32.099191163187 0.682343913386542
32.1272404299808 0.671636121321067
32.155144798374 0.661240038653082
32.1829053440851 0.651159329157617
32.2105232896412 0.641397217676215
32.2380000086617 0.6319565061405
32.2653370303271 0.622839590344604
32.2925360440189 0.61404847742176
32.3195989041149 0.605584803982161
32.3465276349142 0.5974498548707
32.3733244356609 0.589644582504489
32.3999916856271 0.582169626750748
32.4265319492029 0.575025335305892
32.4529479809357 0.568211784535983
32.4792427304425 0.56172880073723
32.5054193471126 0.555575981772576
32.5314811845001 0.549752719036543
32.5574318042944 0.544258219695166
32.5832749797417 0.539091529141032
32.6090146983794 0.534251553594888
32.6346551639321 0.529737082775159
32.6602007972099 0.525546812544897
32.6856562358431 0.521679367432456
32.7110263326873 0.518133322907771
32.7363161527337 0.514907227280971
32.7615309683742 0.511999623074699
32.7866762528821 0.509409067706824
32.8117576720008 0.507134153306832
32.8367810735602 0.505173525478363
32.8617524750856 0.503525900812807
32.8866780494071 0.502190082955874
32.9115641083339 0.501164977031272
32.9364170845107 0.500449602233897
32.9612435116317 0.500043102419562
32.9860500032398 0.49994475453939
33.0108432303896 0.500153974794066
33.0356298984909 0.500670322415525
33.0604167236809 0.501493501020052
33.0852104090892 0.502623357515735
33.110017621362 0.504059878587056
33.1348449678047 0.50580318481828
33.1596989744738 0.507853522553662
33.1845860655165 0.510211253624656
33.2095125440118 0.512876843101307
33.234484574515 0.515850845245863
33.2595081674539 0.519133887861124
33.2845891654687 0.522726655234107
33.3097332317376 0.526629869877612
33.3349458402762 0.530844273268977
33.3602322681613 0.535370605777466
33.3855975895892 0.540209585960415
33.411046671651 0.54536188939441
33.4365841716881 0.550828127192376
33.4622145360735 0.556608824341391
33.4879420002596 0.562704397980032
33.513770589929 0.569115135718753
33.5397041230905 0.575841174092555
33.5657462129645 0.582882477222452
33.5919002715161 0.590238815751082
33.6181695135009 0.597909746108315
33.644556960905 0.605894590154968
33.6710654476703 0.614192415246551
33.697697624611 0.622802014754296
33.7244559644405 0.63172188907741
33.7513427668366 0.640950227178359
33.7783601634895 0.650484888671852
33.8055101230823 0.66032338649792
33.8327944561654 0.670462870209914
33.8602148198947 0.68090010990917
33.8877727226097 0.691631480859453
33.9154695282344 0.702652948815934
33.9433064604883 0.713960056105268
33.9712846069021 0.725547908495236
33.9994049226321 0.737411162894329
34.027668234075 0.749544015923477
34.0560752422845 0.761940193403869
34.0846265261936 0.77459294080632
34.1133225456495 0.787495014708993
34.1421636442679 0.800638675311319
34.1711500521138 0.814015680052775
34.2002818882202 0.827617278385613
34.2295591629513 0.84143420775078
34.2589817802218 0.855456690806028
34.2885495395811 0.869674433954611
34.3182621381726 0.884076627222001
34.3481191725776 0.898651945526608
34.3781201405542 0.913388551388758
34.4082644426788 0.928274099119927
34.4385513839017 0.943295740531611
34.4689801750242 0.958440132200171
34.4995499341054 0.973693444320513
34.5302596878086 0.98904137117758
34.5611083726932 1.00446914326033
34.5920948364617 1.01996154103819
34.6232178391672 1.03550291041487
34.6544760543895 1.05107717986895
34.6858680703853 1.06666787928485
34.7173923912203 1.0822581604716
34.7490474378873 1.09783081936028
34.7808315494168 1.11336831986444
34.8127429839856 1.12885281938041
34.8447799200276 1.14426619589752
34.8769404573517 1.15959007668045
34.9092226182719 1.17480586847859
34.9416243487521 1.18989478920931
34.9741435195714 1.2048379010544
35.0067779275113 1.21961614490099
35.0395252965701 1.23421037605053
35.0723832792061 1.24860140111153
35.1053494576128 1.26277001598433
35.1384213450285 1.27669704483854
35.1715963870832 1.29036337997665
35.2048719631841 1.30375002247047
35.2382453879412 1.31683812345021
35.2717139126363 1.32960902592007
35.3052747267344 1.34204430696844
35.3389249594402 1.35412582023526
35.3726616813007 1.3658357384948
35.4064819058536 1.37715659620772
35.4403825913223 1.38807133189291
35.4743606423587 1.3985633301668
35.5084129118329 1.40861646329583
35.5425362026694 1.41821513210639
35.5767272697313 1.42734430609609
35.6109828217496 1.43598956259043
35.6452995232991 1.44413712479024
35.6796739968185 1.45177389855691
35.7141028246743 1.45888750778572
35.748582551268 1.46546632822069
35.7831096851837 1.47149951956945
35.8176807013763 1.47697705578145
35.8522920433969 1.48188975335948
35.8869401256556 1.48622929758102
35.9216213357182 1.48998826651399
35.9563320366353 1.49316015271961
35.991068569302 1.49573938254454
36.0258272548454 1.49772133291377
36.060604397038 1.49910234554658
36.0953962847337 1.49987973852829
36.1301991943258 1.500051815182
36.1650093922216 1.49961787019613
36.1998231373333 1.49857819297576
36.2346366835818 1.49693406819746
36.2694462824097 1.49468777356031
36.3042481853024 1.4918425747378
36.3390386463127 1.48840271754783
36.3738139245877 1.48437341737058
36.4085702868942 1.47976084585592
36.44330401014 1.47457211497432
36.4780113838886 1.46881525847644
36.5126887128637 1.46249921083828
36.5473323194428 1.45563378377923
36.5819385461343 1.44822964045081
36.6165037580382 1.44029826740332
36.6510243452866 1.43185194444699
36.6854967254617 1.42290371253232
36.7199173459892 1.41346733978176
36.7542826865046 1.40355728581198
36.788589261191 1.39318866449182
36.8228336210854 1.38237720528591
36.8570123563531 1.37113921333863
36.8911220985261 1.35949152845606
36.9251595227079 1.3474514831464
36.9591213497386 1.33503685988059
36.9930043483235 1.32226584773592
37.0268053371208 1.30915699858511
37.0605211867906 1.29572918299221
37.0941488220013 1.28200154597526
37.1276852233964 1.26799346279256
37.1611274295189 1.25372449490644
37.1944725386949 1.23921434627409
37.227717710876 1.22448282011032
37.2608601694409 1.20954977626192
37.293897202958 1.19443508932701
37.3268261669084 1.17915860764664
37.3596444853718 1.16374011328885
37.3923496526769 1.14819928313796
37.4249392350172 1.13255565119445
37.457410872035 1.11682857218265
37.4897622783757 1.10103718655527
37.5219912452157 1.08520038697562
37.5540956417657 1.06933678634981
37.5860734167544 1.0534646874727
37.6179225998943 1.03760205434291
37.6496413033352 1.02176648519382
37.6812277231088 1.005975187279
37.7126801405696 0.990244953442498
37.7439969238364 0.974592140496294
37.7751765292408 0.959032649419587
37.8062175027873 0.943581907387049
37.8371184816322 0.928254851626049
37.8678781955868 0.91306591509607
37.8984954686527 0.898029013977054
37.9289692205961 0.883157536947422
37.9592984685683 0.868464336226865
37.9894823287817 0.853961720353826
38.0195200182484 0.839661448662848
38.0494108565906 0.825574727422693
38.0791542679333 0.811712207592307
38.1087497828859 0.798083984148381
38.1381970406255 0.784699596935349
38.1674957910899 0.771568032986301
38.1966458972909 0.758697730261297
38.2256473377584 0.746096582748101
38.2545002091249 0.733771946869306
38.2832047288604 0.721730649139168
38.3117612381682 0.709978995013291
38.3401702050485 0.698522778874445
38.3684322275403 0.687367295098357
38.3965480371471 0.676517350144162
38.4245185024524 0.665977275615379
38.4523446329293 0.655750942238699
38.4800275829436 0.645841774709487
38.5075686559517 0.636252767354701
38.5349693088848 0.626986500565808
38.5622311567123 0.618045157956147
38.5893559771676 0.609430544199056
38.6163457156171 0.601144103504719
38.6432024900434 0.593186938695076
38.6699285961058 0.58555983083717
38.6965265122352 0.578263259395707
38.7229989047042 0.571297422865442
38.7493486326087 0.564662259842869
38.7755787526784 0.558357470494642
38.8016925238261 0.552382538376836
38.8276934113272 0.546736752554557
38.8535850905116 0.541419229965235
38.8793714498328 0.53642893796125
38.9050565931697 0.531764716958077
38.9306448412058 0.527425303103144
38.9561407317205 0.523409350867947
38.9815490186285 0.519715455452079
39.0068746695989 0.51634217487294
39.0321228620964 0.513288051599569
39.0572989777006 0.510551633573917
39.0824085945782 0.508131494448791
39.1074574780156 0.506026252859562
39.1324515689555 0.504234590537532
39.1573969705221 0.502755269067651
39.182299932577 0.501587145092981
39.2071668343941 0.500729183773712
39.2320041656056 0.50018047032023
39.2568185056208 0.499940219437829
39.2816165017758 0.500007782545088
39.3064048465125 0.500382652657983
39.3311902539231 0.501064466866513
39.3559794360183 0.502053006368624
39.3807790790869 0.503348194065844
39.40559582051 0.504950089764628
39.4304362263758 0.506858883065081
39.4553067702097 0.509074884053033
39.4802138130955 0.511598511940914
39.5051635854128 0.514430281826657
39.5301621703653 0.517570789757273
39.5552154894171 0.521020696294752
39.5803292897019 0.524780708786661
39.6055091334165 0.528851562542863
39.630760389168 0.533234001113915
39.6560882251993 0.537928755856854
39.6814976043899 0.542936524961281
39.706993280902 0.548257952093836
39.7325797983246 0.553893604803327
39.7582614891584 0.559843952812624
39.7840424754784 0.566109346307759
39.809926670615 0.57268999431989
39.8359177816937 0.579585943282303
39.8620193128876 0.586797055832733
39.888234569243 0.594322989921011
39.9145666609522 0.602163178273509
39.9410185079602 0.610316808258946
39.9675928448038 0.61878280219478
39.9942922255977 0.627559798129498
40.0211190290897 0.636646131133444
40.0480754637239 0.646039815129253
40.0751635726572 0.655738525292321
40.1023852386874 0.665739581051859
40.1297421890574 0.67603992972377
40.1572360001099 0.686636130807807
40.1848681017713 0.69752434098297
40.2126397818518 0.708700299836843
40.2405521901518 0.720159316366462
40.2686063423689 0.731896256290209
40.296803123805 0.743905530212097
40.3251432928735 0.7561810826816
40.3536274844107 0.768716382193826
40.3822562127961 0.78150441217622
40.4110298748888 0.794537663009214
40.4399487527873 0.807808125129133
40.4690130164217 0.821307283262288
40.4982227259874 0.835026111839469
40.5275778342293 0.848955071639995
40.5570781885871 0.863084107714043
40.5867235332108 0.877402648631168
40.6165135108567 0.891899607101727
40.646447664673 0.906563382016314
40.6765254398856 0.921381861946273
40.7067461853918 0.936342430145958
40.737109155272 0.951431971094509
40.7676135102286 0.966636878611675
40.7982583189584 0.981943065578502
40.8290425594693 0.997335975289594
40.8599651203464 1.01280059445915
40.8910248019769 1.02832146789807
40.9222203177397 1.04388271487411
40.9535502951671 1.05946804716141
40.9850132770838 1.07506078877978
41.0166077227309 1.09064389741752
41.0483320088793 1.10619998752537
41.0801844309384 1.12171135506175
41.112163204065 1.13716000386262
41.1442664642775 1.15252767360184
41.1764922695795 1.1677958693002
41.2088386010977 1.18294589233381
41.2413033642366 1.19795887288471
41.2738843898554 1.21281580376846
41.3065794354692 1.22749757556616
41.3393861864786 1.24198501297995
41.3723022574294 1.25625891232391
41.4053251933063 1.27030008005436
41.4384524708619 1.28408937223636
41.4716814999843 1.29760773483628
41.5050096251033 1.31083624472319
41.5384341266399 1.32375615125591
41.5719522224971 1.33634891832617
41.6055610695958 1.34859626672311
41.6392577654556 1.36048021667923
41.6730393498222 1.37198313045356
41.7069028063402 1.38308775480423
41.7408450642743 1.39377726319904
41.7748630002765 1.4040352976109
41.8089534402015 1.41384600974269
41.843113160968 1.42319410152576
41.8773388924676 1.43206486473579
41.9116273195188 1.44044421957072
41.9459750838665 1.44831875203707
41.9803787862265 1.45567574999299
42.0148349883719 1.46250323770033
42.0493402152623 1.4687900087415
42.0838909572135 1.4745256571622
42.1184836721054 1.47970060670686
42.1531147876282 1.4843061380202
42.187780703563 1.48833441369559
42.2224777940963 1.4917785010591
42.2572024101656 1.49463239258708
42.2919508818343 1.49689102386416
42.3267195206932 1.49855028899917
42.3615046222865 1.49960705342651
42.3963024685592 1.50005916403217
42.4311093303248 1.49990545655454
42.4659214697487 1.49914576022241
42.500735142846 1.49778089960456
42.5355466019909 1.49581269365732
42.5703520984336 1.4932439519696
42.6051478848243 1.49007846821647
42.6399302177386 1.48632101084559
42.6746953602041 1.48197731103242
42.7094395842238 1.47705404795265
42.7441591732937 1.47155883143186
42.7788504249128 1.46550018204403
42.8135096530816 1.45888750874116
42.8481331907869 1.45173108410737
42.8827173924704 1.44404201734024
42.917258636479 1.43583222507169
42.9517533274927 1.42711440014955
42.98619789893 1.41790197850845
43.0205888153269 1.40820910426629
43.0549225746878 1.3980505931886
43.0891957108063 1.38744189466863
43.123404795555 1.37639905237594
43.15754644114 1.36493866372962
43.1916173023216 1.35307783835567
43.2256140785979 1.3408341556895
43.25953351635 1.32822562188628
43.2933724109487 1.31527062620152
43.3271276088215 1.30198789700418
43.3607960094786 1.28839645758272
43.3943745674976 1.27451558190262
43.4278602944679 1.26036475047065
43.4612502608927 1.24596360645754
43.4945415980505 1.23133191222615
43.527731499815 1.21648950640737
43.5608172244362 1.20145626165992
43.5937960962804 1.18625204324442
43.6266655075343 1.17089666853504
43.6594229198703 1.15540986758523
43.6920658660787 1.13981124485604
43.7245919516655 1.12412024220829
43.7569988564206 1.1083561032514
43.7892843359568 1.09253783913337
43.8214462232245 1.07668419584833
43.8534824300036 1.06081362312932
43.8853909483771 1.0449442449855
43.9171698521895 1.02909383193459
43.9488172984951 1.01327977497289
43.980331529 0.997519061317029
44.0117108715018 0.981828251943445
44.0429537413351 0.966223460943746
44.0740586428243 0.950720336706586
44.1050241707536 0.935334044929284
44.1358490118579 0.920079253455514
44.1665319463419 0.904970118928755
44.1970718494354 0.890020275244965
44.2274676929916 0.875242823782148
44.2577185471357 0.860650325379072
44.2878235819737 0.846254794030446
44.317782069368 0.832067692261397
44.347593384791 0.818099928140034
44.3772570092639 0.804361853883321
44.4067725313914 0.790863266008406
44.436139649503 0.777613406978917
44.4653581739088 0.76462096829357
44.4944280292814 0.751894094962757
44.5233492571743 0.739440391317485
44.5521220186857 0.727266928094274
44.5807465972785 0.715380250739161
44.6092234017645 0.703786388874006
44.6375529694631 0.692490866868619
44.6657359695407 0.681498715462989
44.6937732065376 0.670814484384889
44.7216656240871 0.660442255909462
44.749414308829 0.650385659308925
44.7770204945174 0.640647886142252
44.8044855663196 0.631231706336528
44.8318110652977 0.622139485013586
44.8589986930614 0.613373200017377
44.886050316574 0.60493446009932
44.912967973086 0.596824523720362
44.9397538751655 0.589044318429719
44.9664104157834 0.581594460780965
44.9929401734026 0.574475276746261
45.0193459170102 0.567686822588854
45.0456306110184 0.561228906152358
45.0717974199471 0.555101108522645
45.0978497127901 0.549302806014167
45.1237910669487 0.543833192427107
45.1496252716076 0.538691301514787
45.1753563304119 0.533876029592131
45.2009884632946 0.529386158205672
45.2265261072938 0.525220376773717
45.2519739161938 0.521377305091905
45.2773367588239 0.517855515584948
45.3026197158513 0.51465355517011
45.3278280749163 0.51176996658269
45.3529673239751 0.509203308999113
45.3780431427428 0.506952177780019
45.4030613921599 0.505015223145105
45.4280281018498 0.503391167584253
45.4529494555802 0.502078821806809
45.4778317747957 0.501077099033565
45.5026815003438 0.500385027444699
45.5275051725734 0.500001760612079
45.5523094100381 0.499926585765855
45.5771008870859 0.500158929772826
45.6018863106541 0.500698362736737
45.6266723966202 0.501544599167368
45.6514658460728 0.502697496704331
45.6762733218704 0.504157052421338
45.7011014258435 0.505923396775461
45.7259566769696 0.507996785301987
45.7508454908183 0.510377588187275
45.7757741605133 0.513066277878601
45.8007488394124 0.516063414910348
45.8257755256466 0.519369632139901
45.8508600486103 0.522985617594158
45.8760080574352 0.526912096129215
45.9012250114384 0.531149810102034
45.9265161724878 0.535699499244816
45.9518865991943 0.540561879921231
45.9773411428125 0.545737623929653
46.002884444709 0.551227337003084
46.0285209352455 0.55703153713935
46.0542548339158 0.563150632879203
46.0800901505747 0.56958490163467
46.1060306875981 0.576334468155921
46.1320800428236 0.583399283212229
46.1582416131269 0.590779102551584
46.1845185985018 0.598473466194175
46.210914006526 0.606481678107302
46.237430657104 0.614802786303231
46.2640711873955 0.62343556339694
46.2908380568472 0.632378487657485
46.3177335522595 0.641629724584664
46.3447597928311 0.651187109041577
46.3719187351325 0.661048127973492
46.3992121779722 0.671209903743876
46.4266417671229 0.681669178119409
46.4542089998876 0.692422296937218
46.4819152294859 0.703465195489184
46.5097616692516 0.714793384660044
46.5377493966321 0.726401937857867
46.5658793569889 0.738285478777417
46.594152367197 0.750438170038758
46.6225691190464 0.762853702745117
46.6511301824505 0.7755252870056
46.6798360084667 0.78844564346963
46.7086869321375 0.801606995921022
46.737683175159 0.815001064980397
46.7668248483868 0.828619062965027
46.7961119541888 0.84245168995537
46.8255443886531 0.85648913111723
46.855121943663 0.870721055327904
46.8848443088467 0.88513661515362
46.9147110734133 0.899724448224167
46.9447217278834 0.914472680048796
46.9748756657242 0.929368928315202
47.0051721848987 0.944400308710783
47.0356104893365 0.959553442302247
47.0661896903364 0.97481446450616
47.0969088079079 0.99016903567911
47.1277667720593 1.00560235335184
47.1587624240414 1.02109916612695
47.1898945175523 1.03664378925473
47.2211617199108 1.05222012189599
47.2525626132053 1.06781166607525
47.2840956954244 1.08340154732103
47.3157593815735 1.09897253698387
47.3475520047858 1.11450707621557
47.3794718174298 1.12998730158643
47.4115169922207 1.14539507230956
47.443685623339 1.16071199903434
47.4759757275607 1.17591947416298
47.5083852454041 1.19099870363681
47.5409120422956 1.20593074013082
47.5735539097593 1.2206965175873
47.6063085666327 1.23527688701151
47.639173660312 1.2496526534446
47.6721467680297 1.26380461402154
47.7052253981665 1.27771359701401
47.7384069916009 1.2913605017515
47.7716889230972 1.30472633930656
47.8050685027343 1.31779227382369
47.8385429773768 1.33053966436538
47.8721095321904 1.34295010714279
47.905765292201 1.3550054779935
47.9395073239002 1.3666879749642
47.9733326368973 1.37798016085191
48.0072381856174 1.38886500555398
48.0412208710472 1.39932592807458
48.075277542528 1.40934683803302
48.1094049995952 1.41891217651834
48.1435999938656 1.428006956134
48.1778592309697 1.43661680007679
48.2121793725306 1.44472798009537
48.2465570381872 1.45232745317596
48.2809888076612 1.45940289680532
48.3154712228665 1.4659427426651
48.3500007900602 1.47193620861622
48.3845739820324 1.47737332883719
48.4191872403352 1.48224498198667
48.453836977547 1.48654291726756
48.4885195795716 1.49025977827745
48.5232314079691 1.49338912453921
48.5579688023179 1.49592545061416
48.5927280826034 1.49786420271038
48.627505551633 1.49920179270908
48.6622974974738 1.49993560954245
48.6971001959109 1.50006402786834
48.7319099129237 1.49958641399819
48.7667229071774 1.49850312904702
48.8015354325267 1.49681552928644
48.83634374053 1.49452596369383
48.8711440829701 1.49163776870352
48.9059327143789 1.4881552601781
48.9407058945639 1.48408372263037
48.9754598911332 1.47942939573862
49.0101909820163 1.47419945820982
49.0448954579774 1.46840200905708
49.0795696251195 1.46204604636861
49.1142098073762 1.45514144365664
49.1488123489875 1.44769892388449
49.1833736169591 1.43973003127996
49.2178900035009 1.43124710105203
49.2523579284427 1.42226322713612
49.2867738416262 1.4127922281007
49.3211342252683 1.40284861135488
49.3554355962971 1.39244753580232
49.389674508655 1.38160477309197
49.4238475555708 1.37033666762043
49.4579513717955 1.35866009544389
49.4919826358035 1.34659242226002
49.5259380719556 1.33415146062199
49.5598144526238 1.32135542654696
49.5936086002766 1.3082228956818
49.6273173895238 1.29477275918722
49.6609377491209 1.28102417949981
49.6944666639319 1.266996546129
49.7279011768509 1.25270943164226
49.7612383906821 1.23818254798778
49.7944754699793 1.22343570329938
49.8276096428448 1.20848875932254
49.8606382026878 1.19336158959469
49.8935585099456 1.17807403850661
49.9263679937663 1.16264588136431
49.9590641536561 1.14709678556397
49.9916445610928 1.13144627298449
50.0241068611073 1.11571368369435
50.056448773836 1.09991814106127
50.088668096046 1.08407851834483
50.1207627026372 1.06821340684374
50.1527305481239 1.05234108566099
50.1845696680997 1.03647949314146
50.2162781806897 1.02064620002843
50.2478542879948 1.00485838437678
50.2792962775318 0.989132808252676
50.3106025236753 0.973485796241685
50.3417714891063 0.957933215779162
50.3728017262733 0.942490459309753
50.4036918788723 0.927172428275423
50.4344406833521 0.911993518924761
50.4650469704515 0.896967609929883
50.4955096667763 0.882108051791252
50.5258277964237 0.867427658005137
50.5560004826613 0.852938697963277
50.586026949671 0.838652891549612
50.615906524364 0.824581405394713
50.6456386382795 0.810734850744712
50.6752228295727 0.7971232828983
50.7046587451053 0.783756202162426
50.7339461426461 0.770642556275042
50.7630848931931 0.757790744241255
50.7920749834267 0.745208621527834
50.8209165183042 0.732903506559973
50.8496097238054 0.720882188463628
50.8781549498393 0.709150935996549
50.9065526733201 0.697715507611348
50.9348035014215 0.686581162594477
50.9629081750147 0.675752673225898
50.9908675722979 0.665234337905403
51.0186827126183 0.655029995192983
51.04635476049 0.645143038712282
51.0738850298039 0.635576432867977
51.101274988225 0.626332729329794
51.1285262617678 0.617414084237765
51.1556406395329 0.608822276085174
51.1826200785847 0.600558724237247
51.2094667089415 0.592624508045051
51.2361828386406 0.585020386515015
51.262770958833 0.577746818494892
51.2892337488508 0.570803983336715
51.3155740811794 0.564191801996164
51.3417950262542 0.557909958525561
51.3678998569879 0.551957921914369
51.3938920529218 0.546334968226336
51.4197753038788 0.541040202976145
51.4455535129857 0.536072583680645
51.4712307989175 0.531430942510159
51.4968114972066 0.527114008954239
51.5223001604553 0.523120432403518
51.547701557282 0.519448804535328
51.5730206698383 0.516097681375797
51.5982626897363 0.513065604895826
51.6234330122444 0.510351123983266
51.6485372286301 0.507952814619598
51.6735811165562 0.505869299077484
51.698570628479 0.504099263946578
51.7235118780366 0.502641476790107
51.7484111244712 0.501494801234773
51.7732747551801 0.500658210302407
51.7981092665485 0.500130797803867
51.8229212432724 0.49991178763429
51.8477173364306 0.500000540833582
51.8725042406085 0.500396560306475
51.8972886704114 0.501099493131459
51.9220773367272 0.502109130426061
51.9468769231042 0.503425404775646
51.9716940626103 0.505048385272394
51.9965353155138 0.506978270248641
52.0214071481013 0.509215377822743
52.0463159129026 0.511760134404764
52.0712678305477 0.51461306133261
52.0962689734221 0.517774759826247
52.1213252512389 0.521245894458175
52.146442398584 0.525027175342636
52.1716259644476 0.529119339244747
52.1968813037026 0.533523129804525
52.2222135704578 0.538239277060748
52.2476277131763 0.543268476446562
52.2731284714308 0.548611367413878
52.2987203741459 0.554268511827673
52.3244077391696 0.560240372255234
52.3501946740128 0.566527290259698
52.3760850775941 0.573129464792558
52.4020826428349 0.580046930766448
52.4281908599557 0.587279537877689
52.4544130203372 0.594826929737967
52.4807522208203 0.602688523366063
52.5072113683318 0.610863489083765
52.5337931847375 0.619350730854884
52.5605002118349 0.628148867102421
52.5873348164119 0.637256212036389
52.6142991953083 0.646670757523275
52.6413953804279 0.656390155527542
52.6686252436588 0.666411701155731
52.6959905016691 0.676732316334479
52.7234927205498 0.687348534154975
52.7511333202868 0.698256483917934
52.7789135790481 0.709451876914891
52.8068346372764 0.720929992983548
52.8348975015828 0.732685667876755
52.8631030484394 0.744713281486659
52.8914520276735 0.75700674696724
52.9199450657655 0.769559500800149
52.9485826689557 0.782364493850122
52.9773652261692 0.795414183457437
53.006293011763 0.808700526615785
53.0353661881074 0.8222149742845
53.0645848080087 0.835948466884371
53.0939488169836 0.849891431026162
53.1234580553951 0.864033777520527
53.1531122604594 0.878364900717153
53.1829110681338 0.892873679219738
53.2128540148951 0.907548478021802
53.2429405394186 0.922377152106232
53.2731699841656 0.937347051549042
53.3035415968901 0.952445028164931
53.3340545320722 0.967657443728911
53.3647078522865 0.982970179804569
53.3955005295148 0.998368649205374
53.4264314464094 1.01383780911093
53.4574993975146 1.0293621758551
53.4887030904545 1.04492584139762
53.5200411470921 1.06051249148523
53.5515121046677 1.07610542550201
53.5831144169214 1.09168757800271
53.6148464552055 1.10724154191581
53.6467065095934 1.12274959339616
53.6786927899881 1.13819371830021
53.7108034272372 1.15355564024881
53.7430364742564 1.16881685023574
53.7753899071686 1.18395863773179
53.80786162646 1.19896212322679
53.8404494581578 1.21380829214405
53.8731511550334 1.22847803005386
53.9059643978336 1.24295215910483
53.9388867965421 1.25721147558434
53.9719158916755 1.27123678851167
54.0050491556147 1.28500895916023
54.0382839939743 1.29850894139804
54.0716177470123 1.31171782272923
54.1050476910811 1.32461686591258
54.1385710401216 1.33718755102737
54.1721849472018 1.34941161785148
54.2058865061007 1.36127110841144
54.2396727529376 1.37274840956014
54.2735406678491 1.38382629543381
54.307487176712 1.39448796963718
54.3415091529145 1.4047171070031
54.3756034191732 1.41449789477155
54.4097667493987 1.42381507303183
54.4439958706062 1.43265397427201
54.4782874648727 1.44100056188035
54.5126381713396 1.44884146744493
54.5470445882591 1.45616402670052
54.5815032750837 1.46295631397476
54.6160107545976 1.46920717498999
54.650563515089 1.4749062578822
54.6851580125601 1.48004404230419
54.7197906729754 1.48461186648703
54.7544578945444 1.48860195214081
54.789156050038 1.49200742708444
54.8238814891356 1.49482234550255
54.858630540802 1.49704170573749
54.8933995156897 1.49866146553416
54.9281847085666 1.49967855466635
54.9629824007646 1.50009088488424
54.9977888626475 1.49989735713409
55.0326003560958 1.49909786601334
55.067413137005 1.4976933014362
55.1022234577949 1.4956855474972
55.1370275699272 1.49307747853254
55.171821726429 1.48987295239174
55.2066021844185 1.48607680094414
55.2413652076308 1.48169481785736
55.276107068941 1.47673374369674
55.3108240528812 1.47120124840661
55.3455124581489 1.46510591124566
55.3801686001052 1.4584571982595
55.4147888132578 1.45126543738432
55.4493694537287 1.44354179128498
55.483906901702 1.43529822804066
55.5183975638511 1.42654748979942
55.5528378757416 1.41730305953107
55.587224304208 1.40757912601481
55.6215533497031 1.39739054720441
55.6558215486163 1.38675281211921
55.6900254755603 1.37568200141371
55.7241617456242 1.36419474678232
55.7582270165909 1.35230818935871
55.7922179911176 1.34003993727113
55.8261314188794 1.32740802251604
55.8599640986722 1.3144308573128
55.893712880477 1.30112719010134
55.9273746674832 1.28751606134322
55.9609464180704 1.27361675928437
55.9944251477494 1.25944877583464
56.0278079310618 1.24503176271539
56.0610919034381 1.23038548802196
56.0942742630154 1.2155297933429
56.1273522724146 1.20048455157169
56.1603232604789 1.18526962554093
56.1931846239742 1.16990482760177
56.2259338292525 1.15440988026461
56.2585684138811 1.13880437800918
56.2910859882387 1.12310775036457
56.3234842370809 1.10733922635152
56.3557609210777 1.09151780037104
56.3879138783259 1.075662199615
56.4199410258401 1.05979085306602
56.4518403610242 1.04392186214507
56.4836099631294 1.02807297305723
56.5152479947016 1.01226155087736
56.5467527030222 0.996504555409163
56.5781224215488 0.980818518843297
56.6093555713598 0.965219525232115
56.6404506626087 0.949723191791161
56.6714062959944 0.934344652030215
56.7022211642531 0.919098540709776
56.7328940536805 0.903998980612238
56.7634238456882 0.889059571110873
56.793809518405 0.874293378513881
56.8240501483293 0.859712928155477
56.8541449120409 0.845330198200997
56.8840930879817 0.831156615128612
56.9138940583136 0.817203050846165
56.9435473108634 0.803479821398187
56.9730524411634 0.789996687215023
57.0024091545994 0.77676285485345
57.031617268674 0.763786980176009
57.0606767153969 0.751077172914624
57.0895875438116 0.738641002562835
57.1183499226687 0.7264855055402
57.1469641432558 0.714617193572026
57.1754306223923 0.70304206322762
57.2037499055996 0.691765606560657
57.2319226704509 0.680792822795967
57.2599497301111 0.670128231008131
57.2878320370674 0.659775883738575
57.3155706870551 0.649739381499413
57.3431669231777 0.640021888114019
57.3706221402172 0.630626146846164
57.3979378891272 0.621554497271428
57.4251158816962 0.612808892846509
57.4521579953617 0.604390919133735
57.4790662781522 0.596301812639656
57.5058429537216 0.588542480227734
57.5324904264369 0.581113519065839
57.5590112864666 0.574015237069349
57.5854083148063 0.567247673799909
57.6116844881699 0.560810621778265
57.6378429836558 0.554703648166776
57.6638871830897 0.548926116773163
57.689820676928 0.543477210321506
57.715647267595 0.538355952929448
57.7413709721119 0.533561232721815
57.7669960238665 0.529091824500462
57.7925268733621 0.524946412378166
57.8179681877813 0.521123612270957
57.8433248491948 0.517621994128719
57.8686019512566 0.514440103768694
57.8938047942307 0.511576484161208
57.9189388782193 0.509029696002328
57.9440098944836 0.50679833739513
57.9690237147865 0.504881062450731
57.993986378724 0.503276598613329
58.0189040790639 0.501983762511108
58.0437831451611 0.501001474137915
58.0686300245761 0.50032876917971
58.0934512630783 0.499964809315355
58.1182534832714 0.499908890343209
58.1430433621222 0.500160448012904
58.1678276077177 0.500719061474662
58.1926129355992 0.501584454295386
58.2174060450401 0.502756493029931
58.2422135956345 0.504235183375795
58.2670421845497 0.506020663978118
58.2918983247727 0.508113197987692
58.3167884246429 0.51051316250626
58.341718768916 0.513221036079536
58.3666955015569 0.516237384418379
58.3917246103988 0.519562844542148
58.4168119137569 0.523198107545433
58.4419630490275 0.527143900190615
58.4671834632578 0.531400965524712
58.4924784056299 0.535970042710576
58.5178529217636 0.540851846250779
58.5433118497201 0.546047044768414
58.5688598175645 0.551556239493468
58.5945012423322 0.557379942587358
58.6202403302404 0.563518555422249
58.6460810779797 0.569972346916588
58.6720272749285 0.576741432014263
58.6980825061385 0.583825750382206
58.7242501559458 0.591225045390374
58.7505334120802 0.598938843428762
58.7769352701511 0.606966433608581
58.8034585384051 0.615306847888773
58.8301058426639 0.623958841664566
58.85687963136 0.632920874851613
58.8837821806045 0.642191093497294
58.9108155992282 0.651767311949726
58.9379818337502 0.66164699561491
58.9652826732357 0.671827244332872
58.9927197540139 0.682304776404721
59.0202945642325 0.693075913303924
59.048008448233 0.704136565106764
59.0758626107359 0.71548221667879
59.1038581208282 0.727107914655982
59.1319959157509 0.739008255261229
59.1602768044861 0.751177372998567
59.1887014711462 0.76360893026933
59.2172704781703 0.776296107955839
59.2459842693338 0.789231597019598
59.2748431725775 0.802407591161951
59.3038474026663 0.815815780595928
59.3329970636851 0.829447346978402
59.3622921513817 0.843292959551772
59.3917325553667 0.857342772544121
59.4213180611796 0.871586423876112
59.4510483522317 0.886013035221878
59.4809230116345 0.900611213469687
59.5109415239243 0.915369053626336
59.5411032766914 0.93027414320695
59.5714075621239 0.945313568149166
59.6018535784742 0.960473920287605
59.6324404314573 0.975741306420987
59.6631671355881 0.991101359000302
59.694032615467 1.00653924846213
59.7250357070206 1.02203969722638
59.7561751587038 1.03758699537274
59.7874496326718 1.05316501800434
59.8188577059274 1.06875724430152
59.85039787145 1.08434677826232
59.8820685393122 1.09991637111959
59.9138680377893 1.11544844541812
59.9457946144675 1.13092512072783
59.977846437355 1.14632824096193
60.010021596001 1.16163940326145
60.0423181026268 1.17683998839983
60.0747338932731 1.19191119265357
60.1072668289675 1.20683406107708
60.1399146969145 1.2215895221121
60.1726752117135 1.23615842345417
60.2055460166056 1.25052156909096
60.2385246847526 1.26465975741962
60.2716087205516 1.2785538203429
60.3047955609858 1.29218466323665
60.3380825770153 1.30553330567446
60.3714670750081 1.31858092278842
60.4049462982138 1.33130888713915
60.4385174282804 1.34369881096244
60.4721775868176 1.35573258865449
60.5059238370034 1.36739243935342
60.5397531852392 1.37866094947044
60.5736625828507 1.38952111502085
60.6076489278362 1.39995638360221
60.6417090666618 1.40995069586529
60.6758397961041 1.41948852632189
60.7100378651395 1.42855492333353
60.7442999768794 1.43713554812518
60.7786227905514 1.4452167126696
60.8130029235251 1.45278541628982
60.8474369533808 1.45982938083024
60.8819214200222 1.46633708425071
60.9164528278283 1.4722977925025
60.9510276478466 1.47770158955046
60.9856423200229 1.48253940541205
61.0202932554681 1.486803042091
61.0549768387588 1.49048519729104
61.08968943027 1.49357948580377
61.1244273685383 1.49608045847398
61.1591869726518 1.49798361865535
61.1939645446667 1.49928543608015
61.2287563720458 1.49998335807721
61.2635587301176 1.50007581808393
61.2983678845534 1.49956224140961
61.333180093859 1.49844304821964
61.3679916118796 1.49671965372217
61.4027986903135 1.49439446555121
61.4375975812326 1.49147087835271
61.4723845396079 1.48795326559246
61.5071558258353 1.4838469686171
61.5419077082597 1.47915828301153
61.5766364656956 1.47389444230816
61.6113383899397 1.46806359911486
61.646009788274 1.4616748037396
61.6806469859561 1.45473798040077
61.7152463286943 1.44726390112204
61.7498041851051 1.43926415742033
61.7843169491505 1.43075112990453
61.8187810425517 1.42173795591051
61.8531929171793 1.41223849530585
61.887549057415 1.40226729460395
61.9218459824851 1.39183954953347
61.9560802487619 1.38097106621373
61.9902484520329 1.36967822109102
62.0243472297351 1.35797791979403
62.0583732631531 1.34588755506883
62.0923232795797 1.33342496395556
62.1261940544385 1.32060838436933
62.1599824133659 1.30745641124784
62.1936852342543 1.29398795242685
62.2272994492529 1.28022218440303
62.260822046728 1.26617850814071
62.2942500731821 1.25187650507576
62.3275806351316 1.23733589346567
62.3608109009428 1.22257648523004
62.3939381026287 1.20761814342007
62.426959537605 1.1924807404501
62.4598725704085 1.17718411721705
62.4926746343775 1.16174804322739
62.525363233297 1.14619217784319
62.5579359430099 1.13053603275166
62.5903904129965 1.11479893575428
62.6227243679246 1.0989999959635
62.6549356091738 1.08315807048677
62.6870220163356 1.06729173266893
62.7189815486936 1.05141924195581
62.7508122466875 1.03555851543311
62.7825122333645 1.01972710108637
62.8140797158227 1.00394215281954
62.8455129866511 0.988220407261342
62.8768104253715 0.972578162380822
62.9079704998874 0.957031257925773
62.9389917679457 0.941595057690132
62.9698728786177 0.92628443360955
63.0006125738059 0.91111375167743
63.0312096897829 0.896096859667417
63.0616631587707 0.881247076642311
63.0919720105679 0.866577184223813
63.1221353742317 0.852099419592398
63.1521524798253 0.837825470181917
63.1820226602378 0.823766470029311
63.2117453530866 0.809932997736076
63.2413201027116 0.796335075994828
63.2707465622706 0.782982172631493
63.3000244959473 0.769883203111323
63.3291537812797 0.757046534455022
63.3581344116207 0.744479990509853
63.3869664987413 0.732190858519596
63.4156502755848 0.720185896936651
63.4441860991823 0.708471344419426
63.4725744537389 0.697052929958365
63.5008159538973 0.685935884074544
63.5289113481878 0.675124951035696
63.556861522667 0.664624402035687
63.5846675047519 0.654438049284949
63.6123304672481 0.644569260961018
63.6398517325705 0.635020976970121
63.6672327771516 0.625795725472642
63.6944752360254 0.6168956401272
63.7215809075738 0.608322478009875
63.748551758411 0.600077638166754
63.7753899283794 0.592162180759334
63.8020977356175 0.584576846763238
63.8286776816555 0.577322078181091
63.8551324564793 0.57039803873008
63.8814649434955 0.56380463496353
63.9076782243163 0.55754153778357
63.9337755832688 0.551608204298571
63.9597605115224 0.546003899974157
63.9856367107106 0.540727721020321
64.0114080959144 0.535778616949196
64.0370787978584 0.531155413228437
64.0626531641643 0.526856833943909
64.0881357594967 0.522881524372588
64.1135313644347 0.519228073352539
64.1388449729039 0.515895035321836
64.1640817880108 0.512880951882977
64.1892472161387 0.510184372734274
64.214346859183 0.50780387579582
64.2393865048372 0.505738086345789
64.2643721148776 0.503985694974064
64.289309811441 0.502545474155572
64.3142058613377 0.501416293246037
64.3390666585017 0.500597131709079
64.3638987047328 0.500087090396031
64.3887085889416 0.499885400718789
64.4135029651588 0.499991431581152
64.4382885296158 0.50040469396483
64.4630719972336 0.501124843101502
64.4878600778813 0.50215167820058
64.5126594527715 0.503485139742123
64.537476751356 0.505125304383709
64.5623185290619 0.507072377567493
64.5871912461821 0.509326683947383
64.612101248186 0.511888655785104
64.637054747673 0.514758819486928
64.6620578081341 0.517937780469469
64.6871163296328 0.521426206553109
64.7122360364633 0.525224810085632
64.7374224667925 0.529334328997019
64.7626809642471 0.533755506979903
64.788016671369 0.538489072979968
64.8134345248308 0.543535720167393
64.8389392522785 0.548896084545521
64.8645353706541 0.554570723336944
64.8902271858375 0.560560093271134
64.9160187934474 0.56686452888211
64.9419140806385 0.573484220910024
64.9679167287409 0.580419194887231
64.9940302165919 0.587669289977738
65.0202578244256 0.595234138128834
65.0466026381948 0.603113143585402
65.0730675542121 0.611305462810706
65.0996552840141 0.619809984852286
65.1263683593592 0.628625312187837
65.1532091372891 0.63774974208345
65.1801798051884 0.647181248495135
65.2072823857936 0.656917464543985
65.234518742107 0.666955665595596
65.2618905821843 0.677292752975062
65.2893994637692 0.687925238350178
65.317046798755 0.698849228816972
65.3448338574612 0.710060412723502
65.3727617727151 0.721554046269716
65.4008315437341 0.733324940923084
65.4290440398077 0.745367451691594
65.4574000037797 0.757675466297461
65.4859000553357 0.770242395296503
65.5145446940997 0.783061163189543
65.5433343025477 0.796124200573361
65.5722691487466 0.809423437379584
65.6013493889254 0.822950297250488
65.6305750698893 0.836695693100936
65.6599461312866 0.850650023915557
65.6894624077363 0.864803172829807
65.7191236308282 0.879144506542695
65.7489294310046 0.893662876107692
65.7788793393323 0.908346619146712
65.8089727891761 0.923183563529951
65.8392091177819 0.938161032561908
65.8695875677785 0.953265851711004
65.9001072886068 0.96848435691687
65.9307673378855 0.983802404505659
65.9615666827198 0.999205382739562
65.9925042009625 1.01467822502215
66.0235786824331 1.03020542477622
66.0547888301037 1.04577105200542
66.0861332612566 1.0613587715454
66.1176105086214 1.07695186300384
66.1492190214965 1.09253324238283
66.1809571668614 1.10808548536975
66.2128232304846 1.12359085227658
66.2448154180329 1.13903131459972
66.2769318561854 1.15438858316529
66.3091705937591 1.16964413781754
66.3415296028471 1.18477925859968
66.3740067799764 1.19977505836933
66.4065999472866 1.21461251678241
66.4393068537343 1.22927251557186
66.4721251763255 1.24373587503955
66.5050525213788 1.2579833916721
66.5380864258233 1.27199587678406
66.5712243585312 1.28575419608421
66.6044637216898 1.29923931005403
66.6378018522125 1.31243231502056
66.6712360231924 1.32531448479942
66.7047634453986 1.33786731277817
66.7383812688165 1.35007255430425
66.7720865842341 1.36191226923747
66.8058764248739 1.37336886452214
66.8397477680718 1.38442513663059
66.8736975370027 1.39506431372661
66.9077226024534 1.4052700973953
66.9418197846427 1.41502670378382
66.9759858550885 1.42431890399724
67.0102175385211 1.43313206359335
67.0445115148425 1.44145218102116
67.0788644211311 1.44926592484984
67.1132728536901 1.4565606696368
67.1477333701392 1.46332453028758
67.182242491548 1.46954639476398
67.2167967046097 1.47521595500223
67.2513924638536 1.48032373590868
67.2860261938944 1.48486112230739
67.3206942917167 1.48882038372124
67.3553931289928 1.49219469687649
67.3901190544317 1.49497816582961
67.424868396156 1.49716583962479
67.4596374641064 1.49875372740039
67.4944225524698 1.49973881087376
67.5292199421289 1.50011905414435
67.5640259031307 1.49989341076724
67.5988366971717 1.49906182806055
67.6336485800967 1.49762524862264
67.6684578044084 1.49558560904718
67.7032606217851 1.49294583583667
67.7380532856037 1.48970983852745
67.7728320534659 1.48588250005143
67.8075931897231 1.4814696643724
67.8423329679989 1.47647812144641
67.8770476737059 1.4709155895678
67.9117336065533 1.46479069517357
67.9463870830433 1.45811295019003
67.9810044389541 1.45089272701576
68.0155820318057 1.44314123124518
68.0501162433068 1.43487047224585
68.0846034817798 1.4260932317116
68.119040184563 1.41682303032116
68.1534228203852 1.40707409263904
68.187747891713 1.39686131040185
68.2220119370674 1.38620020433839
68.256211533309 1.37510688467673
68.2903432978881 1.36359801049478
68.3244038910605 1.35169074807407
68.3583900180658 1.339402728418
68.3922984312685 1.32675200409712
68.4261259322584 1.31375700558395
68.4598693739133 1.3004364972393
68.4935256624186 1.28680953311047
68.5270917592482 1.27289541269918
68.5605646831017 1.25871363685449
68.5939415118027 1.2442838639414
68.6272193841537 1.22962586643207
68.6603955017517 1.21475948806074
68.6934671307634 1.19970460167829
68.7264316036611 1.18448106793562
68.7592863209206 1.16910869491854
68.7920287526834 1.15360719884962
68.824656440383 1.13799616596483
68.8571669983397 1.12229501566494
68.8895581153239 1.10652296503377
68.9218275560922 1.09069899480671
68.9539731628986 1.07484181686489
68.9859928569833 1.05896984332163
69.0178846400444 1.04310115725941
69.0496465956941 1.02725348516722
69.0812768909052 1.0114441711195
69.1127737774525 0.995690152729977
69.1441355933526 0.980007938905433
69.1753607643088 0.964413589416633
69.2064478051654 0.948922696296189
69.2373953213795 0.933550367065761
69.2682020105136 0.918311209788111
69.2988666637588 0.903219319932969
69.3293881674936 0.888288269039483
69.3597655048871 0.873531095152259
69.3899977575539 0.858960295002661
69.420084107269 0.84458781790215
69.4500238377523 0.830425061310001
69.4798163365297 0.81648286803375
69.509461096883 0.802771525017243
69.5389577198954 0.789300763668087
69.5683059166046 0.77607976167376
69.5975055102722 0.763117146253522
69.6265564387804 0.750420998791612
69.6554587571656 0.737998860796035
69.6842126402996 0.725857741126444
69.7128183857267 0.714004124434306
69.7412764166677 0.70244398075853
69.7695872851978 0.691182776220204
69.7977516756071 0.680225484760805
69.8257704079487 0.669576600869319
69.8536444417795 0.659240153245057
69.8813748800954 0.649219719344509
69.9089629734617 0.639518440762307
69.9364101243321 0.630139039398245
69.963717891551 0.621083834364172
69.9908879950247 0.612354759586473
70.0179223205432 0.603953382061549
70.0448229247273 0.595880920723244
70.0715920400672 0.588138265882298
70.0982320800119 0.580725999198568
70.1247456440561 0.573644414146815
70.1511355227617 0.566893536936053
70.1774047026401 0.560473147840794
70.2035563708055 0.554382802899631
70.2295939192989 0.548621855932475
70.2555209489673 0.543189480822188
70.2813412727695 0.538084693999159
70.3070589183668 0.533306377058577
70.3326781298459 0.528853299429675
70.3582033684144 0.524724141004119
70.3836393119005 0.520917514617258
70.408990852892 0.517431988261325
70.4342630953517 0.514266106894464
70.4594613495586 0.511418413694159
70.4845911252435 0.508887470589079
70.5096581228138 0.506671877890431
70.5346682225957 0.50477029283354
70.5596274720669 0.503181446833653
70.5845420710966 0.501904161257849
70.6094183552683 0.500937361518238
70.6342627774129 0.500280089301106
70.6590818875372 0.49993151276245
70.6838823113869 0.499890934542673
70.7086707279288 0.500157797481295
70.7334538460783 0.500731687945819
70.7582383810206 0.501612336725876
70.7830310304959 0.502799617483052
70.8078384514113 0.5042935427866
70.8326672371355 0.506094257803783
70.8575238958027 0.508202031749263
70.8824148299152 0.510617247229241
70.9073463174898 0.513340387641943
70.9323244949404 0.516372022815727
70.9573553418334 0.519712793079329
70.9824446675999 0.523363391965682
71.0075981002343 0.52732454775166
71.0328210769617 0.531597004031877
71.0581188368151 0.536181499516122
71.0834964150272 0.541078747228081
71.1089586391155 0.546289413268835
71.1345101265192 0.551814095292988
71.1601552836326 0.557653300829196
71.1858983060742 0.563807425560937
71.2117431800295 0.570276731668208
71.2376936845077 0.57706132631689
71.2637533943618 0.584161140370004
71.2899256839291 0.591575907384268
71.3162137311617 0.599305142946189
71.3426205221292 0.607348124394489
71.3691488557878 0.615703870969741
71.3958013489252 0.624371124427734
71.4225804411997 0.633348330149983
71.4494884002084 0.642633618782854
71.476527326526 0.652224788435841
71.5036991586688 0.662119287469391
71.5310056779464 0.672314197903189
71.558448513172 0.682806219476871
71.5860291452086 0.693591654396511
71.613748911335 0.704666392801962
71.6416090094216 0.71602589899192
71.6696105019077 0.727665198445517
71.6977543195792 0.73957886568115
71.7260412651454 0.751761012995054
71.7544720166193 0.764205280123834
71.7830471305037 0.776904824876682
71.8117670447918 0.789852314784251
71.8406320817876 0.803039919812217
71.8696424507563 0.816459306188254
71.8987982504123 0.830101631391567
71.9280994712544 0.84395754035418
71.957545997759 0.858017162922902
71.9871376104395 0.872270112630194
72.0168739877832 0.886705486821118
72.0467547080746 0.901311868182082
72.076779251114 0.916077327715214
72.1069469998434 0.930989429199926
72.1372572418848 0.946035235180518
72.1677091710039 0.961201314515544
72.1983018885043 0.976473751521116
72.2290344045628 0.991838156736377
72.2599056395117 1.00727967933499
72.2909144250771 1.02278302120172
72.3220595055801 1.03833245268803
72.3533395391064 1.05391183005514
72.3847530986526 1.06950461460691
72.4162986732545 1.08509389350896
72.4479746691025 1.10066240228376
72.4797794106513 1.11619254896442
72.5117111417276 1.13166643988323
72.5437680266412 1.14706590706333
72.5759481513047 1.16237253717453
72.6082495243644 1.17756770200676
72.640670078349 1.19263259040659
72.6732076708371 1.20754824161478
72.7058600856493 1.22229557993479
72.7386250340663 1.23685545065429
72.7715001560775 1.25120865713428
72.8044830216613 1.26533599897249
72.8375711321011 1.27921831114061
72.8707619213383 1.29283650398756
72.9040527573638 1.30617160399418
72.9374409436514 1.31920479515825
72.9709237206333 1.33191746088253
73.0044982672189 1.34429122623293
73.0381617023593 1.35630800042873
73.0719110866571 1.36795001942222
73.1057434240223 1.37919988842097
73.139655663376 1.39004062420278
73.1736447004 1.40045569707078
73.2077073793349 1.41042907229378
73.241840494824 1.41994525087638
73.2760407938048 1.42898930950266
73.3103049774464 1.43754693949767
73.3446297031323 1.44560448465239
73.3790115864877 1.45314897775989
73.4134472034511 1.46016817571332
73.4479330923873 1.46665059302022
73.4824657562421 1.47258553359245
73.5170416647363 1.47796312067619
73.5516572565974 1.48277432479317
73.5863089418277 1.48701098957112
73.620993104006 1.49066585534933
73.6557061026219 1.49373258045383
73.6904442754394 1.49620576004591
73.7252039408888 1.49808094245747
73.759981400483 1.49935464293728
73.7947729412575 1.50002435474293
73.8295748382299 1.50008855752474
73.8643833568775 1.49954672295967
73.8991947556295 1.49839931760513
73.9340052883715 1.49664780295492
73.96881120696 1.49429463269196
74.0036087637431 1.49134324714478
74.0383942140846 1.48779806496728
74.0731638188908 1.48366447207359
74.1079138471335 1.47894880787189
74.1426405783702 1.47365834885318
74.177340305256 1.46780128960224
74.2120093360458 1.4613867213096
74.246643997084 1.45442460787362
74.2812406352783 1.44692575969214
74.3157956205558 1.43890180525283
74.3503053482993 1.43036516064001
74.38476624176 1.421328997084
74.4191747544453 1.41180720668666
74.4535273724797 1.40181436646312
74.4878206169361 1.39136570084585
74.522051046136 1.38047704280189
74.5562152579164 1.36916479371833
74.5903098918622 1.35744588221443
74.6243316315025 1.34533772204079
74.6582772064694 1.33285816922783
74.692143394618 1.32002547864604
74.7259270241068 1.30685826014045
74.7596249754383 1.29337543440037
74.7932341834581 1.27959618872389
74.8267516393127 1.26553993283325
74.8601743923669 1.25122625489448
74.8934995520786 1.23667487788984
74.9267242898333 1.22190561648713
74.9598458407387 1.2069383345443
74.9928615053787 1.19179290338183
75.0257686515293 1.17648916094877
75.058564715838 1.1610468720013
75.0912472054663 1.14548568940543
75.1238136996995 1.12982511666751
75.1562618515248 1.11408447178856
75.1885893891796 1.09828285252981
75.2207941176745 1.08243910316889
75.2528739202918 1.06657178281731
75.2848267600655 1.05069913536167
75.3166506812434 1.03483906108229
75.3483438107385 1.01900908999462
75.3799043595715 1.00322635695069
75.4113306243108 0.987507578529236
75.442620988514 0.97186903173576
75.4737739241774 0.956326534525599
75.5047879931977 0.940895428156027
75.5356618488543 0.925590561366098
75.5663942373166 0.910426276376299
75.5969839991847 0.895416396693708
75.6274300710702 0.880574216702346
75.6577314872254 0.865912493012919
75.6878873812279 0.851443437541006
75.7178969877309 0.837178712278101
75.7477596442858 0.823129425715714
75.777474793249 0.80930613087902
75.8070419837792 0.795718824923262
75.8364608739386 0.782376950243329
75.8657312329043 0.769289397044614
75.8948529433032 0.756464507321369
75.9238260036782 0.74391008018738
75.9526505310975 0.7316333785028
75.9813267639154 0.719641136740426
76.0098550646955 0.707939570034564
76.0382359233037 0.696534384355865
76.0664699601805 0.685430787756107
76.094557929798 0.674633502627815
76.1225007243082 0.664146778924842
76.1502993773847 0.653974408291465
76.1779550682597 0.644119739049246
76.2054691259529 0.634585691992679
76.2328430336879 0.625374776946569
76.2600784334836 0.616489110039944
76.2871771309073 0.607930431653131
76.3141410999646 0.599700124996259
76.3409724880994 0.591799235278763
76.3676736212648 0.584228489430408
76.3942470090186 0.576988316334687
76.4206953495846 0.570078867535093
76.4470215348124 0.563500038373539
76.4732286549528 0.557251489517902
76.499320003153 0.551332668832178
76.5252990795654 0.545742833537856
76.5511695949454 0.540481072608713
76.5769354736039 0.535546329333235
76.602600855567 0.530937423969165
76.628170097785 0.526653076403354
76.653647774227 0.522691928717272
76.6790386746945 0.519052567544384
76.7043478021873 0.515733546090631
76.7295803686666 0.512733405673891
76.754741789072 0.510050696623281
76.7798376734745 0.507683998365336
76.8048738172772 0.505631938512367
76.8298561894126 0.503893210759713
76.8547909185332 0.50246659139413
76.8796842772422 0.50135095421622
76.9045426644651 0.500545283686174
76.9293725861218 0.500048686114925
76.9541806343118 0.499860398741958
76.9789734652766 0.499979796566468
77.0037577764464 0.500406396829479
77.0285402829109 0.501139861079903
77.0533276936758 0.502179994795929
77.0781266880721 0.503526744572884
77.1029438926804 0.505180192928096
77.1277858591115 0.507140550810506
77.1526590429521 0.509408147936352
77.1775697841435 0.511983421100831
77.2025242890098 0.514866900638373
77.2275286141012 0.518059195220504
77.2525886519609 0.521560975190184
77.2777101188693 0.525372954635242
77.3028985445724 0.529495872401654
77.3281592639523 0.533930472240829
77.3534974105625 0.538677482274633
77.3789179119172 0.543737593948654
77.4044254864029 0.549111440629178
77.4300246416616 0.554799575983391
77.4557196742874 0.560802452266198
77.4815146706751 0.567120398621516
77.5074135088578 0.573753599491268
77.5334198611794 0.580702073212131
77.559537197655 0.587965650868398
77.5857687898817 0.595543955459394
77.6121177153771 0.603436381431577
77.6385868622331 0.611642074618867
77.6651789339873 0.620159912629613
77.6918964546261 0.628988485714959
77.7187417736472 0.638126078150858
77.7457170711185 0.647570650164614
77.7728243626837 0.657319820436312
77.8000655044719 0.667370849205723
77.8274421978792 0.677720622016084
77.8549559941959 0.688365634127392
77.882608299061 0.699301975633439
77.91040037673 0.710525317318559
77.9383333541482 0.722030897291979
77.9664082248242 0.733813508439554
77.9946258525035 0.74586748673454
78.0229869746418 0.75818670045083
78.0514922056841 0.77076454032366
78.0801420401534 0.783593910704191
78.1089368555564 0.796667221755531
78.1378769151145 0.809976382738609
78.1669623703282 0.823512796436891
78.196193263385 0.837267354769155
78.225569529419 0.851230435639414
78.2550909986332 0.865391901072603
78.2847573982945 0.879741096683746
78.3145683546093 0.894266852527089
78.344523394492 0.908957485369964
78.3746219472336 0.923800802434111
78.4048633460812 0.93878410664464
78.4352468297361 0.953894203423926
78.4657715437805 0.969117409064363
78.4964365420394 0.984439560710159
78.5272407878883 0.999846027974162
78.5581831555106 1.01532172621117
78.5892624311165 1.03085113146411
78.620477314126 1.04641829709434
78.6518264183264 1.06200687210117
78.6833082730075 1.07760012113024
78.7149213240833 1.09318094616346
78.7466639352029 1.10873190987673
78.7785343888589 1.12423526064487
78.8105308874959 1.13967295916562
78.8426515546254 1.15502670666749
78.8748944359511 1.17027797465847
78.907257500508 1.185408036165
78.9397386418203 1.20039799840271
78.9723356790818 1.21522883681274
79.0050463583599 1.22988143038947
79.0378683538302 1.24433659821788
79.0707992690404 1.25857513713096
79.103836638209 1.27257786039012
79.1369779275601 1.28632563728438
79.170220536696 1.29979943353688
79.2035618000104 1.31298035240079
79.2369989881428 1.32584967632015
79.2705293094768 1.33838890902554
79.3041499116822 1.35057981792869
79.3378578833024 1.36240447667581
79.3716502553888 1.37384530771455
79.4055240031803 1.38488512472622
79.4394760478317 1.39550717477187
79.4735032581876 1.40569517999829
79.5076024526044 1.41543337874885
79.5417704008193 1.42470656592302
79.5760038258647 1.43350013242858
79.6102994060297 1.44180010357148
79.6446537768662 1.44959317622985
79.6790635332384 1.4568667546614
79.7135252314168 1.46360898479674
79.7480353912121 1.46980878687538
79.7825904981511 1.47545588628648
79.8171870056898 1.48054084248206
79.8518213374643 1.48505507583729
79.8864898895763 1.48899089233991
79.9211890329121 1.49234150599901
79.9559151154921 1.4951010588725
79.9906644648489 1.49726463862174
80.0254333904329 1.49882829351252
80.06021818604 1.49978904479185
80.0950151322627 1.50014489638118
80.1298204989588 1.4998948418385
80.1646305477368 1.49903886855348
80.1994415344548 1.49757795915176
80.2342497117304 1.49551409009733
80.2690513314584 1.49285022749371
80.3038426473336 1.48959032009774
80.3386199173768 1.48573928957162
80.3733794064592 1.48130301801151
80.4081173888249 1.47628833280262
80.4428301506062 1.47070298886301
80.4775139923316 1.46455564834902
80.5121652314207 1.45785585790678
80.5467802046666 1.45061402356428
80.5813552707005 1.44284138336852
80.6158868124374 1.43454997788142
80.6503712395008 1.42575261865669
80.6848049906222 1.41646285482774
80.7191845360153 1.40669493794363
80.7535063797219 1.39646378519637
80.7877670619265 1.38578494118822
80.8219631612399 1.37467453839224
80.8560912969483 1.36314925646276
80.8901481312265 1.35122628055558
80.9241303713154 1.33892325881913
80.9580347716601 1.32625825921922
80.9918581360101 1.31324972585987
81.0255973194782 1.29991643496205
81.05924923056 1.28627745066059
81.0928108331115 1.27235208077725
81.1262791482857 1.25815983272456
81.1596512564278 1.24372036969154
81.1929242989289 1.22905346725739
81.2260954800398 1.21417897057463
81.2591620686439 1.19911675225688
81.2921213999919 1.18388667110038
81.3249708773977 1.16850853176178
81.3577079738988 1.15300204550707
81.3903302338815 1.13738679213936
81.4228352746734 1.12168218320511
81.4552207881064 1.10590742657051
81.4874845420507 1.09008149245119
81.5196243819248 1.07422308097015
81.5516382321841 1.05835059131038
81.5835240977907 1.04248209251994
81.6152800656695 1.02663529601898
81.6469043061542 1.01082752984978
81.6783950744277 0.995075714702596
81.7097507119623 0.979396341742065
81.7409696479644 0.963805452251211
81.7720504008294 0.94831861910239
81.8029915796132 0.932950930057368
81.8337918855264 0.917716972891785
81.864450113458 0.902630822332686
81.8949651535357 0.887706028791682
81.9253359927305 0.872955608870519
81.9555617165136 0.858392037610528
81.9856415105738 0.844027242452568
82.0155746626038 0.829872598869612
82.045360564165 0.815938927630229
82.0749987126404 0.802236493647661
82.1044887132834 0.788775006366232
82.1338302813754 0.775563621634237
82.1630232444992 0.762610945010388
82.1920675449408 0.749925036449263
82.2209632422282 0.737513416310015
82.2497105158176 0.725383072631845
82.2783096679371 0.713540469619407
82.3067611265963 0.70199155728137
82.3350654487717 0.69074178216578
82.363223323773 0.679796099136645
82.3912355767987 0.669158984137239
82.4191031726842 0.658834447886963
82.4468272198443 0.64882605046017
82.4744089744102 0.639136916697131
82.5018498445563 0.629769752399131
82.5291513950086 0.620726861261632
82.5563153517222 0.61201016250126
82.5833436067083 0.603621209134128
82.6102382229855 0.595561206864486
82.6370014396216 0.587831033543837
82.663635676824 0.580431259161273
82.6901435410254 0.57336216632584
82.7165278299027 0.566623771200894
82.7427915372521 0.560215844848704
82.7689378576331 0.554137934940632
82.7949701906783 0.54838938778405
82.8208921449547 0.542969370611487
82.8467075412458 0.537876894070295
82.8724204151135 0.533110834842232
82.8980350185871 0.528669958311816
82.9235558208173 0.524552941190186
82.9489875075297 0.520758393987645
82.9743349791107 0.517284883213446
82.9996033471637 0.514130953166127
83.0247979293865 0.511295147162411
83.0499242426381 0.508776028038191
83.0749879940914 0.506572197742244
83.0999950704017 0.504682315833066
83.1249515248645 0.503105116682678
83.1498635625836 0.501839425189274
83.1747375237242 0.500884170804153
83.199579864983 0.500238399688021
83.224397139461 0.499901284827857
83.2491959751811 0.499872133968008
83.2739830525356 0.500150395237537
83.2987650809915 0.500735660389264
83.3235487754037 0.501627665603044
83.3483408323051 0.502826289845176
83.3731479065371 0.504331550815594
83.3979765885762 0.506143598552988
83.4228333828798 0.508262706803517
83.4477246875427 0.510689262289898
83.4726567755049 0.513423752043296
83.4976357775003 0.516466748979929
83.5226676668853 0.519818895917276
83.5477582464237 0.523480888231448
83.5729131370596 0.527453455358026
83.5981377686578 0.531737341334256
83.6234373726501 0.536333284571764
83.6488169764934 0.541241997036991
83.6742813998159 0.546464143002233
83.6998352521085 0.55200031751456
83.7254829318084 0.557851024713783
83.7512286266116 0.564016656114702
83.7770763148527 0.570497468953789
83.8030297677935 0.577293564686525
83.8290925526694 0.584404867709186
83.8552680363508 0.591831104368092
83.8815593894897 0.59957178231025
83.907969591035 0.607626170221903
83.9345014330102 0.615993277995694
83.961157525463 0.624671837362794
83.9879403015075 0.633660283023301
84.0148520223923 0.642956734306338
84.0418947825376 0.652558977390336
84.0690705144959 0.66246444811391
84.0963809937991 0.672670215408249
84.1238278436633 0.683172965383025
84.1514125395285 0.693968986099231
84.1791364134181 0.705054153064055
84.207000658107 0.716423915484749
84.235006331092 0.728073283320343
84.2631543583619 0.739996815171973
84.2914455379671 0.752188607054401
84.3198805433922 0.764642282092977
84.3484599267353 0.77735098119182
84.377184121702 0.790307354720235
84.4060534464188 0.803503555265404
84.4350681060775 0.816931231500106
84.4642281954173 0.830581523214611
84.4935337010544 0.844445057561935
84.5229845036699 0.858511946565354
84.5525803800648 0.872771785936373
84.5823210050917 0.887213655250273
84.6122059534743 0.901826119524896
84.6422347015228 0.916597232246416
84.6724066287552 0.931514539883574
84.7027210194334 0.946565087929111
84.7331770640237 0.961735428504007
84.7637738605885 0.97701162955657
84.7945104161194 0.992379285684452
84.8253856478176 1.00782353060328
84.8563983843308 1.02332905128079
84.8875473669523 1.03888010375027
84.9188312507899 1.05446053061137
84.9502486059113 1.0700537802207
84.9817979184713 1.08564292756825
85.0134775918271 1.101210696829
85.0452859476472 1.11673948557254
85.0772212270194 1.13221139060628
85.1092815915614 1.1476082354203
85.1414651245409 1.1629115991949
85.1737698320071 1.17810284732371
85.2061936439393 1.19316316339788
85.2387344154153 1.20807358258872
85.2713899278041 1.22281502635874
85.3041578899846 1.23736833842266
85.3370359395956 1.25171432187286
85.3700216443166 1.26583377737567
85.403112503185 1.27970754233778
85.4363059479501 1.29331653093472
85.4695993444662 1.30664177488673
85.5029899941268 1.31966446486047
85.5364751353414 1.33236599236932
85.5700519450561 1.34472799203907
85.603717540319 1.35673238410077
85.6374689798913 1.368361416968
85.6713032659051 1.37959770975169
85.7052173455681 1.3904242945625
85.7392081129149 1.40082465844784
85.7732724106058 1.41078278480919
85.8074070317732 1.42028319414362
85.8416087219136 1.42931098395373
85.8758741808266 1.43785186767009
85.910200064599 1.44589221243205
85.9445829876336 1.45341907557466
85.9790195247214 1.46042023967248
86.0135062131567 1.46688424599504
86.0480395548921 1.47280042623315
86.082616018734 1.47815893236119
86.1172320425754 1.48295076450628
86.1518840356644 1.48716779670299
86.1865683809074 1.49080280041951
86.2212814372037 1.49384946575025
86.2560195418102 1.49630242017891
86.2907790127336 1.49815724482575
86.3255561511475 1.4994104881037
86.3603472438328 1.50005967671827
86.3951485656373 1.50010332395814
86.4299563819539 1.49954093523473
86.4647669512128 1.49837301084104
86.4995765273866 1.49660104591261
86.5343813625039 1.49422752758542
86.5691777091701 1.49125592935836
86.6039618230925 1.48769070268003
86.6387299656047 1.48353726579216
86.6734784061913 1.47880198987398
86.708203425006 1.47349218254379
86.7429013153841 1.4676160687855
86.7775683863433 1.46118276937919
86.8122009650728 1.45420227692517
86.8467953994064 1.44668542956141
86.8813480602777 1.43864388248364
86.9158553441552 1.43009007738617
86.9503136754539 1.42103720994993
86.9847195089222 1.41149919551134
87.0190693320013 1.40149063305241
87.0533596671555 1.39102676765826
87.0875870741708 1.38012345159309
87.1217481524202 1.36879710414984
87.1558395430952 1.35706467043178
87.1898579314004 1.34494357922678
87.2238000487104 1.33245170013636
87.2576626746885 1.31960730012197
87.2914426393657 1.30642899963097
87.3251368251795 1.29293572846333
87.358742168971 1.27914668153817
87.392255663942 1.26508127471659
87.4256743615697 1.25075910083362
87.4589953734804 1.23619988608789
87.4922158732828 1.22142344693274
87.5253330983603 1.20644964760726
87.5583443516236 1.19129835843916
87.5912470032257 1.17598941504533
87.624038492239 1.16054257854875
87.656716328297 1.14497749692287
87.6892780932026 1.12931366756714
87.7217214425049 1.11357040120915
87.7540441070463 1.09776678722075
87.7862438944847 1.081921660427
87.8183186907908 1.06605356947868
87.8502664617272 1.05018074685009
87.8820852543102 1.03432108051587
87.9137731982599 1.01849208735185
87.9453285074432 1.00271088829668
87.9767494813125 0.986994185302987
88.0080345063482 0.971358240098736
88.0391820575071 0.955818854771807
88.0701906996856 0.940391354183476
88.1010590892011 0.925090570209326
88.1317859753015 0.909930827799424
88.1623702017054 0.89492593284326
88.1928107081853 0.880089161818953
88.223106532197 0.865433253200749
88.2532568105672 0.850970400593693
88.2832607812443 0.836712247559769
88.3131177851246 0.822669884095564
88.3428272679606 0.808853844717842
88.3723887823618 0.795274108110144
88.4018019898985 0.781940098280752
88.4310666633173 0.768860687180055
88.4601826888792 0.756044198723495
88.4891500688303 0.743498414164878
88.5179689240154 0.731230578763866
88.5466394966434 0.719247409690935
88.5751621532156 0.707555105112951
88.6035373876244 0.696159354402763
88.6317658244305 0.685065349416822
88.6598482223262 0.674277796785763
88.6877854777892 0.663800931164112
88.7155786289305 0.653638529386745
88.7432288595375 0.643793925481389
88.7707375033086 0.634270026488294
88.7981060482753 0.625069329040038
88.8253361413992 0.616193936656378
88.8524295933291 0.607645577710829
88.8793883832961 0.599425624027277
88.9062146641153 0.591535110066268
88.9329107672597 0.583974752661516
88.9594792079547 0.576744971267495
88.9859226902388 0.569845908678609
89.0122441119187 0.563277452179165
89.0384465693382 0.557039255081058
89.0645333618641 0.551130758602546
89.090507995981 0.545551214036537
89.1163741888728 0.540299705150417
89.142135871353 0.535375170751334
89.1677971899985 0.530776427341147
89.1933625083276 0.526502191773849
89.2188364068584 0.522551103815406
89.2442236818809 0.518921748491802
89.2695293427765 0.515612678096036
89.2947586077304 0.51262243370951
89.3199168976931 0.509949566078211
89.3450098284754 0.507592655670338
89.3700432008883 0.505550331730345
89.3950229888785 0.503821290135925
89.4199553256584 0.502404309860117
89.4448464878772 0.501298267841509
89.4697028779386 0.500502152072148
89.4945310046224 0.500015072725696
89.5193374622284 0.499836271167789
89.5441289085052 0.499965126716149
89.5689120416735 0.500401161049082
89.5936935768845 0.501144040196482
89.6184802224751 0.502193574085943
89.6432786563868 0.503549713656348
89.6680955031117 0.505212545590643
89.6929373115035 0.507182284756658
89.7178105337637 0.509459264478254
89.7427215058673 0.512043924787501
89.7676764296452 0.514936798831124
89.7926813566853 0.51813849762061
89.8177421741595 0.521649693325071
89.8428645926297 0.525471101309501
89.8680541358372 0.529603461119059
89.8933161324325 0.534047516603255
89.9186557095665 0.53880399536341
89.9440777882329 0.543873587693449
89.9695870802278 0.549256925168999
89.9951880865761 0.554954559023819
90.0208850972676 0.560966938436442
90.0466821921382 0.56729438883441
90.0725832427363 0.573937090308903
90.0985919150198 0.5808950562194
90.1247116727352 0.588168112056407
90.1509457813446 0.595755874620386
90.1772973123758 0.603657731566788
90.2037691480843 0.611872821360522
90.2303639863311 0.620400013678149
90.2570843455883 0.629237890292437
90.2839325700031 0.63838472647146
90.3109108344562 0.647838472923089
90.3380211495645 0.657596738315212
90.3652653665887 0.667656772402276
90.3926451822092 0.678015449789584
90.4201621431496 0.688669254368001
90.4478176506249 0.699614264453354
90.475612964604 0.71084613866654
90.5035492078765 0.722360102592279
90.5316273699209 0.734150936256344
90.559848310571 0.74621296246297
90.5882127634838 0.758540036035919
90.6167213394124 0.771125534008221
90.645374529289 0.783962346807069
90.6741727071251 0.797042870481408
90.7031161327371 0.810359000020695
90.7322049543059 0.823902123813788
90.7614392107794 0.837663119297198
90.7908188341284 0.851632349841778
90.8203436514645 0.865799662926431
90.8500133870306 0.880154389646529
90.879827664074 0.894685345603475
90.9097860066108 0.909380833220121
90.9398878410917 0.924228645524691
90.9701324979788 0.939216071443318
91.0005192132413 0.954329902638386
91.0310471297796 0.969556441926509
91.0617152987859 0.984881513306195
91.0925226810493 1.00029047362109
91.1234681482126 1.01576822588005
91.154550483989 1.03129923425043
91.1857683853447 1.04686754073537
91.2171204636551 1.06245678354048
91.2486052458394 1.0780502171289
91.2802211754816 1.09363073395756
91.3119666139414 1.10918088788061
91.3438398414615 1.12468291919912
91.3758390582773 1.14011878132892
91.4079623857307 1.15547016905091
91.4402078673958 1.1707185483009
91.4725734702187 1.18584518744788
91.5050570856755 1.20083119000231
91.5376565309528 1.21565752868772
91.5703695501532 1.23030508080157
91.6031938155294 1.24475466478307
91.63612692875 1.25898707789831
91.669166422198 1.2729831349456
91.702309760307 1.28672370787628
91.7355543409346 1.30018976621965
91.7688974967765 1.31336241819379
91.802336496822 1.32622295237767
91.8358685478531 1.33875287981427
91.869490795988 1.35093397640885
91.9032003282694 1.36274832548173
91.9369941742998 1.37417836033073
91.9708693079226 1.3852069066546
92.0048226489508 1.39581722468604
92.0388510649431 1.40599305088043
92.0729513730262 1.41571863900495
92.1071203417647 1.42497880047222
92.1413546930775 1.43375894376227
92.1756511041994 1.44204511277797
92.2100062096887 1.44982402398047
92.2444166034777 1.45708310215399
92.2788788409671 1.46381051465258
92.3133894411617 1.4699952039858
92.3479448888463 1.47562691860563
92.3825416367999 1.48069624176223
92.4171761080477 1.4851946183038
92.4518446981467 1.48911437930246
92.4865437775056 1.49244876439682
92.5212696937349 1.49519194175072
92.5560187740257 1.49733902553709
92.5907873275548 1.49888609086618
92.6255716479142 1.49983018608801
92.6603680155612 1.50016934241018
92.6951727002881 1.49990258078348
92.7299819637071 1.49902991601996
92.7647920617501 1.49755235812011
92.7995992471778 1.49547191079797
92.8343997720974 1.49279156720573
92.8691898904858 1.48951530287155
92.9039658607147 1.48564806587688
92.9387239480751 1.48119576431171
92.9734604272989 1.47616525105819
93.0081715850744 1.47056430596492
93.0428537225529 1.46440161548538
93.0775031578441 1.45768674986502
93.1121162284963 1.45043013797189
93.1466892939617 1.44264303987558
93.1812187380405 1.43433751728823
93.2157009713044 1.42552640199022
93.2501324334958 1.41622326237068
93.2845095959011 1.40644236822005
93.3188289636944 1.39619865391806
93.3530870782523 1.38550768016603
93.3872805194355 1.37438559441667
93.4214059078369 1.36284909015831
93.4554599069939 1.35091536521319
93.4894392255639 1.33860207921131
93.5233406194617 1.32592731040226
93.5571608939581 1.31290951196758
93.5908969057377 1.29956746799543
93.6245455649165 1.28592024927785
93.6581038370189 1.2719871690882
93.6915687449121 1.25778773909371
93.7249373707005 1.24334162555375
93.7582068575781 1.22866860595002
93.7913744116406 1.21378852618975
93.8244373036571 1.19872125851712
93.8573928708036 1.18348666026178
93.8902385183577 1.16810453354657
93.9229717213577 1.15259458606946
93.9555900262267 1.13697639306689
93.9880910523643 1.1212693605581
94.0204724937077 1.10549268996178
94.0527321202658 1.08966534416799
94.0848677796278 1.07380601514018
94.1168773984512 1.05793309311329
94.1487589839306 1.04206463744563
94.1805106252536 1.02621834917379
94.2121304950463 1.01041154531137
94.2436168508133 0.994661134924056
94.2749680363776 0.978983597005758
94.3061824833252 0.963394960172446
94.3372587124605 0.94791078418293
94.3681953352775 0.93254614328858
94.398991055455 0.917315611407024
94.4296446703802 0.902233249108381
94.4601550727104 0.887312592396398
94.4905212519784 0.872566643261147
94.5207422962503 0.858007861974622
94.5508173938446 0.843648161095705
94.5807458351202 0.829498901146585
94.6105270143429 0.815570887918739
94.6401604316401 0.801874371363137
94.6696456950527 0.788419046016315
94.6989825226944 0.77521405291141
94.7281707450287 0.762267982921196
94.7572103072737 0.74958888147854
94.7861012719436 0.737184254618495
94.8148438215393 0.725061076285555
94.8434382613957 0.713225796849215
94.8718850226953 0.701684352771087
94.9001846656579 0.690442177367241
94.9283378829115 0.679504212610218
94.9563455030526 0.668874921916241
94.9842084943988 0.658558303864521
95.011927968936 0.64855790679712
95.0395051864608 0.638876844249576
95.0669415589108 0.629517811164361
95.0942386548785 0.620483100841157
95.1213982042921 0.611774622579757
95.1484221032464 0.60339391997317
95.1753124189567 0.595342189809942
95.2020713948028 0.587620301545887
95.2287014554201 0.580228817305997
95.2552052117847 0.573168012377331
95.2815854662304 0.566437896152857
95.3078452173195 0.560038233484421
95.3339876644804 0.553968566400134
95.3600162123087 0.548228236137215
95.3859344744161 0.542816405435639
95.4117462766975 0.5377320810307
95.4374556598745 0.532974136273663
95.4630668811609 0.528541333799097
95.4885844148912 0.524432348145304
95.5140129519426 0.520645788220712
95.5393573977862 0.517180219494421
95.5646228690053 0.514034185773829
95.5898146881301 0.511206230417019
95.6149383766598 0.508694916813079
95.6399996461676 0.506498847950701
95.6650043874213 0.504616684885285
95.6899586574918 0.503047163908231
95.7148686648738 0.501789112220355
95.7397407526935 0.500841461914992
95.7645813801371 0.500203262086199
95.7893971022875 0.499873688893707
95.8141945486115 0.499852053438899
95.8389804003851 0.500137807334617
95.863761367384 0.500730545885068
95.8885441641922 0.501630008829329
95.9133354864944 0.502836078641311
95.9381419877201 0.504348776418803
95.9629702563898 0.506168255432644
95.98782679449 0.508294792442518
96.0127179971645 0.51072877691685
96.0376501339618 0.513470698319799
96.0626293318298 0.516521131647646
96.0876615599896 0.519880721409723
96.1127526167707 0.523550164255527
96.1379081184319 0.527530190450287
96.1631334899496 0.531821544396692
96.1884339577106 0.536424964391712
96.2138145440128 0.541341161795355
96.2392800632519 0.546570799773896
96.2648351196499 0.552114471764438
96.2904841063705 0.557972679791582
96.3162312058606 0.564145812751051
96.3420803912548 0.570634124760037
96.3680354286853 0.577437713660189
96.3940998803449 0.584556499746705
96.4202771081627 0.591990204786323
96.446570277962 0.599738331377899
96.4729823639829 0.607800142701928
96.499516153666 0.616174642699576
96.5261742526058 0.62486055671747
96.5529590895946 0.633856312651488
96.5798729216902 0.643160022620916
96.6069178392526 0.652769465203456
96.6340957709023 0.662682068261468
96.6614084883644 0.672894892390397
96.6888576111696 0.683404615021384
96.7164446111901 0.694207515211529
96.7441708169944 0.70529945915692
96.772037418011 0.716675886465443
96.8000454684936 0.728331797228255
96.8281958912863 0.740261739930716
96.8564894813889 0.752459800245403
96.8849269093239 0.764919590751497
96.9135087243121 0.777634241626312
96.942235357261 0.790596392356048
96.971107123575 0.803798184513784
97.0001242257948 0.8172312556535
97.0292867560759 0.830886734369245
97.0585946985149 0.844755236568672
97.0880479313334 0.858826863009775
97.1176462289299 0.873091198149032
97.1473892638091 0.887537310348044
97.1772766083977 0.902153753484257
97.207307736758 0.916928570009505
97.2374820262065 0.931849295497767
97.2677987588484 0.946902964720804
97.2982571230354 0.962076119287216
97.3288562147566 0.977354816876875
97.3595950389694 0.992724642098701
97.3904725108791 1.00817071899538
97.4214874571741 1.02367772521382
97.4526386172245 1.03922990785493
97.48392464425 1.05481110101084
97.5153441064645 1.07040474499166
97.5468954882028 1.08599390723773
97.5785771910358 1.10156130490669
97.6103875348785 1.1170893291179
97.6423247590982 1.13256007082959
97.6743870236252 1.14795534831693
97.7065724100725 1.16325673621151
97.7388789228676 1.17844559605525
97.7713044904015 1.19350310831388
97.8038469661972 1.20841030578741
97.8365041301025 1.22314810834707
97.86927368951 1.23769735892049
97.9021532806064 1.25203886063915
97.9351404696548 1.26615341505445
97.9682327543121 1.28002186132156
98.0014275649837 1.29362511624281
98.0347222662171 1.30694421505583
98.0681141581372 1.31996035284474
98.1016004779236 1.33265492644708
98.1351784013319 1.34500957672306
98.16884504426 1.35700623104904
98.2025974643602 1.3686271458921
98.2364326626971 1.37985494931905
98.270347585454 1.3906726832897
98.3043391256842 1.40106384558149
98.3384041251115 1.41101243119101
98.3725393759763 1.4205029730566
98.4067416229293 1.4295205819458
98.4410075649708 1.43805098535229
98.4753338574356 1.44608056524788
98.5097171140226 1.45359639453742
98.5441539088678 1.46058627206767
98.5786407786593 1.46703875604479
98.6131742247943 1.47294319571998
98.6477507155739 1.47828976120823
98.6823666884368 1.48306947131171
98.7170185522287 1.48727421922607
98.7517026895056 1.49089679601632
98.7864154588687 1.49393091175701
98.8211531973297 1.49637121424117
98.8559122227031 1.49821330517211
98.8906888360239 1.4994537537625
98.9254793239873 1.50009010767653
98.9602799614098 1.50012090126177
98.9950870137061 1.49954566102957
99.0298967393822 1.49836490835449
99.06470539254 1.49658015937583
99.0995092253909 1.49419392209639
99.1343044907768 1.49120969068634
99.1690874446941 1.48763193701219
99.203854348819 1.4834660994235
99.2386014730304 1.47871856884176
99.2733250979292 1.47339667220803
99.3080215173489 1.46750865335744
99.3426870408567 1.4610636513995
99.3773179962418 1.45407167669431
99.4119107319878 1.44654358452446
99.4464616197275 1.43849104657212
99.4809670566767 1.42992652031976
99.5154234680457 1.42086321650085
99.5498273094248 1.41131506473447
99.5841750691432 1.40129667748433
99.6184632705983 1.39082331248836
99.652688474553 1.37991083381022
99.6868472814009 1.36857567166769
99.7209363333958 1.35683478119658
99.7549523168458 1.34470560031069
99.788891964269 1.33220600681992
99.8227520565115 1.31935427496918
99.8565294248246 1.30616903156032
99.890220952903 1.29266921181803
99.9238235788807 1.27887401515908
99.9573342972871 1.26480286102082
99.9907501609602 1.25047534490203
100.02406828292 1.23591119476438
100.057285838199 1.22113022793836
100.090400065637 1.2061523086716
100.123408269627 1.1909973064519
100.156307821836 1.17568505523017
100.189096162874 1.16023531366204
100.221770803941 1.14466772647912
100.254329328432 1.12900178709323
100.286769393509 1.11325680152906
100.319088731655 1.09745185377233
100.35128515219 1.08160577261224
100.383356542768 1.06573710004863
100.415300870858 1.04986406132548
100.447116185204 1.03400453664427
100.478800617272 1.01817603460207
100.510352382698 1.00239566739086
100.541769782722 0.986680127786817
100.573051205631 0.971045667949819
100.604195128211 0.955508080046353
100.635200117204 0.940082678701091
100.666064830796 0.92478428527566
100.696788020123 0.909627213966287
100.727368530812 0.894625259705671
100.757805304565 0.879791687848489
100.78809738079 0.865139225614448
100.81824389829 0.850680055257687
100.848244097012 0.836425808926706
100.878097319877 0.822387565174841
100.907803014691 0.80857584707757
100.937360736142 0.795000621909735
100.966770147911 0.781671302332958
100.996031024888 0.768596749041263
101.02514325551 0.755785274811046
101.054106844238 0.74324464990016
101.082921914169 0.730982108739935
101.111588709808 0.719004357863396
101.140107599996 0.707317585012861
101.168479081013 0.695927469370313
101.196703779859 0.684839192854588
101.224782457722 0.674057452430342
101.252716013632 0.663586473374991
101.280505488313 0.653430023451281
101.308152068231 0.643591427934845
101.335657089834 0.634073585447879
101.363022043972 0.624878984551982
101.390248580503 0.616009721055104
101.417338513048 0.607467515989312
101.444293823891 0.59925373421774
101.471116668984 0.591369403630395
101.497809383018 0.583815234889368
101.524374484523 0.576591641684344
101.550814680921 0.569698761458903
101.577132873486 0.563136476566813
101.603332162105 0.556904435815184
101.629415849758 0.551002076347799
101.655387446608 0.545428645816963
101.681250673571 0.540183224785773
101.707009465233 0.535264749294578
101.732667971969 0.530672033515661
101.758230561107 0.526403792408749
101.783701816959 0.522458664277051
101.809086539572 0.518835233109363
101.834389742023 0.515532050578727
101.859616646097 0.512547657552792
101.884772676219 0.509880604956059
101.909863451516 0.507529473810382
101.934894775919 0.505492894268568
101.959872626262 0.503769563447432
101.984803138381 0.502358261862482
102.009692591246 0.50125786826726
102.034547389246 0.500467372707107
102.059374042786 0.499985887610195
102.084179147404 0.499812656758176
102.108969361679 0.499947062004497
102.13375138424 0.500388627639624
102.158531930222 0.501137022337965
102.183317707514 0.502192058659797
102.208115393189 0.50355369012128
102.232931610457 0.505222005884984
102.257772906501 0.507197223160415
102.28264573148 0.509479677437396
102.307556418986 0.512069810703477
102.332511168159 0.514968157818962
102.357516027617 0.518175331239194
102.382576881326 0.521692004283308
102.407699436437 0.525518893152104
102.432889213111 0.529656737895609
102.458151536289 0.534106282524025
102.483491529309 0.53886825444523
102.508914109286 0.543943343398613
102.534423984097 0.549332180039954
102.560025650833 0.555035314316036
102.585723395559 0.561053193751616
102.611521294215 0.567386141755819
102.637423214498 0.574034336040513
102.663432818576 0.580997787230062
102.689553566475 0.588276317730288
102.71578872002 0.595869540914588
102.742141347187 0.603776840676985
102.768614326774 0.611997351395307
102.795210353281 0.620529938342707
102.821931941918 0.629373178582081
102.848781433669 0.638525342375539
102.875761000349 0.647984375139728
102.90287264961 0.657747879977346
102.930118229842 0.667813100815437
102.957499434948 0.6781769061819
102.985017808965 0.688835773652897
103.01267475051 0.699785775005448
103.040471517036 0.711022562111265
103.068409228901 0.722541353609776
103.096488873225 0.734336922400208
103.124711307558 0.746403583994452
103.153077263344 0.758735185774189
103.181587349189 0.771325097197359
103.21024205394 0.784166201000419
103.239041749585 0.797250885443983
103.267986693972 0.810571037650289
103.297077033367 0.824118038081493
103.326312804855 0.837882756207981
103.355693938589 0.851855547415796
103.385220259913 0.866026251201722
103.414891491343 0.880384190703713
103.44470725444 0.894918173613059
103.474667071573 0.909616494512974
103.504770367585 0.924466938686207
103.535016471364 0.939456787431752
103.565404617341 0.954572824927782
103.59593394691 0.969801346674575
103.626603509788 0.985128169547436
103.657412265321 1.0005386434854
103.688359083736 1.01601766483697
103.719442747361 1.031549691379
103.750661951806 1.04711875901974
103.782015307114 1.06270850019102
103.813501338902 1.07830216392862
103.845118489477 1.09388263763355
103.876865118949 1.10943247050004
103.908739506335 1.12493389858934
103.940739850672 1.14036887152086
103.972864272129 1.15571908074525
104.005110813133 1.17096598935588
104.037477439509 1.18609086338797
104.069962041637 1.20107480454647
104.102562435634 1.21589878429621
104.135276364561 1.23054367923979
104.168101499653 1.24499030770106
104.201035441589 1.25921946742445
104.234075721791 1.27321197429266
104.267219803758 1.28694870195822
104.300465084441 1.30041062227727
104.333808895657 1.31357884642727
104.367248505547 1.32643466658397
104.400781120074 1.33895959802737
104.434403884566 1.35113542154058
104.468113885307 1.36294422596105
104.50190815117 1.37436845073913
104.535783655304 1.38539092835544
104.569737316855 1.39599492644537
104.603766002751 1.40616418947705
104.637866529518 1.41588297982744
104.672035665155 1.42513611810044
104.706270131049 1.43390902253121
104.740566603938 1.44218774732162
104.774921717916 1.44995901975352
104.809332066487 1.45721027592917
104.843794204662 1.46392969499166
104.878304651088 1.47010623168223
104.91285989023 1.47572964709682
104.947456374585 1.48079053750994
104.982090526931 1.48528036114075
105.016758742616 1.48919146274375
105.051457391879 1.49251709591481
105.086182822194 1.49525144301204
105.120931360658 1.49738963260081
105.155699316388 1.49892775434216
105.190482982957 1.49986287125475
105.225278640838 1.50019302929154
105.26008255988 1.49991726418398
105.294891001788 1.49903560551843
105.329700222625 1.4975490780216
105.364506475321 1.49545970004425
105.399306012188 1.49277047924461
105.434095087447 1.48948540548563
105.468869959751 1.48560944097242
105.503626894705 1.48114850766851
105.538362167397 1.4761094720416
105.573072064903 1.47050012720118
105.607752888798 1.46432917250161
105.642400957653 1.45760619069554
105.677012609509 1.45034162273241
105.711584204346 1.44254674030712
105.746112126525 1.43423361627268
105.780592787213 1.4254150930396
105.815022626778 1.41610474909211
105.849398117163 1.40631686375877
105.883715764231 1.39606638038066
105.917972110077 1.38536886802629
105.952163735308 1.37424048190631
105.986287261293 1.36269792264506
106.020339352372 1.35075839456867
106.054316718035 1.33843956317099
106.088216115052 1.32575951192001
106.122034349575 1.3127366985672
106.155768279194 1.29938991112142
106.189414814956 1.28573822364773
106.222970923337 1.27180095204877
106.256433628178 1.25759760998321
106.289800012579 1.24314786507214
106.323067220749 1.22847149553942
106.356232459817 1.21358834742683
106.389293001607 1.19851829251943
106.422246184366 1.18328118710951
106.455089414458 1.16789683172159
106.487820168027 1.15238493191289
106.520435992615 1.1367650602567
106.552934508757 1.12105661960791
106.585313411538 1.10527880774197
106.617570472129 1.08945058345016
106.649703539296 1.07359063416568
106.681710540884 1.05771734518671
106.713589485287 1.04184877055369
106.745338462905 1.02600260563024
106.776955647586 1.01019616142815
106.80843929807 0.994446340709009
106.839787759424 0.978769615887012
106.870999464489 0.963182008749453
106.902072935335 0.947699072004101
106.933006784733 0.932335872655303
106.963799717649 0.917106977203801
106.994450532767 0.902026438658694
107.024958124054 0.88710778534387
107.055321482362 0.872364011475464
107.085539697091 0.857807569481618
107.115611957902 0.843450364030974
107.145537556513 0.82930374773189
107.175315888561 0.815378518460484
107.204946455561 0.801684918272094
107.234428866955 0.788232633847785
107.263762842278 0.775030798424959
107.292948213431 0.762087995159101
107.32198492709 0.749412261862044
107.350873047249 0.737011097060992
107.379612757911 0.724891467321791
107.408204365938 0.713059815779627
107.436648304068 0.701522071820394
107.464945134102 0.690283661856412
107.493095550284 0.679349521140973
107.521100382857 0.668724106567255
107.548960601822 0.65841141039854
107.576677320884 0.648414974878198
107.6042518016 0.638737907669711
107.631685457712 0.629382898078814
107.658979859658 0.620352234011782
107.686136739261 0.611647819625694
107.713157994557 0.603271193628296
107.740045694753 0.59522354818649
107.76680208527 0.587505748403677
107.793429592838 0.580118352326727
107.819930830576 0.573061631443395
107.846308603014 0.566335591630146
107.872565910958 0.559939994508567
107.898705956123 0.553874379165599
107.924732145438 0.548138084188611
107.950648094881 0.542730269960589
107.976457632743 0.537649941153478
108.002164802161 0.532895969348732
108.027773862778 0.528467115703562
108.053289291352 0.524362053569159
108.078715781168 0.520579390953586
108.104058240071 0.517117692707372
108.12932178697 0.513975502294579
108.154511746647 0.511151362996821
108.17963364276 0.508643838383276
108.20469318893 0.506451531866895
108.229696277831 0.504573105156922
108.254648968282 0.503007295411381
108.279557470339 0.50175293089144
108.304428128487 0.50080894492331
108.329267403044 0.50017438798323
108.354081849982 0.499848437737397
108.3788780994 0.499830406891439
108.403662832937 0.500119748732549
108.428442760457 0.500716060281003
108.453224596355 0.501619083004988
108.478015035847 0.502828701092073
108.502820731627 0.504344937310391
108.527648271215 0.506167946531049
108.552504155352 0.508298007018623
108.577394777705 0.510735509627582
108.602326406132 0.513480945067886
108.627305165702 0.516534889422268
108.652337023589 0.519897988110455
108.677427775931 0.523570938502022
108.702583036676 0.52755447138012
108.72780822839 0.531849331453725
108.753108574975 0.536456257107185
108.778489096192 0.541375959563783
108.803954603862 0.546609101625644
108.829509699618 0.552156276136674
108.855158774034 0.558017984299088
108.880906006978 0.564194613958197
108.906755369035 0.570686417955044
108.932710623821 0.577493492632625
108.958775331058 0.584615756569028
108.984952850256 0.592052929600145
109.011246344875 0.599804512185543
109.037658786853 0.607869765163759
109.064192961394 0.616247689937513
109.090851471921 0.624937009125036
109.11763674512 0.633936147710711
109.144551036012 0.643243214726366
109.171596432986 0.652855985493692
109.198774862757 0.662771884458149
109.226088095209 0.672987968645326
109.253537748095 0.683500911771748
109.28112529157 0.694306989043596
109.308852052544 0.705402062678499
109.336719218844 0.716781568187387
109.364727843175 0.728440501455317
109.392878846886 0.740373406662094
109.42117302353 0.752574365085302
109.449611042232 0.765036984830047
109.478193450858 0.777754391531211
109.506920679005 0.790719220075282
109.535793040807 0.80392360738979
109.564810737574 0.817359186349141
109.593973860266 0.831017080845963
109.623282391821 0.84488790207716
109.652736209334 0.858961746093539
109.68233508611 0.873228192661165
109.712078693589 0.887676305481524
109.741966603163 0.902294633816083
109.771998287887 0.917071215558932
109.802173124097 0.931993581798889
109.832490392942 0.947048762909696
109.862949281844 0.962223296203822
109.893548885883 0.977503235181768
109.924288209133 0.992874160404821
109.955166165937 1.0083211920148
109.986181582141 1.02382900391954
110.017333196297 1.03938183965764
110.048619660823 1.05496352995057
110.080039543153 1.07055751194416
110.111591326863 1.08614685013527
110.143273412781 1.10171425897315
110.175084120101 1.11724212711766
110.207021687488 1.13271254332993
110.239084274187 1.14810732396333
110.271269961144 1.16340804201544
110.303576752142 1.17859605769375
110.336002574941 1.19365255044028
110.368545282455 1.20855855235249
110.401202653939 1.22329498292977
110.433972396214 1.23784268506741
110.466852144911 1.25218246221176
110.499839465758 1.26629511658321
110.532931855896 1.28016148836571
110.566126745233 1.29376249575492
110.599421497837 1.30707917574979
110.632813413377 1.32009272556614
110.666299728591 1.33278454454467
110.699877618818 1.34513627642008
110.733544199555 1.35712985181303
110.767296528076 1.36874753080203
110.801131605089 1.37997194542828
110.835046376439 1.39078614198355
110.869037734862 1.40117362292799
110.903102521787 1.41111838828354
110.93723752918 1.42060497634703
110.97143950144 1.42961850356691
111.005705137335 1.43814470342808
111.040031091992 1.44616996419055
111.074413978922 1.45368136532983
111.108850372097 1.46066671253009
111.14333680806 1.46711457108476
111.17786978809 1.47301429756435
111.212445780389 1.47835606961626
111.247061222321 1.48313091376838
111.281712522678 1.4873307311148
111.316396063985 1.49094832077019
111.351108204837 1.493977400988
111.385845282259 1.49641262784674
111.420603614103 1.49824961141864
111.455379501464 1.49948492934528
111.49016923112 1.50011613775594
111.52496907799 1.50014177947559
111.559775307616 1.49956138948124
111.594584178652 1.49837549757748
111.629391945369 1.49658562827415
111.664194860172 1.49419429786164
111.698989176115 1.49120500869153
111.733771149427 1.48762224068292
111.768537042041 1.48345144008691
111.803283124109 1.47869900555407
111.838005676528 1.47337227156139
111.872700993446 1.46747948926678
111.907365384764 1.46102980487056
111.941995178625 1.45403323557363
111.976586723885 1.44650064323248
112.011136392566 1.43844370582065
112.045640582291 1.42987488681475
112.080095718694 1.42080740263196
112.114498257809 1.41125518825258
112.148844688421 1.40123286116838
112.183131534401 1.39075568380283
112.217355356999 1.37983952455465
112.251512757113 1.36850081761962
112.285600377513 1.35675652174928
112.319614905037 1.34462407810708
112.353553072746 1.33212136738411
112.387411662043 1.31926666633685
112.421187504744 1.30607860390942
112.454877485124 1.29257611710107
112.488478541904 1.27877840673817
112.521987670214 1.26470489330689
112.555401923499 1.25037517299917
112.588718415395 1.23580897412066
112.621934321563 1.22102611400402
112.655046881472 1.20604645656571
112.688053400158 1.19088987063839
112.720951249932 1.17557618920415
112.753737872059 1.16012516964721
112.786410778397 1.14455645513692
112.818967553002 1.12888953724454
112.851405853708 1.1131437198889
112.883723413667 1.09733808469817
112.915918042877 1.08149145786634
112.94798762967 1.06562237857467
112.979930142197 1.04974906904
113.011743629887 1.03388940624292
113.043426224894 1.01806089538092
113.074976143542 1.00228064508291
113.106391687761 0.986565344413573
113.137671246533 0.970931241688124
113.168813297334 0.955394125110138
113.199816407603 0.939969305238042
113.230679236222 0.924671599278557
113.261400535022 0.909515317198746
113.291979150329 0.894514249642001
113.322414024543 0.879681657627327
113.352704197773 0.865030264005788
113.382848809521 0.850572246642892
113.41284710044 0.836319233291068
113.442698414153 0.822282298112215
113.472402199172 0.808471959806606
113.501958010895 0.794898181301195
113.531365513714 0.781570370947606
113.560624483233 0.768497385177791
113.589734808609 0.755687532563514
113.618696495025 0.743148579224404
113.647509666307 0.730887755528405
113.676174567692 0.718911764027896
113.704691568765 0.70722678857466
113.733061166552 0.695838504557109
113.761283988812 0.684752090203822
113.789360797497 0.67397223889836
113.817292492414 0.663503172451591
113.845080115077 0.653348655279174
113.872724852752 0.643512009433597
113.9002280427 0.633996130441913
113.927591176602 0.624803503902244
113.95481590516 0.615936222794003
113.981904042856 0.607396005458595
114.008857572853 0.599184214208952
114.035678652001 0.591301874527606
114.062369615907 0.583749694813868
114.088932984033 0.57652808664101
114.115371464757 0.569637185483959
114.141687960325 0.563076871876699
114.167885571613 0.556846792956263
114.193967602608 0.5509463843466
114.219937564494 0.545374892330664
114.245799179221 0.540131396252584
114.271556382416 0.535214831083665
114.297213325503 0.530624010076196
114.322774376855 0.526357647417624
114.348244121827 0.522414380784741
114.373627361496 0.518792793683328
114.398929109948 0.515491437443711
114.424154589949 0.512508852727266
114.449309226869 0.509843590383991
114.474398640733 0.507494231487477
114.49942863631 0.505459406362027
114.524405191211 0.503737812408268
114.549334441964 0.502328230529417
114.574222668147 0.501229539961225
114.599076274659 0.500440731315435
114.623901772308 0.499960917659651
114.648705756921 0.499789343476098
114.673494887246 0.499925391367476
114.69827586196 0.500368586409293
114.723055396115 0.501118598083693
114.747840197393 0.50217523976827
114.772636942532 0.503538465793196
114.797452254286 0.505208366119245
114.822292679264 0.507185158726449
114.84716466694 0.509469179836376
114.872074550119 0.512060872119366
114.897028527061 0.51496077106041
114.922032645422 0.518169489673406
114.947092788132 0.521687701763021
114.972214661244 0.525516123936846
114.997403783774 0.529655496568353
115.022665479473 0.534106563904355
115.048004870465 0.538870053500012
115.073426872628 0.543946655151145
115.09893619259 0.549336999478418
115.124537326194 0.555041636302034
115.150234558258 0.561061012929446
115.176031963485 0.567395452463067
115.201933408357 0.57404513222045
115.22794255384 0.58101006234626
115.25406285879 0.588290064683795
115.280297583883 0.595884751963943
115.306649795983 0.6037935073613
115.333122372805 0.612015464460605
115.359718007798 0.620549487671666
115.386439215158 0.6293941531273
115.413288334889 0.638547730096432
115.440267537861 0.648008162943127
115.467378830816 0.657773053661883
115.494624061267 0.667839645019772
115.522004922276 0.678204804336851
115.54952295707 0.688865007937529
115.57717956349 0.699816326307175
115.604975998244 0.711054409990021
115.632913380971 0.722574476266315
115.660992698108 0.734371296648582
115.689214806546 0.746439185238735
115.717580437097 0.758771987989498
115.746090197762 0.77136307291524
115.774744576808 0.784205321298649
115.803543945666 0.797291119940855
115.832488561651 0.810612354503428
115.861578570518 0.824160403991259
115.890814008862 0.83792613642551
115.920194806367 0.851899905755713
115.949720787925 0.866071550059573
115.979391675621 0.880430391078133
116.009207090604 0.894965235132698
116.039166554846 0.909664375468195
116.069269492811 0.924515596065542
116.099515233024 0.939506176963111
116.129903009569 0.954622901124372
116.160431963507 0.969852062885504
116.191101144239 0.98517947801292
116.221909510806 1.00059049539652
116.252855933148 1.01607001039986
116.283939193316 1.0316024798834
116.315157986657 1.04717193891173
116.346510922966 1.0627620191498
116.377996527622 1.07835596894724
116.409613242706 1.09393667510331
116.441359428117 1.10948668629842
116.473233362672 1.12498823817118
116.505233245217 1.14042328001264
116.537357195746 1.1557735030421
116.569603256518 1.17102037022114
116.601969393203 1.18614514755494
116.634453496038 1.20112893682209
116.667053381009 1.2159527096663
116.699766791052 1.23059734297549
116.732591397292 1.24504365546626
116.765524800309 1.25927244538363
116.798564531433 1.27326452921894
116.831708054084 1.28700078134115
116.864952765143 1.30046217442999
116.89829599637 1.31362982059262
116.931735015855 1.32648501303927
116.965267029524 1.33900926818725
116.998889182676 1.35118436805765
117.032598561575 1.36299240282397
117.066392195088 1.37441581336762
117.100267056362 1.38543743369191
117.134220064556 1.39604053304281
117.168248086616 1.40620885758276
117.202347939099 1.41592667146226
117.236516390043 1.4251787971332
117.270750160882 1.43395065474808
117.305045928413 1.44222830048994
117.339400326795 1.44999846368003
117.373809949609 1.45724858251228
117.408271351948 1.46396683826751
117.442781052553 1.47014218786441
117.47733553599 1.47576439460961
117.511931254864 1.48082405701481
117.546564632073 1.4853126355561
117.581232063088 1.48922247725785
117.61592991828 1.49254683799179
117.650654545267 1.49527990239098
117.685402271292 1.49741680128796
117.720169405627 1.49895362659633
117.754952242006 1.49988744356591
117.789747061072 1.50021630035283
117.824550132849 1.49993923485723
117.859357719223 1.49905627879334
117.894166076444 1.49756845896889
117.928971457634 1.49547779576286
117.963770115304 1.49278729880336
117.998558303878 1.48950095985955
118.033332282216 1.4856237429741
118.068088316139 1.48116157187472
118.102822680948 1.47612131471564
118.137531663942 1.47051076621122
118.172211566921 1.46433862723553
118.206858708682 1.4576144819725
118.241469427498 1.45034877271171
118.276040083583 1.44255277239461
118.310567061535 1.43423855502529
118.345046772757 1.42541896406827
118.379475657857 1.41610757896366
118.413850189021 1.40631867989697
118.448166872353 1.39606721096707
118.482422250191 1.38536874190116
118.516612903387 1.37423942846997
118.550735453553 1.36269597176024
118.584786565273 1.35075557646397
118.618762948279 1.33843590834601
118.652661359584 1.32575505105239
118.68647860558 1.31273146242187
118.720211544099 1.29938393046244
118.753857086422 1.28573152915294
118.787412199262 1.27179357422749
118.820873906694 1.25758957909726
118.854239292046 1.24313921106039
118.887505499755 1.228462247946
118.920669737175 1.21357853533329
118.953729276348 1.19850794448075
118.986681455737 1.1832703310944
119.019523681919 1.16788549505685
119.052253431244 1.1523731412321
119.084868251456 1.13675284145321
119.117365763286 1.12104399779218
119.149743662013 1.10526580720318
119.181999718992 1.08943722762218
119.21413178317 1.07357694559728
119.246137782564 1.05770334551595
119.278015725736 1.04183448048647
119.309763703246 1.02598804492286
119.341379889096 1.01018134887373
119.37286254217 0.994431294127791
119.404210007674 0.97875435212021
119.43542071858 0.963166543656663
119.466493197081 0.947683420464023
119.497426056061 0.932320048569627
119.528218000591 0.91709099350408
119.558867829453 0.902010307316024
119.589374436702 0.88709151738118
119.619736813267 0.872347616982223
119.649954048618 0.857791057630774
119.680025332475 0.843433743097905
119.709949956605 0.829287025115195
119.739727316684 0.815361700704389
119.769356914254 0.801668011090299
119.798838358776 0.788215642148535
119.828171369789 0.775013726337164
119.857355779192 0.762070846059305
119.886391533643 0.74939503840206
119.915278697107 0.736993801196024
119.944017453548 0.724874100338865
119.972608109775 0.713042378326169
120.001051098459 0.701504563932778
120.029346981325 0.690266082988337
120.057496452525 0.6793318701915
120.085500342196 0.668706381908387
120.113359620222 0.65839360990218
120.141075400176 0.648397095942382
120.168648943471 0.638719947243983
120.196081663687 0.629364852688638
120.223375131091 0.620334099781882
120.250531077316 0.611629592302243
120.277551400196 0.603252868599854
120.304438168724 0.595205120503637
120.331193628091 0.587487212797259
120.357820204782 0.580099703224687
120.384320511662 0.573042862986145
120.410697352992 0.566316697684454
120.436953729294 0.559920968679958
120.463092841995 0.55385521480929
120.489118097717 0.548118774418996
120.515033112129 0.542710807659335
120.540841713201 0.537630318976301
120.566547943746 0.53287617973095
120.592156063072 0.528447150864548
120.617670547605 0.524341905515829
120.643096090296 0.520559051483104
120.668437598656 0.517097153409268
120.693700191263 0.513954754552485
120.718889192575 0.511130397990082
120.744010125937 0.508622647088683
120.769068704662 0.506430105060819
120.794070821137 0.504551433418118
120.819022533902 0.502985369124756
120.843930052758 0.50173074025305
120.868799721952 0.50078647994685
120.893638001584 0.500151638508256
120.918451447434 0.499825393439498
120.943246689431 0.499807057294527
120.968030409067 0.500096083223417
120.992809316084 0.500692068126245
121.017590124779 0.501594753370342
121.042379530294 0.502804023064186
121.067184185268 0.504319899921008
121.092010677191 0.506142538783546
121.11686550679 0.508272217916811
121.141755067736 0.510709328206668
121.166685627909 0.513454360427474
121.191663312412 0.516507890761263
121.216694088465 0.519870564763736
121.241783752263 0.523543079978761
121.26693791782 0.52752616740361
121.292162007774 0.531820572002602
121.317461246107 0.536427032457947
121.342840652662 0.541346260334501
121.368305039347 0.546578918820784
121.393859007886 0.55212560119296
121.419506948945 0.55798680913233
121.445253042486 0.564162931011034
121.47110125919 0.570654220245542
121.497055362769 0.577460773803674
121.523118913045 0.584582510938483
121.549295269627 0.592019152211657
121.575587596077 0.599770198860017
121.601998864436 0.607834912551366
121.628531860012 0.61621229557019
121.655189186335 0.624901071469384
121.681973270202 0.633899666221189
121.708886366745 0.643206189898695
121.73593056447 0.65281841891834
121.763107790209 0.662733778873773
121.79041981397 0.672949327992029
121.817868253632 0.683461741244008
121.845454579481 0.694267295142701
121.873180118563 0.705361853264311
121.901046058844 0.716740852529249
121.929053453178 0.72839929028192
121.957203223062 0.740331712210076
121.985496162208 0.752532201146373
122.013932939901 0.76499436679642
122.042514104177 0.777711336439092
122.071240084806 0.790675746646172
122.100111196103 0.80387973606937
122.129127639565 0.817314939343456
122.158289506346 0.83097248215466
122.187596779582 0.844842977523512
122.217049336574 0.858916523350976
122.246646950841 0.873182701276047
122.276389294041 0.887630576891891
122.306275937793 0.902248701366096
122.336306355382 0.917025114508753
122.366479923384 0.931947349329717
122.396795923194 0.947002438123724
122.427253542484 0.962176920118844
122.457851876593 0.977456850720197
122.488589929858 0.992827812376902
122.519466616892 1.00827492709578
122.550480763819 1.02378287062057
122.58163110947 1.03933588829034
122.612916306552 1.05491781258488
122.644334922793 1.07051208235949
122.675885442067 1.08610176376484
122.707566265505 1.10166957284123
122.739375712611 1.11719789976985
122.771312022361 1.13266883475625
122.80337335432 1.14806419551426
122.835557789757 1.16336555631076
122.867863332778 1.17855427852431
122.900287911477 1.19361154266278
122.932829379099 1.20851838177731
122.965485515237 1.22325571620205
122.998254027051 1.2378043895415
123.031132550515 1.25214520581934
123.064118651703 1.2662589676952
123.0972098281 1.2801265156484
123.130403509964 1.29372876802049
123.163697061715 1.30704676180174
123.197087783368 1.32006169403986
123.230572912017 1.33275496374374
123.264149623349 1.3451082141486
123.297815033214 1.35710337520464
123.331566199239 1.36872270614599
123.365400122479 1.37994883799334
123.399313749128 1.39076481583999
123.433303972272 1.4011541407686
123.467367633684 1.41110081124414
123.501501525672 1.42058936382712
123.535702392974 1.42960491305115
123.569966934697 1.43813319030933
123.604291806298 1.44616058159506
123.638673621619 1.4536741639454
123.673108954955 1.46066174043777
123.707594343169 1.46711187359489
123.742126287854 1.47301391705757
123.776701257521 1.47835804539026
123.811315689833 1.48313528189091
123.845965993882 1.48733752428376
123.880648552479 1.49095756818134
123.915359724501 1.49398912821093
123.950095847247 1.49642685670965
123.984853238835 1.49826635990253
124.019628200617 1.49950421148802
124.054417019618 1.50013796356673
124.089215970998 1.5001661548602
124.124021320528 1.49958831617845
124.158829327083 1.49840497310705
124.193636245144 1.49661764589663
124.228438327314 1.49422884655022
124.263231826836 1.49124207311617
124.298013000117 1.48766180120678
124.332778109256 1.48349347277532
124.367523424559 1.47874348219595
124.402245227067 1.47341915970305
124.436939811057 1.46752875225811
124.471603486551 1.4610814019234
124.506232581795 1.45408712183209
124.540823445738 1.44655676985503
124.575372450483 1.43850202007355
124.609875993719 1.42993533217661
124.644330501136 1.42086991890883
124.678732428804 1.41131971170332
124.713078265537 1.40129932463962
124.747364535218 1.39082401687314
124.781587799096 1.37990965368717
124.815744658053 1.36857266632276
124.84983175483 1.35683001074461
124.883845776221 1.34469912550396
124.917783455231 1.33219788886017
124.951641573187 1.31934457532382
124.985416961822 1.30615781178341
125.019106505308 1.29265653337669
125.052707142252 1.27885993926567
125.086215867652 1.26478744847166
125.119629734808 1.2504586559228
125.152945857198 1.23589328886286
125.186161410306 1.22111116376465
125.219273633413 1.20613214388629
125.252279831351 1.19097609760224
125.285177376213 1.17566285763468
125.317963709028 1.16021218130352
125.350636341406 1.14464371190629
125.383192857139 1.12897694133095
125.41563091378 1.11323117399728
125.447948244189 1.09742549221361
125.48014265805 1.08157872302793
125.512212043372 1.06570940664341
125.544154367965 1.04983576646029
125.575967680898 1.03397568079739
125.607650113954 1.01814665633809
125.639199883065 1.00236580333743
125.670615289756 0.986649812618742
125.701894722585 0.971014934380365
125.733036658589 0.955476958825365
125.764039664748 0.94005119861961
125.794902399466 0.924752473176705
125.825623614083 0.909595094761423
125.85620215441 0.894592856396995
125.886636962316 0.879759021555658
125.916927077356 0.865106315606347
125.947071638461 0.850646918988349
125.977069885687 0.836392462075089
126.006921162044 0.822354021688054
126.036624915401 0.808542119217164
126.066180700496 0.794966720300658
126.095588181033 0.781637236014783
126.124847131902 0.768562525521318
126.153957441521 0.755750900119054
126.182919114304 0.743210128644043
126.211732273281 0.730947444162405
126.240397162864 0.718969551899008
126.268914151774 0.707282638345176
126.297283736151 0.695892381488869
126.325506542824 0.684803962111356
126.353583332785 0.674022076095386
126.381515004841 0.663550947691042
126.409302599467 0.653394343686972
126.436947302853 0.64355558843636
126.464450451141 0.634037579688773
126.491813534848 0.624842805180978
126.519038203471 0.615973359941655
126.54612627024 0.607430964266759
126.573079717025 0.599216982323921
126.59990069933 0.591332441345549
126.626591551374 0.583778051371246
126.653154791188 0.576554225500433
126.679593125668 0.569661100615705
126.705909455539 0.563098558536152
126.732106880113 0.556866247557556
126.758188701776 0.550963604332796
126.784158430076 0.545389876040859
126.810019785297 0.54014414278639
126.835776701378 0.535225340163606
126.861433328039 0.530632281908641
126.886994031939 0.526363682552989
126.912463396722 0.522418179977792
126.937846221767 0.51879435775455
126.963147519486 0.515490767142815
126.988372511009 0.512505948600042
127.013526620123 0.509838452643809
127.038615465332 0.507486859892851
127.063644849972 0.505449800101717
127.088620750311 0.503725969995464
127.11354930165 0.502314149706527
127.138436782464 0.501213217616788
127.163289596687 0.50042216341457
127.188114254316 0.499940099189356
127.212917350521 0.499766268406507
127.237705543566 0.499900052629982
127.262485531813 0.500340975892197
127.287264030175 0.501088706645734
127.312047746368 0.502143057270134
127.336843357338 0.503503981146764
127.361657486211 0.505171567354114
127.386496680123 0.507146033072948
127.411367389226 0.509427713824122
127.436275947137 0.512017051690187
127.461228553051 0.514914581694369
127.48623125567 0.518120916526524
127.51128993906 0.521636729815304
127.536410310496 0.525462738149184
127.561597890279 0.52959968204693
127.5868580035 0.534048306071235
127.61219577366 0.538809338268698
127.637616118043 0.543883469105975
127.663123744705 0.549271330056799
127.688723150919 0.554973471978597
127.714418622936 0.560990343401348
127.740214236886 0.567322268835737
127.76611386066 0.573969427193192
127.792121156619 0.580931830397175
127.818239584991 0.588209302253586
127.844472407799 0.595801457638194
127.870822693224 0.603707682050872
127.897293320273 0.611927111579825
127.923886983657 0.620458613313989
127.950606198802 0.629300766238161
127.977453306915 0.638451842642972
128.004430480038 0.6479097900805
128.031539726056 0.657672213895833
128.058782893602 0.667736360365141
128.086161676828 0.678099100471676
128.113677620028 0.688756914352358
128.141332122086 0.699705876449212
128.169126440732 0.710941641401682
128.197061696607 0.72245943071776
128.225138877131 0.734254020263762
128.253358840159 0.746319728614464
128.281722317456 0.758650406307061
128.310229917956 0.771239426043999
128.338882130851 0.784079673891119
128.367679328482 0.79716354151869
128.396621769065 0.810482919533764
128.425709599245 0.824029191952826
128.454942856499 0.83779323186395
128.484321471389 0.851765398327519
128.513845269675 0.865935534564072
128.543513974303 0.880292967476943
128.573327207282 0.894826508556101
128.603284491437 0.909524456207869
128.633385252083 0.92437459955314
128.663628818591 0.939364223734155
128.694014425888 0.954480116767008
128.724541215877 0.969708577973643
128.755208238799 0.985035428023372
128.786014454531 1.00044602060973
128.816958733849 1.01592525578392
128.848039859638 1.03145759496106
128.879256528076 1.04702707761016
128.910607349789 1.06261733963297
128.942090850984 1.07821163343074
128.973705474571 1.0937928496516
129.005449581271 1.10934354060457
129.037321450726 1.1248459453191
129.069319282601 1.14028201622204
129.101441197708 1.15563344739637
129.133685239121 1.1708817043785
129.166049373321 1.1860080554433
129.198531491353 1.20099360431801
129.231129410005 1.21581932425866
129.263840873013 1.23046609341464
129.296663552296 1.24491473139917
129.32959504922 1.25914603697605
129.362632895897 1.27314082676539
129.395774556523 1.28687997486377
129.429017428746 1.30034445326729
129.462358845084 1.31351537297927
129.495796074382 1.32637402567821
129.529326323303 1.33890192581535
129.562946737881 1.35108085300634
129.596654405101 1.36289289457615
129.630446354539 1.3743204881125
129.664319560041 1.38534646387911
129.69827094145 1.39595408693745
129.732297366387 1.40612709882302
129.766395652066 1.41584975862115
129.800562567168 1.4251068832861
129.834794833757 1.43388388704773
129.869089129239 1.44216681975065
129.903442088372 1.44994240397259
129.937850305313 1.45719807077135
129.972310335714 1.46392199391311
130.006818698859 1.47010312243901
130.041371879833 1.47573121143246
130.075966331745 1.48079685085493
130.11059847797 1.48529149232547
130.145264714442 1.48920747372603
130.179961411968 1.49253804152336
130.214684918579 1.49527737070702
130.249431561912 1.49742058225254
130.284197651606 1.4989637580292
130.31897948174 1.4999039530822
130.353773333275 1.50023920523051
130.38857547653 1.49996854193311
130.42338217366 1.49909198438812
130.458189681158 1.4976105488416
130.492994252361 1.49552624509514
130.527792139973 1.49284207221359
130.562579598579 1.489562011447
130.597352887175 1.48569101639284
130.63210827169 1.48123500043722
130.666842027507 1.47620082152558
130.701550441976 1.47059626432503
130.736229816923 1.46443001985205
130.77087647114 1.45771166265003
130.805486742868 1.45045162561151
130.840056992261 1.44266117254998
130.874583603828 1.43435236863504
130.909062988853 1.42553804881339
130.943491587799 1.416231784346
130.977865872677 1.40644784759848
131.012182349387 1.39620117522814
131.046437560036 1.38550732991659
131.080628085216 1.37438246080099
131.114750546251 1.36284326276087
131.148801607408 1.35090693472011
131.182777978074 1.33859113712562
131.216676414891 1.32591394876484
131.250493723852 1.3128938230849
131.284226762361 1.29954954417489
131.317872441245 1.28590018257154
131.351427726735 1.27196505104589
131.384889642398 1.25776366052577
131.418255271029 1.24331567630457
131.451521756503 1.22864087468255
131.484686305586 1.21375910018165
131.517746189709 1.19869022346884
131.550698746693 1.18345410011701
131.583541382453 1.16807053032531
131.616271572648 1.15255921971385
131.648886864307 1.13693974129999
131.681384877421 1.12123149875567
131.713763306502 1.105453691037
131.746019922117 1.08962527846913
131.778152572394 1.07376495036107
131.810159184512 1.0578910942163
131.842037766166 1.04202176659716
131.873786407026 1.02617466569172
131.905403280177 1.01036710562426
131.936886643561 0.994615992541766
131.968234841417 0.97893780250097
131.999446305723 0.963348561172679
132.030519557651 0.947863825372583
132.061453209037 0.93249866642046
132.092245963878 0.917267655322856
132.122896619851 0.902184849767725
132.153404069877 0.887263782913416
132.183767303725 0.872517453948641
132.213985409668 0.857958320394743
132.244057576202 0.843598292116756
132.273983093834 0.829448727005299
132.303761356946 0.815520428287461
132.333391865751 0.801823643421294
132.362874228342 0.788368064525604
132.392208162853 0.77516283029411
132.421393499733 0.762216529341055
132.450430184151 0.74953720492366
132.479318278536 0.737132360985689
132.508057965269 0.725008969465641
132.536649549527 0.713173478812744
132.565093462297 0.701631823654008
132.593390263564 0.69038943555604
132.621540645683 0.679451254826069
132.649545436939 0.668821743297754
132.677405605294 0.658504898048673
132.70512226234 0.648504265997983
132.732696667437 0.638822959334489
132.760130232045 0.629463671727218
132.787424524237 0.620428695272487
132.814581273377 0.611719938133341
132.841602374957 0.603338942828924
132.868489895544 0.595286905132871
132.89524607783 0.587564693540904
132.921873345722 0.580172869268481
132.948374309427 0.573111706739307
132.974751770473 0.566381214524732
133.00100872658 0.55998115669227
133.0271483763 0.553911074518561
133.053174123321 0.548170308517884
133.079089580319 0.542758020731631
133.10489857223 0.537673217216906
133.130605138798 0.532914770663505
133.156213536242 0.528481443057931
133.181728237897 0.524371908300948
133.207153933635 0.520584774671606
133.232495527926 0.517118607015995
133.257758136363 0.513971948523757
133.282947080506 0.511143341940058
133.308067880907 0.508631350046272
133.333126248225 0.506434575229772
133.358128072354 0.504551677953038
133.38307940954 0.50298139392582
133.407986467504 0.501722549782234
133.432855588659 0.500774077068331
133.457693231541 0.500135024355494
133.48250595065 0.499804567311212
133.507300374944 0.499782016581432
133.532083185257 0.500066823367143
133.556861091 0.500658582611368
133.581640806461 0.501557033749927
133.606429027098 0.502762059018695
133.631232406182 0.504273679349877
133.656057532135 0.506092047928245
133.680910906905 0.508217441513732
133.705798925649 0.51065024966781
133.730727857977 0.513390962046598
133.755703830938 0.516440153942969
133.780732813893 0.519798470272798
133.805820605341 0.523466608206996
133.830972821738 0.527445298651623
133.856194888278 0.531735286773812
133.881492031583 0.536337311762458
133.906869274201 0.541252086000574
133.932331430788 0.546480273811851
133.957883105836 0.552022469928336
133.983528692786 0.557879177810018
134.009272374367 0.56405078793118
134.035118124001 0.570537556133323
134.06106970811 0.577339582130547
134.087130689183 0.584456788240889
134.113304429449 0.591888898406376
134.139594095035 0.599635417555486
134.166002660489 0.607695611354345
134.192532913567 0.616068486387215
134.219187460184 0.624752770802477
134.245968729461 0.633746895457342
134.272878978793 0.64304897559261
134.299920298885 0.652656793067937
134.327094618715 0.662567779187956
134.354403710376 0.672778998150158
134.381849193777 0.683287131146526
134.409432541184 0.694088461152303
134.437155081572 0.705178858437044
134.465018004791 0.716553766834852
134.493022365531 0.728208190812721
134.52116908709 0.740136683377698
134.549458964936 0.752333334865486
134.577892670078 0.764791762654728
134.606470752243 0.777505101852746
134.635193642859 0.790465996999753
134.664061657873 0.803666594839567
134.693075000386 0.817098538205574
134.722233763131 0.830752961071061
134.751537930804 0.844620484813101
134.780987382245 0.85869121573885
134.810581892489 0.87295474392242
134.840321134699 0.887400143399439
134.870204681977 0.902015973764889
134.900232009082 0.916790283217947
134.930402494047 0.931710613095256
134.960715419711 0.946764003931298
134.991169975181 0.961937003081433
135.021765257219 0.977215673939582
135.052500271573 0.99258560677857
135.08337393426 1.00803193123674
135.114385072795 1.0235393304697
135.145532427393 1.03909205698083
135.176814652139 1.05467395013871
135.208230316123 1.07026845538364
135.239777904578 1.08585864511928
135.271455819983 1.10142724127876
135.30326238318 1.11695663954796
135.335195834477 1.1324289352213
135.367254334757 1.14782595065842
135.3994359666 1.16312926430227
135.431738735412 1.17832024121174
135.464160570574 1.19338006505411
135.49669932661 1.20828977149475
135.529352784379 1.22303028291375
135.562118652291 1.23758244437128
135.594994567561 1.25192706073587
135.627978097487 1.2660449348821
135.661066740765 1.2799169068568
135.694257928847 1.29352389390593
135.727549027328 1.30684693124709
135.760937337386 1.31986721346642
135.794420097255 1.33256613641244
135.827994483746 1.34492533945365
135.86165761381 1.35692674796177
135.895406546153 1.36855261587772
135.92923828289 1.37978556821374
135.963149771251 1.39060864334138
135.997137905332 1.40100533491283
136.03119952789 1.41095963326095
136.065331432196 1.4204560661223
136.099530363919 1.42947973852719
136.133793023069 1.43801637170102
136.16811606598 1.44605234082291
136.202496107336 1.45357471148928
136.236929722247 1.46057127473357
136.27141344836 1.46703058045649
136.305943788013 1.47294196912673
136.340517210433 1.47829560161667
136.375130153965 1.48308248704481
136.409779028343 1.48729450850308
136.444460216988 1.49092444655561
136.479170079346 1.49396600040363
136.513904953251 1.49641380662095
136.548661157314 1.49826345537379
136.583434993343 1.49951150404961
136.618222748778 1.50015548823033
136.653020699155 1.50019392995658
136.687825110577 1.49962634324166
136.722632242212 1.49845323680558
136.75743834879 1.496676114012
136.792239683122 1.4942974700032
136.827032498617 1.49132078604068
136.861813051802 1.48775052107123
136.896577604855 1.48359210055102
136.931322428118 1.47885190257185
136.966043802619 1.47353724134618
137.000738022587 1.46765634811851
137.035401397941 1.46121834958237
137.070030256791 1.45423324389242
137.104620947897 1.4467118743715
137.139169843134 1.43866590102203
137.173673339919 1.43010776995982
137.208127863621 1.42105068089668
137.242529869953 1.4115085528056
137.276875847323 1.40149598790878
137.311162319167 1.39102823413472
137.345385846244 1.38012114619531
137.379543028904 1.36879114543819
137.413630509311 1.35705517863254
137.447644973644 1.34493067584899
137.481583154248 1.33243550759568
137.515441831753 1.31958794137286
137.549217837151 1.30640659780842
137.582908053833 1.29291040653528
137.616509419588 1.27911856196978
137.650018928554 1.26505047914717
137.683433633136 1.25072574976725
137.716750645873 1.23616409859842
137.749967141277 1.22138534038401
137.783080357619 1.20640933738891
137.816087598682 1.19125595771878
137.848986235475 1.17594503453719
137.881773707907 1.16049632629947
137.914447526432 1.14492947811427
137.947005273651 1.12926398433639
137.97944460589 1.11351915248621
138.011763254749 1.09771406858309
138.043959028616 1.0818675639715
138.076029814169 1.06599818371045
138.107973577854 1.05012415658792
138.139788367342 1.03426336681406
138.17147231298 1.01843332743781
138.203023629234 1.00265115552407
138.234440616127 0.986933549119665
138.265721660677 0.971296766029031
138.296865238348 0.955756604412481
138.327869914511 0.940328385212701
138.358734345923 0.925026936407987
138.389457282238 0.90986657908403
138.420037567545 0.894861115309701
138.450474141949 0.880023817796355
138.480766043203 0.865367421314627
138.510912408391 0.850904115837634
138.540912475677 0.836645541374833
138.570765586137 0.822602784456615
138.600471185656 0.808786376226016
138.630028826938 0.795206292090662
138.659438171602 0.781871952885306
138.688698992398 0.768792227492999
138.717811175546 0.755975436871091
138.746774723204 0.743429359426865
138.77558975608 0.731161237686636
138.804256516198 0.719177786201634
138.832775369826 0.70748520063383
138.861146810569 0.69608916796514
138.889371462652 0.684994877774039
138.917450084375 0.674207034524557
138.945383571774 0.663729870813834
138.973172962462 0.653567161525905
139.000819439672 0.643722238841038
139.028324336495 0.634198008051767
139.055689140297 0.624996964138644
139.082915497318 0.616121209060647
139.110005217431 0.607572469716947
139.136960279032 0.599352116538423
139.163782834047 0.591461182668566
139.190475213006 0.583900383694389
139.217039930136 0.576670137888251
139.243479688426 0.569770586921142
139.269797384585 0.563201617006721
139.29599611381 0.556962880433071
139.322079174278 0.55105381743563
139.348050071247 0.545473678359794
139.373912520636 0.540221546055306
139.399670451968 0.535296358436432
139.425328010504 0.530696931132235
139.450889558433 0.52642198013985
139.476359674934 0.522470144380804
139.50174315496 0.518840008046269
139.527045006564 0.515530122602103
139.552270446621 0.512539028309189
139.577424894803 0.509865275099575
139.602513965678 0.507507442635109
139.627543458864 0.505464159363604
139.652519347174 0.503734120379057
139.677447762751 0.502316103888113
139.702334981252 0.501208986085698
139.727187404171 0.500411754249366
139.752011539464 0.499923517874805
139.776813980701 0.499743517694334
139.801601384996 0.499871132445793
139.826380450032 0.500305883290301
139.851157890516 0.501047435812839
139.875940414439 0.502095599578074
139.900734699484 0.503450325253659
139.925547369971 0.505111699352549
139.950384974662 0.507079936683074
139.975253965743 0.509355370628961
140.000160679238 0.511938441409916
140.025111317087 0.514829682495964
140.050111931038 0.518029705364926
140.075168408471 0.521539182802104
140.100286460191 0.525358830944853
140.125471610217 0.529489390272689
140.150729187501 0.533931605736851
140.176064319517 0.538686206212741
140.2014819276 0.543753883445326
140.2269867239 0.549135270642543
140.252583209806 0.554830920855742
140.278275675681 0.560841285270096
140.30406820174 0.567166691512375
140.329964659917 0.573807322068884
140.35596871656 0.580763192893225
140.382083835812 0.5880341322719
140.408313283537 0.595619760005879
140.434660131671 0.603519466958007
140.461127262884 0.611732395009571
140.487717375462 0.620257417464271
140.514432988308 0.629093119934189
140.541276446013 0.638237781739921
140.568249923912 0.647689357855647
140.595355433091 0.657445461429456
140.622594825292 0.667503346909462
140.649969797693 0.677859893807085
140.677481897533 0.68851159113014
140.705132526558 0.699454522519926
140.732922945291 0.710684352128312
140.760854277091 0.722196311272711
140.78892751203 0.733985185908719
140.817143510556 0.746045304962089
140.845503006963 0.758370529563464
140.874006612664 0.770954243230877
140.902654819277 0.783789343046433
140.93144800152 0.796868231874713
140.960386419945 0.810182811671311
140.989470223491 0.82372447793048
141.018699451891 0.83748411532108
141.048074037926 0.85145209455988
141.077593809544 0.86561827057081
141.10725849185 0.87997198197783
141.137067708982 0.894502051977859
141.167020985869 0.90919679063848
141.197117749904 0.924043998663083
141.227357332515 0.939030972663577
141.257738970664 0.954144511977889
141.28826180827 0.969370927066101
141.318924897567 0.984696049515334
141.349727200413 1.0001052436793
141.380667589541 1.01558341997386
141.41174484978 1.03111504984492
141.442957679235 1.04668418241978
141.474304690442 1.06227446284705
141.505784411504 1.07786915232451
141.537395287207 1.09345114980763
141.569135680136 1.10900301538494
141.601003871778 1.12450699529937
141.632998063629 1.13994504858758
141.665116378313 1.15529887530177
141.697356860699 1.17054994627103
141.729717479046 1.18567953435137
141.762196126159 1.20066874710613
141.794790620563 1.2154985608502
141.827498707715 1.23014985598407
141.860318061231 1.24460345353563
141.893246284155 1.25884015282028
141.926280910253 1.27284077012217
141.959419405348 1.2865861782922
141.992659168695 1.30005734715155
142.02599753439 1.31323538458247
142.059431772828 1.32610157818211
142.092959092195 1.3386374373491
142.126576640017 1.35082473566722
142.160281504741 1.36264555344557
142.194070717374 1.37408232027064
142.227941253155 1.38511785742158
142.261890033292 1.39573541999752
142.295913926727 1.40591873860298
142.330009751964 1.41565206043635
142.364174278932 1.42492018962541
142.398404230903 1.43370852665395
142.432696286452 1.44200310672459
142.46704708146 1.44979063690435
142.501453211167 1.45705853190241
142.535911232261 1.46379494833254
142.570417665013 1.46998881731746
142.604968995455 1.47562987529686
142.639561677586 1.48070869290731
142.674192135629 1.48521670180872
142.70885676631 1.48914621933946
142.743551941179 1.49249047089072
142.778274008958 1.49524360989933
142.813019297917 1.49740073536802
142.84778411828 1.49895790683222
142.882564764652 1.49991215670295
142.917357518467 1.50026149992699
142.952158650455 1.50000494091646
142.986964423131 1.49914247771232
143.021771093286 1.49767510335826
143.056574914502 1.49560480447355
143.091372139661 1.49293455702629
143.126159023476 1.4896683193205
143.160931825006 1.48581102222306
143.195686810184 1.48136855666889
143.23042025434 1.47634775849435
143.265128444709 1.47075639066113
143.299807682941 1.46460312294376
143.334454287596 1.45789750916508
143.36906459662 1.4506499620743
143.403634969813 1.44287172597226
143.438161791269 1.43457484719739
143.472641471803 1.42577214259485
143.507070451345 1.41647716609866
143.541445201315 1.40670417356407
143.575762226967 1.39646808599321
143.610018069702 1.38578445130285
143.644209309349 1.37466940478729
143.678332566413 1.36313962843313
143.712384504287 1.35121230924561
143.746361831426 1.33890509674761
143.780261303487 1.32623605981406
143.814079725424 1.31322364300384
143.847813953548 1.29988662255123
143.881460897543 1.28624406217686
143.915017522443 1.27231526887609
143.948480850565 1.25811974883935
143.981847963406 1.2436771636554
144.015116003494 1.2290072869435
144.048282176198 1.21412996155583
144.081343751502 1.1990650574852
144.114298065738 1.18383243060724
144.147142523278 1.16845188237906
144.179874598196 1.15294312060953
144.21249183589 1.13732572140867
144.244991854674 1.12161909241548
144.277372347338 1.10584243739594
144.309631082684 1.09001472229431
144.341765907029 1.07415464281233
144.373774745698 1.05828059358288
144.40565560449 1.04241063899567
144.437406571133 1.02656248572443
144.469025816727 1.01075345699647
144.500511597187 0.995000468637563
144.531862254678 0.979320006916545
144.563076219061 0.96372810820688
144.594152009344 0.948240340474294
144.625088235158 0.932871786592723
144.655883598241 0.917637029483742
144.68653689397 0.902550139068162
144.717047012912 0.887624661012292
144.747412942432 0.87287360724565
144.777633768349 0.858309448221578
144.807708676649 0.843944106887346
144.837636955272 0.829788954325922
144.867417995976 0.815854807027628
144.897051296288 0.80215192574641
144.926536461549 0.788690015892464
144.955873207077 0.775478229410367
144.985061360431 0.762525168089832
145.014100863818 0.749838888254523
145.042991776626 0.737426906773234
145.071734278113 0.72529620833696
145.100328670244 0.713453253945037
145.128775380707 0.701903990543629
145.15707496609 0.690653861760233
145.185228115247 0.679707819678643
145.21323565286 0.669070337599933
145.241098543174 0.658745423736297
145.268817893951 0.648736635786245
145.296394960595 0.639047096341304
145.323831150487 0.629679509076329
145.351128027488 0.62063617567734
145.378287316618 0.611919013462738
145.405310908882 0.603529573655431
145.432200866222 0.595469060264927
145.458959426563 0.587738349539587
145.485589008899 0.580338009949851
145.512092218384 0.573268322663313
145.538471851353 0.566529302471684
145.5647309002 0.560120719127964
145.590872558026 0.554042119049256
145.616900222953 0.548292847336458
145.64281750199 0.542872070056445
145.668628214324 0.53777879672512
145.694336393888 0.533011902920862
145.719946291057 0.528570152947339
145.745462373313 0.524452222452549
145.770889324708 0.52065672089739
145.796232043961 0.517182213752453
145.821495641025 0.514027244286442
145.846685431978 0.511190354794364
145.871806932101 0.508670107099094
145.896865847043 0.506465102147011
145.921868062002 0.504573998508168
145.946819628894 0.502995529584818
145.971726751534 0.501728519330166
145.996595768894 0.500771896282711
146.021433136586 0.500124705731167
146.046245406738 0.499786119841009
146.071039206518 0.499755445596153
146.095821215584 0.500032130437589
146.120598142788 0.500615765514214
146.145376702489 0.501506086498193
146.170163590841 0.502702971956519
146.194965462416 0.504206439310264
146.219788907527 0.506016638451467
146.244640430561 0.508133843123192
146.269526429635 0.510558440199428
146.294453177786 0.513290917027185
146.319426805919 0.516331847012645
146.344453287619 0.51968187364624
146.369538425932 0.523341693168247
146.394687842127 0.527312036077212
146.419906966432 0.531593647679139
146.445201030669 0.536187267866689
146.47057506271 0.541093610305596
146.496033882619 0.546313341191285
146.521582100333 0.551847057722989
146.547224114752 0.557695266426579
146.572964114041 0.563858361441379
146.598806077011 0.570336602871137
146.624753775411 0.577130095285367
146.650810776967 0.584238766444879
146.676980449046 0.591662346314482
146.703265962808 0.599400346416766
146.729670297715 0.607452039573461
146.756196246314 0.61581644007503
146.782846419187 0.624492284314808
146.809623249995 0.633478011920941
146.836529000547 0.642771747417511
146.86356576584 0.652371282445262
146.890735479018 0.662274058572288
146.918039916226 0.672477150725549
146.945480701312 0.68297725127515
146.973059310369 0.693770654804737
147.000777076099 0.704853243603073
147.028635191976 0.716220473913666
147.056634716226 0.727867362981279
147.084776575589 0.739788476936016
147.113061568899 0.751977919557502
147.141490370449 0.764429321963399
147.170063533178 0.777135833267941
147.198781491662 0.790090112257502
147.227644564927 0.803284320131184
147.256652959097 0.816710114355145
147.285806769877 0.830358643679795
147.315105984878 0.844220544369019
147.34455048581 0.858285937690311
147.374140050536 0.872544428714011
147.403874355003 0.886985106468758
147.43375297506 0.901596545498828
147.463775388178 0.916366808867118
147.493940975066 0.931283452645268
147.524249021211 0.946333531929691
147.554698718333 0.961503608419149
147.585289165785 0.976779759585969
147.616019371874 0.992147589469021
147.646888255152 1.00759224111221
147.677894645646 1.0230984106675
147.709037286056 1.03865036317615
147.740314832927 1.05423195003671
147.771725857792 1.06982662816181
147.803268848296 1.08541748082027
147.834942209314 1.10098724015381
147.866744264056 1.11651831135143
147.898673255177 1.13199279845702
147.930727345882 1.14739253177862
147.96290462105 1.16269909686023
147.995203088361 1.17789386496957
148.027620679442 1.19295802504707
148.06015525104 1.20787261705403
148.092804586206 1.22261856664964
148.125566395519 1.23717672111907
148.158438318328 1.25152788646688
148.191417924035 1.26565286558262
148.224502713413 1.27953249737787
148.257690119952 1.29314769678706
148.290977511254 1.30647949551732
148.324362190466 1.31950908342632
148.357841397756 1.33221785040066
148.391412311826 1.34458742860205
148.425072051483 1.35659973494314
148.458817677242 1.36823701365036
148.492646192987 1.37948187876708
148.52655454767 1.39031735644727
148.560539637062 1.40072692688685
148.594598305548 1.41069456573843
148.628727347976 1.42020478485362
148.66292351154 1.4292426721969
148.697183497725 1.43779393077562
148.731503964281 1.44584491643165
148.765881527256 1.45338267434266
148.800312763062 1.46039497408389
148.834794210593 1.46687034310486
148.86932237337 1.47279809848067
148.903893721744 1.47816837680242
148.938504695119 1.48297216207813
148.973151704223 1.48720131152226
149.007831133407 1.49084857912002
149.042539342979 1.49390763686112
149.077272671566 1.49637309354684
149.112027438504 1.49824051108415
149.146799946255 1.49950641819118
149.181586482845 1.50016832144889
149.216383324318 1.50022471364558
149.251186737219 1.49967507937236
149.28599298108 1.49851989783958
149.320798310925 1.4967606428968
149.355598979781 1.49439978025101
149.390391241199 1.49144076189026
149.425171351775 1.4878880177323
149.459935573678 1.48374694453028
149.494680177166 1.47902389207942
149.529401443109 1.4737261467808
149.564095665498 1.46786191262955
149.598759153944 1.46144028970639
149.633388236168 1.45447125026161
149.66797926047 1.44696561249119
149.702528598187 1.43893501211391
149.737032646123 1.43039187186756
149.771487828964 1.42134936905016
149.80589060166 1.41182140123977
149.840237451787 1.40182255033313
149.874524901876 1.39136804504891
149.908749511708 1.38047372204657
149.942907880584 1.3691559858159
149.97699664955 1.35743176749522
150.011012503596 1.34531848277905
150.04495217381 1.33283398907698
150.078812439498 1.31999654208636
150.11259013026 1.30682475194102
150.146282128031 1.2933375390971
150.179885369075 1.27955409011504
150.213396845947 1.26549381349414
150.246813609402 1.25117629571255
150.280132770271 1.23662125762133
150.313351501293 1.22184851133644
150.346467038908 1.2068779177669
150.379476685009 1.19172934491149
150.412377808657 1.17642262704969
150.445167847758 1.16097752494573
150.477844310703 1.14541368717694
150.510404777976 1.12975061269026
150.542846903733 1.11400761468251
150.575168417345 1.09820378589189
150.607367124922 1.08235796537987
150.63944091081 1.06648870687415
150.671387739067 1.05061424873482
150.703205654924 1.03475248559748
150.734892786239 1.01892094173856
150.766447344932 1.00313674619985
150.797867628427 0.987416609701066
150.829152021092 0.97177680336132
150.860298995685 0.956233139242815
150.891307114815 0.940800952722488
150.922175032426 0.925495086690387
150.952901495297 0.910329877566776
150.983485344585 0.895319143123607
151.013925517405 0.880476172090055
151.044221048455 0.865813715516266
151.0743710717 0.851343979864367
151.104374822122 0.837078621791135
151.13423163754 0.823028744582544
151.163940960516 0.80920489619665
151.19350234035 0.795617068868065
151.22291543518 0.782274700224433
151.252180014193 0.769186675863034
151.281295959954 0.756361333333764
151.310263270878 0.743806467473335
151.339082063831 0.731529337034557
151.367752576893 0.719536672554034
151.396275172278 0.707834685401445
151.424650339427 0.696429077953827
151.452878698277 0.685325054838885
151.480961002718 0.67452733519226
151.50889814424 0.664040165874913
151.536691155772 0.653867335598243
151.56434121572 0.644012189906215
151.591849652195 0.634477646965589
151.619217947425 0.625266214117232
151.646447742351 0.616380005143383
151.673540841378 0.607820758207545
151.700499217263 0.599589854425335
151.727325016122 0.59168833702594
151.754020562493 0.584116931064752
151.780588364441 0.576876063648118
151.80703111862 0.569965884630798
151.833351715233 0.563386287745477
151.859553242816 0.557136932121415
151.885638992734 0.551217264145839
151.9116124633 0.545626539616771
151.937477363378 0.540363846129659
151.963237615341 0.53542812563212
151.988897357246 0.530818197071445
152.014460944049 0.526532779048207
152.039932947713 0.522570512376458
152.065318156033 0.51892998243688
152.090621570016 0.515609741194288
152.11584839966 0.512608328735471
152.141004057983 0.509924294168375
152.166094153192 0.507556215709749
152.1911244789 0.505502719776618
152.216101002332 0.503762498888333
152.241029850539 0.502334328181446
152.265917294629 0.501217080340209
152.29076973216 0.50040973875194
152.315593667814 0.499911408709143
152.34039569259 0.49972132649948
152.365182461774 0.499838866250069
152.389960671983 0.500263544423463
152.41473703764 0.50099502189805
152.439518267223 0.502033103604009
152.464311039672 0.503377735725728
152.489121981307 0.505029000520978
152.513957643598 0.506987108844423
152.538824482102 0.509252390496616
152.563728836831 0.511825282548293
152.588676914269 0.514706315812506
152.613674771206 0.51789609965355
152.638728300492 0.52139530533157
152.663843218772 0.525204648085479
152.689025056204 0.529324868154994
152.714279148122 0.533756710936006
152.739610628563 0.538500906453084
152.765024425552 0.543558148319678
152.790525258003 0.548929072341557
152.816117634104 0.554614234903051
152.841805851008 0.560614091259534
152.867593995677 0.566928973844027
152.893485946722 0.573559070681177
152.919485377071 0.580504403988662
152.945595757332 0.587764809034381
152.971820359706 0.595339913307832
152.998162262319 0.603229116055805
153.024624353887 0.611431568225859
153.05120933858 0.619946152855977
153.077919741033 0.628771465945077
153.104757911407 0.637905797836588
153.131726030452 0.647347115145895
153.15882611451 0.657093043261945
153.186060020434 0.66714084945354
153.213429450364 0.677487426611639
153.240935956363 0.68812927766024
153.268580944865 0.699062500669992
153.296365680953 0.710282774710453
153.324291292428 0.721785346478808
153.352358773686 0.733565017744757
153.380568989392 0.74561613365318
153.408922677956 0.75793257192793
153.437420454812 0.770507733021715
153.466062815507 0.783334531258422
153.494850138611 0.796405387015396
153.523782688443 0.809712219994051
153.552860617641 0.823246443627767
153.582083969568 0.836998960676259
153.611452680571 0.850960160055489
153.640966582107 0.865119914951711
153.670625402736 0.87946758226738
153.700428769995 0.893992003445386
153.730376212169 0.908681506716405
153.76046715996 0.923523910812113
153.790700948063 0.938506530184463
153.821076816666 0.953616181768359
153.851593912878 0.968839193321715
153.882251292086 0.984161413373117
153.913047919264 0.999568222803172
153.943982670234 1.01504454808104
153.975054332876 1.03057487617273
154.006261608317 1.04614327113225
154.037603112084 1.06173339238129
154.06907737524 1.07732851467668
154.100682845503 1.09291154975877
154.132417888357 1.10846506966711
154.16428078816 1.12397133170282
154.196269749248 1.13941230500989
154.228382897052 1.15476969874019
154.26061827922 1.17002499175954
154.292973866754 1.18515946384426
154.325447555168 1.20015422831011
154.358037165666 1.21499026600747
154.390740446345 1.22964846060885
154.423555073426 1.24410963510723
154.456478652517 1.2583545894358
154.48950871991 1.27236413911224
154.522642743916 1.28611915480365
154.555878126229 1.29960060270082
154.589212203346 1.31278958558409
154.622642248011 1.3256673844567
154.656165470718 1.33821550061546
154.689779021245 1.35041569802349
154.723479990243 1.36225004584447
154.757265410869 1.37370096099393
154.791132260457 1.38475125055919
154.825077462253 1.39538415393667
154.859097887177 1.40558338453287
154.893190355652 1.41533317087408
154.927351639462 1.4246182969686
154.96157846367 1.43342414176581
154.995867508575 1.44173671755696
155.030215411715 1.44954270716425
155.064618769915 1.45682949976751
155.099074141377 1.46358522522097
155.133578047814 1.46979878671701
155.168126976622 1.47545989165859
155.202717383091 1.48055908060842
155.237345692652 1.48508775418908
155.272008303163 1.4890381978162
155.306701587223 1.49240360415474
155.341421894521 1.49517809319744
155.37616555421 1.49735672987406
155.410928877313 1.49893553910997
155.445708159146 1.49991151826355
155.480499681768 1.50028264688289
155.515299716448 1.50004789373375
155.550104526146 1.4992072210627
155.584910368014 1.49776158607151
155.619713495902 1.49571293959102
155.654510162871 1.49306422195528
155.689296623719 1.48981935608915
155.724069137502 1.48598323783487
155.758823970058 1.48156172355537
155.793557396526 1.47656161506421
155.828265703865 1.47099064194364
155.862945193352 1.46485744132376
155.897592183084 1.45817153520656
155.932203010454 1.45094330542926
155.966774034617 1.44318396637092
156.001301638933 1.43490553551589
156.035782233391 1.42612080199586
156.070212257007 1.41684329324033
156.104588180199 1.40708723987237
156.13890650713 1.39686753899248
156.173163778025 1.38619971599924
156.207356571449 1.37509988509954
156.24148150656 1.36358470866508
156.275535245317 1.35167135559459
156.309514494664 1.3393774588431
156.34341600866 1.32672107228042
156.377236590583 1.31372062704164
156.410973094987 1.30039488753098
156.444622429723 1.28676290723962
156.478181557914 1.27284398453504
156.511647499893 1.25865761857692
156.545017335096 1.24422346551033
156.578288203916 1.22956129508263
156.61145730952 1.21469094782553
156.644521919615 1.19963229293743
156.677479368189 1.18440518699563
156.7103270572 1.16902943362056
156.743062458244 1.15352474420752
156.775683114171 1.1379106998334
156.808186640684 1.1222067144385
156.840570727898 1.106431999375
156.872833141874 1.09060552940566
156.904971726128 1.0747460102279
156.93698440312 1.05887184758964
156.96886917572 1.04300111805524
157.000624128666 1.027151541471
157.032247430009 1.01134045517163
157.06373733255 0.995584789960639
157.07963267949 0.98763336972233
